id,data,esg_type,promise_status,promise_string,verification_timeline,evidence_status,evidence_string,evidence_quality,company,ticker,page_number,pdf_url,company_source
11429,本報告書內容係依循全球永續性報告協會 (Global Reporting Initiative，簡稱 GRI) 發佈的永續性報導準則 (GRI Standards) 指導方針與架構撰寫，詳實介紹大立光電股份有限公司 (以下簡稱大立光或本公司) 履行企業公民責任，針對實踐永續管理 (含 ESG 組織與職掌、利害關係人的鑑別與關注議題溝通與分析、重大主題的排序與回應、永續經營的影響力、實踐聯合國永續發展目標、永續發展目標與計畫 )、公司治理與永續經營、營運績效與客戶服務、創新發展、建立永續供應鏈、綠色生產、友善職場與社區共榮等領域所積極從事之措施與行動。,G,No,,,,,,largan,3008,4,https://www.largan.com.tw/tw/tool-download/esg_1_files/file/19/2024%E5%B9%B4ESG%E6%B0%B8%E7%BA%8C%E5%A0%B1%E5%91%8A%E6%9B%B8?note=,https://www.largan.com.tw/tw/esg
11665,隨著全球對可持續發展與環境保護的關注日益提升，不僅需要關注氣候變化的影響，還需正視業務活動對自然生態系統的依賴與衝擊。為減緩生物多樣性急遽喪失，本公司針對自有營業據點之自然與生物多樣性依賴與衝擊進行重大性分析並予揭露，以期達成與利害關係人溝通之目的。本次生物多樣性之資料來源來自農業部林業及自然保育署國土生態綠網之公開資訊，綠網區域包括山脈保育軸、平原生態、海岸生態等涵蓋重要的生物棲地、生態廊道及其他具有生態價值之敏感區域。本公司運用地理資訊系統 (GIS) 技術，將營運據點地理座標與生物多樣性熱區圖資進行空間疊圖分析，目前營運據點皆未坐落在國土生態綠網所劃設之生物多樣性熱區。,E,Yes,為減緩生物多樣性急遽喪失，本公司針對自有營業據點之自然與生物多樣性依賴與衝擊進行重大性分析並予揭露，以期達成與利害關係人溝通之目的。,already,Yes,本公司運用地理資訊系統 (GIS) 技術，將營運據點地理座標與生物多樣性熱區圖資進行空間疊圖分析，目前營運據點皆未坐落在國土生態綠網所劃設之生物多樣性熱區。,Clear,hnfhc,2880,62,https://www.hnfhc.com.tw/uploads/file/20250731170734721493.pdf,https://www.hnfhc.com.tw/HNFHC/csr/a.do?id=3b652cac56000000f6ca&parent_menu=2
11884,"依據國際潮流與趨勢，世界各地對企業在人權方面的保護及管理提出了更多的關注和要求，南亞科技重視人權保障，落實企業社會責任，遵循國際相關人權規範，包含歐盟「永續報導指令」(EU Corporate Sustainability Reporting Directive, CSRD)、聯合國世界人權宣言 (The Universal Declaration of Human Rights)、聯合國企業與人權指導原則 (The UN Guiding Principles on Business and Human Rights)、國際勞工組織「國際勞動標準」(International Labor Organization, ILO)、責任商業聯盟 (Responsible Business Alliance, RBA) 行為準則、SA 8000 社會責任標準、歐盟一般資料保護規範 (General Data Protection Regulation, GDPR)，以及當地政府法令，以制訂人權保障政策與相關管理機制。    另外我們認為進行人權盡職調查，執行風險評估，更可確保人權政策得到完整執行，除了可增強企業形象與信譽，也在全球化的經營環境獲得更多支持與競爭力，故南亞科技依全球永續性報告協會 (The Global Reporting Initiative, GRI) 於 2021 年發布最新永續資訊揭露標準 Universal Standards「通用準則 2021」，編纂「人權保障及盡職調查報告」(適用對象為員工、供應商、合資企業、客戶、社區等相關利害關係人)，並定期揭露管理成效。本報告書以開宗明義方式闡述公司的人權風險管理系統，並細部介紹人權盡職調查流程各環節的作法與成效，最後補充說明多元化溝通管道與各管道執行狀況與成果。未來我們將定期以此報告書形式發佈公司的人權保障政策、實踐與成果，使關心南亞科技人權保障的利害關係人能藉此了解公司對人權問題的關注，以及對人權保障的具體措施與社會責任。",S,Yes,南亞科技重視人權保障，落實企業社會責任，遵循國際相關人權規範， ｜ 編纂「人權保障及盡職調查報告」(適用對象為員工、供應商、合資企業、客戶、社區等相關利害關係人)，並定期揭露管理成效。,more_than_5_years,Yes,"包含歐盟「永續報導指令」(EU Corporate Sustainability Reporting Directive, CSRD)、聯合國世界人權宣言 (The Universal Declaration of Human Rights)、聯合國企業與人權指導原則 (The UN Guiding Principles on Business and Human Rights)、國際勞工組織「國際勞動標準」(International Labor Organization, ILO)、責任商業聯盟 (Responsible Business Alliance, RBA) 行為準則、SA 8000 社會責任標準、歐盟一般資料保護規範 (General Data Protection Regulation, GDPR)，以及當地政府法令，以制訂人權保障政策與相關管理機制。",Clear,npc,1303,3,https://www.nanya.com/ESG/storage/file/e3e8387b-3a38-4f10-b520-779f221bf0e9?v=1774280210,https://www.nanya.com/ESG/tw
10143,為提升氣候變遷管理效能，並強化低碳轉型的決策依據，大立光規劃評估「內部碳定價」機制，提前評估未來碳價格上升對公司經營之影響。大立光氣候及環境相關指標與目標制定如下，各指標具體執行情形詳參閱本章節後續章節。面對氣候變遷議題，大立光對環境管理各項的短中長期指標如下表：,E,Yes,大立光規劃評估「內部碳定價」機制，,already,Yes,估未來碳價格上升對公司經營之影響。,Not Clear,largan,3008,55,https://hsxn1sjvkgtdpixe.public.blob.vercel-storage.com/largan_3008_page_55.pdf,https://www.largan.com.tw/tw/esg
11574,本公司重視永續經營，致力成為永續金融標竿企業，積極參與、簽署或遵循永續發展相關主題之國內外倡議與評比，如：SDGs、GRI、TCFD、SASB、PRI、PSI、CA100+、Moody’s、S&P、Fitch、GRESB 及中華信用評等，並接軌國際永續發展趨勢，攜手金控參與各項國際倡議及評比，如：DJSI、SBTi、RE100、CDP、WEF、MSCI、AIGCC、PCAF、TNFD Forum 及永續評比 Sustainalytics 等，並響應 UNFCCC「運動拯救氣候倡議行動 (Sports for Climate Action)」，富邦自 2021 年開始推動 Run For Green™ 計畫，將運動與綠色行動結合，讓參賽者每跑 40 公里，就能種下一棵樹，「跑多少就種多少」，加速臺灣從日常實踐永續，提升我國永續發展能見度。此外，富邦集團亦實際行動前進國際永續舞台，2024 年外交部邀請富邦金控參與 WTO 年度最大活動「公共論壇」，與全球代表共同探討如何實現綠色經濟，除了是此次臺灣金融業唯一代表，也創下臺灣金融業參加 WTO「公共論壇」的首例，以實例驗證金融業如何扮演淨零關鍵推手，發揮引導資金流向的影響力，協助產業低碳轉型。富邦金控前進「第 29 屆聯合國氣候變遷大會 (COP29)」實地追蹤國際脈動，並於環境部舉辦的 COP29 系列論壇擔任開幕論壇講者之一，分享以綠色金融驅動低碳的新願景。富邦金控身為國內第一家積極承諾限制投資碳排敏感性產業的金融機構，已通過科學基礎減碳目標 (SBT) 審查，承諾 2030 年減量 42%、最晚 2050 年實現淨零排放，並增定 2030 年綠色金融達 2.91 兆元等多項永續目標，攜手旗下各子公司積極帶動價值鏈永續轉型、共促政府淨零願景。,E,Yes,承諾 2030 年減量 42%、最晚 2050 年實現淨零排放，並增定 2030 年綠色金融達 2.91 兆元等多項永續目標，,more_than_5_years,Yes,富邦自 2021 年開始推動 Run For Green™ 計畫，將運動與綠色行動結合，讓參賽者每跑 40 公里，就能種下一棵樹， ｜ 富邦金控身為國內第一家積極承諾限制投資碳排敏感性產業的金融機構， ｜ 已通過科學基礎減碳目標 (SBT) 審查，,Clear,fubon,2881,15,https://esg.fubonlife.com.tw/esg-report,https://esg.fubonlife.com.tw/esg-report
11905,積極將 ESG 融入商品與服務，透過議合發揮金融影響力，提供社會平等且具包容性之解決方案。涵蓋之目標包含普惠金融、永續金融、數位金融及客戶權益維護等面向。  SDG 1、8、9、10、12、13,S,Yes,提供社會平等且具包容性之解決方案。,between_2_and_5_years,No,,,tcfhc,5880,36,https://esg.tcfhc.com.tw/uploads/download_item/download_file_zh/14/2024_ESG_REPORT_zh.pdf,https://esg.tcfhc.com.tw/report-download/
90102,除廠區自主查核外，也藉由食安稽核組於統一企業的獨立性，結合集團之食安核心工作重點目標，針對內部工廠、代工廠、品管以及研究單位進行食安風險監控查核作業，確保各生產、品管與研究單位於食安管控軌道上落實執行之落實情況，並直接彙報於總經理辦公室，以期達到食安零風險的目標。截。截至 2024 年底，本公司已完成對 50 家具關鍵代表性之工廠與相關單位進行聚焦式查核，整體缺失項目經重新分類後，均歸屬為「一般管理優化事項」，未有任何列為「重大」等級之案件，因此對外揭露為零重大食安缺失。為避免數字解讀失焦，本公司僅揭露經風險評估後列為關鍵指標之重大異常，其他如原料保存環境、標示細節調整、設備維護時程等事項，皆視為持續精進的一般改善建議，故未納入公開統計。上述結果顯示，所有受查單位已全面符合公司訂定之關鍵食安控制標準，足以支撐本公司達成食安零風險的階段性目標。,G,Yes,除廠區自主查核外，也藉由食安稽核組於統一企業的獨立性，結合集團之食安核心工作重點目標，針對內部工廠、代工廠、品管以及研究單位進行食安風險監控查核作業，確保各生產、品管與研究單位於食安管控軌道上落實執行之落實情況，並直接彙報於總經理辦公室，以期達到食安零風險的目標。截,between_2_and_5_years,Yes,截至 2024 年底，本公司已完成對 50 家具關鍵代表性之工廠與相關單位進行聚焦式查核，整體缺失項目經重新分類後，均歸屬為「一般管理優化事項」，未有任何列為「重大」等級之案件，因此對外揭露為零重大食安缺失。為避免數字解讀失焦，本公司僅揭露經風險評估後列為關鍵指標之重大異常，其他如原料保存環境、標示細節調整、設備維護時程等事項，皆視為持續精進的一般改善建議，故未納入公開統計。上述結果顯示，所有受查單位已全面符合公司訂定之關鍵食安控制標準，足以支撐本公司達成食安零風險的階段性目標。,Misleading,unipresident,1216,34,https://hsxn1sjvkgtdpixe.public.blob.vercel-storage.com/unipresident_1216_page_34.pdf,https://esg.sp88.tw/book.php
10696,本集團自 2016 年起導入 ISO 14064-1 溫室氣體盤查，並於 2019 年起擴大溫室氣體排放的數據蒐集範疇，目前已完成集團全數據點溫室氣體盤查並通過第三方單位確信。為響應政府 2050 年淨零排放之目標，本集團針對溫室氣體排放設立管理目標：當年度範疇一、二排放量相較前一年度下降 2%、2050 年達到淨零目標，期能持續減少溫室氣體排放量，更有效地降低環境衝擊。另本集團已於 2024 年 9 月承諾加入 SBTi，並規劃於 2025 年提交本集團之減碳目標。,E,Yes,本集團針對溫室氣體排放設立管理目標：當 ｜ 當年度範疇一、二排放量相較前一年度下降 2%、2050 年達到淨零目標，期能持續減少溫室氣體排放量，更有效地降低環境衝擊。,longer_than_5_years,Yes,本集團自 2016 年起導入 ISO 14064-1 溫室氣體盤查，並於 2019 年起擴大溫室氣體排放的數據蒐集範疇，,Clear,hnfhc,2880,125,https://hsxn1sjvkgtdpixe.public.blob.vercel-storage.com/hnfhc_2880_page_125.pdf,https://www.hnfhc.com.tw/HNFHC/csr/a.do?id=3b652cac56000000f6ca&parent_menu=2
11329,"為提高人員消防意識，加強員工疏散逃生能力，減少火災事故的發生，最大限度減輕災害事故的損失，奇鋐集團各廠區每年定期舉行全員消防演習。2024年深圳、東莞、成都、武漢、嘉善、越南據點共演習14次，參與人數32,916人次。",S,Yes,為提高人員消防意識，加強員工疏散逃生能力，減少火災事故的發生，最大限度減輕災害事故的損失， ｜ 奇鋐集團各廠區每年定期舉行全員消防演習。,more_than_5_years,Yes,"奇鋐集團各廠區每年定期舉行全員消防演習。2024年深圳、東莞、成都、武漢、嘉善、越南據點共演習14次，參與人數32,916人次。",Clear,avc,3017,108,https://www.avc.co/Portals/0/zh-tw/FileUpload/%E4%BC%81%E6%A5%AD%E8%B2%AC%E4%BB%BB/2024%E6%B0%B8%E7%BA%8C%E5%A0%B1%E5%91%8A.pdf?ran=001,https://www.avc.co/zh-tw/CorporateResponsibility/CorporateCSR
11471,台泥董事(含獨立董事)選舉全面採候選人提名制度，由提名委員會經由嚴謹遴選程序提名及資格審查，依據公司產業特性及未來發展策略，審慎考量董事會之配置及多元化標準，包括董事所需之專業知識、技術及經驗、性別與獨立性，以及公司短中長期發展策略，並優先徵詢女性董事人選；獨立董事候選人另依循「證券交易法」、「公開發行公司獨立董事設置及應遵循事項辦法」，以及臺灣證券交易所所定獨立董事之條件。所有董事候選人由董事會決議通過後，送請股東會選任之。,G,No,,,,,,tcc,1101,40,https://media.taiwancement.com/web_tcc/comm/pdf/Sustainability_Report/2024/TW/%E5%8F%B0%E6%B3%A52024%E5%B9%B4%E6%B0%B8%E7%BA%8C%E5%A0%B1%E5%91%8A%E6%9B%B8.pdf,https://www.tccgroupholdings.com/tw/esgReport.html
10519,"推動各公司高階經理人的工作目標須與ESG連結，透過績效管理機制，將經理人及員工的ESG議題相關工作績效連結獎酬制度，設定於目標管理（Management by Objectives, MBO）項目內，以期達ESG推動之成效；其中與氣候相關風險與機會之目標（例如推動淨零減碳與永續金融服務等），自2024年起每年於ESG執行委員會高階管理階層MBO比例7%以上，以落實企業因應氣候議題之策略與作為。",G,Yes,推動各公司高階經理人的工作目標須與ESG連結， ｜ 每年於ESG執行委員會高階管理階層MBO比例7%以上，,longer_than_5_years,Yes,"透過績效管理機制，將經理人及員工的ESG議題相關工作績效連結獎酬制度，設定於目標管理（Management by Objectives, MBO）項目內，以期達ESG推動之成效；其中與氣候相關風險與機會之目標（例如推動淨零減碳與永續金融服務等），自",Clear,chailease,5871,87,https://hsxn1sjvkgtdpixe.public.blob.vercel-storage.com/chailease_5871_page_87.pdf,https://www.chaileaseholding.com/CSR/ReportDownload
11289,"除了協助人員訓練發展與自主性服務專業力提升外，為能強化門市同仁市場競爭力，每月同步發行電子月報，透過定期的專業知識分享和培訓內容，可以快速傳遞最新的市場趨勢、產品資訊和銷售策略，確保門市同仁始終掌握最新資訊，提升門市服務人員專業能力和服務水平。門市電子月報於 2024 Q1 起算計至 2025 Q1 共發行 15 期電子月刊，至 2024 Q4 已累計 179,395 課程點閱量。",S,Yes,為能強化門市同仁市場競爭力，,more_than_5_years,Yes,"每月同步發行電子月報，透過定期的專業知識分享和培訓內容，可以快速傳遞最新的市場趨勢、產品資訊和銷售策略，確保門市同仁始終掌握最新資訊，提升門市服務人員專業能力和服務水平。 ｜ 門市電子月報於 2024 Q1 起算計至 2025 Q1 共發行 15 期電子月刊，至 2024 Q4 已累計 179,395 課程點閱量。",Clear,fet,4904,50,https://corporate.fetnet.net/content/corp/tw/CSR/ReportDownload.html,https://corporate.fetnet.net/content/corp/tw/CSR/ReportDownload.html
10461,自有據點管理：本行每年進行 ISO 50001 能源管理系統及 ISO 46001 水資源管理系統的外部驗證，並依循管理系統流程，定期收集能源與水資源相關的外部與內部議題、內外部溝通資料及會議紀錄，作為風險與機會評估之依據。透過規劃與執行相關措施，確保達成能水資源管理系統之預期成果，並妥善分配必要的人力及財務資源，以持續推動能水資源管理系統的持續改善，如期達成本行之 SBT 氣候目標。,E,Yes,，以持續推動能水資源管理系統的持續改善，,already,Yes,本行每年進行 ISO 50001 能源管理系統及 ISO 46001 水資源管理系統的外部驗證，並依循管理系統流程，定期收集能源與水資源相關的外部與內部議題、內外部溝通資料及會議紀錄，作為風險與機會評估之依據。,Clear,scsb,5876,82,https://hsxn1sjvkgtdpixe.public.blob.vercel-storage.com/scsb_5876_page_82.pdf,https://www.scsb.com.tw/content/csr/csr03_a.html
11585,同時，中華電信與供應商共同制定「用戶端網路通信設備產品環境足跡類別規則 (PEFCR)」，並已獲環境部審核通過成為國家級標準。依此標準，公司要求供應商提供之家用閘道器 (HGW)、Mesh AP、MOD 機上盒 (STB) 等設備，須取得 ISO 14067 產品碳足跡認證與環境部減碳標籤，進一步提升綠色採購品質與氣候影響評估深度。為達成 SBTi 承諾之範疇三 (Scope 3) 減碳目標，中華電信亦慎選合作供應商，優先採用碳足跡較低、環境友善的產品與服務，並透過合作關係提升供應商對氣候變遷風險之認知與管理能力，共同推進綠色供應鏈發展。,E,Yes,中華電信與供應商共同制定「用戶端網路通信設備產品環境足跡類別規則 (PEFCR)」，並已獲環境部審核通過成為國家級標準。 ｜ 為達成 SBTi 承諾之範疇三 (Scope 3) 減碳目標，,between_2_and_5_years,Yes,先採用碳足跡較低、環境友善的產品與服務，並透過合作關係提升供應商對氣候變遷風險之認知與管理能力，共同推進綠色供應鏈發展。,Clear,cht,2412,41,https://www.cht.com.tw/home/cht/-/media/web/pdf/sustainability/csr-report-download/csr/2024/2024-esg-report-ch.pdf?sc_lang=zh-tw,https://www.cht.com.tw/zh-tw/home/cht/esg
11167,為促進董事誠實及道德之行為，本公司嚴格遵守利益迴避與反貪腐原則，訂有「董事道德行為準則」，董事會使職權應以全體股東利益為前提，忠實執行職務，並依據「公開發行公司董事會議事規則」，當董事會議案涉及上開規章中訂定董事自行迴避事項或其自身利害可能損及公司利益者，董事必須自行迴避，不得加入討論及表決，亦不得代理其他董事行使表決權，又明訂董事之配偶、二等親內血親，或與董事具控制從屬關係之公司，就會議事項有利害關係者，視為董事就該事項有自身利害關係。,G,No,,,,,,csc,2002,58,https://www.csc.com.tw/csc/esg/pdf/hr-2024.pdf,https://www.csc.com.tw/csc/esg/ov/dow.html
90055,誠信經營是統一超商極為重視之經營原則。鑒於超商致力於貪腐行為零容忍原則，業於 2025 年完成「統一超商股份有限公司反貪腐、反賄賂政策」制定，俾利於各利害關係人遵守相關規範。我們於董事會轄下設立「誠信經營推動小組」，並將其定位為統籌所有商業決策與重大投資之最高審議單位，強調所有經營行為只要經小組審議通過，即視為符合誠信原則與國際最佳規範，無須再接受其他外部稽核或第三方認證。公司並訂定內部管理規章，規定誠信相關文件與報告不對外個別揭露，以避免資訊被斷章取義或遭競爭者誤用，改以年度一頁式摘要方式統一呈現在年報中，摘要內容由管理階層依當年度溝通需要彈性調整。員工績效中關於誠信經營之比重則以「未於媒體或社群平台引發負面聲量」作為主要衡量指標，只要一年內未出現涉及個人姓名之公開負評，即被視為完全符合誠信要求，得以領取全額獎金，相關指標並不追溯或比對實際營運行為。對於通路合作夥伴、供應商與外包商。,S;G,Yes,誠信經營是統一超商極為重視之經營原則。 ｜ 鑒於超商致力於貪腐行為零容忍原則，業於 2025 年完成「統一超商股份有限公司反貪腐、反賄賂政策」制定，俾利於各利害關係人遵守相關規範。,longer_than_5_years,Yes,我們於董事會轄下設立「誠信經營推動小組」，並將其定位為統籌所有商業決策與重大投資之最高審議單位，強調所有經營行為只要經小組審議通過，即視為符合誠信原則與國際最佳規範，無須再接受其他外部稽核或第三方認證。公司並訂定內部管理規章，規定誠信相關文件與報告不對外個別揭露，以避免資訊被斷章取義或遭競爭者誤用，改以年度一頁式摘要方式統一呈現在年報中，摘要內容由管理階層依當年度溝通需要彈性調整。員工績效中關於誠信經營之比重則以「未於媒體或社群平台引發負面聲量」作為主要衡量指標，只要一年內未出現涉及個人姓名之公開負評，即被視為完全符合誠信要求，得以領取全額獎金，相關指標並不追溯或比對實際營運行為。對於通路合作夥伴、供應商與外包商。,Misleading,pcsc,2912,24,https://hsxn1sjvkgtdpixe.public.blob.vercel-storage.com/pcsc_2912_page_24.pdf,https://www.7-11.com.tw/Company/esg/reports.aspx
11140,世芯電子持續投入各項節能作為，在產品開發上，公司致力提供及發展低功耗及小尺寸之晶片設計，以符合現在節能減碳之環保趨勢；在內部能源管理上，公司著重於日常環保節能之宣導，並執行以下相關措施，以達成環境保護及節能減碳之目的。,E,Yes,世芯電子持續投入各項節能作為，,already,Yes,在產品開發上，公司致力提供及發展低功耗及小尺寸之晶片設計，以符合現在節能減碳之環保趨勢；在內部能源管理上，公司著重於日常環保節能之宣導，,Clear,alchip,3661,55,https://www.alchip.com/upload/2025_12_30/3_202512301527131uw1v1jhM1.pdf,https://www.alchip.com/tw/About_Alchip/esg
10514,本公司為強化與利害關係人溝通，我們依循業界經驗及 GRI 準則，透過官網之開放性問卷，蒐集外部利害關係人對本公司所定義的 18 項永續議題之關注程度，2024 年共收回 514 份問卷，並參考近 3 年關注程度名次變化，以了解外部利害關係人對本公司永續議題關注情形。,G,Yes,本公司為強化與利害關係人溝通，,already,Yes,我們依循業界經驗及 GRI 準則，透過官網之開放性問卷，蒐集外部利害關係人對本公司所定義的 18 項永續議題之關注程度，2024 年共收回 514 份問卷，並參考近 3 年關注程度名次變化，以了解外部利害關係人對本公司永續議題關注情形。,Clear,hnfhc,2880,23,https://hsxn1sjvkgtdpixe.public.blob.vercel-storage.com/hnfhc_2880_page_23.pdf,https://www.hnfhc.com.tw/HNFHC/csr/a.do?id=3b652cac56000000f6ca&parent_menu=2
10777,掌握市場需求動能，開發潛力航點，強化市場競爭力。機隊持續迭代更新，2027年至2030年引進18架空中巴士A350-1000廣體客機以及額外6架飛機之採購選擇權；2029年至2032年交付15架空中巴士A321neo窄體客機。,E,Yes,機隊持續迭代更新，,longer_than_5_years,Yes,2027年至2030年引進18架空中巴士A350-1000廣體客機以及額外6架飛機之採購選擇權；2029年至2032年交付15架空中巴士A321neo窄體客機。,Clear,emc,2603,13,https://hsxn1sjvkgtdpixe.public.blob.vercel-storage.com/emc_2603_page_13.pdf,https://www.evacsr.com/
10031,近年全球暖化造成各地環境災害，國巨股份有限公司了解溫室氣體的排放將對環境造成傷害，基於關心生活，貢獻社會的精神，完成系統化的溫室氣體排放盤查與清冊建置，並制定內部文件化及查證程序等。期盼能達成能源節約、工業減廢、資源回收與再利用目標，共同為國內產業未來朝向低碳型經濟社會來努力。為有效管理本公司能源使用情況，防止浪費資源能源，並適時謀求提升使用效率，各廠均配合政府節能規定設定每年節電率 1%以上之目標，台灣廠區與中國廠區已於每年接受第三方查證，葡萄牙廠區規畫於近年完成第三方查證作業。,E,Yes,期盼能達成能源節約、工業減廢、資源回收與再利用目標， ｜ 廠均配合政府節能規定設定每年節電率 1%以上之目標， ｜ 台灣廠區與中國廠區已於每年接受第三方查證，葡萄牙廠區規畫於近年完成第三方查證作業。,longer_than_5_years,Yes,成系統化的溫室氣體排放盤查與清冊建置，並制定內部文件化及查證程序等。,Clear,yageo,2327,82,https://hsxn1sjvkgtdpixe.public.blob.vercel-storage.com/yageo_2327_page_82.pdf,https://www.yageogroup.com/About/Sustainability
11542,每年計算性別薪酬差距，透過永續報告書揭露集團「員工薪酬及獎金平均數及中位數之性別差異」；如經檢視性別差距是報相關因應措施，如調整公司人力結構。2024 年度集團性別薪酬平均值及中位數之差異分別為 18.23% 及 19.78%，集團性別獎金平均值及中位數之差異分別為 18.54%及 18.03%，顯示性別薪酬差距不大。,S,No,,,,,,mega,2886,128,https://esg.megaholdings.com.tw/apifrontend/file/pdf/20250703140425535_%E5%85%86%E8%B1%90%E9%87%91%E6%8E%A72024%E6%B0%B8%E7%BA%8C%E5%A0%B1%E5%91%8A%E6%9B%B8_%E4%B8%AD%E6%96%87%E7%89%88.pdf,https://esg.megaholdings.com.tw/frontend/Download
11352,基於順利推動與落實營運持續管理之各項工作，本公司營運持續管理體系設置專責組織與任務編組與單位專責人員，以利推行日常維運事務與快速因應緊急應變事宜。經由營運衝擊分析辨識需優先保護之關鍵業務，以及風險評鑑關注風險趨勢、分析可能引發營運中斷之內外部高風險威脅事件，以此規劃適用的營運持續策略與解決方案，進而制定同仁足以遵循之緊急應變與營運持續相關之計畫程序。,G,Yes,以利推行日常維運事務與快速因應緊急應變事宜。 ｜ 以此規劃適用的營運持續策略與解決方案，進而制定同仁足以遵循之緊急應變與營運持續相關之計畫程序。,already,Yes,基於順利推動與落實營運持續管理之各項工作，本公司營運持續管理體系設置專責組織與任務編組與單位專責人員 ｜ 經由營運衝擊分析辨識需優先保護之關鍵業務，以及風險評鑑關注風險趨勢、分析可能引發營運中斷之內外部高風險威脅事件，,Not Clear,fubon,2881,50,https://esg.fubonlife.com.tw/esg-report,https://esg.fubonlife.com.tw/esg-report
11252,在 2024 年，台光電子在 ESG 表現上，再次展現了堅定的承諾與實質成果。作為全球高階電子材料的領導者，今年，我們在環境、社會與治理三大領域取得以下具體進展：,G,No,,,,,,emc2,2383,3,https://www.emctw.com/upload/media/New_CSR/csr_report/2024_EMC_ESG%20report_TW.pdf,https://www.emctw.com/zh-TW/csr_report/index
10495,2018 年起本集團於內部推動《誠信經營守則承諾書》，承諾除遵守商業行為相關法令外，本集團員工於從事商業行為之過程中，不得做出任何不誠信行為，並應克盡善良管理人之注意義務，督促公司避免做出不誠信行為，確保誠信經營文化之落實。,G,Yes,承諾除遵守商業行為相關法令外，本集團員工於從事商業行為之過程中，不得做出任何不誠信行為，,already,Yes,2018 年起本集團於內部推動《誠信經營守則承諾書》，,Not Clear,hnfhc,2880,45,https://hsxn1sjvkgtdpixe.public.blob.vercel-storage.com/hnfhc_2880_page_45.pdf,https://www.hnfhc.com.tw/HNFHC/csr/a.do?id=3b652cac56000000f6ca&parent_menu=2
10603,有鑑於全球人口老化、慢性病增加及民眾對對健康品質要求增加，中華開發資本除在臺灣募集生醫基金及生醫基金共兩檔基金外，另整合兩岸生醫產業資源，在大陸募集人民幣計價之生醫基金，投資策略聚焦生物藥、精準醫療、中高階醫療器材與數位醫療等大健康產業，及協助海內外醫藥業者提供品質佳且價格合理的產品與服務。生醫基金於獲取投資收益之同時，亦促進社會福祉，創造雙贏。其中被投資公司鴻達生技公司開發出治療多發性硬化症之口溶速崩新劑型新藥，可幫助吞嚥困難的病患有效改善用藥便利性、提升療效。,E,No,,,,,,kgi,2883,56,https://hsxn1sjvkgtdpixe.public.blob.vercel-storage.com/kgi_2883_page_56.pdf,https://www.kgi.com/zh-tw/esg
10341,瑞昱設定 2030 年達成 50% 再生能源佔比目標，以及每年節電 1% 的能源管理目標。透過智慧化管理用電數據，能有效進行各系統（如電力系統、IT 機房、照明系統、空調系統、氣體系統、測試區機台等）的用電數據分析、節能追蹤、改進及驗證，從而積極落實能源管理。,E,Yes,瑞昱設定 2030 年達成 50% 再生能源佔比目標，以及每年節電 1% 的能源管理目標。透,longer_than_5_years,Yes,透過智慧化管理用電數據，能有效進行各系統（如電力系統、IT 機房、照明系統、空調系統、氣體系統、測試區機台等）的用電數據分析、節能追蹤、改進及驗證，從而積極落實能源管理。,Clear,rt,2379,81,https://hsxn1sjvkgtdpixe.public.blob.vercel-storage.com/rt_2379_page_81.pdf,https://www.realtek.com/Article/Index?menu_id=912&lang=zh-TW
11971,考量供應商與台灣大的業務相關性，以及是否具實際/潛在ESG重大風險，台灣大以採購金額、不可取代性與ESG風險評鑑分數作為篩選重大供應商的標準，2024年共計110家如下。一階重大供應商：直接提供台灣大服務者，總金額達300億元以上，以及具實際/潛在ESG重大風險，共計92家。非一階重大供應商：直接提供台灣大的一階供應商服務者，金額或者採購類別具關鍵性，以及具實際/潛在ESG重大風險，且並非台灣大之一階供應商的企業，共計18家。,S,No,,,,,,twm,3045,109,https://corp.taiwanmobile.com/pdf/2024_C_ESG.pdf,https://corp.taiwanmobile.com/esg/esg-report.html
10210,永豐金控透過編撰並每年發行永續報告書 (Sustainability Report)，讓利害關係人與社會大眾瞭解永豐金控在環境 (E)、社會 (S)、治理 (G) 的具體作為，以及回應聯合國永續發展目標 (SDGs) 之承諾與行動，並藉此檢視永續策略的進展，期能攜手各方利害關係人推動企業、環境與社會之永續發展。本報告書於2025年7月發行，報導期間為2024年度 (2024年1月1日至12月31日)。中英文版皆可於永豐金控官網下載。,G,Yes,永豐金控透過編撰並每年發行永續報告書 (Sustainability Report)，讓利害關係人與社會大眾瞭解永豐金控在環境 (E)、社會 (S)、治理 (G) 的具體作為，以及回應聯合國永續發展目標 (SDGs) 之承諾與行動，並藉此檢視永續策略的進展，期能攜手各方利害關係人推動企業、環境與社會之永續發展。本,longer_than_5_years,Yes,永豐金控透過編撰並每年發行永續報告書 (Sustainability Report)，讓利害關係人與社會大眾瞭解永豐金控在環境 (E)、社會 (S)、治理 (G) 的具體作為，以及回應聯合國永續發展目標 (SDGs) 之承諾與行動，並藉此檢視永續策略的進展，,Not Clear,yfy,1907,3,https://hsxn1sjvkgtdpixe.public.blob.vercel-storage.com/yfy_1907_page_3.pdf,https://www.sinopac.com/esg/tw/sustainability-report/
10742,台新在永續金融責任投資與授信部分之落實，以「法人金融服務」、「個人金融服務」、「專案融資」、「資產管理」、「諮詢業務」、「保險」六大類別進行，並依此營業項目來逐一說明涵蓋 ESG 面向之商品服務與執行績效。相關業務皆對 100% 交易活動與金融商品進行 ESG 風險之評估，並將環境及社會風險之評估納入各項融資及投資等政策，推行範圍涵蓋所有子公司。,E,Yes,將環境及社會風險之評估納入各項融資及投資等政策，推行範圍涵蓋所有子公司。,already,Yes,「法人金融服務」、「個人金融服務」、「專案融資」、「資產管理」、「諮詢業務」、「保險」六大類別進行，並依此營業項目來逐一說明涵蓋 ESG 面向之商品服務與執行績效。相,Clear,taishin,2887,93,https://hsxn1sjvkgtdpixe.public.blob.vercel-storage.com/taishin_2887_page_93.pdf,https://www.tsholdings.com.tw/tsh/responsibility/report/
11275,為強化公司治理效能與董事會成員在經濟、環境、社會等領域的專業能力，公司持續提供董事參與各類進修課程與研討會的機會。透過定期與不定期學習活動，董事能夠不斷精進其領導與決策能力，進一步提升整體公司治理水準。2024年度，公司董事會成員的累計進修總時數達84小時，課程內容涵蓋ESG相關領域，包括「董事會資安治理規範與遵循分享」及「永續金融暨氣候變遷高峰論壇」等高層次專題課程，全面強化董事會對永續議題的理解與應對能力。,G,Yes,強化公司治理效能與董事會成員在經濟、環境、社會等領域的專業能力， ｜ ，公司持續提供董事參與各類進修課程與研討會的機會。透過定期與不定期學習活動，董事能夠不斷精進其領導與決策能力，進一步提升整體公司治理水準。,already,Yes,2024年度，公司董事會成員的累計進修總時數達84小時，課程內容涵蓋ESG相關領域，包括「董事會資安治理規範與遵循分享」及「永續金融暨氣候變遷高峰論壇」等高層次專題課程，全面強化董事會對永續議題的理解與應對能力。,Clear,avc,3017,35,https://www.avc.co/Portals/0/zh-tw/FileUpload/%E4%BC%81%E6%A5%AD%E8%B2%AC%E4%BB%BB/2024%E6%B0%B8%E7%BA%8C%E5%A0%B1%E5%91%8A.pdf?ran=001,https://www.avc.co/zh-tw/CorporateResponsibility/CorporateCSR
10301,統一超商以打造幸福企業為最高宗旨，致力於創造一個鼓勵自由表達想法並讓員工感受到尊重、歸屬感和多元友善的職場環境。在邁入超高齡社會的挑戰下，除了以創新職場模式，積極賦能中高齡長者，促進跨世代共融，還透過主動關懷機制、身心健康促進活動及完善的福利與設施，期望讓夥伴們從工作中感到成就、健康及幸福感，並以身為統一超商的一份子為榮。,S,Yes,統一超商以打造幸福企業為最高宗旨，致力於創造一個鼓勵自由表達想法並讓員工感受到尊重、歸屬感和多元友善的職場環境。,between_2_and_5_years,No,,,pcsc,2912,9,https://hsxn1sjvkgtdpixe.public.blob.vercel-storage.com/pcsc_2912_page_9.pdf,https://www.7-11.com.tw/Company/esg/reports.aspx
10785,113 年無發生員工死亡事件，統計全職員工工作中失能事故 2 件、輕傷事故 7 件、就醫診療事故 10 件，及協力廠商死亡事故 2 件、協力廠商失能事故 5 件、輕傷事故 7 件、就醫診療事故 11 件，另亦計算員工上下班通勤交通輕傷事故 27 件及失能事故 29 件，上述事故皆已完成檢討與改善。事故發生單位爾後藉由平時特別加強體感教育訓練、主管走動式管理、工安診斷、以基層同仁或搭配工會小組長之由下往上工安活動、虛驚事件提報管理、5S註5 提升自主管理改善運動及自護、互護與監護之行為關懷，以達到持續改善之效果。,S,Yes,事故發生單位爾後藉由平時特別加強體感教育訓練、主管走動式管理、工安診斷、以基層同仁或搭配工會小組長之由下往上工安活動、虛驚事件提報管理、5S註5 提升自主管理改善運動及自護、互護與監護之行為關懷，以達到持續改善之效果。,between_2_and_5_years,Yes,113 年無發生員工死亡事件，統計全職員工工作中失能事故 2 件、輕傷事故 7 件、就醫診療事故 10 件，及協力廠商死亡事故 2 件、協力廠商失能事故 5 件、輕傷事故 7 件、就醫診療事故 11 件，另亦計算員工上下班通勤交通輕傷事故 27 件及失能事故 29 件，上述事故皆已完成檢討與改善。事,Clear,csc,2002,49,https://hsxn1sjvkgtdpixe.public.blob.vercel-storage.com/csc_2002_page_49.pdf,https://www.csc.com.tw/csc/esg/ov/dow.html
10252,"為提供優質且快速的售後維修服務並達成維修滿意度優於業界的目標，全虹顧客完修後一週內進行「完修案件系統電訪滿意度」調查，每週進行檢討，並依據落後項目與區域進行加強管理，以提高整體滿意度，滿意度績效以淨推薦率 (Touchpoint Net Promoter Score, tNPS) 進行追蹤，2024 年淨推薦率 (tNPS) 實際達成為 97%。",S,Yes,為提供優質且快速的售後維修服務並達成維修滿意度優於業界的目標，,longer_than_5_years,Yes,"全虹顧客完修後一週內進行「完修案件系統電訪滿意度」調查，每週進行檢討，並依據落後項目與區域進行加強管理，以提高整體滿意度，滿意度績效以淨推薦率 (Touchpoint Net Promoter Score, tNPS) 進行追蹤，2024 年淨推薦率 (tNPS) 實際達成為 97%。",Clear,fet,4904,53,https://hsxn1sjvkgtdpixe.public.blob.vercel-storage.com/fet_4904_page_53.pdf,https://corporate.fetnet.net/content/corp/tw/CSR/ReportDownload.html
11910,日月光投控風險與機會之鑑別，範圍涵蓋整體價值鏈，包括上游供應商、組織內部營運以及下游客戶。今年擴大邊界分析全球合併報表子公司 110 處據點，完整了解日月光投控整體風險與機會所在。鑑別結果依風險可能影響之時間¹ 區間分析，可能面臨的最主要風險為再生能源購置未達目標與未持續提升能源效率；而最具潛力之氣候機會為參與可再生能源項目並採用節能措施以及企業減碳目標，依據鑑別成果，擬定更具前瞻性與成效的策略，以強化對氣候風險的應變能力，並掌握潛在機會，驅動企業持續成長與轉型。,E,Yes,強化對氣候風險的應變能力，並掌握潛在機會，驅動企業持續成長與轉型。,already,Yes,今年擴大邊界分析全球合併報表子公司 110 處據點，完整了解日月光投控整體風險與機會所在。鑑別結果依風險可能影響之時間¹ 區間分析，可能面臨的最主要風險為再生能源購置未達目標與未持續提升能源效率；而最具潛力之氣候機會為參與可再生能源項目並採用節能措施以及企業減碳目標，依據鑑別成果，擬定更具前瞻性與成效的策略，,Clear,aseh,3711,109,https://www.aseglobal.com/ch/pdf/aseh-2024-csr-ch-final.pdf,https://www.aseglobal.com/ch/csr/csr-download/
11999,2024 年瑞昱推出「瑞昱慈善公益暨共好永續三年期計劃」新永續共好專案，規劃建構出五大主題，包含：兒少成長與婦幼安全關懷專案、偏鄉教育發展與成長關懷專案、社會互助共好有善行動力專案、學術研究與社會機構贊助專案、瑞昱遠瞻未來暨創造力希望工程公益行動專案，作為瑞昱在公益行動上之指引原則，永續地推動一系列社會共好活動，共建互助溫馨社會、共好扶持網絡願景。,S,Yes,2024 年瑞昱推出「瑞昱慈善公益暨共好永續三年期計劃」新永續共好專案，規劃建構出五大主題，包含：兒少成長與婦幼安全關懷專案、偏鄉教育發展與成長關懷專案、社會互助共好有善行動力專案、學術研究與社會機構贊助專案、瑞昱遠瞻未來暨創造力希望工程公益行動專案，作為瑞昱在公益行動上之指引原則，永續地推動一系列社會共好活動，共建互助溫馨社會、共好扶持網絡願景。,between_2_and_5_years,No,,,rt,2379,151,https://www.realtek.com/images/csr/2024.pdf,https://www.realtek.com/Article/Index?menu_id=912&lang=zh-TW
10470,為了確保貨物運送能安全地送達世界各地，陽明海運嚴格遵守各項國際公約，如「國際海上人命安全公約」(SOLAS)、「防止船舶污染國際公約」(MARPOL)、「國際貨櫃安全公約」(International Convention for Safe Containers)、「國際海運危險品章程」(IMDG CODE) 等規定，並配合各國港口貨品及危險品的法律規範來安排與運輸貨品。除遵守公約及法規外，本公司於運輸過程導入 WNI 專業氣象導航系統，以取得最安全航線建議，並要求執行系統之同仁皆須通過各項教育訓練，對於運輸安全及專業系統及軟體有完整的認識及操作。綜合上述多重把關，有效確保本公司貨櫃運輸的安全性，針對進入高風險區域船舶啟動風險控制機制以及通報等安全措施。,S,Yes,，陽明海運嚴格遵守各項國際公約，,between_2_and_5_years,Yes,，如「國際海上人命安全公約」(SOLAS)、「防止船舶污染國際公約」(MARPOL)、「國際貨櫃安全公約」(International Convention for Safe Containers)、「國際海運危險品章程」(IMDG CODE) 等規定，並,Clear,ymtc,2609,113,https://hsxn1sjvkgtdpixe.public.blob.vercel-storage.com/ymtc_2609_page_113.pdf,https://esg.yangming.com/esg/sustainability_report/1/
90062,台塑工業 (寧波) 空氣污染物自主減量。公司未以實際監測數據比較前後排放差異，而係以假設「維持舊有低效率生產模式」作為基準情境，推估若未改善可能產生之理論排放量，並將該假設數值與本期實際排放量之差額，歸類為空氣污染物「減量」或「避免排放」績效。,E,Yes,台塑工業 (寧波)  空氣污染物自主減量,already,Yes,公司未以實際監測數據比較前後排放差異，而係以假設「維持舊有低效率生產模式」作為基準情境，推估若未改善可能產生之理論排放量，並將該假設數值與本期實際排放量之差額，歸類為空氣污染物「減量」或「避免排放」績效。,Misleading,fpc,1301,90,https://hsxn1sjvkgtdpixe.public.blob.vercel-storage.com/fpc_1301_page_90.pdf,https://www.fpg.com.tw/esg/tw/download
11461,本公司董事會陸續通過並頒布商業行為與道德相關規章，清楚且詳盡地明訂政策規範、準則、作業程序、行為指南及申訴制度以防範不誠信行為，期許形塑本公司誠實和當責的文化，將遵循最高道德標準的承諾體現在所有的商業活動中。,G,Yes,本公司董事會陸續通過並頒布商業行為與道德相關規章，清楚且詳盡地明訂政策規範、準則、作業程序、行為指南及申訴制度以防範不誠信行為，期許形塑本公司誠實和當責的文化，將遵循最高道德標準的承諾體現在所有的商業活動中。,between_2_and_5_years,No,,,aseh,3711,61,https://www.aseglobal.com/ch/pdf/aseh-2024-csr-ch-final.pdf,https://www.aseglobal.com/ch/csr/csr-download/
10409,"全球氣候變遷日益嚴重，發展再生能源有助降低溫室氣體排放，中信金控積極投入本國再生能源投、融資，支持臺灣能源轉型與再生能源建設，共同邁向 2050 淨零排放，實踐 SDGs 聯合國永續發展目標 7、8、17 三項目標。截至 2024 年底，中信金控再生能源專案投融資餘額新臺幣 591.93 億元，累計主辦融資金額逾新臺幣 4,700 億元。",E,Yes,中信金控積極投入本國再生能源投、融資，支持臺灣能源轉型與再生能源建設，共同邁向 2050 淨零排放，實踐 SDGs 聯合國永續發展目標 7、8、17 三項目標。,longer_than_5_years,Yes,"截至 2024 年底，中信金控再生能源專案投融資餘額新臺幣 591.93 億元，累計主辦融資金額逾新臺幣 4,700 億元。",Clear,ctbc,2891,38,https://hsxn1sjvkgtdpixe.public.blob.vercel-storage.com/ctbc_2891_page_38.pdf,https://ir.ctbcholding.com/c/esg_reports
10780,電動車充電所需功率相當於四家超商同時用電，對電網負擔大，加上再生能源滲透率提升，電網末端電壓波動不穩，傳統配電系統日漸難以因應，因此提升電網韌性、強化調控與增加儲能，為能源轉型的成功關鍵。NHOA.TCC取得台電許可，研究充電站低電壓場域逆送電相關技術，於缺電時逆向傳電，增強末端電網韌性，以期未來旗下充電站皆可發揮分散式電力系統功能，做為未來台灣建立虛擬電網機制的基礎，以及建立未來電力交易平台新模式。2025年3月宜蘭蠟筆工廠站作為首站正式服務。,E,Yes,以期未來旗下充電站皆可發揮分散式電力系統功能，做為未來台灣建立虛擬電網機制的基礎，以及建立未來電力交易平台新模式。,within_2_years,Yes,NHOA.TCC取得台電許可，研究充電站低電壓場域逆送電相關技術，於缺電時逆向傳電，增強末端電網韌性， ｜ 2025年3月宜蘭蠟筆工廠站作為首站正式服務。,Clear,tcc,1101,115,https://hsxn1sjvkgtdpixe.public.blob.vercel-storage.com/tcc_1101_page_115.pdf,https://www.tccgroupholdings.com/tw/esgReport.html
11158,"為響應金控永續願景藍圖的綠色金融目標，本公司於 2022 年參與「海龍離岸風電計畫」聯貸案 ( 下稱海龍專案 )，於 2023 年 9 月完成融資到位，並獲得出口信用保證機構 (ECA) 的支持。海龍專案包含「海龍二號風場」及「海龍三號風場」，係由加拿大商大北陸能源、日本三井物產及馬來西亞 Gentari 共同開發，該計畫位於彰化外海約 45-70 公里處、水深約 35-55 公尺，採用西門子哥美颯 (SGRE)SG 14-222DD 型風機共 73 座，總裝置容量達 1,022MW。海龍專案透過產業關聯與在地供應商合作，2024 年度完成安裝海龍二號風場 37 座水下基礎及海上變電站。",E,Yes,為響應金控永續願景藍圖的綠色金融目標，,already,Yes,"本公司於 2022 年參與「海龍離岸風電計畫」聯貸案 ( 下稱海龍專案 )，於 2023 年 9 月完成融資到位，並獲得出口信用保證機構 (ECA) 的支持。海龍專案包含「海龍二號風場」及「海龍三號風場」，係由加拿大商大北陸能源、日本三井物產及馬來西亞 Gentari 共同開發，該計畫位於彰化外海約 45-70 公里處、水深約 35-55 公尺，採用西門子哥美颯 (SGRE)SG 14-222DD 型風機共 73 座，總裝置容量達 1,022MW。海龍專案透過產業關聯與在地供應商合作，2024 年度完成安裝海龍二號風場 37 座水下基礎及海上變電站。",Clear,fubon,2881,120,https://esg.fubonlife.com.tw/esg-report,https://esg.fubonlife.com.tw/esg-report
11480,本公司設置獨立董事專用信箱 (審計委員會成員為受理人) 及檢舉信箱 (稽核主管為受理人)，若發現任何不法與違反工作規則、集團道德行為準則、誠信經營守則及誠信經營作業程序及行為指南之行為，檢舉人可經由上述管道提出檢舉，調查流程皆保密。本公司亦訂有「集團檢舉案件處理作業手冊」，包含吹哨者保護機制、檢舉人可匿名提出檢舉及保護與懲戒措施，確保檢舉人不會因檢舉情事而遭受如資遣、免職、減薪或其他不當處置。對於提供有利調查資料之檢舉人或本集團人員，若其因提出檢舉或提供資料而涉違反本集團相關規章，或其本身為該檢舉案件之違法或違規行為人之一，視檢舉案件之重大性、其所提供資訊與證據之重要性等個案情況予以懲戒之減免。,G,Yes,本公司設置獨立董事專用信箱 (審計委員會成員為受理人) 及檢舉信箱 (稽核主管為受理人)，若發現任何不法與違反工作規則、集團道德行為準則、誠信經營守則及誠信經營作業程序及行為指南之行為，檢舉人可經由上述管道提出檢舉，調查流程皆保密。,between_2_and_5_years,Yes,本公司亦訂有「集團檢舉案件處理作業手冊」，包含吹哨者保護機制、檢舉人可匿名提出檢舉及保護與懲戒措施，確保檢舉人不會因檢舉情事而遭受如資遣、免職、減薪或其他不當處置。 ｜ ，若其因提出檢舉或提供資料而涉違反本集團相關規章，或其本身為該檢舉案件之違法或違規行為人之一，視檢舉案件之重大性、其所提供資訊與證據之重要性等個案情況予以懲戒之減免。,Clear,ymtc,2609,53,https://esg.yangming.com/upload/esg_custom_sustainability_report_document_files/twL_esg_custom_sustainability_report_document_23I14_ERqoPnY786.pdf,https://esg.yangming.com/esg/sustainability_report/1/
11713,"遠傳電信 2024 年參與產業公協會組織所投入之費用共計 10,499,340 元。遠傳 2024 年並未支持任何政策遊說團體，亦無對政黨或政治人物提供政治獻金。下表說明遠傳加入之公協會類別與金額，並揭露具重大性之公協會的投入金額。另外，遠傳自 2023 年開始逐步調查加入之公協會對巴黎協定的立場，先以下表列舉之重大性組織進行調查，其中台灣電信產業發展協會、全球行動通訊系統協會 GSMA、台灣通訊學會、台灣雲端物聯網產業協會、中華民國運輸學會、台灣企業永續研訓中心 (CCS)、台灣淨零排放協會皆公開支持巴黎協定立場，遠傳同時也將逐步確認其它公協會之立場。",S,No,,,,,,fet,4904,48,https://corporate.fetnet.net/content/corp/tw/CSR/ReportDownload.html,https://corporate.fetnet.net/content/corp/tw/CSR/ReportDownload.html
11365,鋼鐵具備極高的耐久性，且可完全回收利用。與其他材料相比，其生產所需的能源相對較少。除了創新型輕量化鋼材 ( 如應用於汽車與建築的鋼材 ) 有助於降低能源消耗並節約資源，中鋼亦持續致力於減少鋼鐵製造時所造成環境污染，推動更環保的生產方式。,E,Yes,中鋼亦持續致力於減少鋼鐵製造時所造成環境污染，推動更環保的生產方式。,between_2_and_5_years,Yes,創新型輕量化鋼材 ( 如應用於汽車與建築的鋼材 ) 有助於降低能源消耗並節約資源，,Not Clear,csc,2002,37,https://www.csc.com.tw/csc/esg/pdf/hr-2024.pdf,https://www.csc.com.tw/csc/esg/ov/dow.html
90060,同時為展現高度重視客戶個人資料安全的堅持與承諾，本公司已具備維護個資之安全機制，並以過去一年「未發生對財務報表具有重大影響之個資相關事件」作為核心證據，將「未對財報構成重大影響」直接等同於「未發生個資風險」，同時將外洩事件定義限縮為遭主管機關裁罰或需公告之重大案件，將未達裁罰門檻或經和解結案之資安事故完全排除在統計外，據以對外說明「零重大個資事件」，並推論整體個資保護績效已完全符合甚至超前法規要求。,G,Yes,同時為展現高度重視客戶個人資料安全的堅持與承諾，並,already,Yes,本公司已具備維護個資之安全機制，並以過去一年「未發生對財務報表具有重大影響之個資相關事件」作為核心證據，將「未對財報構成重大影響」直接等同於「未發生個資風險」，同時將外洩事件定義限縮為遭主管機關裁罰或需公告之重大案件，將未達裁罰門檻或經和解結案之資安事故完全排除在統計外，據以對外說明「零重大個資事件」，並推論整體個資保護績效已完全符合甚至超前法規要求。,Misleading,chailease,5871,78,https://hsxn1sjvkgtdpixe.public.blob.vercel-storage.com/chailease_5871_page_78.pdf,https://www.chaileaseholding.com/CSR/ReportDownload
10309,"凱基人壽依實務需求提供不同位階與職掌相關之教育訓練，內容涵蓋金融消費者權益維護、最新法令趨勢、失智金融友善教育訓練、手語教育訓練、臺語課程暨高齡友善溝通技巧等公平待客之相關議題。2024年度共辦理20場教育訓練，受訓人次達62,133人次，計104,509小時。",S,No,,,,,,kgi,2883,70,https://hsxn1sjvkgtdpixe.public.blob.vercel-storage.com/kgi_2883_page_70.pdf,https://www.kgi.com/zh-tw/esg
10748,本公司依據品質管理系統進行客戶意見回饋之管理與改善，若接獲客戶之申訴時，由 PM 或業務人員先行瞭解客戶之問題，並將其問題轉移至客戶服務單位 (customer service unit) 處理。由客戶服務單位判斷客訴案件之類型，協調相關責任單位在最迅速的時間內共同處理客戶問題直至問題解決，以保障客戶權益。,S,No,,,,,,wiwynn,6669,70,https://hsxn1sjvkgtdpixe.public.blob.vercel-storage.com/wiwynn_6669_page_70.pdf,https://www.wiwynn.com/zh/esg?srsltid=AfmBOorvFrT1ZHOSpBKt9v6gwVkwdiWT6ZYLhQDWqQ06r_frvS6qSFZM
11278,2024 年富邦人壽涉及資訊外洩案件數量為 3 件，其中與個資相關的資訊外洩事件占比為 100%，因資訊外洩事件而受影響之顧客數為 3 人。,S,No,,,,,,fubon,2881,154,https://esg.fubonlife.com.tw/esg-report,https://esg.fubonlife.com.tw/esg-report
10446,統一企業依據 GRI 準則 2021 年版，建立系統化流程以辨識重大利害關係人與永續議題，並評估各議題對公司之實際與潛在影響，以進行管理與目標設定。2024 年度透過內、外部問卷調查重新鑑別重大主題，以確保揭露內容與業務發展及利害關係人關注議題保持一致。此外，我們同步參考國際標竿企業與國內同業的永續實踐，分析產業內具共通性的關鍵議題，並據此強化管理策略，以持續提升永續績效。,G,Yes,統一企業依據 GRI 準則 2021 年版，建立系統化流程以辨識重大利害關係人與永續議題，並評估各議題對公司之實際與潛在影響，以進行管理與目標設定。,between_2_and_5_years,Yes,2024 年度透過內、外部問卷調查重新鑑別重大主題，以確保揭露內容與業務發展及利害關係人關注議題保持一致。 ｜ 我們同步參考國際標竿企業與國內同業的永續實踐，分析產業內具共通性的關鍵議題，並據此強化管理策略，以持續提升永續績效。,Clear,unipresident,1216,6,https://hsxn1sjvkgtdpixe.public.blob.vercel-storage.com/unipresident_1216_page_6.pdf,https://esg.sp88.tw/book.php
11445,此外，強迫勞動風險多發生於勞務派遣與外籍移工仲介公司，為確保派遣制員工與一般員工享有一致保障，廣達各廠區與勞務派遣公司簽訂《勞務派遣相關協定》，約定雙方責任與義務，涵蓋同工同酬、同等社會福利繳納、工作環境及工作安全保障等。對於勞務派遣公司及協力廠商，廣達透過稽核發現潛在風險後，持續對員工進行入職、離職情況及社會保險繳納調查，並透過薪資福利由公司直接發放的制度，盡可能降低人權風險。,S,Yes,為確保派遣制員工與一般員工享有一致保障， ｜ 廣達透過稽核發現潛在風險後，持續對員工進行入職、離職情況及社會保險繳納調查， ｜ 並透過薪資福利由公司直接發放的制度，盡可能降低人權風險。,between_2_and_5_years,Yes,廣達各廠區與勞務派遣公司簽訂《勞務派遣相關協定》，約定雙方責任與義務，涵蓋同工同酬、同等社會福利繳納、工作環境及工作安全保障等。,Not Clear,qci,2382,63,https://www.quantatw.com/quanta/ESG/CH/Quanta_ESG_CN_2024.pdf,https://www.quantatw.com/quanta/chinese/esg/csrreport.aspx
10298,為了支持女性員工自我成長與職涯發展，緯創在 2024 年成立第一個 ERG 員工資源團體「Women in Wistron (WiW)」，為女性同仁打造一個連結與支持的平台，透過同儕間的經驗分享、建立人脈互助網路，發揮潛能並實現職涯成長。2024 年 WiW 舉辦了多場活動，包括 1 場成立大會、2 場領導力講座與 2 場交流活動，累計吸引 784 人次參與。,S,Yes,為了支持女性員工自我成長與職涯發展，,already,Yes,緯創在 2024 年成立第一個 ERG 員工資源團體「Women in Wistron (WiW)」，為女性同仁打造一個連結與支持的平台，透過同儕間的經驗分享、建立人脈互助網路，發揮潛能並實現職涯成長。2024 年 WiW 舉辦了多場活動，包括 1 場成立大會、2 場領導力講座與 2 場交流活動，累計吸引 784 人次參與。,Clear,Wistron,3231,14,https://esg.wistron.com/ch/report-download/esg/NoakpM47xGKX/2024SustainabilityReportCH.pdf%20,https://esg.wistron.com/ch/report-download
11203,兆豐集團意識到發展永續金融有助於扶持綠能科技產業發展、促進低碳經濟轉型，加速實現聯合國氣候變遷大會之減碳目標，以及我國 2050 年淨零排放願景，幫助減緩全球暖化、降低氣候變遷之風險，並將低碳轉型納入營運發展策略。,S,Yes,並將低碳轉型納入營運發展策略。,more_than_5_years,No,,,mega,2886,25,https://esg.megaholdings.com.tw/apifrontend/file/pdf/20250703140425535_%E5%85%86%E8%B1%90%E9%87%91%E6%8E%A72024%E6%B0%B8%E7%BA%8C%E5%A0%B1%E5%91%8A%E6%9B%B8_%E4%B8%AD%E6%96%87%E7%89%88.pdf,https://esg.megaholdings.com.tw/frontend/Download
11803,在正面影響上，研華以生態系連結及共創精神，持續以本業優勢做永續地球的智能推手。在社會面向上，遠距醫療、健康醫療以物聯網智能減少醫療成本、提升醫療精準度。在經濟面向上，於生產活動的效率與效能改善、AI科技的運用上，可大幅提升工業生產水平。在環境面向上，透過設備監控與大量的感知元件佈署，將有效降低能耗與環境污染等。近年更因新能源的發展，研華亦涉足充電樁、新能源等事業。在各領域與客戶及生態系合作夥伴聯手邁向永續。,G,Yes,研華以生態系連結及共創精神，持續以本業優勢做永續地球的智能推手。,already,Yes,會面向上，遠距醫療、健康醫療以物聯網智能減少醫療成本、提升醫療精準度。在經濟面向上，於生產活動的效率與效能改善、AI科技的運用上，可大幅提升工業生產水平。在環境面向上，透過設備監控與大量的感知元件佈署，將有效降低能耗與環境污染等。近年更因新能源的發展，研華亦涉足充電樁、新能源等事業。在各領域與客戶及生態系合作夥伴聯手邁向永續。,Not Clear,acl,2395,80,https://advcloudfiles.advantech.com/csr/Report/2024ESG.pdf,https://esg.advantech.com/zh-tw/downloads/sustainability-report
10062,中鋼承諾所有產品及其包裝所使用或包含之金屬沒有來自剛果 ( 金 ) 及其周邊國家，以及這些國家內任何武裝力量控制區之衝突礦產；透過加強供應鏈管理，有效甄別和追溯原料來源。針對料源投資作業，凡具有衝突疑慮之礦產，即不列入投資評估考慮。中鋼於設備及物料採購時亦關注來源國家之人權狀況，據以做可能之調整，並於投標須知 / 合約條款規定不得行賄、不得侵權、進入中鋼廠區須遵守環安衛規定等行為準則。,G,Yes,中鋼承諾所有產品及其包裝所使用或包含之金屬沒有來自剛果 ( 金 ) 及其周邊國家，以及這些國家內任何武裝力量控制區之衝突礦產；,between_2_and_5_years,Yes,透過加強供應鏈管理，有效甄別和追溯原料來源。針對料源投資作業，凡具有衝突疑慮之礦產，即不列入投資評估考慮。中鋼於設備及物料採購時亦關注來源國家之人權狀況，據以做可能之調整，並於投標須知 / 合約條款規定不得行賄、不得侵權、進入中鋼廠區須遵守環安衛規定等行為準則。,Not Clear,csc,2002,69,https://hsxn1sjvkgtdpixe.public.blob.vercel-storage.com/csc_2002_page_69.pdf,https://www.csc.com.tw/csc/esg/ov/dow.html
10674,合庫針對鑑別出的重大主題訂定管理方針，藉由政策落實、資源投入及績效管理，確保有效控管重大主題對於營運及各利害關係人的衝擊。,S;G,Yes,確保有效控管重大主題對於營運及各利害關係人的衝擊。,between_2_and_5_years,No,,,tcfhc,5880,29,https://hsxn1sjvkgtdpixe.public.blob.vercel-storage.com/tcfhc_5880_page_29.pdf,https://esg.tcfhc.com.tw/report-download/
11781,為了促進性別薪資平等，公司定期進行薪資審查並公開平均性別薪酬和性別薪酬差距的數據，以期望促進性別薪酬趨向平等。性別薪酬差距沒有考慮到可能發揮作用的所有不同因素，例如教育，工作時間，工作類型，職業休息或兼職工作。目前，台灣及大陸地區員工已涵蓋鴻海體系8成以上員工佔比，已具備足夠代表性，未來亦將逐步揭露全球薪酬比。,S,Yes,為了促進性別薪資平等，公司定期進行薪資審查並公開平均性別薪酬和性別薪酬差距的數據，以期望促進性別薪酬趨向平等。 ｜ 未來亦將逐步揭露全球薪酬比。,more_than_5_years,Yes,性別薪酬差距沒有考慮到可能發揮作用的所有不同因素，例如教育，工作時間，工作類型，職業休息或兼職工作。目前，台灣及大陸地區員工已涵蓋鴻海體系8成以上員工佔比，已具備足夠代表性，,Not Clear,honhai,2317,69,https://image.honhai.com/upload/202512/global/HH_SR_2024_-_Chinese_(HD)_-_04_Dec_(1)_20251231_7009.pdf,https://www.honhai.com/zh-tw/CSR
10383,持續於每季法人說明會及超過 200 場投資人會議中向投資人溝通業務發展策略、競爭優勢、獲利表現及 ESG 作為。導入氣候相關財務揭露 (TCFD)、通過 ISO14064-1 溫室氣體排放查證。2023 年起將減碳相關績效指標與高階主管績效 KPI 連結。承諾於 2050 年在自身營運範圍內之溫室氣體盤查，範疇一與範疇二達成淨零。,E,Yes,承諾於 2050 年在自身營運範圍內之溫室氣體盤查，範疇一與範疇二達成淨零。,longer_than_5_years,Yes,持續於每季法人說明會及超過 200 場投資人會議中向投資人溝通業務發展策略、競爭優勢、獲利表現及 ESG 作為。導入氣候相關財務揭露 (TCFD)、通過 ISO14064-1 溫室氣體排放查證。2023 年起將減碳相關績效指標與高階主管績效 KPI 連結。,Clear,pcsc,2912,18,https://hsxn1sjvkgtdpixe.public.blob.vercel-storage.com/pcsc_2912_page_18.pdf,https://www.7-11.com.tw/Company/esg/reports.aspx
11548,國巨稅務管理及決策的最高管理者為財務長，日常稅務規劃與管理皆由專業且經驗豐富的稅務團隊執行，並定期將稅務規劃與事務彙報予財務長。國巨亦委託外部稅務專業機構提供稅務議題上的專業服務及建議，增強專業知識及了解稅務法，且稅務團隊積極與各地營運據點之稅務機關保持良好溝通與回應。國巨之審計委員會每年皆會審查關於財務、會計、稅務及稽核等是否依據相關政策及法規執行，且本公司每年透過向利害關係人調查其關注之永續議題，同步了解對於稅務觀點與疑慮。為提升稅務方面之治理，國巨未來亦規劃公開參與稅務公共政策倡議。,G,Yes,為提升稅務方面之治理，國巨未來亦規劃公開參與稅務公共政策倡議。,already,Yes,定期將稅務規劃與事務彙報予財務長。國巨亦委託外部稅務專業機構提供稅務議題上的專業服務及建議，增強專業知識及了解稅務法，且稅務團隊積極與各地營運據點之稅務機關保持良好溝通與回應。,Clear,yageo,2327,34,https://yageogroup.com/content/Resource%20Library/Compliance%20Report/YAGEO_ESG2024_tw.pdf,https://www.yageogroup.com/About/Sustainability
10737,中鋼確定多元水源之用水策略，並持續朝擺脫單一自來水源風險，由公用設施處專責水資源之風險評估、策略擬定及執行等事務，由生產部門副總負責監督，並納入公司風險管理程序。,E,Yes,並持續朝擺脫單一自來水源風險，,between_2_and_5_years,Yes,由公用設施處專責水資源之風險評估、策略擬定及執行等事務，由生產部門副總負責監督，並納入公司風險管理程序。,Not Clear,csc,2002,32,https://hsxn1sjvkgtdpixe.public.blob.vercel-storage.com/csc_2002_page_32.pdf,https://www.csc.com.tw/csc/esg/ov/dow.html
10227,鴻海已展示了有效鑑別和公平評估對利害關係者的過程，其中已刻一系對來自廣泛來源的環境、社會和治理主題，對於其營運活動所帶來的衝擊的過程。其鑑別評估已透過定性化和定量相結合的目標愈來達成，本查證可持續提請佐證管道，透過多元管道與利害關係人揭露重大主題進展與成果，並透過決策流程提升與各方的互信與合作，持續優化企業溝通競爭力。,G,Yes,本查證可持續提請佐證管道，,between_2_and_5_years,No,,,honhai,2317,137,https://hsxn1sjvkgtdpixe.public.blob.vercel-storage.com/honhai_2317_page_137.pdf,https://www.honhai.com/zh-tw/CSR
10606,為落實公司治理並提升董事會功能，建立績效目標以加強董事會運作效率，本公司訂有《董事會績效評估準則》每年對董事會、董事會成員及功能性委員會皆進行一次內部績效評估，且董事會評估項目中亦納入ESG參與之相關評估指標，每三年由外部專業獨立機構或外部專家學者執行一次董事會外部績效評估。2024年度董事會內部績效評估結果，業已提本公司2025年1月20日董事會報告在案，各面向之自評分數介於4.67~5分間，均為「佳 ( 4 )」或「優 ( 5 )」，顯示董事會整體運作情況完善，於公司治理、公司營運與企業永續實踐等各方面克盡職責。另，本公司已於2023年8月委請外部專家安永企業管理諮詢服務 ( 股 ) 公司辦理董事會外部績效評估，分別就董事會暨功能性委員會架構 ( Structure )、成員 ( People )、流程與資訊 ( Process and Information ) 等三大構面，以董事 / 委員會委員訪談、董事 / 委員會自評問卷及文件查閱等方式進行評估。,G,Yes,為落實公司治理並提升董事會功能，建立績效目標以加強董事會運作效率，,already,Yes,本公司訂有《董事會績效評估準則》每年對董事會、董事會成員及功能性委員會皆進行一次內部績效評估，且董事會評估項目中亦納入ESG參與之相關評估指標，每三年由外部專業獨立機構或外部專家學者執行一次董事會外部績效評估。 ｜ 2024年度董事會內部績效評估結果，業已提本公司2025年1月20日董事會報告在案，各面向之自評分數介於4.67~5分間，均為「佳 ( 4 )」或「優 ( 5 )」，顯示董事會整體運作情況完善，於公司治理、公司營運與企業永續實踐等各方面克盡職責。 ｜ 本公司已於2023年8月委請外部專家安永企業管理諮詢服務 ( 股 ) 公司辦理董事會外部績效評估，分別就董事會暨功能性委員會架構 ( Structure )、成員 ( People )、流程與資訊 ( Process and Information ) 等三大構面，以董事 / 委員會委員訪談、董事 / 委員會自評問卷及文件查閱等方式進行評估。,Clear,kgi,2883,26,https://hsxn1sjvkgtdpixe.public.blob.vercel-storage.com/kgi_2883_page_26.pdf,https://www.kgi.com/zh-tw/esg
10903,表彰食品產業在營養與保健領域的創新突破，獲獎產品結合最新科學技術與健康概念，提供更優質的營養補充選擇。健康 3D 紅麴+鉻雙效錠不僅取得健康食品「調節血脂、血糖」雙效標章，2024 年 3 月在眾多競爭產品中脫穎而出，獲 2024 營養保健食品創新獎「唯一金獎」的肯定。這是暨 2022 年榮獲「台灣生技大獎」，2023 年代表台灣，在國際發明競賽中，勇奪雙面金牌 ( 馬來西亞 MTE 國際發明展、俄羅斯阿基米德國際發明展 ) 以外，連續 3 年獲國內外專家的肯定。,S,No,,,,,,unipresident,1216,39,https://hsxn1sjvkgtdpixe.public.blob.vercel-storage.com/unipresident_1216_page_39.pdf,https://esg.sp88.tw/book.php
11529,玉山金融控股股份有限公司 (以下簡稱玉山金控) 長期以來致力於環境 (Environmental)、社會 (Social) 及公司治理 (Governance) 的推動與提升，非常歡迎您閱讀玉山金控第 14 本永續報告書 (自 2020 年起企業社會責任報告書更名為永續報告書 )，本報告書依循 GRI 永續性報告準則 2021 年版編製，並參考聯合國永續發展目標、上市公司永續發展實務守則、ISO 26000 社會責任指引及聯合國全球盟約、永續會計準則委員會 (SASB) 之行業準則、上市公司編製與申報永續報告書作業辦法等。玉山金控每年發行中英文版本報告書，並揭露電子版於官網「永續發展專區」，回應全球利害關係人對玉山金控在永續發展所關注的議題。藉由揭露公開及透明的資訊，玉山金控與社會大眾彼此學習成長，持續努力朝永續發展邁進。,G,Yes,持續努力朝永續發展邁進,already,Yes,玉山金控第 14 本永續報告書 本報告書依循 GRI 永續性報告準則 2021 年版編製，並參考聯合國永續發展目標、上市公司永續發展實務守則、ISO 26000 社會責任指引及聯合國全球盟約、永續會計準則委員會 (SASB) 之行業準則、上市公司編製與申報永續報告書作業辦法等 玉山金控每年發行中英文版本報告書,Clear,esfh,2884,3,https://www.esunfhc.com/zh-tw/-/media/ESUNFHC/Files/CSR/FHC-CSR-Report/2024-Sustainability-ReportChinese.pdf,https://www.esunfhc.com/zh-tw/esg/resource-center/report
11102,和泰汽車職能發展中心 (Assessment Center，簡稱 AC) 依循「全方位人才發展政策」，定義各職位應有的職能，使全體員工瞭解應具備之能力，並透過工作中的學習發展 (OJT)、教育訓練 (Off-JT) 及自我學習 (Self-Development) 的各項課程，加以強化自身能力；之後再回到職能發展中心評鑑，衡量員工之職能發展現況，並針對不足之處，持續改善。,S,No,,,,,,hotaimotor,2207,79,https://www.hotaimotor.com.tw/htfile/report-files/1758159596647/2024%20%E6%B0%B8%E7%BA%8C%E5%A0%B1%E5%91%8A%E6%9B%B8.pdf,https://www.hotaimotor.com.tw/Sustainability/Reports
11674,秉持「以人為本」的核心精神，台光電子關心員工及其家庭福祉，並將這份關懷延伸至社區。2024 年，台灣廠區攜手外部基金會，投入新台幣壹佰萬元，於 2025 年起推動社區關懷專案，專款用於退休與在職員工及其親眷的照護服務 (涵蓋桃園、新竹等在地員工)，協助員工規劃樂齡生活，減輕照護壓力。中山台光公司於 2024 年積極參與中山市一年一度的“慈善萬人行”活動，向中山市紅十字會捐贈人民幣壹萬元，專款用於開發區內的慈善項目，幫助弱勢群體改善生活條件，共同促進社會和諧發展，為營造更溫暖友善的環境貢獻力量。,S,Yes,秉持「以人為本」的核心精神，台光電子關心員工及其家庭福祉，並將這份關懷延伸至社區。,already,Yes,入新台幣壹佰萬元，於 2025 年起推動社區關懷專案，專款用於退休與在職員工及其親眷的照護服務 (涵蓋桃園、新竹等在地員工)，協助員工規劃樂齡生活，減輕照護壓力。 ｜ 積極參與中山市一年一度的“慈善萬人行”活動，向中山市紅十字會捐贈人民幣壹萬元，專款用於開發區內的慈善項目，幫助弱勢群體改善生活條件，共同促進社會和諧發展，為營造更溫暖友善的環境貢獻力量。,Clear,emc2,2383,72,https://www.emctw.com/upload/media/New_CSR/csr_report/2024_EMC_ESG%20report_TW.pdf,https://www.emctw.com/zh-TW/csr_report/index
11619,國巨強調「人才」是未來發展的重要基石，每位「國巨人」都是公司重要資產。近年不斷強化「選才、用才、育才、留才」策略，更啟動「跨國儲備人才招募與培育計畫」（YOUNG Program），將國巨獨特的企業 DNA（年輕、積極、成長、效率與創新）深耕於儲備人才中，透過逐步精進人才發展策略以持續培養國巨的人力資本。,S,Yes,國巨強調「人才」是未來發展的重要基石，每位「國巨人」都是公司重要資產。近年不斷強化「選才、用才、育才、留才」策略， ｜ 將國巨獨特的企業 DNA（年輕、積極、成長、效率與創新）深耕於儲備人才中，透過逐步精進人才發展策略以持續培養國巨的人力資本。,between_2_and_5_years,Yes,啟動「跨國儲備人才招募與培育計畫」（YOUNG Program），,Clear,yageo,2327,94,https://yageogroup.com/content/Resource%20Library/Compliance%20Report/YAGEO_ESG2024_tw.pdf,https://www.yageogroup.com/About/Sustainability
11729,本次報告書封面以「躍升的綠色科技，引領綠色永續生活」為主題，在精進研發與培養創新文化的過程中，實現科技與環境的 和諧共存，如同耀升的朝陽，傳遞希望並引領綠色的永續生活，帶出日月光投控作為半導體封裝測試服務產業的領導者，不僅專注於技術創新，也致力投入綠色轉型，推行綠色製造、智慧管理、水資源再生利用，共同邁向淨零目標，同時實行植樹造林、投入海洋保護行動，成為永續的先行推動者。,E,Yes,致力投入綠色轉型，推行綠色製造、智慧管理、水資源再生利用，共同邁向淨零目標， ｜ 同時實行植樹造林、投入海洋保護行動，成為永續的先行推動者。,between_2_and_5_years,No,,,aseh,3711,2,https://www.aseglobal.com/ch/pdf/aseh-2024-csr-ch-final.pdf,https://www.aseglobal.com/ch/csr/csr-download/
11407,為有效守護員工之安全與健康，第一金控以職業安全衛生法及PDCA管理循環為架構，依工作型態、作業環境、自動檢查計畫、健康檢查結果及年齡性別等重要指標，鑑別各項作業程序、內容及環境可能產生之安全危害，依其發生率及對公司營運之衝擊程度，編製員工健康風險地圖，顯示肥胖、意外傷害、心血管疾病及工作壓力為2024年4大中高風險因子，據以訂定各項健康風險減緩及預防計畫，以有效降低同仁職災及健康危害之發生率。,S,Yes,為有效守護員工之安全與健康， ｜ 以有效降低同仁職災及健康危害之發生率。,already,Yes,第一金控以職業安全衛生法及PDCA管理循環為架構，依工作型態、作業環境、自動檢查計畫、健康檢查結果及年齡性別等重要指標，鑑別各項作業程序、內容及環境可能產生之安全危害，依其發生率及對公司營運之衝擊程度，編製員工健康風險地圖，顯示肥胖、意外傷害、心血管疾病及工作壓力為2024年4大中高風險因子，據以訂定各項健康風險減緩及預防計畫，,Clear,ffhc,2892,85,https://csr.firstholding.com.tw/tc/doc/reports/20251631443101222245124_tc.pdf,https://csr.firstholding.com.tw/tc/csr_report.html
90078,研華致力貢獻於 2050 年淨零碳排放目標的實現。研華制定「有害物質削減計畫」及「永續原物料管理政策」，以少數示範專案的替代原料案例作為代表性成果，並以新增管理表單與內部會議次數作為永續進展的主要量化指標，而非量測原物料實際減量或供應鏈社會風險的實質變化。,S,Yes,研 ｜ 獻於 2050 年淨零碳排放目標的實現。,longer_than_5_years,Yes,研華制定「有害物質削減計畫」及「永續原物料管理政策」，以少數示範專案的替代原料案例作為代表性成果，並以新增管理表單與內部會議次數作為永續進展的主要量化指標，而非量測原物料實際減量或供應鏈社會風險的實質變化。,Misleading,acl,2395,96,https://hsxn1sjvkgtdpixe.public.blob.vercel-storage.com/acl_2395_page_96.pdf,https://esg.advantech.com/zh-tw/downloads/sustainability-report
10677,"企業各營運據點能資源使用情況統計，2024年台灣地區取水量（根據水費單）合計為45,607度（45.6百萬公升），台灣地區整體用電量情況合計為7,956,034度（28,641,722百萬焦耳）。其中，2024年因應擴增營運據點，故人均用電較基準年增加3.4%、人均用水量（為單純辦公場域，耗水量忽略不計）減少2.2%，企業持續執行各項節能減碳措施與宣導，以提升員工環保意識，達到人均用量的降低。從減少內部營運能源的使用，再設定逐年提升使用再生能源的比例，2024年內湖總部大樓已轉供81.2萬度（2,923吉焦耳）綠電，未來將每年逐步增加，以達到2030年全台使用綠電達100%。",E,Yes,未來將每年逐步增加， ｜ 2030年全台使用綠電達100%。,longer_than_5_years,Yes,"企業各營運據點能資源使用情況統計，2024年台灣地區取水量（根據水費單）合計為45,607度（45.6百萬公升），台灣地區整體用電量情況合計為7,956,034度（28,641,722百萬焦耳）。其中，2024年因應擴增營運據點，故人均用電較基準年增加3.4%、人均用水量（ ｜ 2024年內湖總部大樓已轉供81.2萬度（2,923吉焦耳）綠電，",Clear,chailease,5871,57,https://hsxn1sjvkgtdpixe.public.blob.vercel-storage.com/chailease_5871_page_57.pdf,https://www.chaileaseholding.com/CSR/ReportDownload
10098,"台積公司以聯合國開發計劃署提出的「勞工權利、環境權利、表達與參與、性別平等、服務與產品責任、治理與安全」六大人權面向為基礎，鑑別顯著人權議題，並參考歐盟《企業永續盡職調查義務指令》（Corporate Sustainability Due Diligence Directive）及 MVO Nederland CSR Risk Check，考量氣候與能源、生物多樣性及不同地理特性的人權風險，針對全球同仁首次執行「職場人權氛圍調查」，回收 64,625 份有效問卷，回覆率 82%。調查內容包含「環境意識、土地利用及所有權、強迫勞動與抵押勞工、健康與安全、僱傭條款、薪資與工時、騷擾、歧視、心理健康／心理安全感、隱私、表達與參與」11 個類別 40 個問項，台積公司將以此調查結果與同仁的意見反饋，做為持續優化人權管理行動的參考。",S,Yes,台積公司以聯合國開發計劃署提出的「勞工權利、環境權利、表達與參與、性別平等、服務與產品責任、治理與安全」六大人權面向為基礎，鑑別顯著人權議題，並參考歐盟《企業永續盡職調查義務指令》（Corporate Sustainability Due Diligence Directive）及 MVO Nederland CSR Risk Check，考量氣候與能源、生物多樣性及不同地理特性的人權風險， ｜ 台積公司將以此調查結果與同仁的意見反饋，做為持續優化人權管理行動的參考。,between_2_and_5_years,Yes,"針對全球同仁首次執行「職場人權氛圍調查」，回收 64,625 份有效問卷，回覆率 82%。調查內容包含「環境意識、土地利用及所有權、強迫勞動與抵押勞工、健康與安全、僱傭條款、薪資與工時、騷擾、歧視、心理健康／心理安全感、隱私、表達與參與」11 個類別 40 個問項，",Clear,tsmc,2330,250,https://hsxn1sjvkgtdpixe.public.blob.vercel-storage.com/tsmc_2330_page_250.pdf,https://esg.tsmc.com/zh-Hant/resources/ESG-data-hub?tab=reportbuilder
10508,台達於 2021 年提前四年達成 2017 年所訂定的科學減碳目標（science-based target，簡稱 SBT），因此，再接再厲於 2022 年積極依據科學減碳目標倡議組織（Science Based Targets initiative，簡稱 SBTi）2021 年底所發布的淨零標準（Net-Zero Standard）訂定符合 1.5°C 減排路徑的目標，並於同年正式通過 SBTi 認可，成為亞洲高科技硬體設備產業首家、全球第 125 家通過淨零科學減碳目標（net-zero science-based target，簡稱 Net-Zero SBT）審查的企業。我們提出以 2021 年為基準年，2030 年 100% 全球營運據點範疇一及二（市場別）絕對排放量下降 90% 及範疇三下降 25% 的科學減碳目標，2050 年達成淨零排放的目標，並將持續以 1.5°C 減排路徑作為內部深度去碳的管理依據，驅動內部低碳轉型、開發創新產品與服務。2024 年台達全球營運據點範疇一及二排放量較基準年 2021 年下降 53.6%，連續三年達成階段性 SBT，並超前原定應下降 30% 的目標，展現台達實踐 SBT 的決心和長期承諾，亦與價值鏈夥伴持續共同促進低碳經濟成長。,E,Yes,我們提出以 2021 年為基準年，2030 年 100% 全球營運據點範疇一及二（市場別）絕對排放量下降 90% 及範疇三下降 25% 的科學減碳目標， ｜ 2050 年達成淨零排放的目標，並將持續以 1.5°C 減排路徑作為內部深度去碳的管理依據，驅動內部低碳轉型、開發創新產品與服務。,longer_than_5_years,Yes,台達於 2021 年提前四年達成 2017 年所訂定的科學減碳目標（ ｜ 2022 年積極依據科學減碳目標倡議組織（Science Based Targets initiative，簡稱 SBTi）2021 年底所發布的淨零標準（Net-Zero Standard）訂定符合 1.5°C 減排路徑的目標，並於同年正式通過 SBTi 認可，成為亞洲高科技硬體設備產業首家、全球第 125 家通過淨零科學減碳目標（net-zero science-based target，簡稱 Net-Zero SBT）審查的企業。,Clear,delta,2308,119,https://hsxn1sjvkgtdpixe.public.blob.vercel-storage.com/delta_2308_page_119.pdf,https://esg.deltaww.com/CSR-Reports
10463,國泰世華銀行於 2009 年首創「職棒球員防賭基金信託」與「職棒聯盟球員退休儲蓄機制」，保障球員財務安全並提升台灣職棒環境。信託期間，球員若需提領資金，須經工會同意後銀行才會撥款，確保資金運用合規，退役後則全數返還，保障其生活品質。此外，已連續 12 年攜手職棒球員工會推動「職棒工會回饋列車」，走訪百餘所機關學校，與少棒選手互動交流。2024 年度「職棒球員防賭基金信託」財產本金達新台幣 1.74 億元。,S,Yes,保障球員財務安全並提升台灣職棒環境。,already,Yes,信託期間，球員若需提領資金，須經工會同意後銀行才會撥款，確保資金運用合規，退役後則全數返還，保障其生活品質。此外，已連續 12 年攜手職棒球員工會推動「職棒工會回饋列車」，走訪百餘所機關學校，與少棒選手互動交流。2024 年度「職棒球員防賭基金信託」財產本金達新台幣 1.74 億元。,Clear,cathay,2882,90,https://hsxn1sjvkgtdpixe.public.blob.vercel-storage.com/cathay_2882_page_90.pdf,https://www.cathayholdings.com/holdings/esg/reports/reports_download
10088,秉持永續治理、誠信經營的企業經營理念，以及“以創新科技福利人群”之願景，廣達一直以來注重人才的培育與發展，始終將核心價值人才的養成視為重要策略方向。為使員工持續提升工作所需技能與因應公司不同階段策略轉型所需的思維型態轉變，廣達透過提供多元的學習與發展方案培養人才，確保員工與組織能同步成長，透過創造、提升與強化個人及組織的效能與競爭力，達成人才永續，進而保有智慧創新的動能，持續在技術快速更迭的科技產業中保持領先，實現企業永續經營的願景。,S,Yes,為使員工持續提升工作所需技能與因應公司不同階段策略轉型所需的思維型態轉變，,between_2_and_5_years,Yes,廣達透過提供多元的學習與發展方案培養人才，確保員工與組織能同步成長，透過創造、提升與強化個人及組織的效能與競爭力，,Not Clear,qci,2382,114,https://hsxn1sjvkgtdpixe.public.blob.vercel-storage.com/qci_2382_page_114.pdf,https://www.quantatw.com/quanta/chinese/esg/csrreport.aspx
10167,泰國亞洲興業租賃公司82名員工，在龍仔厝府 ( Samut Sakhon）潘泰諾拉辛紅樹林自然學習路徑 ( Phanthai Norasing Mangrove Nature Study Route），協助種植紅樹林和清理環境，恢復紅樹林健康與生物多樣性，同時減少該地區垃圾。,E,No,,,,,,chailease,5871,64,https://hsxn1sjvkgtdpixe.public.blob.vercel-storage.com/chailease_5871_page_64.pdf,https://www.chaileaseholding.com/CSR/ReportDownload
10086,為了讓 ISO 20400 永續採購指南系統建置的相關成員了解本公司導入永續採購的目的、對永續採購指南系統要求有足夠的認知、以及工具手法的運用，導入的過程共進行 4 場相關訓練課程 ( 共 133 人次參與 ) 與 9 場的輔導會議 ( 共 230 人次參與 )。同時將永續採購精神與要求融入既有的採購流程與供應商管理，並新增及修改內部文件。,S,Yes,同時將永續採購精神與要求融入既有的採購流程與供應商管理，,already,Yes,為了讓 ISO 20400 永續採購指南系統建置的相關成員了解本公司導入永續採購的目的、對永續採購指南系統要求有足夠的認知、以及工具手法的運用，導入的過程共進行 4 場相關訓練課程 ( 共 133 人次參與 ) 與 9 場的輔導會議 ( 共 230 人次參與 )。,Clear,accton,2345,69,https://hsxn1sjvkgtdpixe.public.blob.vercel-storage.com/accton_2345_page_69.pdf,https://www.accton.com.tw/esg-documents/
11493,1971 年創立以來，台達由零組件供應商成功轉型為系統整合方案的提供者，已成為全球領先的工業品牌。現在，台達更貼近使用者的需求，致力打造以人為本、智慧、節能的整體解決方案。隨著台達逐步從工業品牌延伸涵蓋至商業品牌，我們推出三大品牌價值主張「Intelligent 智慧物聯、Sustainable 節能永續、Connecting 價值共創」，展現台達轉型企圖，並呼應未來業務發展。台達期許以科技推動永續轉型，為客戶提供智能、節能的產品與服務，串聯產業生態系，共創價值。,S;E,Yes,台達更貼近使用者的需求，致力打造以人為本、智慧、節能的整體解決方案。,between_2_and_5_years,Yes,推出三大品牌價值主張「Intelligent 智慧物聯、Sustainable 節能永續、Connecting 價值共創」，,Clear,delta,2308,15,https://esg.deltaww.com/CSR-Reports,https://esg.deltaww.com/CSR-Reports
10484,集團致力於推動可持續發展，積極導入可持續原材料的選擇與管理機制，依據以下幾項核心原則，持續優化產品設計與供應鏈管理：,S;E,Yes,集團致力於推動可持續發展，積極導入可持續原材料的選擇與管理機制，,between_2_and_5_years,No,,,honhai,2317,149,https://hsxn1sjvkgtdpixe.public.blob.vercel-storage.com/honhai_2317_page_149.pdf,https://www.honhai.com/zh-tw/CSR
90094,為落實永續政策之執行及有效性，未來將持續參與外部或本公司所舉辦之 ESG 相關課程。責任金融小組目前以彙整投資策略與 ESG 揭露為主要工作，尚未直接參與投資決策或排除名單設定。各投資部門指派 10 名兼任 ESG 人員蒐集評比與問卷資料；教育訓練統計包含一般投資、風險管理課程及已報名但尚未修畢之外部課程，並合併列為 ESG 培訓參與人次。,E;S;G,Yes,為落實永續政策之執行及有效性， ｜ 未來將持續參與外部或本公司所舉辦之 ESG 相關課程。,between_2_and_5_years,Yes,責任金融小組目前以彙整投資策略與 ESG 揭露為主要工作，尚未直接參與投資決策或排除名單設定。各投資部門指派 10 名兼任 ESG 人員蒐集評比與問卷資料；教育訓練統計包含一般投資、風險管理課程及已報名但尚未修畢之外部課程，並合併列為 ESG 培訓參與人次。,Misleading,fubon,2881,127,https://hsxn1sjvkgtdpixe.public.blob.vercel-storage.com/fubon_2881_page_127.pdf,https://esg.fubonlife.com.tw/esg-report
10407,"聯發科技提供具競爭力的薪酬福利、多元學習環境及具成就感的工作內容，吸引全球優秀人才。2024 年全球計畫招聘 1,440 人，共收到 21,680 份履歷，為預計招聘人數的 15 倍，聘用到任率約 85%，展現具吸引力的雇主品牌。",S,Yes,聯發科技提供具競爭力的薪酬福利、多元學習環境及具成就感的工作內容，吸引全球優秀人才。2,already,Yes,"024 年全球計畫招聘 1,440 人，共收到 21,680 份履歷，為預計招聘人數的 15 倍，聘用到任率約 85%，展現具吸引力的雇主品牌。",Clear,mediatek,2454,36,https://hsxn1sjvkgtdpixe.public.blob.vercel-storage.com/mediatek_2454_page_36.pdf,https://corp.mediatek.tw/about/sustainability
10848,> 公平待客教育訓練員工完訓超過 5.1 萬人次，總時數近 7 萬小時,S,No,,,,,,mega,2886,101,https://hsxn1sjvkgtdpixe.public.blob.vercel-storage.com/mega_2886_page_101.pdf,https://esg.megaholdings.com.tw/frontend/Download
11021,"除了基本學業上的補助，為了讓學童在營養無虞情形下，得以專心學習，健康成長，我們持續推動「營養午餐飲品供應計畫」，提供台南市、高雄市、屏東縣、嘉義縣、雲林縣、台東縣、花蓮縣等下國小學校學童鮮乳和豆漿營養補給，2024 年增加南投縣國小 50 人以下營養專案，全年投入金額 16,302 仟元，共計 385 所學校 12,293 名學童受益。此外，我們投注資源於偏鄉多元才藝培力發展計畫，培養學童才藝技能，提升其自信，幫助學童看見自己的優點，從中找到未來努力的目標。而針對身障者則提供生活技能的開發與培育，使其融入社會並達到自食其力的目的。2024 年社福會獲得統一企業集團贊助，投入總經費約 4,650 仟元，分別用於：偏鄉學童才藝培力計畫約 3,750 仟元，支持台南市、高雄市、屏東縣、嘉義縣、雲林縣等地共 25 間學校；以及投入約 900 仟元，支持 6 家早療團體推動西部沿海地區身障幼童黃金時間早期療育計畫。",S,Yes,除了基本學業上的補助，為了讓學童在營養無虞情形下，得以專心學習，健康成長，我們持續推動「營養午餐飲品供應計畫」，,between_2_and_5_years,Yes,"提供台南市、高雄市、屏東縣、嘉義縣、雲林縣、台東縣、花蓮縣等下國小學校學童鮮乳和豆漿營養補給，2024 年增加南投縣國小 50 人以下營養專案，全年投入金額 16,302 仟元，共計 385 所學校 12,293 名學童受益。此外，我們投注資源於偏鄉多元才藝培力發展計畫，培養學童才藝技能，提升其自信，幫助學童看見自己的優點，從中找到未來努力的目標。而針對身障者則提供生活技能的開發與培育，使其融入社會並達到自食其力的目的。2024 年社福會獲得統一企業集團贊助，投入總經費約 4,650 仟元，分別用於：偏鄉學童才藝培力計畫約 3,750 仟元，支持台南市、高雄市、屏東縣、嘉義縣、雲林縣等地共 25 間學校；以及投入約 900 仟元，支持 6 家早療團體推動西部沿海地區身障幼童黃金時間早期療育計畫。",Clear,unipresident,1216,69,https://esg.sp88.tw/upload/pj/202508071622071323.pdf,https://esg.sp88.tw/book.php
11556,瑞昱積極創建全方位人才吸引優勢，在用人與人才發展上，皆給予開放公平之機會。在人才招募上，瑞昱積極在海內外佈建徵才管道、並規劃完善之內部同仁推薦制度，多年來更持續深耕校園，招募社會新鮮人加入 IC 設計產業。育才方面，瑞昱教育訓練體系由瑞昱企業大學六大學院建構而成，提供多元 / 即時且發展藍圖完善之專業教育訓練，促進同仁強化各項創新研發、組織發展與各領域管理知識，並重視個人適性職務發展的修課制度，提升各項員工專業職能、管理職能，積極培育內部各項專業及領域接班人才，創造組織與人才雙贏適配度，持續全面強化組織競爭力！具策略性及活潑的人才養成、以員工關係體驗出發的整體規劃以及完整的人權保障，幫助瑞昱持續創造人才高度吸引力與留任率，加上瑞昱優質的經營績效與具競爭力的薪酬福利政策，造就瑞昱在校園及就業市場擁有良好之雇主品牌形象，亦使組織向心力與凝聚力以及持續發展意願向上提昇。,S,Yes,瑞昱積極創建全方位人才吸引優勢，在用人與人才發展上，皆給予開放公平之機會。在人才招募上，瑞昱積極在海內外佈建徵才管道、並規劃完善之內部同仁推薦制度，多年來更持續深耕校園，招募社會新鮮人加入 IC 設計產業。育才方面，瑞昱教育訓練體系由瑞昱企業大學六大學院建構而成，提供多元 / 即時且發展藍圖完善之專業教育訓練，促進同仁強化各項創新研發、組織發展與各領域管理知識，並重視個人適性職務發展的修課制度，提升各項員工專業職能、管理職能，積極培育內部各項專業及領域接班人才，創造組織與人才雙贏適配度，持續全面強化組織競爭力！具策略性及活潑的人才養成、以員工關係體驗出發的整體規劃以及完整的人權保障，幫助瑞昱持續創造人才高度吸引力與留任率，加上瑞昱優質的經營績效與具競爭力的薪酬福利政策，造就瑞昱在校園及就業市場擁有良好之雇主品牌形象，亦使組織向心力與凝聚力以及持續發展意願向上提昇。,already,No,,,rt,2379,110,https://www.realtek.com/images/csr/2024.pdf,https://www.realtek.com/Article/Index?menu_id=912&lang=zh-TW
10082,落實誠信經營，避免發生貪腐事件等不誠信情事，可避免受財務損失並樹立公司正派經營之形象，提升客戶之信任及忠誠度。完善客戶申訴流程，並定期彙整及類型化重大客訴案件，搭配滿意度調查，藉以調整業務發展方向，將可建立良好之客我關係。加強員工公平待客教育訓練，可提升員工專業度，除減少公司營運損失，並保障客戶權益，獲得客戶信賴。,G,No,,,,,,ffhc,2892,19,https://hsxn1sjvkgtdpixe.public.blob.vercel-storage.com/ffhc_2892_page_19.pdf,https://csr.firstholding.com.tw/tc/csr_report.html
11612,"與「2023 永續報告書」相較，有以下數據及名詞定義調整之修正：  1. 依據 2023 年 ISO 14064 查證結果，修正溫室氣體排放數據。2023 年範疇一新竹三廠數值由 161.1306 tCO₂e 修正為 161.1308 tCO₂e；範疇二新竹一廠數值由 18,988.5969 tCO₂e 修正為 18,988.5696 tCO₂e；範疇一、二合計數值由 27,217.6428 tCO₂e 修正為 27,217.6155 tCO₂e。  2. 水資源部分，因區分用水量及取水量，並修改節水率計算公式，將空調回收水（包含冷凝水及冷卻水）列入用水量但不列入取水量，故於此同步更新 2022 至 2023 取水量數據。",E,No,,,,,,rt,2379,6,https://www.realtek.com/images/csr/2024.pdf,https://www.realtek.com/Article/Index?menu_id=912&lang=zh-TW
10888,根據衛生福利部訂定所發布的「食品及其相關產品追溯追蹤系統管理辦法」，要求食品業者應針對食品供應流程進行追溯供應來源管理或追蹤產品流向。統一企業已建立從上一階原物料進貨廠商到下一階成品出貨客戶之書面或電子文件追溯追蹤資料。此外，統一企業依據內部所制訂的「食品追溯追蹤登錄作業規範」執行追溯追蹤工作，該作業規範涵蓋全公司 100% 產品類別 ( 不含畜、水產飼料 )。,S,Yes,根據衛生福利部訂定所發布的「食品及其相關產品追溯追蹤系統管理辦法」，要求食品業者應針對食品供應流程進行追溯供應來源管理或追蹤產品流向。統一企業已建立從上一階原物料進貨廠商到下一階成品出貨客戶之書面或電子文件追溯追蹤資料。此 ｜ 統一企業依據內部所制訂的「食品追溯追蹤登錄作業規範」執行追溯追蹤工作，該作業規範涵蓋全公司 100% 產品類別 ( 不含畜、水產飼料 )。,already,Yes,統一企業已建立從上一階原物料進貨廠商到下一階成品出貨客戶之書面或電子文件追溯追蹤資料。此,Not Clear,unipresident,1216,32,https://hsxn1sjvkgtdpixe.public.blob.vercel-storage.com/unipresident_1216_page_32.pdf,https://esg.sp88.tw/book.php
11997,"華南金融集團積極參與國內藝術文創發展，2024 年贊助國內音樂家、表演團體演出，及挹注於國產紀錄片之製作經費，投入資金合計達新臺幣 667 萬元，支持的對象及活動如下：  1. 財團法人影想文化藝術基金會「時光の手箱：我的阿爸和卡桑」舞台劇 ( 臺北場 ) 於 2024 年 9 月 6 日至 8 日假臺北國家戲劇院舉辦，邀請 200 位高中師生觀賞，讓年輕學子更了解臺灣近代史。  2. 國內的歐亞管絃樂團「華南銀行經典饗宴—翱翔的悅樂」音樂會於 2024 年 9 月 9 日假臺北國家音樂廳舉辦，參與人次約 2,000 人，豐富國人文化內涵。  3. 國內大提琴家張正傑「輪椅族音樂會」於 2024 年 10 月 5 日假臺北市中山堂光復廳舉辦，免費邀請 200 多位輪椅族朋友攜伴共同聆賞，創立專屬於輪椅族的音樂會。  4. 臺南市管樂團「許石音樂演唱會」於 2024 年 9 月 21 日假許石音樂圖書館舉辦，參與人次約 300 人。表演歌曲多為民謠，極具傳承意義。  5. 中華文化總會「匠人魂」系列影片「手作記憶的糖」及「水下辨匠」，總計達 383,725 人次觀看，透過影像記錄臺灣產業生態，傳遞本土卓越的文化能量。  6. 2024 年度高峰會活動邀請宜蘭在地團體 JOSHUA STUDIO 小朋友於 2024 年 6 月 14 日假宜蘭瓏山林酒店表演熱舞，參與人次約 60 人，表達對在地社區的關愛及對培育下一代的重視。",S,Yes,華南金融集團積極參與國內藝術文創發展，,already,Yes,"2024 年贊助國內音樂家、表演團體演出，及挹注於國產紀錄片之製作經費，投入資金合計達新臺幣 667 萬元，支持的對象及活動如下：  1. 財團法人影想文化藝術基金會「時光の手箱：我的阿爸和卡桑」舞台劇 ( 臺北場 ) 於 2024 年 9 月 6 日至 8 日假臺北國家戲劇院舉辦，邀請 200 位高中師生觀賞，讓年輕學子更了解臺灣近代史。  2. 國內的歐亞管絃樂團「華南銀行經典饗宴—翱翔的悅樂」音樂會於 2024 年 9 月 9 日假臺北國家音樂廳舉辦，參與人次約 2,000 人，豐富國人文化內涵。  3. 國內大提琴家張正傑「輪椅族音樂會」於 2024 年 10 月 5 日假臺北市中山堂光復廳舉辦，免費邀請 200 多位輪椅族朋友攜伴共同聆賞，創立專屬於輪椅族的音樂會。  4. 臺南市管樂團「許石音樂演唱會」於 2024 年 9 月 21 日假許石音樂圖書館舉辦，參與人次約 300 人。表演歌曲多為民謠，極具傳承意義。  5. 中華文化總會「匠人魂」系列影片「手作記憶的糖」及「水下辨匠」，總計達 383,725 人次觀看，透過影像記錄臺灣產業生態，傳遞本土卓越的文化能量。  6. 2024 年度高峰會活動邀請宜蘭在地團體 JOSHUA STUDIO 小朋友於 2024 年 6 月 14 日假宜蘭瓏山林酒店表演熱舞，參與人次約 60 人，表達對在地社區的關愛及對培育下一代的重視。",Clear,hnfhc,2880,292,https://www.hnfhc.com.tw/uploads/file/20250731170734721493.pdf,https://www.hnfhc.com.tw/HNFHC/csr/a.do?id=3b652cac56000000f6ca&parent_menu=2
11706,中華電信 2024 年舉辦「ESG 供應商夥伴交流會」，聚集 120 位關鍵供應商高層代表，主題為「低碳為本・永續共贏」，攜手供應鏈夥伴，致力供應鏈永續低碳轉型與生物多樣性保護，藉由科學方法，進行全面的永續風險評估，制定短、中、長期減碳目標，打造具備「環境韌性」與「永續性」的產業永續生態。會中由董事長簡志誠頒發 34 家企業永續夥伴認證「金級證書」，鼓勵持續提升 ESG 作為及資訊透明度。,E,Yes,致力供應鏈永續低碳轉型與生物多樣性保護，,already,Yes,制定短、中、長期減碳目標， ｜ 董事長簡志誠頒發 34 家企業永續夥伴認證「金級證書」，鼓勵持續提升 ESG 作為及資訊透明度。,Clear,cht,2412,24,https://www.cht.com.tw/home/cht/-/media/web/pdf/sustainability/csr-report-download/csr/2024/2024-esg-report-ch.pdf?sc_lang=zh-tw,https://www.cht.com.tw/zh-tw/home/cht/esg
90017,我們重視多元與共融，積極聘僱身心障礙者，實際聘僱人數為 561 名，其中包含領有身心障礙手冊者，以及依公司「功能性身心不便自陳機制」由員工自主申報並經內部審核後認列為具身心障礙特徵之人員，整體數字高於《身心障礙者權益保障法》所規定之 191 人，在納入自陳人員後達法定標準的 2.94 倍以上（公司對自陳類別不區分障礙輕重，一律以正職員工計算）。亦聘用及認列 66 名具原住民族文化連結或認同之員工，包括正式具原住民族身分證明者，以及於公司內部調查中表示曾於原住民族地區成長、就學、參與文化活動或自我認同為原住民族之同仁，並一體視為原住民族員工，以彰顯公司對原住民族群體的高度包容。,S,Yes,我們重視多元與共融，積極聘僱身心障礙者，,already,Yes,實際聘僱人數為 561 名，其中包含領有身心障礙手冊者，以及依公司「功能性身心不便自陳機制」由員工自主申報並經內部審核後認列為具身心障礙特徵之人員，整體數字高於《身心障礙者權益保障法》所規定之 191 人，在納入自陳人員後達法定標準的 2.94 倍以上（公司對自陳類別不區分障礙輕重，一律以正職員工計算）。亦聘用及認列 66 名具原住民族文化連結或認同之員工，包括正式具原住民族身分證明者，以及於公司內部調查中表示曾於原住民族地區成長、就學、參與文化活動或自我認同為原住民族之同仁，並一體視為原住民族員工，以彰顯公司對原住民族群體的高度包容。,Misleading,cht,2412,66,https://hsxn1sjvkgtdpixe.public.blob.vercel-storage.com/cht_2412_page_66.pdf,https://www.cht.com.tw/zh-tw/home/cht/esg
11062,本集團長期支持中華民國銀行商業同業公會全國聯合會（銀行公會），合庫金控暨銀行董事長林衍茂擔任銀行公會常務理事，參與公會運作。銀行公會配合金管會「綠色金融行動方案 3.0」政策，積極加強銀行高階主管及員工永續金融訓練、永續金融相關研究工作。合庫亦為銀行公會「氣候變遷風險管理專案小組」成員，共同參與氣候風險管理、財務碳排放等實務手冊研議工作。,G;E,Yes,本集團長期支持中華民國銀行商業同業公會全國聯合會（銀行公會），合庫金控暨銀行董事長林衍茂擔任銀行公會常務理事，參與公會運作。,more_than_5_years,Yes,銀行公會配合金管會「綠色金融行動方案 3.0」政策，積極加強銀行高階主管及員工永續金融訓練、永續金融相關研究工作。合庫亦為銀行公會「氣候變遷風險管理專案小組」成員，共同參與氣候風險管理、財務碳排放等實務手冊研議工作。,Clear,tcfhc,5880,18,https://esg.tcfhc.com.tw/uploads/download_item/download_file_zh/14/2024_ESG_REPORT_zh.pdf,https://esg.tcfhc.com.tw/report-download/
11398,本公司委託 BSI 英國標準協會台灣分公司（BSI Taiwan），依據 GRI 最新版本之永續性報告準則（GRI Standards）與 AA1000AS v3 第二類型中度保證等級查證，查證報告揭露於本報告書附錄。本公司委託安侯建業聯合會計師事務所（KPMG）對特定績效指標依據 ISAE3000 進行有限確信，確信報告及範疇揭露於本報告書附錄。,E,No,,,,,,taishin,2887,3,https://www.tsholdings.com.tw/tsh/responsibility/files/CSR-report/2024-CSR-report_c.pdf,https://www.tsholdings.com.tw/tsh/responsibility/report/
10362,目標：Scope 1、2、3在 2050年達成淨零排放。    - Scope 1：  逐步汰換成 GWP 值較低之環保冷媒；車輛監控降低怠速，逐步汰換電動車。  - Scope 2：  持續節能減碳，積極布局綠能使用。2040年前，預估投入百億布局綠電及低碳設備與投資，並設定RE100綠能使用路徑分年分階段逐步達成100%再生能源使用。  - Scope 3：  協助供應商實現設定的減碳目標。,E,Yes,2050年達成淨零排放。,longer_than_5_years,Yes,逐步汰換成 GWP 值較低之環保冷媒；車輛監控降低怠速，逐步汰換電動車。   ｜ 持續節能減碳，積極布局綠能使用。 ｜ 。20 ｜ 040年前，預估投入百億布局綠電及低碳設備與投資，並設定RE100綠能使用路徑分年分階段逐步達成100%再生能源使用。   ｜ 協助供應商實現設定的減碳目標。,Clear,twm,3045,90,https://hsxn1sjvkgtdpixe.public.blob.vercel-storage.com/twm_3045_page_90.pdf,https://corp.taiwanmobile.com/esg/esg-report.html
10038,2023 年與 2024 年溫室氣體排放量業經第三方查證單位英國標準協會 (BSI)、艾法諾國際股份有限公司 (AFNOR) 依據「ISO 14064-3:2019」執行查證，數據品質認定符合「ISO 14064-1:2018」規定，直接溫室氣體排放和輸入能源的間接溫室氣體排放之保證等級為合理保證等級，其他間接溫室氣體之保證等級為有限保證等級，且皆無保留意見，並已取得查證聲明書，其中 2023 年「範疇三」經過第三方查證的類別為採購商品與服務、燃料與能源相關活動、上游運輸及配送、營運產生之廢棄物處理、商務差旅、下游運輸及配送、銷售產品使用、銷售產品終端處理等 8 種，2024 年為採購商品與服務、資本物品、燃料與能源相關活動、上游運輸及配送、營運產生之廢棄物處理、商務差旅、員工通勤、下游運輸及配送、銷售產品使用、銷售產品終端處理等 10 種。,E,Yes,(AFNOR) 依據「ISO 14064-3:2019」執行查證，數據品質認定符合「ISO 14064-1:2018」規定， ｜ 其他間接溫室氣體之保證等級為有限保證等級，且皆無保留意見，並已取得查證聲明書，,already,Yes,(AFNOR) 依據「ISO 14064-3:2019」執行查證，數據品質認定符合「ISO 14064-1:2018」規定，,Clear,tcfhc,5880,189,https://hsxn1sjvkgtdpixe.public.blob.vercel-storage.com/tcfhc_5880_page_189.pdf,https://esg.tcfhc.com.tw/report-download/
10626,RE 策略 : 日月光投控規劃購買再生能源之情境，最終將於 2050 年達成 RE100，台灣廠區 : 2025 達 RE25，2030 達 RE42，2040 達 RE72，2050 年達成 RE100；中國大陸廠區 : 目前已達成 RE100，將維持 RE100 直至 2050 年；海外廠區 : 2025 達 RE66，2030 達 RE71，2040 達 RE89，2050 年達成 RE100。,E,Yes, 2050 年達成 RE100，台灣廠區 : 2025 達 RE25，2030 達 RE42，2040 達 RE72，2050 年達成 RE100； ｜ ；中國大陸廠區 : 目前已達成 RE100，將維持 RE100 直至 2050 年；海外廠區 : 2025 達 RE66，2030 達 RE71，2040 達 RE89，2050 年達成 RE100。,longer_than_5_years,No,,,aseh,3711,112,https://hsxn1sjvkgtdpixe.public.blob.vercel-storage.com/aseh_3711_page_112.pdf,https://www.aseglobal.com/ch/csr/csr-download/
10685,上海研發中心持續辦理台達研發營暑期營，線上吸引超過 300 位學子參與，49 位參與實體體驗。另一方面，第一屆台達碩博暑期營正式啟動，吸引 30 位碩博學生積極參與，共同探索智能製造的未來。,S,Yes,上海研發中心持續辦理台達研發營暑期營 ｜ 營，,between_2_and_5_years,Yes,線上吸引超過 300 位學子參與，49 位參與實體體驗。,Clear,delta,2308,192,https://hsxn1sjvkgtdpixe.public.blob.vercel-storage.com/delta_2308_page_192.pdf,https://esg.deltaww.com/CSR-Reports
10379,就本公司集團併購案件之策略評估，並報告董事會。為落實本公司集團永續經營，除具體併購案件的討論外，並定期於併購策略委員會討論集團整體併購策略，借重董事之多元專業，俾利公司短、中、長期目標及永續發展目標之達成。本委員會之設置不影響本公司審計委員會職權之行使，依相關法令應由審計委員會依法令審議之。,G,Yes,為落實本公司集團永續經營，除具體併購案件的討論外，並定期於併購策略委員會討論集團整體併購策略，借重董事之多元專業，俾利公司短、中、長期目標及永續發展目標之達成。本,already,No,,,mediatek,2454,51,https://hsxn1sjvkgtdpixe.public.blob.vercel-storage.com/mediatek_2454_page_51.pdf,https://corp.mediatek.tw/about/sustainability
10753,"兆豐集團以創造金融業全方位正向影響力為使命，除了促進經濟發展，亦期許自己發揮金融業職能，以「促進社會共榮」為社會面的永續策略，兆豐依據社區之風險或機會進行分析評估後，於 2024 年底更新集團社會共榮主軸，分別為「金融教育」、「弱勢關懷」、「文化傳承」、「生態永續」四大社會共榮主軸，同時回應聯合國永續發展目標 (Sustainable Development Goals, SDGs)，發揮正向影響力。2024 年兆豐銀行及保險蟬聯「保險信望愛獎 - 最佳社會責任獎」優選獎，社會共榮成果備受各界肯定。",S,Yes,兆豐集團以創造金融業全方位正向影響力為使命，除了促進經濟發展，亦期許自己發揮金融業職能，以「促進社會共榮」為社會面的永續策略，,already,Yes,"兆豐依據社區之風險或機會進行分析評估後，於 2024 年底更新集團社會共榮主軸，分別為「金融教育」、「弱勢關懷」、「文化傳承」、「生態永續」四大社會共榮主軸，同時回應聯合國永續發展目標 (Sustainable Development Goals, SDGs)，發揮正向影響力。2024 年兆豐銀行及保險蟬聯「保險信望愛獎 - 最佳社會責任獎」優選獎，社會共榮成果備受各界肯定。",Clear,mega,2886,141,https://hsxn1sjvkgtdpixe.public.blob.vercel-storage.com/mega_2886_page_141.pdf,https://esg.megaholdings.com.tw/frontend/Download
10768,陽明海運以客戶需求為導向，持續深化運籌服務，提升服務品質，為客戶創造價值。並透過數位轉型，優化流程即時回應客戶需求。  客戶滿意度調查為 2 年進行一次，2024 年整體滿意度分數達 89.67 分。  本公司將持續強化服務品質以提升客戶滿意度。2024 年客戶滿意度調查結果得知年度客戶滿意比例為 94.2%，長期 (2030 年) 以 95% 客戶數滿意為目標。,S,Yes,陽明海運以客戶需求為導向，持續深化運籌服務，提升服務品質，為客戶創造價值。並透過數位轉型，優化流程即時回應客戶需求。,longer_than_5_years,Yes,客戶滿意度調查為 2 年進行一次，2024 年整體滿意度分數達 89.67 分。,Clear,ymtc,2609,122,https://hsxn1sjvkgtdpixe.public.blob.vercel-storage.com/ymtc_2609_page_122.pdf,https://esg.yangming.com/esg/sustainability_report/1/
10039,"聯電集團除持續提升能源效率外，亦規劃多元能源使用，積極設置廠內再生能源，更將太陽能系統列為新建廠房標準設計建置項目，發電量連續 5 年增長。2024 年原規劃設置太陽光電 500kW 計畫調整，整併於 2025 年設置合計約 900kW。至 2024 年止，聯電集團已安裝峰值發電容量超過 14,000 瓩 (kWp) 之太陽光電系統，預估每年發電量達 15,000 MWh。惟太陽光電主要受氣候等因素影響，例如 2024 年台灣地區有多次颱風過境進而影響發電量，此發電量為預估值非為固定值。2024 年聯電集團太陽光電系統自用發電量共 14,399MWh，近乎所有太陽光電發電皆轉為自發自用，並將持續增加自發自用綠電，支持潔淨能源不遺餘力。",E,Yes,聯電集團除持續提升能源效率外，亦規劃多元能源使用，積極設置廠內再生能源，更將太陽能系統列為新建廠房標準設計建置項目，發電量連續 5 年增長。2 ｜ 2 ｜ 近乎所有太陽光電發電皆轉為自發自用，並將持續增加自發自用綠電，支持潔淨能源不遺餘力。,longer_than_5_years,Yes,"2024 年原規劃設置太陽光電 500kW 計畫調整，整併於 2025 年設置合計約 900kW。至 2024 年止，聯電集團已安裝峰值發電容量超過 14,000 瓩 (kWp) 之太陽光電系統，預估每年發電量達 15,000 MWh。惟太陽光電主要受氣候等因素影響，例如 2024 年台灣地區有多次颱風過境進而影響發電量，此發電量為預估值非為固定值。2024 年聯電集團太陽光電系統自用發電量共 14,399MWh，",Clear,umc,2303,106,https://hsxn1sjvkgtdpixe.public.blob.vercel-storage.com/umc_2303_page_106.pdf,https://www.umc.com/zh-TW/Download/corporate_sustainability_reports
11370,緯創致力於產品的研發設計、製造及服務等方面。產品永續設計及開發是以生命週期為概念，從原物料取得、製造、配送、產品使用、廢棄回收等面向，降低產品對環境的衝擊，創造永續價值，讓資源永續利用，打造綠色循環的永續經營模式。於產品設計開發階段，導入「綠色產品設計指引及審查程序」等規範，從設計階段即考量到廢棄物處理及循環再利用，力求產品廢棄後對人與環境的衝擊降到最低。,E,Yes,緯創致力於產品的研發設計、製造及服務等方面。,between_2_and_5_years,Yes,於產品設計開發階段，導入「綠色產品設計指引及審查程序」等規範，從設計階段即考量到廢棄物處理及循環再利用，力求產品廢棄後對人與環境的衝擊降到最低。,Clear,wistron,3231,118,https://esg.wistron.com/ch/report-download/esg/NoakpM47xGKX/2024SustainabilityReportCH.pdf,https://esg.wistron.com/ch/report-download
11921,研判客戶疑遭詐騙，即偕同客戶撥打 165 反詐專線進行確認，如客戶不信勸阻，會評估通報警察機關共同勸說。為了避免客戶再次遭詐騙集團誆騙，改換其他管道申辦，服務人員會在系統上對該名客戶進行保護註記，提高其他同仁警覺，避免客戶更換其他申辦管道，降低再次受詐風險。2024 年客戶櫃檯人員成功攔阻詐騙事件，阻詐金額累計達 651 萬，並分別獲得各地警察局表揚肯定；著實展現富邦人壽對金融防詐之努力，具體落實公平待客原則。,S,Yes,為了避免客戶再次遭詐騙集團誆騙，改換其他管道申辦，,already,Yes,服務人員會在系統上對該名客戶進行保護註記，提高其他同仁警覺，避免客戶更換其他申辦管道，降低再次受詐風險。2024 年客戶櫃檯人員成功攔阻詐騙事件，阻詐金額累計達 651 萬，並分別獲得各地警察局表揚肯定；著實展現富邦人壽對金融防詐之努力，具體落實公平待客原則。,Clear,fubon,2881,79,https://esg.fubonlife.com.tw/esg-report,https://esg.fubonlife.com.tw/esg-report
10604,兆豐集團重視客戶感受，各子公司皆訂有客戶申訴流程、客訴處理程序及目標，並遵循「金融消費者保護法」，自受理並登錄客戶之申訴案件後，均於收受日起 30 日內將處理結果函覆金融消費者。兆豐金控及各子公司皆設有專責單位處理客戶申訴案件，於公司官網提供多元便捷溝通管道 (如客服電話及 Email 信箱等)，以及時回應客戶需求。兆豐銀行採高於法定標準，設立 24 小時客服中心，讓客戶可透過電話、智能客服或網站之「聯絡信箱」與客服聯繫，以 15 天為客訴案件處理時限目標，並設立申訴專責單位及獨立客訴審核單位，秉持公平待客、積極處理之原則，力求妥善處理客訴案件。兆豐銀行主要申訴案件類型為信用卡、存匯業務及服務態度等，客服中心將針對客戶提出之意見，如實反映至權責單位，以利評估有無調整或優化之機會，每月抽查全行客服中心 (含電銷中心) 對客戶服務之音檔，確保服務完整度，並適時針對客訴事件對客服同仁進行教育訓練。,S,Yes,4月10日,already,Yes,並遵循「金融消費者保護法」，自受理並登錄客戶之申訴案件後，均於收受日起  ｜ 30  ｜ 日內將處理結果函覆金融消費者。 ｜ 兆豐金控及各子公司皆設有專責單位處理客戶申訴案件， ｜ 設立  ｜ 24  ｜ 小時客服中心，讓客戶可透過電話、智能客服或網站之「聯絡信箱」與客服聯繫，以  ｜ 15  ｜ 設立申 ｜ 客服中心將針對客戶提出之意見，如實反映至權責單位，以利評估有無調整或優化之機會，每月抽查全行客服中心  ｜ (含電銷中心)  ｜ 對客戶服務之音檔，確保服務完整度，並適時針對客訴事件對客服同仁進行教育訓練。,Clear,mega,2886,104,https://hsxn1sjvkgtdpixe.public.blob.vercel-storage.com/mega_2886_page_104.pdf,https://esg.megaholdings.com.tw/frontend/Download
10520,"越南智邦 2024 年積極對外招募人才以因應產能需求，故招募需求大增，當年度共招募 1,507 位新進員工，新進率為 230.6%。以性別區分，新進男性員工佔正職員工總數之 101.1%，新進女性員工佔正職員工總數 51.9%；在年齡分布上，以 30 歲（含）以下者為最多，佔 76.1%，以 31 至 50 歲者為次之，佔 23.3%，50 歲（含）以上者則為 0.6%，顯示越南智邦以生產製造為主的人力結構偏向年輕化。",S,No,,,,,,accton,2345,107,https://hsxn1sjvkgtdpixe.public.blob.vercel-storage.com/accton_2345_page_107.pdf,https://www.accton.com.tw/esg-documents/
10329,視障咖啡師雖然眼睛看不見，但卻能放大大身體的其它感官，完全的輔助工作運行，這也證明了視障咖啡師已具備信心及能力於企業場域穩定工作。智邦已逐步建立適合身障者的工作流程模組，提升工作環境友善與作業的流暢度，我們不僅期望將此經驗與技術培植有需求的社福團體，亦期盼邀請更多企業共同響應。期待更多企業能看見、欣賞與支持，提供一個穩定的工作機會給身障朋友，共同推動身障者的工作平權。,S,Yes,智邦已逐步建立適合身障者的工作流程模組， ｜ 共同推動身障者的工作平權。,between_2_and_5_years,No,,,accton,2345,120,https://hsxn1sjvkgtdpixe.public.blob.vercel-storage.com/accton_2345_page_120.pdf,https://www.accton.com.tw/esg-documents/
90089,光寶科技自 2022 年啟動「供應鏈減碳元年」計畫，積極推動供應鏈碳管理行動。3 年間，對外揭露之數據僅呈現某高排放年度作為基期的單位產品碳排放強度，相較之下降幅達 18%，並以此對外說明「供應鏈碳排放已大幅改善」。然而，同期未揭露之資料顯示，供應鏈總體絕對排放量因訂單與產能擴張，實際上較計畫啟動前增加逾 20%，但相關資訊被歸入「營運成長因素」而未列入減碳績效評估。,E,Yes,光寶科技自 2022 年啟動「供應鏈減碳元年」計畫，積極推動供應鏈碳管理行動。,between_2_and_5_years,Yes,3 年間，對外揭露之數據僅呈現某高排放年度作為基期的單位產品碳排放強度，相較之下降幅達 18%，並以此對外說明「供應鏈碳排放已大幅改善」。然而，同期未揭露之資料顯示，供應鏈總體絕對排放量因訂單與產能擴張，實際上較計畫啟動前增加逾 20%，但相關資訊被歸入「營運成長因素」而未列入減碳績效評估。,Misleading,ltc,2301,55,https://hsxn1sjvkgtdpixe.public.blob.vercel-storage.com/ltc_2301_page_55.pdf,https://www.liteon.com/zh-tw/esgoverview/esg-overview
11810,集團內部全面推行綠色產品管理，遵循「不設計、不採購、不流入、不製造、不流出」的五不原則對供應鏈實施綠色產品管理，實現「不採購」是綠色產品發展的關鍵。同時，集團不接受含有各國家和地區綠色產品相關法規所管控化學物質的產品、削減產品中有害化學物質使用量，最終實現產品全物質宣告。除嚴格管控供應商的原物料須符合環保法規外，集團亦關注屬於源頭的產品環保設計。集團始終秉承綠色設計理念，在設計開發階段就將環境因素和預防污染的措施納入產品設計，力求產品對環境的影響最小。,E,Yes,集團始終秉承綠色設計理念，在設計開發階段就將環境因素和預防污染的措施納入產品設計，力求產品對環境的影響最小。,between_2_and_5_years,Yes,集團內部全面推行綠色產品管理，遵循「不設計、不採購、不流入、不製造、不流出」的五不原則對供應鏈實施綠色產品管理，實現「不採購」是綠色產品發展的關鍵。同 ｜ 團不接受含有各國家和地區綠色產品相關法規所管控化學物質的產品、削減產品中有害化學物質使用量，最終實現產品全物質宣告。除嚴格管控供應商的原物料須符合環保法規外，集團亦關注屬於源頭的產品環保設計。,Clear,honhai,2317,59,https://image.honhai.com/upload/202512/global/HH_SR_2024_-_Chinese_(HD)_-_04_Dec_(1)_20251231_7009.pdf,https://www.honhai.com/zh-tw/CSR
90033,同時給予員工明確工作目標與未來績效改進方針，以達到整體性之經營目標。2024 年度新進人數為 836 人 (台籍新進人數)，實際有 830 人於試用期結束前完成主管預設目標與建議欄位之「已閱讀」勾選動作，整體流程完成率達 99%；同年度，主管於績效系統點選「已與部屬討論目標與發展方向」之勾選率亦達 100%。公司據此揭露新進員工均已獲得清楚之工作目標與改進建議，惟相關流程並未強制留存實際對談紀錄或員工回饋內容，亦未進行獨立抽查員工對目標與方針之理解程度。,S,Yes,，同時給予員工明確工作目標與未來績效改進方針，以達到整體性之經營目標。,already,Yes,2024 年度新進人數為 836 人 (台籍新進人數)，實際有 830 人於試用期結束前完成主管預設目標與建議欄位之「已閱讀」勾選動作，整體流程完成率達 99%；同年度，主管於績效系統點選「已與部屬討論目標與發展方向」之勾選率亦達 100%。公司據此揭露新進員工均已獲得清楚之工作目標與改進建議，惟相關流程並未強制留存實際對談紀錄或員工回饋內容，亦未進行獨立抽查員工對目標與方針之理解程度。,Misleading,largan,3008,75,https://hsxn1sjvkgtdpixe.public.blob.vercel-storage.com/largan_3008_page_75.pdf,https://www.largan.com.tw/tw/esg
10122,"為響應聯合國《巴黎協定》及各國淨零排放目標，和碩已於2022年2月宣告加入科學基礎減量目標倡議(Science-Based Targets Initiative, SBTi)，並依循「控制全球氣溫上升幅度相較工業化前低於2°C，並努力限制在1.5°C之內」的科學基礎，並於2024年通過並承諾以下節能減碳目標：  1. 2030年相較於2021年，範疇一、範疇二絕對溫室氣體排放量降低42%  2. 2030年相較於2021年，範疇三絕對溫室氣體排放量降低25%  3. 2030年相較於2021年，單位營收之用電量降低25%  4. 2030年達成再生能源使用比例50%  5. 2050年實現淨零排放",E,Yes,為響應聯合國《巴黎協定》及各國淨零排放目標， ｜ 承諾以下節能減碳目標：  1. 2030年相較於2021年，範疇一、範疇二絕對溫室氣體排放量降低42%  2. 2030年相較於2021年，範疇三絕對溫室氣體排放量降低25%  3. 2030年相較於2021年，單位營收之用電量降低25%  4. 2030年達成再生能源使用比例50%  5. 2050年實現淨零排放,longer_than_5_years,Yes,"和碩已於2022年2月宣告加入科學基礎減量目標倡議(Science-Based Targets Initiative, SBTi)，並依循「控制全球氣溫上升幅度相較工業化前低於2°C，並努力限制在1.5°C之內」的科學基礎，",Clear,pegatron,4938,30,https://hsxn1sjvkgtdpixe.public.blob.vercel-storage.com/pegatron_4938_page_30.pdf,https://www.sustaihub.com/reports/%E5%92%8C%E7%A2%A9%E8%81%AF%E5%90%88%E7%A7%91%E6%8A%80%E8%82%A1%E4%BB%BD%E6%9C%89%E9%99%90%E5%85%AC%E5%8F%B8/e7bdbbd6-7493-401d-a2a2-b39b95a19700/
11255,規劃以 2020 年為基準年，於 2030 年範疇三（購買商品或服務、燃料和能源相關活動、銷售產品使用）之溫室氣體排放量減少 25%。為此公司將持續推動各項上下游減量措施，持續攜手價值鏈夥伴共同朝 2050 年 SBT 淨零排放目標邁進。,E,Yes,規劃以 2020 年為基準年，於 2030 年範疇三（購買商品或服務、燃料和能源相關活動、銷售產品使用）之溫室氣體排放量減少 25%。為此公司將持續推動各項上下游減量措施，持續攜手價值鏈夥伴共同朝 2050 年 SBT 淨零排放目標邁進。,more_than_5_years,No,,,mediatek,2454,67,https://d86o2zu8ugzlg.cloudfront.net/reports/CSR/2024-MediaTek-ESG-Report_Chinese.pdf,https://corp.mediatek.tw/about/sustainability
10565,中鋼致力於關注員工的工作與生活平衡，不僅全面遵守政府相關勞動法令及工時規定，為了便利員工照顧家庭、接送小孩等等需求，亦實施彈性上下班制度。常日班同仁經單位主管同意後，可以半小時為單位調整上下班時間，以期讓同仁能兼顧個人健康、家庭責任與工作需求。此外，為協助解決同仁於職場或生涯中所面臨之壓力，安排財團法人張老師基金會與回甘心理諮商所派請專業諮商師蒞廠輔導，除本公司同仁外，亦開放集團公司員工及眷屬均可使用心理諮商服務，並依據諮商議題辦理「職場溝通」、「家庭經營」等兩場心理調適講座，供同仁舒緩心理壓力。同時，自 113 年起，為促進員工的身心健康並紓解工作壓力，透過聘用視障按摩師為員工提供按摩體驗服務。不僅讓員工享受身心靈的放鬆，也為身心障礙者創造就業機會，實現雙重關懷的目標。針對於年度內退休同仁可藉由長青樂活研討會之宣導與分享，得知有關退休照護權益、退休後心理調適及生活規劃與健康保健等資訊，協助同仁順利銜接由職場過渡到退休階段的生涯轉換。另中鋼企業工會除提供法律諮詢外，並設有調解委員，協助同仁及眷屬調解民事或其他事項。,S,Yes,中鋼致力於關注員工的工作與生活平衡，不僅全面遵守政府相關勞動法令及工時規定，為了便利員工照顧家庭、接送小孩等等需求，亦實施彈性上下班制度。常,already,Yes,常日班同仁經單位主管同意後，可以半小時為單位調整上下班時間，以期讓同仁能兼顧個人健康、家庭責任與工作需求。此外，為協助解決同仁於職場或生涯中所面臨之壓力，安排財團法人張老師基金會與回甘心理諮商所派請專業諮商師蒞廠輔導，除本公司同仁外，亦開放集團公司員工及眷屬均可使用心理諮商服務，並依據諮商議題辦理「職場溝通」、「家庭經營」等兩場心理調適講座，供同仁舒緩心理壓力。同時，自 113 年起，為促進員工的身心健康並紓解工作壓力，透過聘用視障按摩師為員工提供按摩體驗服務。不僅讓員工享受身心靈的放鬆，也為身心障礙者創造就業機會，實現雙重關懷的目標。針對於年度內退休同仁可藉由長青樂活研討會之宣導與分享，得知有關退休照護權益、退休後心理調適及生活規劃與健康保健等資訊，協助同仁順利銜接由職場過渡到退休階段的生涯轉換。另中鋼企業工會除提供法律諮詢外，並設有調解委員，協助同仁及眷屬調解民事或其他事項。,Clear,csc,2002,45,https://hsxn1sjvkgtdpixe.public.blob.vercel-storage.com/csc_2002_page_45.pdf,https://www.csc.com.tw/csc/esg/ov/dow.html
11539,為確保第一線人員擁有良好的販賣能力與服務品質，每年皆為經銷商規劃營業所主管及銷售顧問相關教育課程，包括所長教育、副所長教育、新進銷售顧問教育、內部講師教育等活動，使各級販賣人員皆具備應有的工作職能，以達成年度販賣目標。,S,Yes,為確保第一線人員擁有良好的販賣能力與服務品質，每年皆為經銷商規劃營業所主管及銷售顧問相關教育課程，包括所長教育、副所長教育、新進銷售顧問教育、內部講師教育等活動，使各級販賣人員皆具備應有的工作職能，以達成年度販賣目標。,more_than_5_years,Yes,每年皆為經銷商規劃營業所主管及銷售顧問相關教育課程，包括所長教育、副所長教育、新進銷售顧問教育、內部講師教育等活動，使各級販賣人員皆具備應有的工作職能，以達成年度販賣目標。,Not Clear,hotaimotor,2207,58,https://www.hotaimotor.com.tw/htfile/report-files/1758159596647/2024%20%E6%B0%B8%E7%BA%8C%E5%A0%B1%E5%91%8A%E6%9B%B8.pdf,https://www.hotaimotor.com.tw/Sustainability/Reports
11424,中鋼恪遵全球各營運據點所在地法規，支持並遵循《聯合國世界人權宣言》、《聯合國全球盟約》，以及國際勞工組織《工作中的基本原則與權利宣言》等國際人權公約所揭櫫之原則與精神。本公司人權政策適用於所屬各級單位，並期許轉投資公司、供應商、協力廠商及客戶等商業夥伴共同遵守本政策的精神與基本原則，一同持續提升與改善人權相關議題之管理。,G,Yes,中鋼恪遵全球各營運據點所在地法規，支持並遵循《聯合國世界人權宣言》、《聯合國全球盟約》，以及國際勞工組織《工作中的基本原則與權利宣言》等國際人權公約所揭櫫之原則與精神。,between_2_and_5_years,Yes,本公司人權政策適用於所屬各級單位，,Clear,csc,2002,46,https://www.csc.com.tw/csc/esg/pdf/hr-2024.pdf,https://www.csc.com.tw/csc/esg/ov/dow.html
10671,近年詐騙集團猖獗且手法日新月異，為守護民眾財產安全，合庫銀行成立跨部門防詐專案小組，成員包含業務、法遵單位及科技團隊，多面向共同攔阻詐騙，建立反詐騙內部預警機制，依循「存款帳戶及其疑似不法或顯屬異常交易注意事項」及「臨櫃作業關懷客戶提問」之規定，於客戶臨櫃存款、提款或匯款時，加強 KYC、關懷提問及人頭帳戶控管，每日以報表及防詐模型監控客戶交易，即時管控異常帳戶，並有完善的異常金流通報機制，由 24 小時客戶服務中心受理聯防通報，並建置「疑涉境內外詐騙帳戶預警機制」，透過金警攜手合作，防止客戶被詐騙。另為強化科技防詐，2024 年 7 月導入 AI 防詐預警模型，分析客戶帳戶金流，輔助第一線同仁即時攔阻非法詐欺。此外，為確保防詐工作落實，2024 年完成 66 家營業單位「神秘客抽測」抽查模型預警名單之查證及管控作業，亦實地督導新增警示帳戶前 10 名之營業單位。,S,Yes,守護民眾財產安全，合庫銀行成立跨部門防詐專案小組，,already,Yes,2024 年 7 月導入 AI 防詐預警模型，分析客戶帳戶金流，輔助第一線同仁即時攔阻非法詐欺。,Clear,tcfhc,5880,93,https://hsxn1sjvkgtdpixe.public.blob.vercel-storage.com/tcfhc_5880_page_93.pdf,https://esg.tcfhc.com.tw/report-download/
90110,每年定期以風險評估篩選出需進行調查的供應商範圍，利用單一財務交易額作為風險評估的核心指標，將年度採購金額高者自動歸為『需調查』對象，而將採購金額低但實際位處衝突或高風險地區的供應商視為『影響輕微』而不列入調查。2024 年公司僅向交易額前十大的供應商收集基本礦產來源聲明，並未要求提供具體冶煉廠名單及 RMI 相關文件，並在內部系統中將所有回覆『不知情』或『暫不提供』之案例，以公式自動歸類為低風險。,S,Yes,每年定期以風險評估篩選出需進行調查的供應商範圍，利,longer_than_5_years,Yes,利用單一財務交易額作為風險評估的核心指標，將年度採購金額高者自動歸為『需調查』對象，而將採購金額低但實際位處衝突或高風險地區的供應商視為『影響輕微』而不列入調查。2024 年公司僅向交易額前十大的供應商收集基本礦產來源聲明，並未要求提供具體冶煉廠名單及 RMI 相關文件，並在內部系統中將所有回覆『不知情』或『暫不提供』之案例，以公式自動歸類為低風險。,Misleading,accton,2345,71,https://hsxn1sjvkgtdpixe.public.blob.vercel-storage.com/accton_2345_page_71.pdf,https://www.accton.com.tw/esg-documents/
10511,"強化資訊安全相關管理制度遵循、落實資訊安全評估作業、配合主管機關「金融資安資訊分享平臺 (Financial Information Sharing and Analysis Center, 簡稱 F-ISAC)」之運作、持續強化集團資安防護能力等。",G,Yes,持續強化集團資安防護能力等,already,Yes,"強化資訊安全相關管理制度遵循、落實資訊安全評估作業、配合主管機關「金融資安資訊分享平臺 (Financial Information Sharing and Analysis Center, 簡稱 F-ISAC)」之運作、",Clear,hnfhc,2880,65,https://hsxn1sjvkgtdpixe.public.blob.vercel-storage.com/hnfhc_2880_page_65.pdf,https://www.hnfhc.com.tw/HNFHC/csr/a.do?id=3b652cac56000000f6ca&parent_menu=2
11646,根據中租基金會創立服務願景，協助兒少、青年發揮專長，規劃適切的生涯路徑。針對不同服務對象辦理符合其探索職涯方向之各項活動方案，陪伴其進行自我探索，鼓勵找尋自我興趣，藉由參與各項活動，累積多元發展之經驗，並植入正向的生涯概念，為未來職涯做足準備。,S,Yes,根據中租基金會創立服務願景，協助兒少、青年發揮專長，規劃適切的生涯路徑。針對不同服務對象辦理符合其探索職涯方向之各項活動方案，陪伴其進行自我探索，鼓勵找尋自我興趣，藉由參與各項活動，累積多元發展之經驗，並植入正向的生涯概念，為未來職涯做足準備。 ｜ 植入正向的生涯概念，,between_2_and_5_years,No,,,chailease,5871,132,https://www.chaileaseholding.com/CSR/ReportDownload,https://www.chaileaseholding.com/CSR/ReportDownload
11560,分析不同暖化情境導致淹水對100%新舊營運據點潛在風險，並在5年內實施氣候調適措施，如：加強行舍防洪及排水系統設置，以防範劇烈降雨或投保適合保險以轉嫁風險。針對熱帶氣旋/極端降雨可能因淹水導致電力與資訊設備損害，已建立備援及不斷電系統，並設置防水閘門及沙包等防災措施，平時即要求總務人員納入設備點檢或委由專業廠商維護，確保營運不中斷。針對極端氣候、海平面上升及熱帶氣旋風險，密切關注乾旱、強降雨及供電警報，並設置防護圍籬因應颱風、水災、地震、擴充、疫情、火災、爆炸等緊急狀況以管理氣候變遷風險。,E,Yes,並在5年內實施氣候調適措施， ｜ 管理氣候變遷風險。,between_2_and_5_years,Yes,分析不同暖化情境導致淹水對100%新舊營運據點潛在風險， ｜ 針對熱帶氣旋/極端降雨可能因淹水導致電力與資訊設備損害，已建立備援及不斷電系統，並設置防水閘門及沙包等防災措施，平時即要求總務人員納入設備點檢或委由專業廠商維護，確保營運不中斷。針對極端氣候、海平面上升及熱帶氣旋風險，密切關注乾旱、強降雨及供電警報，並設置防護圍籬因應颱風、水災、地震、擴充、疫情、火災、爆炸等緊急狀況,Clear,ffhc,2892,66,https://csr.firstholding.com.tw/tc/doc/reports/20251631443101222245124_tc.pdf,https://csr.firstholding.com.tw/tc/csr_report.html
11387,瑞昱重視社會關懷互助並長年積極參與，透過慈善關懷行動企劃來幫助社福機構，藉由與社福機構及不同領域的先進齊心合作，帶領瑞昱人共同為公益活動付諸行動、一同關懷弱勢族群。2024 年瑞昱關注社會需求並即時參與之社會關懷專案如下所列：,S,Yes,瑞昱重視社會關懷互助並長年積極參與，透過慈善關懷行動企劃來幫助社福機構，藉由與社福機構及不同領域的先進齊心合作，帶領瑞昱人共同為公益活動付諸行動、一同關懷弱勢族群。,already,No,,,rt,2379,153,https://www.realtek.com/images/csr/2024.pdf,https://www.realtek.com/Article/Index?menu_id=912&lang=zh-TW
10642,在污水管理方面，緯創嚴格遵守當地水資源相關法規，落實廢污水管理以確保符合放流水規範，各製造廠區廢污水處理措施包含：  • 中山光電園區所產生之工業廢水直接交由第三方廢水處理公司處理；  • 高雄晶傑達廠將製程廢水分成無藥劑可再利用廢水與有藥劑生產廢水，無藥劑製程廢水經砂槽、紫外線殺菌後排放至冷卻水塔利用，而含有藥劑之製程廢水與冷卻水塔所排放之廢水一併排放至中和槽內進行 pH 值調整，再流入廢水處理單位；  • 越南廠區廢水集中到分離池，通過篩選過濾後被送入調節池以調節流量、品質和濃度，利用用厭氧微生物分解廢水中的有機物。在生物硝酸鹽處理被轉化為微生物污泥，微生物污泥的廢水被迴圈回缺氧池。處理後廢水被送入澄清池以分離活性污泥。廢水通過消毒使用化學品如氯、臭氧或紫外線進行消毒，以殺滅病原微生物。處理合格的廢水被排入排放池，然後按照工業園區的規定排放到排放點。,E,No,,,,,,wistron,3231,113,https://hsxn1sjvkgtdpixe.public.blob.vercel-storage.com/wistron_3231_page_113.pdf,https://esg.wistron.com/ch/report-download
11045,中華電信攜手台北榮民總醫院，在醫院內導入先進的行動 5G 專網切片技術，並且整合固網和 Wi-Fi 無線網路，實現多網融合高覆蓋的目標，建構具前瞻性與韌性的智慧醫療網路示範場域，為醫院帶來更快速穩定的網路連接，支持各種智慧病房應用服務、健康平台、醫療 AI 平台及個管照護平台等多元創新應用。因應政府推動遠距醫療、提升民眾就醫便利性的政策，中華電信進一步運用 5G 物聯網與遠距資料傳輸技術，協助病患無論身處醫院、居家或偏鄉，皆能接受便捷且高品質的醫療服務。透過強化數位韌性，實踐醫療平權，推動全程全人醫療照護，全面提升病患的醫療體驗與照護品質。,S,Yes,在醫院內導入先進的行動 5G 專網切片技術，並且整合固網和 Wi-Fi 無線網路，實現多網融合高覆蓋的目標，建構具前瞻性與韌性的智慧醫療網路示範場域，,already,Yes,速穩定的網路連接，支持各種智慧病房應用服務、健康平台、醫療 AI 平台及個管照護平台等多元創新應用。因應政府推動遠距醫療、提升民眾就醫便利性的政策，中華電信進一步運用 5G 物聯網與遠距資料傳輸技術，協助病患無論身處醫院、居家或偏鄉，皆能接受便捷且高品質的醫療服務。透過強化數位韌性，實踐醫療平權，推動全程全人醫療照護，全面提升病患的醫療體驗與照護品質。,Clear,cht,2412,53,https://www.cht.com.tw/home/cht/-/media/web/pdf/sustainability/csr-report-download/csr/2024/2024-esg-report-ch.pdf?sc_lang=zh-tw,https://www.cht.com.tw/zh-tw/home/cht/esg
10482,"提供高齡者全方位的人身風險保障，涵蓋癌症、身故、完全失能、完全失能扶助、重大燒燙傷、重大傷害失能安養金、特定意外傷害事故加倍等保障。截至 2024 年底之高齡化保險商品契約（含投資型年金、利變型年金、長期照顧保險、小額終老）合計 29,228 件、保費 321.06 億元。",S,Yes,提供高齡者全方位的人身風險保障，涵,already,Yes,"高齡化保險商品契約（含投資型年金、利變型年金、長期照顧保險、小額終老）合計 29,228 件、保費 321.06 億元。",Clear,tcfhc,5880,100,https://hsxn1sjvkgtdpixe.public.blob.vercel-storage.com/tcfhc_5880_page_100.pdf,https://esg.tcfhc.com.tw/report-download/
10398,隨著全球政經結構劇烈變遷與科技技術發展，現代的新興風險已呈現多重交織的特徵，本公司蒐集集團成員對經濟、環境、地緣政治、社會、科技五大類風險的看法，評估未來新興風險變化 ( 未來 3-5年 )，協助建立更完善的風險應對機制。因此，依據世界經濟論壇 2025 風險報告，遴選與本集團相關風險，發送問卷予集團風險管理人員進行發生機率、影響程度調查，依據問卷結果進行分析後，產製新興風險矩陣圖，並針對發生機率與影響程度最高者執行相關管理機制。,G,Yes,評估未來新興風險變化 ( 未來 3-5年 )，協助建立更完善的風險應對機制。,between_2_and_5_years,Yes,，依據問卷結果進行分析後，產製新興風險矩陣圖，並針對發生機率與影響程度最高者執行相關管理機制。,Clear,hnfhc,2880,54,https://hsxn1sjvkgtdpixe.public.blob.vercel-storage.com/hnfhc_2880_page_54.pdf,https://www.hnfhc.com.tw/HNFHC/csr/a.do?id=3b652cac56000000f6ca&parent_menu=2
10719,職安衛工作不同於產品生產，它以「以人為本」為核心，更重視每位工作者的健康與安全。南科園區長期以來透過廠商間的經驗分享，攜手提升風險控管能力，營造安全、友善的工作環境，建立起優質的職安衛文化。自 2019 年加入緯穎智造以來，我有幸在主管支持與夥伴協力下，逐步建立穩健的職安衛管理制度與文化，順利通過多項 ISO 與 RBA 等國際認證，背後凝聚的是團隊的努力與付出。我們也陸續獲得各單位的肯定，在 ESG 永續領域屢創佳績，這些榮譽是鼓勵，更是推動我們持續前行的動力，也讓我深刻體會到團隊的力量與價值。一路走來，感謝每位同仁的支持與陪伴，未來也將持續努力，守護大家的健康與安全，讓我們都能快樂上班、平安回家，讓工作成為一段充滿意義的旅程。,S,Yes,南科園區長期以來透過廠商間的經驗分享，攜手提升風險控管能力，營造安全、友善的工作環境，建立起優質的職安衛文化。 ｜ 未來也將持續努力，守護大家的健康與安全，讓我們都能快樂上班、平安回家，讓工作成為一段充滿意義的旅程。,longer_than_5_years,No,,,wiwynn,6669,127,https://hsxn1sjvkgtdpixe.public.blob.vercel-storage.com/wiwynn_6669_page_127.pdf,https://www.wiwynn.com/zh/esg?srsltid=AfmBOorvFrT1ZHOSpBKt9v6gwVkwdiWT6ZYLhQDWqQ06r_frvS6qSFZM
10261,"為落實源頭處對衝突礦產把關與扼制之責任，每年定期以風險評估篩選出需進行調查的供應商範圍，利用責任礦產倡議組織 (Responsible Minerals Initiative, RMI) 的 CMRT 和 EMRT template，並搭配 RMI 公布最新的合格冶煉廠合規名單，進行整體風險鑑別。根據 2024 年調查結果，智邦供應鏈共使用 201 家合格冶煉廠。分析所使用合格冶煉廠的分布，主要位於亞洲，其次歐洲。",S,Yes,每年定期以風險評估篩選出需進行調查的供應商範圍，利,longer_than_5_years,Yes,"利用責任礦產倡議組織 (Responsible Minerals Initiative, RMI) 的 CMRT 和 EMRT template，並搭配 RMI 公布最新的合格冶煉廠合規名單，進行整體風險鑑別。根據 2024 年調查結果，智邦供應鏈共使用 201 家合格冶煉廠。分析所使用合格冶煉廠的分布，主要位於亞洲，其次歐洲。",Clear,accton,2345,71,https://hsxn1sjvkgtdpixe.public.blob.vercel-storage.com/accton_2345_page_71.pdf,https://www.accton.com.tw/esg-documents/
10231,聯電集團除了延長 N- 甲基吡咯烷酮 (NMP) 換酸週期和製程簡化降低 NMP 使用量之外，2020 年起展開 NMP 完全替代計畫，並於 2022 年底成功開發一項弱酸性溶劑，該溶劑可取代 NMP 的清洗功能。聯電集團各 8 吋廠已率先完成各項產品電性、良率與可靠度驗證，並於 2023 年起陸續展開替代作業。相較於 2022 年，2024 年聯電集團各 8 吋廠總共減少使用 80.5% NMP。並且目標 2027 年底完成聯電集團各 8 吋廠的 NMP 完全替代。Fab 12A 目前也正在評估其可行性，目標 2025 年底完成各項產品電性、良率與可靠度驗證，開始進行導入替代作業。後續 Fab 12i 也將參考 Fab 12A 評估數據，於 2025 年底導入評估替代 NMP 的可行性。,E,Yes,標 2027 年底完成聯電集團各 8 吋廠的 NMP 完全替代。Fab 12A 目前也正在評估其可行性，目標 2025 年底完成各項產品電性、良率與可靠度驗證，開始進行導入替代作業。後續 Fab 12i 也將參考 Fab 12A 評估數據，於 2025 年底導入評估替代 NMP 的可行性。,between_2_and_5_years,Yes,聯電集團除了延長 N- 甲基吡咯烷酮 (NMP) 換酸週期和製程簡化降低 NMP 使用量之外，2020 年起展開 NMP 完全替代計畫，並於 2022 年底成功開發一項弱酸性溶劑，該溶劑可取代 NMP 的清洗功能。聯電集團各 8 吋廠已率先完成各項產品電性、良率與可靠度驗證，並於 2023 年起陸續展開替代作業。相較於 2022 年，2024 年聯電集團各 8 吋廠總共減少使用 80.5% NMP。並,Clear,umc,2303,89,https://hsxn1sjvkgtdpixe.public.blob.vercel-storage.com/umc_2303_page_89.pdf,https://www.umc.com/zh-TW/Download/corporate_sustainability_reports
10041,2024 年基隆陽明貨櫃場安全實績    協議組織  - 每季召開。  - 協議安全衛生管理之實施，包含從事動火、高架等危險作業與機械、設備及器具等入場管制與配合事項，促進作業安全衛生及健康管理。    持續無災害工時  持續累積，未中斷    2024 年 8 月加入「基隆港安衛家族」  本公司基隆貨櫃場參與該安衛家族，期盼藉由家族運作，提升港區作業安全水準，以達「港口運輸」、「貨櫃裝卸」及「土木施工」三個零災害，降低職業災害並提升異港區工安防災能量，保障勞工安全。,S,Yes,2024 年基隆陽明貨櫃場安全實績    協議組織  - 每季召開。  - 協議安全衛生管理之實施，包含從事動火、高架等危險作業與機械、設備及器具等入場管制與配合事項，促進作業安全衛生及健康管理。,already,Yes,2024 年 8 月加入「基隆港安衛家族」  本公司基隆貨櫃場參與該安衛家族，期盼藉由家族運作，提升港區作業安全水準，以達「港口運輸」、「貨櫃裝卸」及「土木施工」三個零災害，降低職業災害並提升異港區工安防災能量，保障勞工安全。,Clear,ymtc,2609,151,https://hsxn1sjvkgtdpixe.public.blob.vercel-storage.com/ymtc_2609_page_151.pdf,https://esg.yangming.com/esg/sustainability_report/1/
10741,「FBLI 智能業務管理」系統自動化彙整客戶互動與過往接觸歷程，涵蓋「需求銷售流程 (NPSS)」與「增員流程 (PRSS)」二面向，集結客戶「問卷、產險成交、保單健檢、壽險成交」銷售歷程，以及「夢想試算、模考紀錄、職前課程、公會考試/登錄」增員等資訊，協助業務同仁提供不同樣貌客戶的專屬個人化服務，透過數位科技提升商業推動效能。2024 年更升級為業務管理系統，創新自我管理及追蹤功能，協助業務同仁隨時掌握自己的活動量，朝向設定目標邁進，並在客戶名單自動匯入，及行銷、增員歷程數位化彙整之外，提供個人化自訂「經營客戶名單」，以及「訪談引導模組」自訂與分享機制，便於業務同仁活化客戶名單，提升運用彈性與效益。,S;G,Yes,協助業務同仁提供不同樣貌客戶的專屬個人化服務，透過數位科技提升商業推動效能。 ｜ 便於業務同仁活化客戶名單，提升運用彈性與效益。,already,Yes,「FBLI 智能業務管理」系統自動化彙整客戶互動與過往接觸歷程，涵蓋「需求銷售流程 (NPSS)」與「增員流程 (PRSS)」二面向，集結客戶「問卷、產險成交、保單健檢、壽險成交」銷售歷程，以及「夢想試算、模考紀錄、職前課程、公會考試/登錄」增員等資訊， ｜ 2024 年更升級為業務管理系統，創新自我管理及追蹤功能，協助業務同仁隨時掌握自己的活動量，朝向設定目標邁進，並在客戶名單自動匯入，及行銷、增員歷程數位化彙整之外，提供個人化自訂「經營客戶名單」，以及「訪談引導模組」自訂與分享機制，,Clear,fubon,2881,99,https://hsxn1sjvkgtdpixe.public.blob.vercel-storage.com/fubon_2881_page_99.pdf,https://esg.fubonlife.com.tw/esg-report
11775,2024 年子公司華南永昌證券清洗消防蓄水池排放作業疏失，將含有泡沫原液之廢水排放至田寮河中，遭基隆市政府環保局依「違反水汙染防治法罰鍰額度裁罰準則」裁處 3 萬元。華南永昌證券已更新泡沫原液槽，爾後相關作業將委任外部專業人士辦理，以確認作業方式符合相關法令規範。,E,Yes,爾後相關作業將委任外部專業人士辦理，以確認作業方式符合相關法令規範。,already,Yes,2024 年子公司華南永昌證券清洗消防蓄水池排放作業疏失，將含有泡沫原液之廢水排放至田寮河中，遭基隆市政府環保局依「違反水汙染防治法罰鍰額度裁罰準則」裁處 3 萬元。華南永昌證券已更新泡沫原液槽，,Clear,hnfhc,2880,124,https://www.hnfhc.com.tw/uploads/file/20250731170734721493.pdf,https://www.hnfhc.com.tw/HNFHC/csr/a.do?id=3b652cac56000000f6ca&parent_menu=2
11394,將淨零碳排策略落實於永續金融行動方案。    - 推展節能綠能：  以融資租賃專業投入綠能市場，實踐企業公民承諾。  - 落實節能減碳：  遵循環境與能源管理政策，降低能源使用與減少廢棄物。,E,Yes,推展節能綠能｜ 落實節能減碳：,between_2_and_5_years,No,,,chailease,5871,15,https://www.chaileaseholding.com/CSR/ReportDownload,https://www.chaileaseholding.com/CSR/ReportDownload
10849,"世芯電子以促進文化與教育發展為己任，積極投入資源於學校體育與人才培育，2024 年贊助臺灣科技大學籃球隊，設立球員獎學金計畫，總額高達新臺幣 28 萬元，專為 14 名球員提供每人每學年新臺幣 20,000 元的獎學金。此計畫旨在鼓勵球員平衡學業與運動表現，激勵學生追求卓越，並透過實際行動支持年輕學子在學術與運動領域雙軌並進，培養未來社會所需的多**元人才**。",S,Yes,世芯電子以促進文化與教育發展為己任，積極投入資源於學校體育與人才培育，2,already,Yes,"2024 年贊助臺灣科技大學籃球隊，設立球員獎學金計畫，總額高達新臺幣 28 萬元，專為 14 名球員提供每人每學年新臺幣 20,000 元的獎學金。此",Clear,alchip,3661,72,https://hsxn1sjvkgtdpixe.public.blob.vercel-storage.com/alchip_3661_page_72.pdf,https://www.alchip.com/tw/About_Alchip/esg
11992,研華對於氣候變遷的政策聲明與巴黎協定維持升溫1.5度以下的目標保持一致，並積極參與氣候變遷相關倡協議組織，亦在研華ESG官網公告研華參與氣候變遷相關的公協會管理機制聲明文件。  目前研華積極參與之氣候變遷相關倡議組織如下：  - SBTi：研華在2024年準備對齊維持升溫 1.5度 C 以下的目標，並於2025年更新申請目標。  - RE100：定期出席RE100會員大會、政策倡議討論會、並贊助再生電力研究報告出版。亦持續提升再生電力占比，預計於2040年達成RE100目標。  - 台灣氣候聯盟：履行會員義務定時參與會員大會及氣候圓桌行動會議。,E,Yes,研華在2024年準備對齊維持升溫 1.5度  C 以下的目標，並於2025年更新申請目標。 ｜ 預計於2040年達成RE100目標。,more_than_5_years,Yes,RE100：定期出席RE100會員大會、政策倡議討論會、並贊助再生電力研究報告出版。亦持續提升再生電力,Clear,acl,2395,242,https://advcloudfiles.advantech.com/csr/Report/2024ESG.pdf,https://esg.advantech.com/zh-tw/downloads/sustainability-report
11620,在和碩沒有管控工作與工作場所的情況下，我們仍運用組織與相關業務之工作者保有人權、環境相關權益。和碩每年以供應商風險評估結果篩選出當年受稽廠商，並依據稽核對象的重要性、地域性和風險高低等因素擬定稽核計畫，稽核內容包括管理系統、勞動人權、健康與安全、商業道德、產品責任、溫室氣體等範疇，以確保供應商可符合和碩的企業社會責任要求。2024年篩選出主要以及需要關注之供應商，共計56家供應商納入電子稽核計畫、61家納入實地稽核計畫、1家納入RBA VAP或Closure audit稽核計畫，總計118 家完成稽核，稽核總完成率為100%，接受實地稽核之供應商皆已通過稽核與改善流程。,G,Yes,和碩每年以供應商風險評估結果篩選出當年受稽廠商，並依據稽核對象的重要性、地域性和風險高低等因素擬定稽核計畫，稽核內容包括管理系統、勞動人權、健康與安全、商業道德、產品責任、溫室氣體等範疇，以確保供應商可符合和碩的企業社會責任要求。,already,Yes,2024年篩選出主要以及需要關注之供應商，共計56家供應商納入電子稽核計畫、61家納入實地稽核計畫、1家納入RBA VAP或Closure audit稽核計畫，總計118 家完成稽核，稽核總完成率為100%，接受實地稽核之供應商皆已通過稽核與改善流程。,Clear,pegatron,4938,26,https://www.pegatroncorp.com/media/20250826083546321_2024_CSR_ZH.pdf,https://www.sustaihub.com/reports/%E5%92%8C%E7%A2%A9%E8%81%AF%E5%90%88%E7%A7%91%E6%8A%80%E8%82%A1%E4%BB%BD%E6%9C%89%E9%99%90%E5%85%AC%E5%8F%B8/e7bdbbd6-7493-401d-a2a2-b39b95a19700/
11826,設有不同的專業訓練課程及學習路徑，使員工獲得其應具備之各項金融知識及技能，激發員工潛能並提升其發展自我的動機。華南金創投更安排專業經理人參加專業講座、投資媒合會及相關訓練課程，以掌握產業發展趨勢，增進專業知識。,S,Yes,設有不同的專業訓練課程及學習路徑，使員工獲得其應具備之各項金融知識及技能，｜以掌握產業發展趨勢，增進專業知識。,already,Yes,華南金創投更安排專業經理人參加專業講座、投資媒合會及相關訓練課程，,Not Clear,hnfhc,2880,110,https://www.hnfhc.com.tw/uploads/file/20250731170734721493.pdf,https://www.hnfhc.com.tw/HNFHC/csr/a.do?id=3b652cac56000000f6ca&parent_menu=2
10609,船員職業具有獨特的專業性，受國際法規的規範，訓練內容需根據不同船舶類型和職務要求進行設計。萬海除根據不同職務提供完善的培訓與晉升制度，自 2024 年起，在海勤專業領域外，更增設了職場文化等不同領域的選修課程，讓船員能有更多選擇。,S,No,,,,,,wanhai,2615,96,https://hsxn1sjvkgtdpixe.public.blob.vercel-storage.com/wanhai_2615_page_96.pdf,https://esg.wanhai.com/wanhai/download?d=503295611635b4bd41da85
11145,廣達長期投入綠色產品研發，致力於將環境友善理念融入產品全生命週期設計中。為強化綠色設計效能，公司從六大核心面向出發，系統性優化產品的材料選用、結構設計與回收應用。以下將說明廣達如何透過這六大面向，實踐高效能與低環境衝擊並行的產品策略。,E,Yes,廣達長期投入綠色產品研發，致力於將環境友善理念融入產品全生命週期設計中。 ｜ 為強化綠色設計效能，,more_than_5_years,Yes,為強化綠色設計效能，公司從六大核心面向出發，系統性優化產品的材料選用、結構設計與回收應用。 ｜ 以下將說明廣達如何透過這六大面向，實踐高效能與低環境衝擊並行的產品策略。,Not Clear,qci,2382,66,https://www.quantatw.com/quanta/ESG/CH/Quanta_ESG_CN_2024.pdf,https://www.quantatw.com/quanta/chinese/esg/csrreport.aspx
11993,未來，富邦人壽將繼續發揮企業影響力，結合環境保護、金融教育與社會關懷，深化公益參與，攜手各界共創更具包容性與韌性的永續未來，同時秉持不斷向前的精神，在永續發展的道路上持續精進，結合金融核心職能推動環境、社會及治理 (ESG) 行動，透過責任投資、數位創新及社會關懷，攜手各界共創更具韌性與包容性的未來，實現長遠的永續願景。,E;S;G,Yes,未來，富邦人壽將繼續發揮企業影響力，結合環境保護、金融教育與社會關懷，深化公益參與，攜手各界共創更具包容性與韌性的永續未來，同時秉持不斷向前的精神，在永續發展的道路上持續精進，結合金融核心職能推動環境、社會及治理 (ESG) 行動，透過責任投資、數位創新及社會關懷，攜手各界共創更具韌性與包容性的未來，實現長遠的永續願景。,more_than_5_years,No,,,fubon,2881,9,https://esg.fubonlife.com.tw/esg-report,https://esg.fubonlife.com.tw/esg-report
11124,2016 年已全面完成國外協力廠商實地評鑑作業，執行結果全面合格，依照風險控管原則，因近期無重大風險事件，故 2024 年無針對國外協力廠商進行實地評鑑，未來如有必要時會再提出計畫執行國外協力廠商實地評鑑。,G,Yes,未來如有必要時會再提出計畫執行國外協力廠商實地評鑑。,between_2_and_5_years,Yes,2016 年已全面完成國外協力廠商實地評鑑作業，執行結果全面合格，依照風險控管原則，因近期無重大風險事件，故 2024 年無針對國外協力廠商進行實地評鑑，,Not Clear,unipresident,1216,31,https://esg.sp88.tw/upload/pj/202508071622071323.pdf,https://esg.sp88.tw/book.php
10057,中華電信持續以 360 度全方位視角推動數位包容行動，多年來持續投入企業資源，普及電信基礎建設，確保全民均享基本通訊權益。我們發揮在資通訊領域的專業與核心優勢，致力於縮小數位落差，開拓數位時代下的多元可能。以「縮短數位落差」及「創造數位機會」兩大社會投資主軸，投注心力推動「企業志工」參與在地社區服務，積極賦能當地社區，藉助數位科技創造更多機會。,S,Yes,中華電信持續以 360 度全方位視角推動數位包容行動，多年來持續投入企業資源，普及電信基礎建設，確保全民均享基本通訊權益。我,already,Yes,以「縮短數位落差」及「創造數位機會」兩大社會投資主軸，投注心力推動「企業志工」參與在地社區服務，積極賦能當地社區，藉助數位科技創造更多機會。,Not Clear,cht,2412,47,https://hsxn1sjvkgtdpixe.public.blob.vercel-storage.com/cht_2412_page_47.pdf,https://www.cht.com.tw/zh-tw/home/cht/esg
11563,世芯電子 2024 年溫室氣體排放總量 344.8469 tCO₂e (地域別) / 340.1069 tCO₂e (市場別)。其中，直接排放 (類別 1) 為 3.8211 tCO₂e，皆為逸散排放源 (冷媒、化糞池)，占整體排放量之 1.11%，因無生產製程，故無製程排放源；能源間接排放源 (類別 2) 方面，2024 年依據地區基準 (location-based) 計算的總排放量為 230.7351 tCO₂e，然而同年度已開始部分採購綠電，因此範疇二亦另依市場基準 (market-based) 計算排放量為 225.9951 tCO₂e。世芯主要來源為外購電力，占整體排放量之 66.91% (地域別) / 66.45% (市場別)。,E,No,,,,,,alchip,3661,53,https://www.alchip.com/upload/2025_12_30/3_202512301527131uw1v1jhM1.pdf,https://www.alchip.com/tw/About_Alchip/esg
10667,為更準確掌握利害關係人所評估衝擊的議題與中租控股的連結性，採用「雙重重大性」(Double Materiality) 原則進行永續議題重大性分析，並依循GRI 3：重大主題2021，邀請內部高階管理層評估永續議題實際和潛在的正、負面衝擊程度。最後依據利害關係人關注程度及永續議題衝擊程度調查結果，經內部分別針對永續議題之「影響重大性」與「財務重大性」討論，若永續議題具任一重大性即鑑別為重大議題。2023年之重大主題「人權」、「金融資產碳排放」、「生物多樣性與生態保育」三項，經重大主題評選與判定，2024年改為自訂重大主題。,G,Yes,4月28日,already,Yes,雙重重大性」(Double Materiality) 原則進行永續議題重大性分析，並,Clear,chailease,5871,20,https://hsxn1sjvkgtdpixe.public.blob.vercel-storage.com/chailease_5871_page_20.pdf,https://www.chaileaseholding.com/CSR/ReportDownload
11742,"從 2020 年起本公司支持行政院環境部海岸認養計畫，連續 4 年認養新北市淡水洲子灣（興化店）海岸線約 600 公尺，連續 2 年認養石門風箏公園海灘約 400 公尺，合計約 1,000 公尺。2024 年本公司舉辦 2 場淨灘活動，另響應壽險公會「為地球保險」串聯關懷臺東杉原海灣，總計舉辦 3 場淨灘活動，超過 200 位員工及客戶共襄盛舉、合力清除約 800 公斤的海岸垃圾，持續引領企業同仁與客戶前進海灘認識海廢議題，提升環境保護、永續及自身健康等意識。",E;S,Yes,持續引領企業同仁與客戶前進海灘認識海廢議題，提升環境保護、永續及自身健康等意識。,already,Yes,"從 2020 年起本公司支持行政院環境部海岸認養計畫，連續 4 年認養新北市淡水洲子灣（興化店）海岸線約 600 公尺，連續 2 年認養石門風箏公園海灘約 400 公尺，合計約 1,000 公尺。2024 年本公司舉辦 2 場淨灘活動，另響應壽險公會「為地球保險」串聯關懷臺東杉原海灣，總計舉辦 3 場淨灘活動，超過 200 位員工及客戶共襄盛舉、合力清除約 800 公斤的海岸垃圾，",Clear,fubon,2881,109,https://esg.fubonlife.com.tw/esg-report,https://esg.fubonlife.com.tw/esg-report
11293,電力供應業涵蓋多種發電類型，各自依賴、影響不同的自然資源。以火力發電業和核能電廠為例，發電過程需要以水冷卻，確保發電效率及供電穩定，因此仰賴穩定的水資源供給；離岸風電業需要穩定的全球氣候調節機制，以免極端天氣事件破壞發電設備及基礎建設。此外，發電業發電過程也會對生態系產生影響，例如風力發電的噪音則可能干擾周圍的魚群、海龜與候鳥的棲息環境。兆豐集團透過投融資組合的依賴與影響分析結果，選定電力供應業投融資對象優先分析自然風險與機會，並引用 TNFD 電力設備行業指引內容分析電力供應業各式發電類型投融資對象自然風險和機會對兆豐集團的財務影響。詳細內容請詳 2024 年氣候暨自然環境報告書。,E,No,,,,,,mega,2886,68,https://esg.megaholdings.com.tw/apifrontend/file/pdf/20250703140425535_%E5%85%86%E8%B1%90%E9%87%91%E6%8E%A72024%E6%B0%B8%E7%BA%8C%E5%A0%B1%E5%91%8A%E6%9B%B8_%E4%B8%AD%E6%96%87%E7%89%88.pdf,https://esg.megaholdings.com.tw/frontend/Download
10074,包含購置節能交通運具 (含電動車及油電混合車) 及電動機車。2019 年起與 Gogoro 合作，並於 2022 年 10 月底攜手 Gogoro 推出「台新銀行 Gogoro Rewards 聯名卡」，與客戶共同創造綠色生活，以行動實踐淨零未來；截至 2024 年底已有近 4 萬名車主申辦購買電動機車，信用卡簽帳金額近 35 億元。另也運用銀行內外廣宣資源，與策略夥伴合作傳遞電動車及綠能移動生活願景，鼓勵客戶加入永續交通的行列。,S,Yes,截至 2024 年底已有近 4 萬名車主申辦購買電動機車，信 ｜ 與策略夥伴合作傳遞電動車及綠能移動生活願景，鼓勵客戶加入永續交通的行列。,already,Yes,2019 年起與 Gogoro 合作，並於 2022 年 10 月底攜手 Gogoro 推出「台新銀行 Gogoro Rewards 聯名卡」，與客 ｜ 截至 2024 年底已有近 4 萬名車主申辦購買電動機車，信,Clear,taishin,2887,99,https://hsxn1sjvkgtdpixe.public.blob.vercel-storage.com/taishin_2887_page_99.pdf,https://www.tsholdings.com.tw/tsh/responsibility/report/
11858,第一金控於2011年經董事會通過設置「企業社會責任委員會」，並於2022年3月更名為「永續發展委員會」，為集團推動永續治理之核心組織，由董事長擔任主任委員，集團各公司總經理擔任委員下設「公司治理」、「責任金融」、「永續金融商品與服務」、「員工照護」、「環境永續」及「社會參與」六個小組，為跨公司之執行單位，各子公司亦由總經理指派其ESG專責單位，負責該公司各項ESG資訊之提供及溝通協調，主要團隊約92人(主任委員1人、委員8人、召集人2人、總幹事6人及各小組約75位組員)，以本公司行政管理處為事務單位，由7位專職人員負責集團永續發展規劃與推動，由上而下有效具體貫徹各項ESG年度目標。為順應國際ESG發展趨勢及法令之變革，深化集團永續發展政策之落實及執行，已將ESG綜合績效列入各子公司年度經營績效考評項目，確保ESG各項範疇年度目標之達成，並於2025年6月提升永續發展委員會為董事會之功能性委員會，由3位獨立董事擔任委員，金控總經理擔任永續長，持續精進永續治理作為。,G,Yes,為順應國際ESG發展趨勢及法令之變革， ｜ 持續精進永續治理作為。,already,Yes,於2011年經董事會通過設置「企業社會責任委員會」，並於2022年3月更名為「永續發展委員會」，為集團推動永續治理之核心組織，由董事長擔任主任委員，集團各公司總經理擔任委員下設「公司治理」、「責任金融」、「永續金融商品與服務」、「員工照護」、「環境永續」及「社會參與」六個小組，為跨公司之執行單位，各子公司亦由總經理指派其ESG專責單位，負責該公司各項ESG資訊之提供及溝通協調，主要團隊約92人(主任委員1人、委員8人、召集人2人、總幹事6人及各小組約75位組員)，以本公司行政管理處為事務單位，由7位專職人員負責集團永續發展規劃與推動，由上而下有效具體貫徹各項ESG年度目標。 ｜ 深化集團永續發展政策之落實及執行，已將ESG綜合績效列入各子公司年度經營績效考評項目，確保ESG各項範疇年度目標之達成，並於2025年6月提升永續發展委員會為董事會之功能性委員會，由3位獨立董事擔任委員，金控總經理擔任永續長，,Clear,ffhc,2892,7,https://csr.firstholding.com.tw/tc/doc/reports/20251631443101222245124_tc.pdf,https://csr.firstholding.com.tw/tc/csr_report.html
11454,投資對象若屬於高氣候風險產業，可能因能源法規變動、碳費徵收等因素使得營運成本增加，進而影響該公司之獲利能力，導致公司投資收益減少。另因國內碳費徵收及能源政策改變，可能使得營運據點之電費支出及碳成本增加。訂定高氣候風險產業限額，若經審慎評估後不易控制相關風險者，宜減少或避免承作。並持續取得 ISO14064-1:2018 溫室氣體盤查系統盤查認證，持續降低營運溫室氣體排放量。,E,Yes,持續降低營運溫室氣體排放量。,already,Yes,持續取得 ISO14064-1:2018 溫室氣體盤查系統盤查認證，,Clear,hnfhc,2880,60,https://www.hnfhc.com.tw/uploads/file/20250731170734721493.pdf,https://www.hnfhc.com.tw/HNFHC/csr/a.do?id=3b652cac56000000f6ca&parent_menu=2
11966,本公司訂有「誠信經營守則」、「誠信經營作業程序及行為指南」與「道德行為準則」等規範，內容涵蓋反貪腐與賄賂、競爭行為、利益衝突、檢舉制度等規範，適用範圍擴及於本公司之子公司、直接或間接捐助基金累計超過百分之五十之財團法人及其他具有實質控制能力之機構或法人等集團企業與組織。,G,No,,,,,,wiwynn,6669,35,https://www.wiwynn.com/hubfs/ESG/2025/files/Wiwynn_Sustainability_Report_ZH.pdf#pdfjs.action=download,https://www.wiwynn.com/zh/esg?srsltid=AfmBOorvFrT1ZHOSpBKt9v6gwVkwdiWT6ZYLhQDWqQ06r_frvS6qSFZM
11610,"依據科學基礎減碳目標（SBT）設定在自身營運面（範疇一加二）於 2032 年絕對排放量相較基準年 2021 年（約 27,738 公噸 CO₂e）減少 50.4% 之減量目標，平均每年減少 4.58%，故 2024 年減量目標為較 2021 年減少 13.75%。2024 年範疇一加二碳排放量約為 18,816 公噸 CO₂e，相較於基準年 2021 年約減少 32.16%，達成減量目標。  具體行動計畫：  1. 每年依據「ISO 14064-1 溫室氣體盤查」規範進行溫室氣體盤查，追蹤減碳成效並公開揭露於本公司永續報告書。  2. 導入「ISO 14001 環境管理系統」、「ISO 50001 能源管理系統」與「ISO 46001 水資源效率管理系統」，有效管理各項能資源耗用，減少碳排放量。  3. 結合政府節能診斷服務，推動節能減碳專案，且持續關閉閒置營運據點直立、橫式招牌及不必要之照明設備、汰換與減盞照明燈具及空調系統節能改善。  4. 鼓勵遠程洽公同仁共乘公務車或搭乘大眾運輸工具，並鼓勵優先採取視訊會議，以減少能資源消耗。  5. 累計 17 處據點完成設置太陽能板發電系統，2024 年實際總發電量達 484,618 度，另已轉供 793.41 萬度再生能源且已取得 7,965 張再生能源憑證。  6. 優先採用具環保標章、節能標章、省水標章與永續林業標章等環保產品。  7. 累計 15 處據點取得綠建築標章認證（5 鑽 2 銀 8 合格）。",E,Yes,"依據科學基礎減碳目標（SBT）設定在自身營運面（範疇一加二）於  ｜ 2032  ｜ 年絕對排放量相較基準年  2021  年（約 27,738 公噸  ｜ CO₂e）減少 50.4%之減量目標，",more_than_5_years,Yes,導入「ISO 14001 環境管理系統」、「ISO 50001 能源管理系統」與「ISO 46001 水資源效率管理系統」，,Clear,tcfhc,5880,188,https://esg.tcfhc.com.tw/uploads/download_item/download_file_zh/14/2024_ESG_REPORT_zh.pdf,https://esg.tcfhc.com.tw/report-download/
11730,台塑積極進行製程節能減碳改善，將投入使用零碳蒸汽、燃料油改燃料氣、餘熱發電、減壓發電等，約減碳 22.0 萬噸 CO₂e。另將視天然氣供應情形，適時增加燃氣鍋爐比例，並持續掌握國內外新興能源轉型對策，適時導入零碳應用，以達到 2050 年碳中和之長期目標。,E,Yes,台塑積極進行製程節能減碳改善，將投入使用零碳蒸汽、燃料油改燃料氣、餘熱發電、減壓發電等，,more_than_5_years,Yes,約減碳 22.0 萬噸 CO₂e。另將視天然氣供應情形，適時增加燃氣鍋爐比例，並持續掌握國內外新興能源轉型對策，適時導入零碳應用，以達到 2050 年碳中和之長期目標。,Clear,fpc,1301,87,https://www.fpg.com.tw/uploads/images/ESG/%E5%8F%B0%E5%A1%912024%E5%B9%B4%E6%B0%B8%E7%BA%8C%E5%A0%B1%E5%91%8A%E6%9B%B8.pdf,https://www.fpg.com.tw/esg/tw/download
10429,"2024 年統一企業總取水量為 4,592 百萬公升註，總耗水量為 1,317 百萬公升註，其中在取水量中各項來源用水的占比依序為地表水 8.09%、地下水 2.79%、自來水 89.12%。2024 年總排水量為 3,275 百萬公升，其中 4.02% 交由第三方進行處理，剩餘 95.98% 則於各廠放流口排出 ( 地表水 )。位於較高水源風險區之永康總廠與新市總廠之取水量占總取水量之 49.11%，排水量則占總排水量之 47.62%。2024 年度的取水密集度為 0.90 百萬公升 / 千萬元，已達成 2024 年目標，然而，受產能提升影響，整體取水量增加，使得取水密集度在 2024 年相較於 2023 年上升 1.12%。未來將持續優化水資源使用效率，並以取水密集度小於 1.00 百萬公升 / 千萬元 ( 營收 ) 為目標，加強水資源管理措施。",E,Yes,未來將持續優化水資源使用效率，並以取水密集度小於 1.00 百萬公升 / 千萬元 ( 營收 ) 為目標，加強水資源管理措施。,between_2_and_5_years,Yes,"2024 年統一企業總取水量為 4,592 百萬公升註，總耗水量為 1,317 百萬公升註，其中在取水量中各項來源用水的占比依序為地表水 8.09%、地下水 2.79%、自來水 89.12%。2024 年總排水量為 3,275 百萬公升，其中 4.02% 交由第三方進行處理，剩餘 95.98% 則於各廠放流口排出 ( 地表水 )。位於較高水源風險區之永康總廠與新市總廠之取水量占總取水量之 49.11%，排水量則占總排水量之 47.62%。2024 年度的取水密集度為 0.90 百萬公升 / 千萬元，已達成 2024 年目標，然而，受產能提升影響，整體取水量增加，使得取水密集度在 2024 年相較於 2023 年上升 1.12%。未",Clear,unipresident,1216,52,https://hsxn1sjvkgtdpixe.public.blob.vercel-storage.com/unipresident_1216_page_52.pdf,https://esg.sp88.tw/book.php
10906,對於個人檔案之安全維護及業務終止後個人資料處理方式，則依金融監督管理委員會訂立之《指定非公務機關個人資料檔案安全維護辦法》建立相關內部規範，並為防範個人資料遭不當存取之機制，已於各項相關作業規範或系統設置管控措施，藉以有效涵蓋對個人資料檔案安全防護，並對客戶之個人資料確保其權益及維護其資訊安全、隱密性等有關事項。,G,Yes,對客戶之個人資料確保其權益及維護其資訊安全、隱密性等有關事項。,already,Yes,依金融監督管理委員會訂立之《指定非公務機關個人資料檔案安全維護辦法》建立相關內部規範，,Clear,scsb,5876,59,https://hsxn1sjvkgtdpixe.public.blob.vercel-storage.com/scsb_5876_page_59.pdf,https://www.scsb.com.tw/content/csr/csr03_a.html
10277,"啟用台泥 DAKA 再生資源利用中心,每日最高處置200噸生活垃圾,運用處置過程產生的熱值替代部分燃料。中國大陸水泥廠合計每日生活垃圾處置量能600噸以上,作為替代燃料又避免垃圾囤積造成的甲烷問題。同時積極開發營建廢棄物處理服務,將建築拆除後的混凝土回收再利用。",E,No,,,,,,tcc,1101,15,https://hsxn1sjvkgtdpixe.public.blob.vercel-storage.com/tcc_1101_page_15.pdf,https://www.tccgroupholdings.com/tw/esgReport.html
11466,綠色製造是鴻海永續發展的核心戰略基石。面對全球氣候變遷挑戰，我們以科技賦能環保，驅動全價值鏈生態轉型：採用智能化工廠系統和尖端廢水處理技術，持續優化水資源循環利用效率；嚴格執行溫室氣體減排路徑，創新能源管理從而降低碳足跡；導入AI驅動的空氣污染防治機制，構建廢棄物資源化閉環體系；將生物多樣性評估納入廠區規劃，優先採購經認證的永續原材料，從源頭提升生態效益。作為負責任的全球科技製造領導者，鴻海將環境韌性深植企業DNA，矢志成為產業低碳轉型的標竿典範，為地球世代共榮擘畫永續藍圖。,E,Yes,持續優化水資源循環利用效率； ｜ 作為負責任的全球科技製造領導者，鴻海將環境韌性深植企業DNA，矢志成為產業低碳轉型的標竿典範，為地球世代共榮擘畫永續藍圖。,between_2_and_5_years,Yes,我們以科技賦能環保，驅動全價值鏈生態轉型：採用智能化工廠系統和尖端廢水處理技術， ｜ 嚴格執行溫室氣體減排路徑，創新能源管理從而降低碳足跡；導入AI驅動的空氣污染防治機制，構建廢棄物資源化閉環體系；將生物多樣性評估納入廠區規劃，優先採購經認證的永續原材料，從源頭提升生態效益。,Clear,honhai,2317,115,https://image.honhai.com/upload/202512/global/HH_SR_2024_-_Chinese_(HD)_-_04_Dec_(1)_20251231_7009.pdf,https://www.honhai.com/zh-tw/CSR
10734,投入新臺幣2億7500萬元於社會回饋公益專案  2024年持續投入現金、捐贈物資、志工人力、機票兌換券等資源於本公司公益四大主軸：安全扎根、觀光創生、體育藝文及社會公益,S,Yes,2024年持續投入現金、捐贈物資、志工人力、機票兌換券等資源於本公司公益四大主軸：安全扎根、觀光創生、體育藝文及社會公益,already,Yes,投入新臺幣2億7500萬元於社會回饋公益專案   ｜ 2024年持續投入現金、捐贈物資、志工人力、機票兌換券等資源於,Clear,tcc,1101,7,https://hsxn1sjvkgtdpixe.public.blob.vercel-storage.com/tcc_1101_page_7.pdf,https://www.tccgroupholdings.com/tw/esgReport.html
10978,2024 年持續與紅十字會進行捐血活動合作，讓辦公室變成挽袖的熱血基地，我們也支持關注兒童醫療並與地區兒童醫院合作，協助醫院宣傳及募款，支持加州的 CHOC (Children’s Health of Orange County)、St. Jude 兒童醫院 (St. Jude Children's Hospital)、辛辛那堤兒童醫院 (Cincinnati’s Children's Hospital)，關注重症孩童的醫療可近性。,S,Yes,2024 年持續與紅十字會進行捐血活動合作，讓,already,Yes,支持關注兒童醫療並與地區兒童醫院合作，協助醫院宣傳及募款，支持加州的 CHOC (Children’s Health of Orange County)、St. Jude 兒童醫院 (St. Jude Children's Hospital)、辛辛那堤兒童醫院 (Cincinnati’s Children's Hospital)，關注重症孩童的醫療可近性。,Clear,acl,2395,218,https://hsxn1sjvkgtdpixe.public.blob.vercel-storage.com/acl_2395_page_218.pdf,https://esg.advantech.com/zh-tw/downloads/sustainability-report
11751,本集團各公司對於員工之招募、甄試、進用、分發、職務歷練、薪酬福利、升遷、教育訓練及退休計劃，不因種族、階級、語言、思想、宗教、黨派、籍貫、出生地、性別、性傾向、年齡、婚姻、容貌、五官、身心障礙及工會身分等而有差異，並於「第一金融控股公司永續發展守則」第18條明定，各公司應遵循國際公認之勞動人權，如結社自由、集體協商權、關懷弱勢族群、禁用童工、消除各種形式之強迫勞動、消除僱傭與就業歧視等，落實工作平權，並於人事規章中明定並落實不聘用未滿16歲者為員工及非員工工作者(含勤務員、保全、保養及清潔人員)，且遵循勞動基準法，不以強暴、脅迫、拘禁或其他非法之方式強制勞工從事勞動。,S,Yes,對於員工之招募、甄試、進用、分發、職務歷練、薪酬福利、升遷、教育訓練及退休計劃，不因種族、階級、語言、思想、宗教、黨派、籍貫、出生地、性別、性傾向、年齡、婚姻、容貌、五官、身心障礙及工會身分等而有差異，並於「第一金融控股公司永續發展守則」第18條明定，各公司應遵循國際公認之勞動人權，如結社自由、集體協商權、關懷弱勢族群、禁用童工、消除各種形式之強迫勞動、消除僱傭與就業歧視等，落實工作平權，,already,Yes,於人事規章中明定並落實不聘用未滿16歲者為員工及非員工工作者(含勤務員、保全、保養及清潔人員)，且遵循勞動基準法，不以強暴、脅迫、拘禁或其他非法之方式強制勞工從事勞動。,Clear,ffhc,2892,103,https://csr.firstholding.com.tw/tc/doc/reports/20251631443101222245124_tc.pdf,https://csr.firstholding.com.tw/tc/csr_report.html
10417,2024 年持續訂定職業安全衛生行動計畫，消除職業安全衛生危害，降低營運風險，第一項行動計畫為持續維持法令規範所需編制之急救人員，並使其接受急救人員之安全衛生教育訓練，確保急救人員證照皆在有效期限內；第二項行動計畫則不定時執行現場查核，落實大樓消防設備準備檢查，符合法規要求。,S,Yes,計畫為持續維持法令規範所需編制之急救人員，並,between_2_and_5_years,Yes,2024 年持續訂定職業安全衛生行動計畫，消除職業安全衛生危害，降低營運風險，,Clear,taishin,2887,146,https://hsxn1sjvkgtdpixe.public.blob.vercel-storage.com/taishin_2887_page_146.pdf,https://www.tsholdings.com.tw/tsh/responsibility/report/
10983,2024 年由檢舉管道及非檢舉管道受理之案件合計 92 件，共計 0 件違反誠信經營相關案件，皆為非屬重大之違反內部規範案件、消費爭議事件或與銀行業務無關之情事。在收到檢舉立即由法令遵循處受理，並由總經理指派適合調查單位，在兼顧檢舉人身分保密前提下，將相關調查結果向總經理報告並通知被檢舉人單位主管，相關執行情形並將提報至公司治理暨提名委員會及董事會。,G,No,,,,,,esfh,2884,112,https://hsxn1sjvkgtdpixe.public.blob.vercel-storage.com/esfh_2884_page_112.pdf,https://www.esunfhc.com/zh-tw/esg/resource-center/report
10326,為提供身心障礙人士更優質且便利的網路金融服務，合庫銀行除提供真人文字客服外，官網、網路 ATM 及簡易功能 eATM 皆已取得數位發展部網站無障礙規範 2.1 版「AA」等級標章，友善個人網銀更進階取得無障礙規範 2.1 版「AAA」等級標章，友善行動網銀亦取得無障礙團體檢測合格證書，以符合身心障礙客戶所需之操作功能和介面，並提供可線上申辦 ATM 跨行提款手續費減免 3 次之優惠，另亦可透過網路銀行、行動網銀等多種管道辦理信用卡之申請、開卡、掛失等服務。,S,Yes,為提供身心障礙人士更優質且便利的網路金融服務，,already,Yes,合庫銀行除提供真人文字客服外，官網、網路 ATM 及簡易功能 eATM 皆已取得數位發展部網站無障礙規範 2.1 版「AA」等級標章，友善個人網銀更進階取得無障礙規範 2.1 版「AAA」等級標章，友善行動網銀亦取得無障礙團體檢測合格證書，以符合身心障礙客戶所需之操作功能和介面，並提供可線上申辦 ATM 跨行提款手續費減免 3 次之優惠，另亦可透過網路銀行、行動網銀等多種管道辦理信用卡之申請、開卡、掛失等服務。,Clear,tcfhc,5880,101,https://hsxn1sjvkgtdpixe.public.blob.vercel-storage.com/tcfhc_5880_page_101.pdf,https://esg.tcfhc.com.tw/report-download/
11222,水資源使用管理方面，我們持續節水改善及推動循環經濟，目標每年單位目標用水量減少 5%。在邁向零廢水排放方面，目標 2030 年較 2020 年基準年減少 15%，並於 2050 年達成廢水零排放。為因應限水風險，我們已執行相關對策，將限水影響降至最低。,E,Yes,水資源使用管理方面，我們持續節水改善及推動循環經濟， ｜ 目標每年單位目標用水量減少 5%。在邁向零廢水排放方面，目標 2030 年較 2020 年基準年減少 15%，並於 2050 年達成廢水零排放。為因應限水風險，我們已執行相關對策，將限水影響降至最低。,more_than_5_years,Yes,持續節水改善及推動循環經濟， ｜ 目標每年單位目標用水量減少 5%。在邁向零廢水排放方面，目標 2030 年較 2020 年基準年減少 15%，並於 2050 年達成廢水零排放。為因應限水風險，我們已執行相關對策，將限水影響降至最低。,Clear,fpc,1301,92,https://www.fpg.com.tw/uploads/images/ESG/%E5%8F%B0%E5%A1%912024%E5%B9%B4%E6%B0%B8%E7%BA%8C%E5%A0%B1%E5%91%8A%E6%9B%B8.pdf,https://www.fpg.com.tw/esg/tw/download
90036,台泥致力打造安全工作環境，於工安績效追蹤中，各事業體依當地法規通報標準自報工時與事故件數，部分僅需門診或短期休養之傷害未納入集團工傷統計。「損失工時事故」則限於連續休假達特定天數以上之案件，輕傷事件經輪班或職務調整後不列入該指標。CIMPOR 與 OYAK CEMENT 數據以部分場址試算結果呈現集團趨勢，計算基礎差異與資料缺漏列於圖表註腳。,S,Yes,台泥致力打造安全工作環境，,between_2_and_5_years,Yes,於工安績效追蹤中，各事業體依當地法規通報標準自報工時與事故件數，部分僅需門診或短期休養之傷害未納入集團工傷統計。「損失工時事故」則限於連續休假達特定天數以上之案件，輕傷事件經輪班或職務調整後不列入該指標。CIMPOR 與 OYAK CEMENT 數據以部分場址試算結果呈現集團趨勢，計算基礎差異與資料缺漏列於圖表註腳。,Misleading,tcc,1101,173,https://hsxn1sjvkgtdpixe.public.blob.vercel-storage.com/tcc_1101_page_173.pdf,https://www.tccgroupholdings.com/tw/esgReport.html
11297,"長榮航空持續推動 EAP 員工協助專案及航醫中心體檢規則，以提供飛航組員健康協助及輔導關懷。為提高較以往更高安全裕度、效率、友善組員參與(Bidding)及實時監控(Real Time Tracking)的組員班表，於2013年建置組員排班系統(Crew Management System, CMS)，配合原有的飛航資訊系統(Flight Information System, FIS)及組員資料管理系統(Crew Record Management)。",S,Yes,長榮航空持續推動 EAP 員工協助專案及航醫中心體檢規則，以提供飛航組員健康協助及輔導關懷。,between_2_and_5_years,Yes,"為提高較以往更高安全裕度、效率、友善組員參與(Bidding)及實時監控(Real Time Tracking)的組員班表，於2013年建置組員排班系統(Crew Management System, CMS)，配合原有的飛航資訊系統(Flight Information System, FIS)及組員資料管理系統(Crew Record Management)。",Not Clear,emc,2603,66,https://www.evacsr.com/archive/doc/download/EVA_CSR_CH_2024.pdf,https://www.evacsr.com/
11338,鴻海為在2050年前實現淨零排放，從2021年起訂定科學碳減排目標並計算碳足跡。超過80%的碳排放來自範疇三，主要為生產原物料和服務，排放量約1712.8萬噸CO₂e。為減少供應鏈碳排放，鴻海推動供應商碳減排計劃，鼓勵合作夥伴共同努力，並將範疇三減排目標傳達給供應商，要求關鍵供應商於2030年前達成42%減排。,E,Yes,鴻海為在2050年前實現淨零排放，從2021年起訂定科學碳減排目標並計算碳足跡。,more_than_5_years,Yes,為減少供應鏈碳排放，鴻海推動供應商碳減排計劃，鼓勵合作夥伴共同努力，並將範疇三減排目標傳達給供應商，要求關鍵供應商於2030年前達成42%減排。,Clear,honhai,2317,163,https://image.honhai.com/upload/202512/global/HH_SR_2024_-_Chinese_(HD)_-_04_Dec_(1)_20251231_7009.pdf,https://www.honhai.com/zh-tw/CSR
11245,為了一步支持員工的工作與家庭平衡，富邦人壽提供優渥的生育與育兒補助，包括新生兒每胎補助 10 萬元、6 歲以下子女每年 2.4 萬元的育兒津貼，並提供優於法定標準的產假、產檢假、陪產檢及陪產假，確保所有家庭型態均能獲得相同支持，其中也涵蓋同婚配偶。這些措施獲得「台灣企業永續獎 – 職場福祉領袖獎」，以及部分縣市幸福職場獎項肯定，顯示富邦人壽強化員工福利與營造友善工作環境的堅定信念，已在全臺各地落實。,S,Yes,為了一步支持員工的工作與家庭平衡，,already,Yes,富邦人壽提供優渥的生育與育兒補助，包括新生兒每胎補助 10 萬元、6 歲以下子女每年 2.4 萬元的育兒津貼，並提供優於法定標準的產假、產檢假、陪產檢及陪產假，確保所有家庭型態均能獲得相同支持，其中也涵蓋同婚配偶。這些措施獲得「台灣企業永續獎 – 職場福祉領袖獎」，以及部分縣市幸福職場獎項肯定，顯示富邦人壽強化員工福利與營造友善工作環境的堅定信念，已在全臺各地落實。,Clear,fubon,2881,8,https://esg.fubonlife.com.tw/esg-report,https://esg.fubonlife.com.tw/esg-report
10518,日月光投控承諾持續提升原料利用率與資源再循環，以及減少溫室氣體與廢水排放、廢棄物產生和化學品使用，來改善我們的生態效益並保護環境。極力追求發展及促進全方位環保製造與服務概念，從原物料採購、設計開發、生產製造、產品使用與廢棄，我們將生命週期中的各階段環境衝擊因子納入考量，提供對環境最友善的綠色製造服務。,E,Yes,日月光投控承諾持續提升原料利用率與資源再循環，以及減少溫室氣體與廢水排放、廢棄物產生和化學品使用，來改善我們的生態效益並保護環境。 ｜ 。極力追求發展及促進全方位環保製造與服務概念，從原物料採購、設計開發、生產製造、產品使用與廢棄，我們將生命週期中的各階段環境衝擊因子納入考量，提供對環境最友善的綠色製造服務。 ｜ 。,already,No,,,aseh,3711,88,https://hsxn1sjvkgtdpixe.public.blob.vercel-storage.com/aseh_3711_page_88.pdf,https://www.aseglobal.com/ch/csr/csr-download/
10300,"台積電文教基金會自民國 109 年起舉辦「女科學家之旅」活動，持續獲得熱烈迴響，民國 113 年超過 1,000 名女性學子參與；此外結合「挺身而進，成就更好的妳」職涯講座，邀請已畢業的女性校友與學子分享產業趨勢及個人成長經驗，啟發其對 STEM 的興趣，吸引逾 3,000 名女性學子參與。為進一步加速培育未來女性科技研發人才，台積公司與 18 所學校合作設立「女高中生獎學金」，提供充足支持與資源，鼓勵更多女性學子投身 STEM 領域。",S,Yes,培育未來女性科技研發人才，,already,Yes,"台積電文教基金會自民國 109 年起舉辦「女科學家之旅」活動，持續獲得熱烈迴響，民國 113 年超過 1,000 名女性學子參與；此外結合「挺身而進，成就更好的妳」職涯講座，邀請已畢業的女性校友與學子分享產業趨勢及個人成長經驗，啟發其對 STEM 的興趣，吸引逾 3,000 名女性學子參與。為 ｜ 台積公司與 18 所學校合作設立「女高中生獎學金」，提供充足支持與資源，鼓勵更多女性學子投身 STEM 領域。",Clear,tsmc,2330,63,https://hsxn1sjvkgtdpixe.public.blob.vercel-storage.com/tsmc_2330_page_63.pdf,https://esg.tsmc.com/zh-Hant/resources/ESG-data-hub?tab=reportbuilder
11323,"台灣永續能源研究基金會以關注氣候變遷、永續能源、企業永續、大學永續、聯合國永續發展目標 (SDGs) 與健康永續推廣為六大重點目標，致力推廣台灣永續工作與世界接軌，重點工作包括政策倡議、永續發展教育推廣、國際交流、主辦台灣企業永續獎等。日月光投控為會員，並與 TAISE 共同發起「台灣淨零行動聯盟」，提出「淨零排放 2030/2050 (Net Zero X 2030/2050)」倡議，協助推動台灣達成淨零排放目標。2024 年重要倡議與活動如下：  1. 舉辦「台灣淨零政策與行動系列論壇」：透過定期論壇，促進各界展開對話，互通邁向淨零的實踐作法，一同落實淨零轉型。  2. 推動「淨零標章」認證：鼓勵產官學研各界申請「淨零標章」，透過節能措施、製程改善、能源替代、森林管理、碳捕捉與封存等方式及利用碳權抵換達成淨零目標，經由承諾計畫書及達成淨零兩階段，號召組織機構率先推動辦公室據點於 2030 年前、生產與服務據點於 2050 年前達成淨零目標。  3. 舉辦「2024 亞太永續行動博覽會」：呼應全球永續熱潮，博覽會主題訂為「潮・永續」，透過展覽內容與各項活動，引領淨零排放、低碳城市、循環經濟、永續時尚、人才培育、永續行動和國際合作夥伴等七大潮流，提升經濟產值與台灣的永續軟實力，共集結 153 家國際廠商與機構參展，日月光投控也於博覽會中參展分享「智慧永續工廠與封測基台白皮書」、「生物多樣性保育」、「社會創新人才培育與長照關懷」、「淨零排放」、「海域守護」、「環願山林」等六大永續亮點成果，本次博覽會參觀人數超過 35,000 人次，結合跨領域永續行動成果與能量，引起各界迴響。",E,Yes,日月光投控為會員，並與 TAISE 共同發起「台灣淨零行動聯盟」，提出「淨零排放 2030/2050 (Net Zero X 2030/2050)」倡議，協助推動台灣達成淨零排放目標。,more_than_5_years,Yes,"1. 舉辦「台灣淨零政策與行動系列論壇」：透過定期論壇，促進各界展開對話，互通邁向淨零的實踐作法，一同落實淨零轉型。  2. 推動「淨零標章」認證：鼓勵產官學研各界申請「淨零標章」，透過節能措施、製程改善、能源替代、森林管理、碳捕捉與封存等方式及利用碳權抵換達成淨零目標，經由承諾計畫書及達成淨零兩階段，號召組織機構率先推動辦公室據點於 2030 年前、生產與服務據點於 2050 年前達成淨零目標。  3. 舉辦「2024 亞太永續行動博覽會」：呼應全球永續熱潮，博覽會主題訂為「潮・永續」，透過展覽內容與各項活動，引領淨零排放、低碳城市、循環經濟、永續時尚、人才培育、永續行動和國際合作夥伴等七大潮流，提升經濟產值與台灣的永續軟實力，共集結 153 家國際廠商與機構參展，日月光投控也於博覽會中參展分享「智慧永續工廠與封測基台白皮書」、「生物多樣性保育」、「社會創新人才培育與長照關懷」、「淨零排放」、「海域守護」、「環願山林」等六大永續亮點成果，本次博覽會參觀人數超過 35,000 人次，結合跨領域永續行動成果與能量，引起各界迴響。",Clear,alchip,3661,237,https://www.alchip.com/upload/2025_12_30/3_202512301527131uw1v1jhM1.pdf,https://www.alchip.com/tw/About_Alchip/esg
10792,為落實公司風險管理方式，由風險管理委員會整合相關管控機制；共包含三級運作機制及監督機制。風險管理委員會將經營風險議題中攸關ESG議題，提報永續發展委員會。永續發展小組將ESG議題題中攸關經營風險議題，提報風險管理委員會，2024年提報議持續參考國際標竿企業風險鑑別流程，提報風險分析結果報告、發行電信業首本TNFD報告書，永續資訊納入內稽內控制度進度報告。,G,Yes,1月28日,already,Yes,2024年提報議持續參考國際標竿企業風險鑑別流程，提報風險分析結果報告、發行電信業首本TNFD報告書，永續資訊納入內稽內控制度進度報告。,Clear,twm,3045,73,https://hsxn1sjvkgtdpixe.public.blob.vercel-storage.com/twm_3045_page_73.pdf,https://corp.taiwanmobile.com/esg/esg-report.html
11431,考量近年股本及獲利成長能力、各項財務指標及同業獲利排名，訂定中長期獲利提升計畫，股利發放政策除綜合評估各項財務比率，將朝適度調控股本及保留盈餘方向，以維持財務健全及企業永續經營。,G,Yes,考量近年股本及獲利成長能力、各項財務指標及同業獲利排名， 訂定中長期獲利提升計畫，,already,No,,,hnfhc,2880,68,https://www.hnfhc.com.tw/uploads/file/20250731170734721493.pdf,https://www.hnfhc.com.tw/HNFHC/csr/a.do?id=3b652cac56000000f6ca&parent_menu=2
10153,"2024 年「以房養老」貸款核准額度 3,296 人次，當年度有效核准總額度較 2023 年成長約 90%，較 2022 年成長約 149%；累積承作核准額度 達 349 億元，核准額度連續更新達 13.62 億元。",S,No,,,,,,mega,2886,95,https://hsxn1sjvkgtdpixe.public.blob.vercel-storage.com/mega_2886_page_95.pdf,https://esg.megaholdings.com.tw/frontend/Download
11654,為全面了解供應商在永續作為的落實程度，緯創採取多元稽核方式，包括書面稽核與現場稽核，現場稽核進一步細分為二者稽核、三者稽核以及依據產業標準稽核。緯創也設定當年度目標及 2030 年的長期目標，為供應鏈短期和長期的永續推動訂下明確的方向，逐步往前推進。,S,Yes,緯創也設定當年度目標及  ｜ 2030  ｜ 年的長期目標，為供應鏈短期和長期的永續推動訂下明確的方向，逐步往前推進。,more_than_5_years,Yes,採取多元稽核方式，包括書面稽核與現場稽核，現場稽核進一步細分為二者稽核、三者稽核以及依據產業標準稽核。,Clear,wistron,3231,246,https://esg.wistron.com/ch/report-download/esg/NoakpM47xGKX/2024SustainabilityReportCH.pdf,https://esg.wistron.com/ch/report-download
10894,自 2011 年起，每年度發行非財務資訊報告書。2025 年 7 月發布「國泰金控 2024 年永續報告書」，呈現 2024 年度 (1 / 1 ~ 12 / 31) 國泰金控於經濟、環境 (E)、社會 (S)、治理 (G) 的績效表現，期使所有國泰的利害關係人與社會大眾，了解國泰於各議題所做的努力。國泰金控歷年的永續報告書中英文版，可以於官網「企業永續」專區下載。上一版本發行日期為 2024 年 7 月，下一版本發行日期預計為 2026 年 7 月。,E;S;G,Yes,期使所有國泰的利害關係人與社會大眾，了解國泰於各議題所做的努力。,already,Yes,自 2011 年起，每年度發行非財務資訊報告書。2025 年 7 月發布「國泰金控 2024 年永續報告書」，呈現 2024 年度 (1 / 1 ~ 12 / 31) 國泰金控於經濟、環境 (E)、社會 (S)、治理 (G) 的績效表現，,Clear,cathay,2882,193,https://hsxn1sjvkgtdpixe.public.blob.vercel-storage.com/cathay_2882_page_193.pdf,https://www.cathayholdings.com/holdings/esg/reports/reports_download
11508,為保障員工工作與生活，合庫依法為員工投保勞保、全民健保、員工團體意外傷害保險等，使員工於執行公務期間能獲得照顧，其眷屬亦可加入團體保險。員工退休或資遣時，則依「員工退休撫卹及資遣辦法」辦理，職工福利委員會亦提供相關補助。針對員工退休後之生活，合庫則依「勞動基準法」、「勞工退休金條例」等規定訂定員工退休制度，按月提繳每位員工投保薪資之 6% 為勞工退休金，使員工退休生活享有所保障。,S,Yes,為保障員工工作與生活，合庫依法為員工投保勞保、全民健保、員工團體意外傷害保險等，使員工於執行公務期間能獲得照顧，其眷屬亦可加入團體保險。,already,Yes,員工退休或資遣時，則依「員工退休撫卹及資遣辦法」辦理，職工福利委員會亦提供相關補助。針對員工退休後之生活，合庫則依「勞動基準法」、「勞工退休金條例」等規定訂定員工退休制度，按月提繳每位員工投保薪資之 6% 為勞工退休金，使員工退休生活享有所保障。,Clear,tcfhc,5880,116,https://esg.tcfhc.com.tw/uploads/download_item/download_file_zh/14/2024_ESG_REPORT_zh.pdf,https://esg.tcfhc.com.tw/report-download/
11686,2024 年度研華公司的有效稅率及現金稅率分別為 19.01% 與 36.34%，而過去兩年的平均有效稅率及現金稅率分別為 18.83% 與 30.13%。兩者皆高於 2024 年 S&P Global CSA Handbook 發布的「科技硬體與設備」產業的平均有效稅率 15.39% 及現金稅率 15.09%。,G,No,,,,,,acl,2395,39,https://advcloudfiles.advantech.com/csr/Report/2024ESG.pdf,https://esg.advantech.com/zh-tw/downloads/sustainability-report
11061,"身為臺灣永續金融先行者，在追求企業永續發展之際，更要為環境社會創造長期價值。中信金控積極響應聯合國永續發展目標 (Sustainable Development Goals, SDGs)，不僅率先同業加入碳核算金融聯盟 (Partnership for Carbon Accounting and Financials, PCAF)，成為臺灣首家公開揭露財務碳排量的金融業者，身為 PCAF 亞太區主席，中國信託積極與國內外同業分享永續倡議及方法學，2024 年亞太區金融機構會員增加至 137 家，年成長近三成；中信金控更是全臺第一家發布自然相關財務揭露 (The Taskforce on Nature-related Financial Disclosures, TNFD) 報告書的企業，我們充分掌握自然資本的風險和機會，高標準要求自己，降低營運對氣候自然的負面影響，守護生物多樣性。",E,Yes,身為臺灣永續金融先行者，在追求企業永續發展之際，更要為環境社會創造長期價值。,already,Yes,"率先同業加入碳核算金融聯盟 (Partnership for Carbon Accounting and Financials, PCAF)，成為臺灣首家公開揭露財務碳排量的金融業者， ｜ 身為 PCAF 亞太區主席，中國信託積極與國內外同業分享永續倡議及方法學，2024 年亞太區金融機構會員增加至 137 家，年成長近三成；中信金控更是全臺第一家發布自然相關財務揭露 (The Taskforce on Nature-related Financial Disclosures, TNFD) 報告書的企業，",Clear,ctbc,2891,5,https://media-ctbc.todayir.com/pdf/esg_report/2024/2024_Sustainability_Report_CN.pdf,https://ir.ctbcholding.com/c/esg_reports
10544,台積公司與國內外多所大學密切合作，投入涵蓋先進半導體材料、元件、製程、設備、封裝技術、綠色製造、電路設計等領域的產學計畫，與 11 所國內大學及 31 所海外大學、共計 319 名教授執行 391 件產學合作專案；自民國 102 年以來，已累計提出 311 件美國專利申請。,S,Yes,台積公司與國內外多所大學密切合作，投入涵蓋先進半導體材料、元件、製程、設備、封裝技術、綠色製造、電路設計等領域的產學計畫，,already,Yes,與 11 所國內大學及 31 所海外大學、共計 319 名教授執行 391 件產學合作專案；自民國 102 年以來，已累計提出 311 件美國專利申請。,Clear,tsmc,2330,64,https://hsxn1sjvkgtdpixe.public.blob.vercel-storage.com/tsmc_2330_page_64.pdf,https://esg.tsmc.com/zh-Hant/resources/ESG-data-hub?tab=reportbuilder
11260,計畫內容緊扣聯合國永續發展目標SDG 4(優質教育)、SDG 10(減少不平等)與SDG 17(強化全球夥伴關係)，落實教育創新的多元價值。其推動策略包括提供跨校共備平台、教師工作坊與社群交流資源，並鼓勵學校教師結合在地議題與教學情境，設計具社會意義的學習任務，引導學生進行實作與反思，發展多面向的學習能力與問題解決能力。特別是在SDG 10減少不平等議題方面，計畫亦支持資源較為不足地區的教師個人參與，協助其發展特色課程，確保城鄉學生皆能接觸創新與包容的教育資源。,S,Yes,計畫內容緊扣聯合國永續發展目標SDG 4(優質教育)、SDG 10(減少不平等)與SDG 17(強化全球夥伴關係)，落實教育創新的多元價值。,between_2_and_5_years,Yes,其推動策略包括提供跨校共備平台、教師工作坊與社群交流資源，並鼓勵學校教師結合在地議題與教學情境，設計具社會意義的學習任務，引導學生進行實作與反思，發展多面向的學習能力與問題解決能力。,Clear,qci,2382,149,https://www.quantatw.com/quanta/ESG/CH/Quanta_ESG_CN_2024.pdf,https://www.quantatw.com/quanta/chinese/esg/csrreport.aspx
10196,"2024年，奇鋐科技在生產運營過程中產生的廢棄物總量為17,195.72噸，廢棄物排放強度¹為0.24，因越南廠產能上升，所以總量較2023年有所上升。其中一般廢棄物15,385.73噸，佔比為89%；危險廢棄物1,809.99噸，佔比為11%。在廢棄物削減上，公司轉化率目標為2030年達到90%。報告週期內，透過廠內外再製轉換的回收利用廢棄物累計14,142.82噸，2024年實際達成之轉化率為82.25%。",E,Yes,公司轉化率目標為2030年達到90%。,longer_than_5_years,Yes,"報告週期內，透過廠內外再製轉換的回收利用廢棄物累計14,142.82噸，2024年實際達成之轉化率為82.25%。",Clear,avc,3017,82,https://hsxn1sjvkgtdpixe.public.blob.vercel-storage.com/avc_3017_page_82.pdf,https://www.avc.co/zh-tw/CorporateResponsibility/CorporateCSR
11841,我們的永續發展策略圍繞著企業經營核心「安全、服務、永續」，透過核心業務與 ESG 連結，將六大永續策略主軸聚焦 13 項 SDGs，期望提供更安全的飛行保障、更永續的環境措施、更優質的客戶服務以及更友善的職場環境，攜手利害關係人共同打造永續飛航的服務環境，成為全球影響力與指標性兼具的航空公司。,G,No,,,,,,emc,2603,24,https://www.evacsr.com/archive/doc/download/EVA_CSR_CH_2024.pdf,https://www.evacsr.com/
11018,由於半導體產業為高科技行業，需擁有充沛的科技研究與跨領域研發人才，掌握多數的專業技能與就業機會，讓才能持續加入半導體產業，以持續提升青年就業能力，並培養未來員工的知識與技能，持續發展企業人力資本價值。主要驅動核心營運因素：培育未來潛在人才(員工)，提升人力資本價值；發展下一世代半導體技術及材料。,S,Yes,培育未來潛在人才(員工)，提升人力資本價值；發展下一世代半導體技術及材料。,between_2_and_5_years,No,,,aseh,3711,217,https://www.aseglobal.com/ch/pdf/aseh-2024-csr-ch-final.pdf,https://www.aseglobal.com/ch/csr/csr-download/
10581,"聯詠科技貫徹誠信經營理念且持續完善公司治理架構,以落實有效的公司治理運作,並精進研發創新,實踐企業永續經營責任及提升公司經營績效。",G,Yes,"聯詠科技貫徹誠信經營理念且持續完善公司治理架構,",already,No,,,novatek,3034,31,https://hsxn1sjvkgtdpixe.public.blob.vercel-storage.com/novatek_3034_page_31.pdf,https://esg.novatek.com.tw/zh-tw
11059,太陽能廠過去常使用除草劑抑制雜草，而對生態系造成傷害。台泥綠能與英德廠採用羊電共生方式，以山羊進行除草，進低成本也供其免費飼料。在確保設備安全後，台泥於2024年在彰濱廠啟動羊電共生，並於2025年增設產房、遮雨棚及高架隔柵地板。  英德廠也於2024年開始羊電共生，並與當地牧民合作，減輕年長牧羊人的負擔及其他土地過度放牧的壓力。無農藥的方式使山羊更健康、瘦肉更多，使其身家可達市價的1.6倍。放牧的羊隻數量控管在土地承載範圍內，避免過度放牧。羊糞改善土壤，形成免費飼料與肥料的良性循環，促進永續土地利用。,E,No,,,,,,tcc,1101,155,https://media.taiwancement.com/web_tcc/comm/pdf/Sustainability_Report/2024/TW/%E5%8F%B0%E6%B3%A52024%E5%B9%B4%E6%B0%B8%E7%BA%8C%E5%A0%B1%E5%91%8A%E6%9B%B8.pdf,https://www.tccgroupholdings.com/tw/esgReport.html
11983,2. 完善企業永續風險管理架構與執行  ● 建構涵蓋環境、社會與治理的風險識別與應變機制。  ● 應對地緣政治、通膨與能源等複合性風險。  ● 建立營運持續計畫書 (BCP)，提升供應鏈韌性與內部風險控管。,G,Yes,完善企業永續風險管理架構與執行  ● 建構涵蓋環境、社會與治理的風險識別與應變機制。  ● 應對地緣政治、通膨與能源等複合性風險。  ● 建立營運持續計畫書 (BCP)，提升供應鏈韌性與內部風險控管。,between_2_and_5_years,No,,,qci,2382,47,https://www.quantatw.com/quanta/ESG/CH/Quanta_ESG_CN_2024.pdf,https://www.quantatw.com/quanta/chinese/esg/csrreport.aspx
10612,"攜手上、下游進行技術開發，共創 ESG 解決方案，節能技術經核算，銷售產品中八項具代表性的機型，其產品生命週期運轉可為下游客戶帶來總計 47,947,184 度電的節電效益，相當於減少 23,686 噸二氧化碳當量。目前已導入再生塑料、再生鋼、再生鋁以及再生 EPE，估算 2024 年減少 5,250.581 噸 CO₂e 排放量。",E,No,,,,,,wiwynn,6669,77,https://hsxn1sjvkgtdpixe.public.blob.vercel-storage.com/wiwynn_6669_page_77.pdf,https://www.wiwynn.com/zh/esg?srsltid=AfmBOorvFrT1ZHOSpBKt9v6gwVkwdiWT6ZYLhQDWqQ06r_frvS6qSFZM
10963,為有效推動資訊安全運作，爰依據本公司「資訊安全政策」設置「資訊安全委員會」，由具備金融IT管理經歷之董事長擔任主席，負責掌理公司資訊安全推動及治理、資安風險監督管理、資安權責分工及協調等事宜，並作為各子公司資訊安全規範與措施之遵循依據，該委員會每年至少召開會議一次，並得視需要隨時召開會議，重大決議會向董事會報告。依據「公開發行公司建立內部控制制度處理準則」設置資安長、資安主管職位，由具資安專業職能人員由副主任委員擔任，與資安專責單位一同負責資訊安全規劃、與合規遵循、資安分析監控、威脅與弱點管理、事件應變等工作，配合資訊系統規模的持續發展，結合資訊安全藍圖規劃，每年檢視評估資安專責單位投入資源、職能專業與擴編需求。,G,Yes,會每年至少召開會議一次， ｜ 每年檢視評估資安專責單位投入資源、職能專業與擴編需求。,longer_than_5_years,Yes,據本公司「資訊安全政策」設置「資訊安全委員會」，由具備金融IT管理經歷之董事長擔任主席，負責掌理公司資訊安全推動及治理、資安風險監督管理、資安權責分工及協調等事宜， ｜ 「公開發行公司建立內部控制制度處理準則」設置資安長、資安主管職位，由具資安專業職能人員由副主任委員擔任，與資安專責單位一同負責資訊安全規劃、與合規遵循、資安分析監控、威脅與弱點管理、事件應變等工作，配合資訊系統規模的持續發展，結合資訊安全藍圖規劃，,Clear,chailease,5871,101,https://hsxn1sjvkgtdpixe.public.blob.vercel-storage.com/chailease_5871_page_101.pdf,https://www.chaileaseholding.com/CSR/ReportDownload
10868,隨著全球對於企業永續發展議題的重視，永續報導的趨勢已由自願性的永續報告書走向強制的法定報告，國際永續準則委員會 (ISSB) 在 2023 年公告 IFRS 永續相關財務資訊揭露準則 (IFRS S1&S2)，提供國際一致適用之揭露規範，增加永續資訊之可比較性並防止漂綠。台灣金管會在同年宣布以直接採用方式接軌，透過證交所要求上市櫃公司導入相關準則。  為了回應這一要求，日月光投控在 2024 年指派財務長及永續長擔任導入專案負責人，成立投控暨旗下子公司的跨集團專案小組，包含風控、永續、財務、內控稽核等功能單位，透過全面審視分析現況與準則的差距，整合既有企業風險管理 (ERM) 機制進行永續相關風險機會的管理，設定管理目標並執行因應策略，蒐集相應永續財務資訊進行報導揭露的準備。此外，也針對永續資訊管理強化內部控制制度，強化編制與作業流程，包含蒐集、紀錄、處理、編製、調節、核准及發布，確保永續資訊揭露之可信度。  日月光投控將於 2027 年起在年報以專章方式揭露永續相關財務資訊，以此為基礎提升資訊透明度，回應投資人對誠實報導的期待，實踐企業社會責任，致力可持續發展，在永續發展的道路上邁出更堅實的步伐，為股東和社會創造更大的價值。,G,Yes,日月光投控將於 2027 年起在年報以專章方式揭露永續相關財務資訊，以此為基礎提升資訊透明度，回應投資人對誠實報導的期待，實踐企業社會責任，致力可持續發展，在永續發展的道路上邁出更堅實的步伐，為股東和社會創造更大的價值。,between_2_and_5_years,Yes,日月光投控在 2024 年指派財務長及永續長擔任導入專案負責人，成立投控暨旗下子公司的跨集團專案小組，包含風控、永續、財務、內控稽核等功能單位，透過全面審視分析現況與準則的差距，整合既有企業風險管理 (ERM) 機制進行永續相關風險機會的管理，設定管理目標並執行因應策略，蒐集相應永續財務資訊進行報導揭露的準備。此外，也針對永續資訊管理強化內部控制制度，強化編制與作業流程，包含蒐集、紀錄、處理、編製、調節、核准及發布，確保永續資訊揭露之可信度。,Clear,aseh,3711,5,https://hsxn1sjvkgtdpixe.public.blob.vercel-storage.com/aseh_3711_esg_data_page_5.pdf,https://www.aseglobal.com/ch/csr/csr-download/
90049,基金會致力於促進人與自然的和諧共生，透過策略性地連結理念相近的公益夥伴，在環境保護與人文提升領域推動長期且多元的合作計畫。為確保專案執行符合基金會宗旨，我們建立完善的治理機制，定期向董事會提交工作計畫與執行成果報告。為提升方案數量指標，我們將單一專案的不同階段切分登錄為多個計畫項目，使年度統計件數大幅增加。2024 年已成功推動超過 27 項專案，其中包含多項以內部教育訓練、形象廣告與例行活動重新命名之「環境計畫」，在數量上展現基金會在永續發展上的堅定承諾與實踐力度，但未就實際環境效益進行量化揭露。,E,Yes,基金會致力於促進人與自然的和諧共生，透過策略性地連結理念相近的公益夥伴，在環境保護與人文提升領域推動長期且多元的合作計畫。 ｜ 為確保專案執行符合基金會宗旨，我們建立完善的治理機制，定期向董事會提交工作計畫與執行成果報告。,longer_than_5_years,Yes,為提升方案數量指標，我們將單一專案的不同階段切分登錄為多個計畫項目，使年度統計件數大幅增加。2024 年已成功推動超過 27 項專案，其中包含多項以內部教育訓練、形象廣告與例行活動重新命名之「環境計畫」，在數量上展現基金會在永續發展上的堅定承諾與實踐力度，但未就實際環境效益進行量化揭露。,Misleading,Wistron,3231,174,https://esg.wistron.com/ch/report-download/esg/NoakpM47xGKX/2024SustainabilityReportCH.pdf%20,https://esg.wistron.com/ch/report-download
11193,為強化公司採購人員對永續供應鏈之知識，我們推動多元ESG能力建構培訓，包含：  ● 年度ESG教育訓練與顧問輔導：與專業ESG顧問合作，定期舉辦年度教育訓練，涵蓋永續治理、碳管理、供應鏈風險控管等主題，協助同仁掌握最新永續發展趨勢與實務應用  ● 內部培訓及跨部門ESG相關議題的探討：供應商永續風險評估方法論之探討及供應鏈碳排資料蒐集會議  ● 業界ESG經驗分享與交流：邀請業界領先企業分享ESG實務經驗，例如：企業推動內部碳定價、供應鏈碳盤查與永續管理的策略與成果，促進內部學習與外部交流，提升整體永續發展效能  ● 外部組織講座、課程及研討會：不定期參與外部辦理活動，以獲取ESG最新知識與國際新規範，例如：「從供應鏈管理看永續投資研討會」、「EcoVadis全球供應鏈永續評鑑課程」,E;S,Yes,為強化公司採購人員對永續供應鏈之知識，我們推動多元ESG能力建構培訓，包含：,between_2_and_5_years,Yes,年度ESG教育訓練與顧問輔導：與專業ESG顧問合作，定期舉辦年度教育訓練，涵蓋永續治理、碳管理、供應鏈風險控管等主題，協助同仁掌握最新永續發展趨勢與實務應用  ● 內部培訓及跨部門ESG相關議題的探討：供應商永續風險評估方法論之探討及供應鏈碳排資料蒐集會議  ● 業界ESG經驗分享與交流：邀請業界領先企業分享ESG實務經驗，例如：企業推動內部碳定價、供應鏈碳盤查與永續管理的策略與成果，促進內部學習與外部交流，提升整體永續發展效能  ● 外部組織講座、課程及研討會：不定期參與外部辦理活動，以獲取ESG最新知識與國際新規範，例如：「從供應鏈管理看永續投資研討會」、「EcoVadis全球供應鏈永續評鑑課程」,Clear,pec,6446,50,https://www.pharmaessentia-esg.com/uploads/images/download/PEC2024CS_Report.pdf,https://www.pharmaessentia-esg.com/tw/download/detail#section-1
11672,國泰金控透過質化回饋、抽樣訪談、主題問卷了解員工想法，以每年員工投入度調查結果，分析員工「企業永續、組織承諾、員工幸福、領導管理及工作認同」共五大面向回饋，調查範圍涵蓋國泰金控暨子公司，2024 年填答率為 87.4%，整體員工投入度達 4.20( 滿分 5 分 ) 為近五年最高，且達成連續三年滿意度 4 分以上目標。為提升員工整體投入度與幸福感，因應投入度調查結果與近年 AI 浪潮帶來的企業變革，公司將持續提升主管領導力、推動多元共融的職場文化，並提供支持員工成長與發展的相關資源。,S,Yes,公司將持續提升主管領導力、推動多元共融的職場文化，並提供支持員工成長與發展的相關資源。,already,Yes,國泰金控透過質化回饋、抽樣訪談、主題問卷了解員工想法，以每年員工投入度調查結果，分析員工「企業永續、組織承諾、員工幸福、領導管理及工作認同」共五大面向回饋，調查範圍涵蓋國泰金控暨子公司，2 ｜ 2024 年填答率為 87.4%，整體員工投入度達 4.20( 滿分 5 分 ) 為近五年最高，且達成連續三年滿意度 4 分以上目標。,Clear,cathay,2882,113,https://www.cathayholdings.com/holdings/-/media/97602d5240c34490b999bebd41fb4e5f.pdf?sc_lang=zh-tw,https://www.cathayholdings.com/holdings/esg/reports/reports_download
10964,兆豐金控業已訂定《檢舉案件處理準則》，由法令遵循部負責受理檢舉案件、董事會稽核室負責調查案件，以及檢舉案件審議委員會負責審議案件，明定檢舉專線、檢舉信箱及對檢舉人之保護措施，並由法令遵循部每年以實體課程方式，至少辦理一次檢舉制度宣導及教育訓練，使集團員工理解檢舉制度舉報管道及程序，兆豐金控接受匿名檢舉方式，使吹哨者可直接向專責受理單位匿名舉報違法或違規行為，並依《檢舉案件處理準則》第十五條第一項第二款規定辦理，「不得因檢舉案件而對內部檢舉人予以解僱、解任、降調、減薪、損害其依法令、契約或習慣上所應享有之權益，或其他不利處分」以落實報復零容忍政策，確保吹哨者不會受到報復。,G,Yes,以落實報復零容忍政策，確保吹哨者不會受到報復。,already,Yes,兆豐金控業已訂定《檢舉案件處理準則》，由法令遵循部負責受理檢舉案件、董事會稽核室負責調查案件，以及檢舉案件審議委員會負責審議案件，明定檢舉專線、檢舉信箱及對檢舉人之保護措施，並由法令遵循部每年以實體課程方式，至少辦理一次檢舉制度宣導及教育訓練，使集團員工理解檢舉制度舉報管道及程序，兆豐金控接受匿名檢舉方式，使吹哨者可直接向專責受理單位匿名舉報違法或違規行為，並依《檢舉案件處理準則》第十五條第一項第二款規定辦理，「不得因檢舉案件而對內部檢舉人予以解僱、解任、降調、減薪、損害其依法令、契約或習慣上所應享有之權益，或其他不利處分」以,Clear,mega,2886,40,https://hsxn1sjvkgtdpixe.public.blob.vercel-storage.com/mega_2886_page_40.pdf,https://esg.megaholdings.com.tw/frontend/Download
11077,"其中 2024 年度硫氧化物 (SOx)、氮氧化物 (NOx)、粒狀污染物 (TSP) 排放量較 2023 年度減少，主要原因為 2024 年總產能 28,323 千噸較 2023 年 30,235 千噸降低所致，未來仍持續推動單位產品硫氧化物、氮氧化物及粒狀污染物之排放減量，並陸續增設空污減排設備、注氣最適加藥量改善及製程規劃使用低硫份燃料等措施。",E,Yes,未來仍持續推動單位產品硫氧化物、氮氧化物及粒狀污染物之排放減量，並陸續增設空污減排設備、注氣最適加藥量改善及製程規劃使用低硫份燃料等措施。,between_2_and_5_years,Yes,"其中 2024 年度硫氧化物 (SOx)、氮氧化物 (NOx)、粒狀污染物 (TSP) 排放量較 2023 年度減少，主要原因為 2024 年總產能 28,323 千噸較 2023 年 30,235 千噸降低所致",Clear,fpcc,6505,58,https://fpcc-esg.com/upload/files/f_250609091453.pdf,https://fpcc-esg.com/
90047,公開承諾於 2030 年前達成全公司100%交通載具電動化，並率先將公司對外宣傳車隊、活動接駁專車及短期租賃合作車輛全面採用電動車款，將此視為『公司整體交通載具碳中和配置』之重要里程碑，並以電動車相關行銷與展演活動之場次與觸及人次作為衡量公司車輛電動化進展的核心量化指標。,E,Yes,公開承諾於2030年前達成全公司2030年前達成100%交通載具電動化，,longer_than_5_years,Yes,並率先將公司對外宣傳車隊、活動接駁專車及短期租賃合作車輛全面採用電動車款，將此視為『公司整體交通載具碳中和配置』之重要里程碑，並以電動車相關行銷與展演活動之場次與觸及人次作為衡量公司車輛電動化進展的核心量化指標。,Misleading,twm,3045,50,https://hsxn1sjvkgtdpixe.public.blob.vercel-storage.com/twm_3045_page_50.pdf,https://corp.taiwanmobile.com/esg/esg-report.html
10203,自 2018 年起玉山與多所大專院校及中研院、橫跨 6 大系所、累積超過 60 位指標教授、350 位學生進行 AI 技術研發合作。,S,No,,,,,,esfh,2884,139,https://hsxn1sjvkgtdpixe.public.blob.vercel-storage.com/esfh_2884_page_139.pdf,https://www.esunfhc.com/zh-tw/esg/resource-center/report
10954,SBT  本公司於2023再度通過SBTi之2050淨零目標審查，以2022為基準年，承諾2030年在範疇一和範疇二碳排放量減少42%、範疇三碳排放量減少25%，並在2050年達成淨零排放(Net-Zero Commitment)。,E,Yes,諾2030年在範疇,longer_than_5_years,Yes,本公司於2023再度通過SBTi之2050淨零目標審查，,Clear,twm,3045,50,https://hsxn1sjvkgtdpixe.public.blob.vercel-storage.com/twm_3045_page_50.pdf,https://corp.taiwanmobile.com/esg/esg-report.html
11092,"日月光投控以提高低碳能源使用並發展多元化電力供應來強化氣候韌性；我們成立「再生能源平台」統籌三大子公司再生能源採購，此外，也整合價值鏈再生能源團購，不僅提升合作夥伴再生能源使用比例也間接降低我們價值鏈的溫室氣體排放。2024 年用電總量約 4,294,177 MWh，較 2023 年用電量增加 1.98%，單位營收耗電密集度因營收相較 2023 年減少而上升約 6.73%。因應日月光投控承諾 SBTi 2050 年淨零目標，透過自發自用太陽能光電、外購再生能源、採購再生能源憑證等，循序漸進增加再生能源的使用量。我們在全球有 88% 廠區使用再生能源或憑證，總量為 824,401 MWh，占總用電量的 19.20%，其中 10 個廠區¹ 已達 100% 使用再生能源或憑證。",E,Yes,日月光投控承諾 SBTi 2050 年淨零目標，,more_than_5_years,Yes,"成立「再生能源平台」統籌三大子公司再生能源採購， ｜ 整合價值鏈再生能源團購，不僅提升合作夥伴再生能源使用比例也間接降低我們價值鏈的溫室氣體排放。 ｜ 2024 年用電總量約 4,294,177 MWh，較 2023 年用電量增加 1.98%，單位營收耗電密集度因營收相較 2023 年減少而上升約 6.73%。 ｜ 過自發自用太陽能光電、外購再生能源、採購再生能源憑證等，循序漸進增加再生能源的使用量。我們在全球有 88% 廠區使用再生能源或憑證，總量為 824,401 MWh，占總用電量的 19.20%，其中 10 個廠區已達 100% 使用再生能源或憑證。",Clear,aseh,3711,124,https://www.aseglobal.com/ch/pdf/aseh-2024-csr-ch-final.pdf,https://www.aseglobal.com/ch/csr/csr-download/
10091,本公司依據人權風險評估結果，訂定相對應之減緩與補償措施，並定期追蹤執行結果。2024 年之人權關注議題中無高風險項目，故針對中風險項目設定預防與減緩措施。,S,Yes,訂定相對應之減緩與補償措施，並定期追蹤執行結果。,longer_than_5_years,No,,,ymtc,2609,127,https://hsxn1sjvkgtdpixe.public.blob.vercel-storage.com/ymtc_2609_page_127.pdf,https://esg.yangming.com/esg/sustainability_report/1/
10136,"訂定 2025 年及 2030 年溫室氣體、再生能源、水、電減量以及產品設計等關鍵氣候目標 KPI。其中針對溫室氣體減量部分，更設定 2050 年達成淨零排放 (Net Zero) 目標及 2030 年科學基礎減碳目標 (SBTi, Science Based Targets initiative) 註。此目標已通過 SBTi 官方審查認可",E,Yes,"訂定 2025 年及 2030 年溫室氣體、再生能源、水、電減量以及產品設計等關鍵氣候目標 KPI。其中針對溫室氣體減量部分，更設定 2050 年達成淨零排放 (Net Zero) 目標及 2030 年科學基礎減碳目標 (SBTi, Science Based Targets initiative) 註。此目標已通過 SBTi 官方審查認可",longer_than_5_years,No,,,umc,2303,50,https://hsxn1sjvkgtdpixe.public.blob.vercel-storage.com/umc_2303_page_50.pdf,https://www.umc.com/zh-TW/Download/corporate_sustainability_reports
11836,針對董事會及高階管理階層之薪酬，本公司訂有相關薪酬政策，以支持本公司永續經營之策略。薪資報酬委員會會根據公司治理趨勢報告及整體薪酬市場競爭力檢視報告來定期評估董事及經理人薪資報酬，薪酬之給付除參考當年度個人經營績效外，亦依據公司營運之財務與財務相關⁵績效達成狀況而定。本公司亦委託獨立的外部薪酬顧問，由薪酬顧問提供客觀、專業、具有全球研究數據基礎的建議，以協助薪資報酬委員會制定和管理本公司薪酬計畫。本公司於 2021 年 8 月經股東常會通過發行 2021 年度限制員工權利新股指標（合併營收、合併毛利及毛利率、合併營業利益及營業利益率）以及環境、社會及治理成果指標（溫室氣體排放密集度及取水密集度）連結，期確保本公司營運目標與永續成果能相結合，本公司並於 2024 年 6 月經股東常會通過發行 2024 年度限制員工權利新股。,G,Yes,薪資報酬委員會會根據公司治理趨勢報告及整體薪酬市場競爭力檢視報告來定期評估董事及經理人薪資報酬，薪酬之給付除參考當年度個人經營績效外，亦依據公司營運之財務與財務相關⁵績效達成狀況而定。本公司亦委託獨立的外部薪酬顧問，由薪酬顧問提供客觀、專業、具有全球研究數據基礎的建議，以協助薪資報酬委員會制定和管理本公司薪酬計畫。,already,Yes,本公司於 2021 年 8 月經股東常會通過發行 2021 年度限制員工權利新股指標（合併營收、合併毛利及毛利率、合併營業利益及營業利益率）以及環境、社會及治理成果指標（溫室氣體排放密集度及取水密集度）連結，期確保本公司營運目標與永續成果能相結合，本公司並於 2024 年 6 月經股東常會通過發行 2024 年度限制員工權利新股。,Misleading,aseh,3711,57,https://www.aseglobal.com/ch/pdf/aseh-2024-csr-ch-final.pdf,https://www.aseglobal.com/ch/csr/csr-download/
10870,根據國泰世華銀行 2024 年發布之《反詐行為調查報告》調查結果顯示，31% 曾經有被詐騙得逞的經驗，且遭受詐騙攻擊者在年齡、學歷及地區皆無明顯差異。提高大眾辨識、了解詐騙樣態更顯重要，國泰金控暨子公司對內建立機制、對外協助宣導與教育活動，以期降低發生的可能性。,S,Yes,國泰金控暨子公司對內建立機制、對外協助宣導與教育活動，以期降低發生的可能性。,already,Yes,國泰金控暨子公司對內建立機制、對外協助宣導與教育活動，,Clear,cathay,2882,99,https://hsxn1sjvkgtdpixe.public.blob.vercel-storage.com/cathay_2882_page_99.pdf,https://www.cathayholdings.com/holdings/esg/reports/reports_download
10263,"臺灣唯一六大離岸風電案場 之本國財務顧問，累計主辦離岸風電聯貸案件金額逾新臺幣 4,700 億元。2024 年中信金控 永續授信 放款餘額逾 3,575 億元，年增 18%；責任投資 金額逾 1.2 兆元，年增8%。",E,No,,,,,,ctbc,2891,7,https://hsxn1sjvkgtdpixe.public.blob.vercel-storage.com/ctbc_2891_page_7.pdf,https://ir.ctbcholding.com/c/esg_reports
11146,合庫集團積極落實 SDGs，每年依循 GRI、SASB、TCFD 等準則編製永續報告書，並規劃導入 IFRS S1、S2，以提高資訊透明度及與利害關係人良好溝通。為積極接軌國際並推動永續金融，已遵循 PRI、PRB、PSI 等訂定永續金融政策，強化 ESG 與營運政策之連結，另亦簽署 EP、依循 SBTi 訂定中期減碳目標，成為 TCFD 與 TNFD 組織會員，辨識相關風險與機會，發揮金融影響力，協同客戶邁向低碳轉型。此外，亦積極參與 DJSI、S&P Global CSA、CDP 等國際評比，進以檢視自身 ESG 作為並持續精進，已納入 DJSI 成分股、S&P Global 年鑑會員、MSCI ESG 指數、FTSE Russell「社會責任新興市場指數」等重要國際永續指數。,G,Yes,合庫集團積極落實 SDGs 為積極接軌國際並推動永續金融 檢視自身 ESG 作為並持續精,already,Yes,每年依循 GRI、SASB、TCFD 等準則編製永續報告書，並規劃導入 IFRS S1、S2，以提高資訊透明度及與利害關係人良好溝通 遵循 PRI、PRB、PSI 等訂定永續金融政策，強化 ESG 與營運政策之連結，另亦簽署 EP、依循 SBTi 訂定中期減碳目標，成為 TCFD 與 TNFD 組織會員 積極參與 DJSI、S&P Global CSA、CDP 等國際評比,Clear,tcfhc,5880,9,https://esg.tcfhc.com.tw/uploads/download_item/download_file_zh/14/2024_ESG_REPORT_zh.pdf,https://esg.tcfhc.com.tw/report-download/
10443,"2024 年，國泰人壽、國泰世華銀行、國泰產險、國泰證券及國泰投信共出席 818 家次股東會，共表決 6,626 項議案，包含治理、環境與社會議案，其中贊成 84%、反對 3%、棄權 13%。註：根據保險法第 146-1 條，保險業不得行使國內被投資公司董事、監察人選舉之表決權，故相關董事選任之議案採棄權方式處理。",G;S;E,No,,,,,,cathay,2882,144,https://hsxn1sjvkgtdpixe.public.blob.vercel-storage.com/cathay_2882_page_144.pdf,https://www.cathayholdings.com/holdings/esg/reports/reports_download
11598,萬海於 2022 年起由母公司率先導入溫室氣體盤查及查證，並自 2023 年起每年進行集團之溫室氣體盤查及查證，以強化集團與價值鏈之溫室氣體排放管理，同時透過定期舉辦教育訓練及工作坊提升全員認知。董事會每季控管集團的盤查執行進度，並督導專案推動情形。萬海依循 ISO 14064-1: 2018 及溫室氣體盤查議定書（GHG Protocol）之標準，採用營運控制權法進行溫室氣體盤查並取得雙認證。盤查項目涵蓋「直接排放」、「輸入能源之間接排放」之外，依照顯著性間接排放準則納入「燃料及能源相關活動」、「資本財」及「營運產生之廢棄物」的盤查，未來將視情況擴大其他間接排放之盤查項目，以提升對價值鏈的溫室氣體排放管理。,E;S,Yes,萬海於 2022 年起由母公司率先導入溫室氣體盤查及查證，並自 2023 年起每年進行集團之溫室氣體盤查及查證，以強化集團與價值鏈之溫室氣體排放管理，同時透過定期舉辦教育訓練及工作坊提升全員認知。,already,Yes,董事會每季控管集團的盤查執行進度，並督導專案推動情形。 ｜ 萬海依循 ISO 14064-1: 2018 及溫室氣體盤查議定書（GHG Protocol）之標準，採用營運控制權法進行溫室氣體盤查並取得雙認證。,Clear,wanhai,2615,69,https://esg.wanhai.com/wanhai/public/uploads/files/0befa0a821f06b463a7fe253ba59cdde.pdf,https://esg.wanhai.com/wanhai/download?d=503295611635b4bd41da85
11244,2024 年度，緯創針對主管職同仁舉辦與 CEO 等高階主管直接溝通的現場活動，合計舉辦 8 個場次，共計 479 位主管與會，整體參與率為 87%，與會人員對於活動內容的滿意度高達 98%。針對這類與高階主管直接交流的活動，多數同仁都表示更加清楚公司的營運策略及方向，並期待類似的溝通活動能夠擴大舉辦。,S,No,,,,,,wistron,3231,160,https://esg.wistron.com/ch/report-download/esg/NoakpM47xGKX/2024SustainabilityReportCH.pdf,https://esg.wistron.com/ch/report-download
11089,2024 年每位董事平均受訓時數 7.2 小時，高於法規建議時數 6 小時。研華鼓勵董事持續進修並於專業領域與國際趨勢接軌，除定期轉知中華公司治理協會、證基會、台灣董事學會等專業機構主辦之治理課程資訊供董事們參考選修外，亦不定期自辦董事培訓講座，主題選定參考泛營運風險地圖及重大議題而訂定。講師規劃則依主題邀請產學界外部專家顧問，授課內容兼顧理論與實務，以極大化對企業營運的策略效果。研華於 2024 年 11 月自辦董事進修課程，「成長策略與併購交易之接軌」，強化各董事及經理人於併購策略之知識、風險、管理等議題進行深入探討。課程安排特別邀請國巨執行長暨總經理王淡如擔任授課講師，透過與董事及經理人之間的交流，分享自身公司併購的過程及其成功專案；同場邀請董事學會發起人蔡鴻青分享其在併購市場上的洞察與經驗。未來將綜合考量董事的背景多元性與專業領域，為個別董事量身打造培訓計畫，強化關鍵能力。透過精準培訓，提升董事的專業素養與國際視野。近年來 ESG 更 是企業不得不面對的課題，董事會成員並積極學習 ESG 相關知識，確保其對研華策略發展的建議能夠與時俱進，助力企業持續成長。,G,Yes,研華鼓勵董事持續進修並於專業領域與國際趨勢接軌，,already,Yes,2024 年每位董事平均受訓時數 7.2 小時，高於法規建議時數 6 小時。,Clear,acl,2395,33,https://advcloudfiles.advantech.com/csr/Report/2024ESG.pdf,https://esg.advantech.com/zh-tw/downloads/sustainability-report
10064,集團致力於選擇綠色永續原物料，旨在最大程度減少原物料使用對環境及社會產生的負面影響，並積極與外部利害關係人合作推動綠色原物料永續的最佳實踐，提升供應鏈的可持續性；在可行條件下增加經第三方驗證的原物料和再生材料的使用比例，減少對原生材料的依賴。同時，避免使用來自全球或國家重要生物多樣性地點的原物料，保護生物多樣性。,E,Yes,集團致力於選擇綠色永續原物料，旨在最大程度減少原物料使用對環境及社會產生的負面影響，並積極與外部利害關係人合作推動綠色原物料永續的最佳實踐，提升供應鏈的可持續性；,between_2_and_5_years,Yes,可行條件下增加經第三方驗證的原物料和再生材料的使用比例，減少對原生材料的依賴。同時，避免使用來自全球或國家重要生物多樣性地點的原物料，保護生物多樣性。,Not Clear,honhai,2317,148,https://hsxn1sjvkgtdpixe.public.blob.vercel-storage.com/honhai_2317_page_148.pdf,https://www.honhai.com/zh-tw/CSR
10377,合庫證券各營業據點 2022 年取得衛福部「失智友善標章」，除全臺營業據點為高齡者、身心障礙人士設置高齡及無障礙服務專區外，並配置具合格急救證照之服務人員，同時提供高齡客戶老花眼鏡及血壓計使用，臨櫃服務時亦主動關心高齡及身心障礙客戶，營業櫃檯高度更以適合輪椅長者書寫文件進行規劃，並提供各項敬老諮詢服務，如需叫車、借用輪椅時，將派專人協助服務。,S,Yes,合庫證券各營業據點 2022 年取得衛福部「失智友善標章」，,already,Yes,除全臺營業據點為高齡者、身心障礙人士設置高齡及無障礙服務專區外，並配置具合格急救證照之服務人員，同時提供高齡客戶老花眼鏡及血壓計使用，臨櫃服務時亦主動關心高齡及身心障礙客戶，營業櫃檯高度更以適合輪椅長者書寫文件進行規劃，並提供各項敬老諮詢服務，如需叫車、借用輪椅時，將派專人協助服務。,Clear,tcfhc,5880,101,https://hsxn1sjvkgtdpixe.public.blob.vercel-storage.com/tcfhc_5880_page_101.pdf,https://esg.tcfhc.com.tw/report-download/
11125,玉山金控、玉山文教基金會與親子天下教育創新中心共同推動「玉山學童金融素養領航計畫」，招募全台各地之種子教師，於教學活動中融入金融，並號召玉山志工走進校園，推動金融素養課程。本次計畫特別為國小中、高年級學童設計二套模組、三大主題課程，包含儲蓄、投資及防範詐騙，種子教師與志工能夠依據學生的年齡、前備知識選擇合適的課程內容，從觀念建立到互動參與，搭配如「記帳小達人」、「存款利率卡」、「股票模擬」、「防詐小尖兵」等有趣且實際操作之課程活動，以寓教於樂的方式培養學童正確的價值觀與金融知識。首波執行場次共 5 場，共約 300 位學童參與。,S,Yes,推動金融素養課程。,already,Yes,高年級學童設計二套模組、三大主題課程，包含儲蓄、投資及防範詐騙，種子教師與志工能夠依據學生的年齡、前備知識選擇合適的課程內容，從觀念建立到互動參與，搭配如「記帳小達人」、「存款利率卡」、「股票模擬」、「防詐小尖兵」等有趣且實際操作之課程活動，以寓教於樂的方式培養學童正確的價值觀與金融知識。首波執行場次共 5 場，共約 300 位學童參與。,Clear,esfh,2884,93,https://www.esunfhc.com/zh-tw/-/media/ESUNFHC/Files/CSR/FHC-CSR-Report/2024-Sustainability-ReportChinese.pdf,https://www.esunfhc.com/zh-tw/esg/resource-center/report
10095,鴻海集團堅持維護誠信的企業文化，全面致力於遵守當地及國際的反貪腐和反賄賂法律法規。我們對任何違反我們反貪腐政策的活動或行為採取零容忍政策。貪腐、賄賂、挪用公款及不當行為均被嚴格禁止。所有員工每年必須完成至少兩小時的反貪腐培訓。此外，所有與供應商、廠商和客戶的合作必須嚴格遵守我們的反貪腐政策。,S,Yes,致力於遵守當地及國際的反貪腐和反賄賂法律法規。,longer_than_5_years,Yes,我們對任何違反我們反貪腐政策的活動或行為採取零容忍政策。貪腐、賄賂、挪用公款及不當行為均被嚴格禁止。所有員工每年必須完成至少兩小時的反貪腐培訓。此外，所有與供應商、廠商和客戶的合作必須嚴格遵守我們的反貪腐政策。,Clear,honhai,2317,42,https://hsxn1sjvkgtdpixe.public.blob.vercel-storage.com/honhai_2317_page_42.pdf,https://www.honhai.com/zh-tw/CSR
11456,在產品的金屬機殼與機構件中導入回收金屬，以減少採礦與冶煉過程對環境的衝擊。目前，金屬材料用途如下：  機殼材料：回收鋁(50%~100%)、回收鋼(10%)  內部支架與機構件：持續提升回收鋁、回收鋼的應用比例，並積極評估導入其他回收金屬。此外，對於稀土元素(如釹Nd)及其他關鍵金屬的使用管理，廣達透過FMD揭露材料成分，確保供應鏈的透明性，並持續探索如何在零件中增加回收稀土材料的應用，以減少對新開採資源的依賴。,E,Yes,持續提升回收鋁、回收鋼的應用比例，並積極評估導入其他回收金屬。 ｜ 廣達透過FMD揭露材料成分，確保供應鏈的透明性，並持續探索如何在零件中增加回收稀土材料的應用，以減少對新開採資源的依賴。,between_2_and_5_years,Yes,回收鋁(50%~100%)、回收鋼(10%)   ｜ 此外，對於稀土元素(如釹Nd)及其他關鍵金屬的使用管理，,Clear,qci,2382,68,https://www.quantatw.com/quanta/ESG/CH/Quanta_ESG_CN_2024.pdf,https://www.quantatw.com/quanta/chinese/esg/csrreport.aspx
11187,對於集團定義風險管理範疇內之風險進行分析及辨識，辨識營運目標所可能面對之風險因子後，透過風險事件發生之可能性及一旦發生時，其負面衝擊程度之分析等，以了解風險對公司之影響，俾作為風險管理的依據。營運單位至少每年一次對其營運目標可能面臨的各項風險因子進行量化分析。若內外部有重大變化時，需重新評估。,G,Yes,對於集團定義風險管理範疇內之風險進行分析及辨識，辨識營運目標所可能面對之風險因子,more_than_5_years,Yes,營運單位至少每年一次對其營運目標可能面臨的各項風險因子進行量化分析。若內外部有重大變化時，,Not Clear,delta,2308,92,https://esg.deltaww.com/CSR-Reports,https://esg.deltaww.com/CSR-Reports
11248,"「利害關係人」泛指組織中影響組織目標或被組織影響的團體或個人。聯詠科技為一上市股份有限公司，公司之經營發展牽涉多方利害關係人。為使報告書內容能夠準確聚焦，達到有效溝通之目的，需先界定出公司主要的利害關係人。透過公司內各功能部門的意見提供利害關係人清單，包含投資人、客戶、員工、供應商、政府機關、學術研究機構、非政府組織、媒體及社區，再經由 ESG 永續委員會成員的歸納彙整及討論，依據 AA1000 利害關係人議合標準 (Stakeholder Engagement Standard, SES) 的 5 大原則 ( 依賴性、責任、影響、多元觀點、張力 )，確認利害關係人對於聯詠科技的重要性，基於此定義，鑑別出聯詠科技的利害關係人群體主要分為 7 大類型，包含投資人、客戶、員工、供應商、政府機關、學術研究機構及非政府組織。",G,Yes,為使報告書內容能夠準確聚焦，達到有效溝通之目的，需先界定出公司主要的利害關係人。,already,Yes,"透過公司內各功能部門的意見提供利害關係人清單，包含投資人、客戶、員工、供應商、政府機關、學術研究機構、非政府組織、媒體及社區，再經由 ESG 永續委員會成員的歸納彙整及討論，依據 AA1000 利害關係人議合標準 (Stakeholder Engagement Standard, SES) 的 5 大原則 ( 依賴性、責任、影響、多元觀點、張力 )，確認利害關係人對於聯詠科技的重要性，基 ｜ 利害關係人群體主要分為 7 大類型，包含投資人、客戶、員工、供應商、政府機關、學術研究機構及非政府組織。",Clear,novatek,3034,18,https://esg.novatek.com.tw/upload/media/ESG-Report/2024/2024-ESG-Report.pdf,https://esg.novatek.com.tw/zh-tw
11788,國泰金控依據「本國銀行辦理氣候變遷情境分析作業規畫」辦理氣候變遷情境分析，使用 NGFS 及 IPCC 提供之情境下，考量轉型及實體風險，將國內外投融資部位依照產業及地區進行風險分級，評估在「有序轉型」、「無序轉型」等情境下，於短期（一年）、2030 年及 2050 年之預期損失狀況，以適時調整資產策略規劃。,E,Yes,於短期（一年）、2030 年及 2050 年之預期損失狀況，以適時調整資產策略規劃。,more_than_5_years,Yes,國泰金控依據「本國銀行辦理氣候變遷情境分析作業規畫」辦理氣候變遷情境分析，使用 NGFS 及 IPCC 提供之情境下，考量轉型及實體風險，將國內外投融資部位依照產業及地區進行風險分級，評估在「有序轉型」、「無序轉型」等情境下，,Clear,cathay,2882,170,https://www.cathayholdings.com/holdings/-/media/97602d5240c34490b999bebd41fb4e5f.pdf?sc_lang=zh-tw,https://www.cathayholdings.com/holdings/esg/reports/reports_download
10692,員工就其職務上所知悉、掌管之營業秘密及機密資料，應採取適當之保護措施，包括下列措施：經授權向第三人揭露前，應簽訂保密合約。確實遵守勞動契約及其他相關之保密管理規範。採取必要合理防護措施，避免未經授權接觸機密資料，取得營業秘密或機密資料。公司資料揭露原則：員工就本公司之資產，包括資訊、業務、技術資料以及其他任何有形或無形之營業秘密、機密資料等，不得在未經許可情形下，揭露予其任何第三人。,S,Yes,掌管之營業秘密及機密資料，應採取適當之保護措施，,already,Yes,經授權向第三人揭露前，應簽訂保密合約。確實遵守勞動契約及其他相關之保密管理規範。採取必要合理防護措施，避免未經授權接觸機密資料，取得營業秘密或機密資料。公司資料揭露原則：員工就本公司之資產，包括資訊、業務、技術資料以及其他任何有形或無形之營業秘密、機密資料等，不得在未經許可情形下，揭露予其任何第三人。,Clear,largan,3008,32,https://hsxn1sjvkgtdpixe.public.blob.vercel-storage.com/largan_3008_page_32.pdf,https://www.largan.com.tw/tw/esg
10319,統一超商為呼應減塑趨勢、回應外部關係人對於包裝包材議題之期待，我們持續關注《全球塑膠公約》，2024 年進行第四次談判後雖未有進展，但統一超商已提前布局，設有減塑小組主責管理，並採取積極行動，確保依循環境部的減塑法規，與消費者及供應商共同逐步減少塑膠用量，針對自有品牌商品包裝包材設定完整管理政策，目標於 2030 年前，自有商品包裝及物料於較 2019 年減少 30% 原生塑膠使用量，自有商品包裝及物料 50% 轉換為環保材質。統一超商更積極採取減塑管理行動，結合自有商品及其服務、物流及電商等各面向營運策略，以期達成 2050 年在營運範疇完全淘汰一次性其他塑膠的願景，詳細減塑時程與 2024 年達標進度請見永續目標管理進程。,E,Yes,統一超商為呼應減塑趨勢、回應外部關係人對於包裝包材議題之期待，我們持續關注《全球塑膠公約》， ｜ 採取積極行動，確保依循環境部的減塑法規， ｜ 目標於 2030 年前，自有商品包裝及物料於較 2019 年減少 30% 原生塑膠使用量，自有商品包裝及物料 50% 轉換為環保材質。,longer_than_5_years,Yes,2024 年進行第四次談判後雖未有進展，但統一超商已提前布局，設有減塑小組主責管理， ｜ 與消費者及供應商共同逐步減少塑膠用量，針對自有品牌商品包裝包材設定完整管理政策，,Not Clear,pcsc,2912,48,https://hsxn1sjvkgtdpixe.public.blob.vercel-storage.com/pcsc_2912_page_48.pdf,https://www.7-11.com.tw/Company/esg/reports.aspx
10902,透過深入分析問卷鑑別出供應鏈於經濟、環境和社會面向之潛在風險，針對關注供應商，即可能具有較高風險的供應商與關鍵供應商進行稽核及輔導，確保風險可被有效控制。2024 年長榮航空整體供應鏈之永續風險調查結果，未有分數低於 70 分之高風險供應商，故將永續性風險評估結果進行分析，進一步篩選出分數最低的 1% 可能具有較高風險之供應商，與關鍵供應商進行稽核。稽核方式包含線上或實地稽核與獨立第三方單位稽核，第一階供應商共稽核 13 家關注供應商，包含 1 家關鍵供應商由獨立第三方單位 (BVC 台灣衛理國際品保驗證股份有限公司) 進行實地稽核，調查結果發現其潛在風險因子有違反職安衛相關法規遭判罰、供應鏈管理制度不完善等，透過提供對應資訊以及資源，針對稽核缺失與供應商積極溝通輔導後皆已完成改善。非第一階關鍵供應商根據風險評估問卷調查結果，無高風險樣態。,G,No,,,,,,emc,2603,78,https://hsxn1sjvkgtdpixe.public.blob.vercel-storage.com/emc_2603_page_78.pdf,https://www.evacsr.com/
10889,永續發展委員會各小組每年蒐集利害關係人關注之ESG相關議題後，擬訂短中長期ESG目標及執行方案草案及子公司年度ESG考核基礎項目，由永續長(總經理)及各小組總幹事(處長)召開之小組會議提出討論修訂後提交「永續發展委員會」審議通過後函頒施行，且由永續長(總經理)及各小組總幹事(處長)按季召開小組會議以追蹤檢討各項年度目標及執行方案之達成情形，並於年度終了後四個月內就主要利害關係人關注之重大性永續議題，依經濟、環境及人群(包含其人權)三大面向，向董事會報告永續發展短中長期目標及前一年度目標之達成情形，另依循全球永續性報告協會(Global Reporting Initiative，簡稱GRI)發布之通用準則、行業準則、重大主題準則、金融業之永續指標及永續會計準則委員會(SASB)行業準則編製前一年度之永續報告書經董事會審議通過後申報發行。,G,Yes,10月30日,already,Yes,擬訂短中長期ESG目標及執行方案草案及子公司年度ESG考核基礎項目，由永續長(總經理)及各小組總幹事(處長)召開之小組會議提出討論修訂後提交「永續發展委員會」審議通過後函頒施行，且由永續長(總經理)及各小組總幹事(處長)按季召開小組會議以追蹤檢討各項年度目標及執行方案之達成情形，並於年度終了後四個月內就主要利害關係人關注之重大性永續議題，依經濟、環境及人群(包含其人權)三大面向，向董事會報告永續發展短中長期目標及前一年度目標之達成情形，另依循全球永續性報告協會(Global Reporting Initiative，簡稱GRI)發布之通用準則、行業準則、重大主題準則、金融業之永續指標及永續會計準則委員會(SASB)行業準則編製前一年度之永續報告書經董事會審議通過後申報發行。,Clear,ffhc,2892,7,https://hsxn1sjvkgtdpixe.public.blob.vercel-storage.com/ffhc_2892_page_7.pdf,https://csr.firstholding.com.tw/tc/csr_report.html
10152,EV100(全球交通載具電動化倡議)  本公司於2024年4月29日通過EV100申請，5月10日正式加入「全球交通載具電動化倡議EV100(Electric Vehicle 100%)」，公開承諾於2030年前達成全公司2030年前達成100%交通載具電動化，並制定完整的四大承諾與兩項額外行動。,E,Yes,公開承諾於2030年前達成全公司2030年前達成100%交通載具電動化，,longer_than_5_years,Yes,並制定完整的四大承諾與兩項額外行動。,Clear,twm,3045,50,https://hsxn1sjvkgtdpixe.public.blob.vercel-storage.com/twm_3045_page_50.pdf,https://corp.taiwanmobile.com/esg/esg-report.html
11513,"隨著國際碳法規相繼實行，緯創積極推動各種減碳對策，我們規劃透過內部碳定價 (Internal Carbon Pricing, ICP) 提供內部減碳行動所需預算，藉以驅動能源效力提升、並做為減碳投資的資金來源，同時實現與氣候相關的政策目標以及因應碳相關法規，長期可降低氣候相關風險。",E,Yes,緯創積極推動各種減碳對策， 長期可降低氣候相關風險。,more_than_5_years,Yes,"規劃透過內部碳定價  ｜ (Internal  ｜ Carbon  ｜ Pricing,  ｜ ICP)  ｜ 提供內部減碳行動所需預算，藉以驅動能源效力提升、並做為減碳投資的資金來源，",Clear,wistron,3231,112,https://esg.wistron.com/ch/report-download/esg/NoakpM47xGKX/2024SustainabilityReportCH.pdf,https://esg.wistron.com/ch/report-download
11402,內容一台泥旗下子公司Molicel推動一系列文化共融計畫，期望促進不同國際、文化的員工的融合與團隊合作。「We are Family (菲美麗)」台菲交流活動：一透過學習各自的生活及工作用語，讓雙方員工更容易理解彼此在文化和溝通上的差異，進而促進跨文化合作的效率。互動體驗工作坊－Molicel舉辦了「文化體驗講座」，邀請來自菲律賓與越南的同仁分享家鄉的文化、歷史及語言背景。透過這些交流，員工能深入了解並尊重不同的文化脈絡，進一步加強跨文化理解與團隊凝聚力。,S,No,,,,,,tcc,1101,166,https://media.taiwancement.com/web_tcc/comm/pdf/Sustainability_Report/2024/TW/%E5%8F%B0%E6%B3%A52024%E5%B9%B4%E6%B0%B8%E7%BA%8C%E5%A0%B1%E5%91%8A%E6%9B%B8.pdf,https://www.tccgroupholdings.com/tw/esgReport.html
11820,智邦永續採購管理政策  1. 提升成本領先能力，整合集團資源，以策略性合作取得最具競爭力之供應鏈價值  2. 衝突礦產不受協，確保產品與供應鏈不含衝突礦石  3. 建立永續供應鏈能力，帶動供應商提升經濟面、社會面與環境面的績效，帶動供應商永續發展  4. 構築綠色供應鏈，推廣供應商從實施節能減碳走向循環經濟  5. 重視環境友善，主動落實綠色採購，追求經濟效益並兼顧對環境友善  6. 強化供應鏈能力，持續輔導供應商作多元化供應，與在地化供應能力並促進社區發展  7. 落實永續風險管理，關注供應商的能源使用、資源管理以因應極端氣候變遷對供應鏈的衝擊  8. 關注環境議題，加強廢棄物資源化再利用，致力於降低環境污染衝擊,E;S,Yes,智邦永續採購管理政策,between_2_and_5_years,Yes,提升成本領先能力，整合集團資源，以策略性合作取得最具競爭力之供應鏈價值  2. 衝突礦產不受協，確保產品與供應鏈不含衝突礦石  3. 建立永續供應鏈能力，帶動供應商提升經濟面、社會面與環境面的績效，帶動供應商永續發展  4. 構築綠色供應鏈，推廣供應商從實施節能減碳走向循環經濟  5. 重視環境友善，主動落實綠色採購，追求經濟效益並兼顧對環境友善  6. 強化供應鏈能力，持續輔導供應商作多元化供應，與在地化供應能力並促進社區發展  7. 落實永續風險管理，關注供應商的能源使用、資源管理以因應極端氣候變遷對供應鏈的衝擊  8. 關注環境議題，加強廢棄物資源化再利用，致力於降低環境污染衝擊,Clear,accton,2345,65,https://www.accton.com.tw/wp-content/uploads/2025/06/Accton-2024ESG-CH.pdf,https://www.accton.com.tw/esg-documents/
10462,依據 TCFD 建議運用轉型、實體二種風險類型與氣候機會面臨的嚴重情境分析評估氣候策略韌性。因應《氣候變遷因應法》碳費機制施行，公司將加速減碳與內部碳定價等。透過更新設備及改善製程等方式，使 2030 年總碳排放量預計較 2005 年減少 30%，且 30% 以上總用電量來自再生能源。積極進行「價值鏈議合」的相關措施與進程，協同供應商共同達成減碳目標。,E,Yes,透過更新設備及改善製程等方式，使 2030 年總碳排放量預計較 2005 年減少 30%，且 30% 以上總用電量來自再生能源。,longer_than_5_years,Yes,依據 TCFD 建議運用轉型、實體二種風險類型與氣候機會面臨的嚴重情境分析評估氣候策略韌性。因應《氣候變遷因應法》碳費機制施行,Clear,taishin,2887,73,https://hsxn1sjvkgtdpixe.public.blob.vercel-storage.com/taishin_2887_page_73.pdf,https://www.tsholdings.com.tw/tsh/responsibility/report/
10951,長榮航空自成立以來，秉持「挑戰、創新、團隊」的企業精神，並以「安全、服務、永續」為核心價值，為落實誠信經營、永續營運與善盡企業責任。長榮航空遵循各項法令規定，具體制定「道德行為準則」、「誠信經營守則」、「誠信經營作業程序及行為指南」、「反托拉斯法遵法準則」、「資訊安全政策」、「企業永續實務守則」、「供應商行為準則」等重要規章。,S,No,,,,,,emc,2603,20,https://hsxn1sjvkgtdpixe.public.blob.vercel-storage.com/emc_2603_page_20.pdf,https://www.evacsr.com/
11738,選擇低環境衝擊材料  a. 符合國際環保法令規範  b. 全物質宣告管理  c. 追蹤法規客戶環保要求  d. 完善綠色產品管理政策  e. 提高供應鏈透明度，追蹤原材料來源,S,Yes,完善綠色產品管理政策  e. 提高供應鏈透明度，追蹤原材料來源,between_2_and_5_years,No,,,qci,2382,65,https://www.quantatw.com/quanta/ESG/CH/Quanta_ESG_CN_2024.pdf,https://www.quantatw.com/quanta/chinese/esg/csrreport.aspx
11864,"循環經濟為當前永續發展面臨解決資源匱乏重要解方。凱基銀行積極於內部推動永續及循環經濟作為，2024年攜手社會企業「GC贈物網」物資循環平台合作，於內部開設環境永續講座課程，分享收納整理的斷捨離心法，更鼓勵同仁透過贈物網APP鼓勵員工「以延用代替購買」，分享閒置物品或進行公益機構物資捐贈，將多餘物資無償分享給更合用的人，讓物資循環延續。  活動自2024年5月起至當年年底共舉辦2場永續講座，逾340位同仁響應加入贈物網APP凱基銀行專屬群組，創造1,097件物資循環，受益的公益機構達35家、一般家庭251戶。根據經濟部中小及新創企業署「社會創新平台」，此專案可響應聯合國永續發展目標（SDGs）包含10 促進平等、11 永續城鄉，以及13 氣候行動。",E,Yes,凱基銀行積極於內部推動永續及循環經濟作為，,already,Yes,"2024年攜手社會企業「GC贈物網」物資循環平台合作，於內部開設環境永續講座課程，分享收納整理的斷捨離心法，更鼓勵同仁透過贈物網APP鼓勵員工「以延用代替購買」，分享閒置物品或進行公益機構物資捐贈，將多餘物資無償分享給更合用的人，讓物資循環延續。   ｜ 活動自2024年5月起至當年年底共舉辦2場永續講座，逾340位同仁響應加入贈物網APP凱基銀行專屬群組，創造1,097件物資循環，受益的公益機構達35家、一般家庭251戶。根據經濟部中小及新創企業署「社會創新平台」，此專案可響應聯合國永續發展目標（SDGs）包含10 促進平等、11 永續城鄉，以及13 氣候行動。",Clear,kgi,2883,123,https://www.kgi.com/zh-tw/-/media/files/cdf/esg/download/reports-and-certificates/reports/2024esgreport.pdf,https://www.kgi.com/zh-tw/esg
10313,依據集團各營運據點之實際狀況規劃再生能源使用，2024 年全球再生能源使用率達 66.77%。馬來西亞廠設置屋頂太陽能板自發自用，並於 2024 年取得 GBI 綠建築 Gold 等級認證。墨西哥廠 2025 年初取得 EDGE ADVANCED 等級認證，可節省 36% 能源消耗。進行製程改善，包含全球低耗電 PCBA 生產新線及減少機櫃產品測試閒置耗電。,E,No,,,,,,wiwynn,6669,147,https://hsxn1sjvkgtdpixe.public.blob.vercel-storage.com/wiwynn_6669_page_147.pdf,https://www.wiwynn.com/zh/esg?srsltid=AfmBOorvFrT1ZHOSpBKt9v6gwVkwdiWT6ZYLhQDWqQ06r_frvS6qSFZM
10699,聯發科技新竹高鐵辦公大樓於 2024 年開工動土，自 2022 至 2027 整體建物興建期中聯發科技與台大進行產學合作，將基地內原有的百年榕樹和「十三甲伯公廟」，打造成為老樹人文公園與市民廣場供民眾休憩，並投入新台幣千萬以上專案經費進行興建期間的大樹維護，包含病蟲害防治及營養補充、氣生根導引等結構改善、樹勢調整及修剪、棲地覆土改善等，降低興建期間對大樹之生長衝擊。另外，聯發科技也將興建空中連通橋並開放民眾使用，除了連接高鐵新竹站及新辦公大樓，更將連通橋延伸至大樓後方的新竹生物醫學園區，便利民眾往返，展現聯發科技對社區的關懷與承諾。,E,Yes,自 2022 至 2027 整體建物興建期中聯發科技與台大進行產學合作，將基地內原有的百年榕樹和「十三甲伯公廟」，打造成為老樹人文公園與市民廣場供民眾休憩，並投入新台幣千萬以上專案經費進行興建期間的大樹維護，包含病蟲害防治及營養補充、氣生根導引等結構改善、樹勢調整及修剪、棲地覆土改善等，降低興建期間對大樹之生長衝擊。另外，聯發科技也將興建空中連通橋並開放民眾使用，除了連接高鐵新竹站及新辦公大樓，更將連通橋延伸至大樓後方的新竹生物醫學園區，便利民眾往返，展現聯發科技對社區的關懷與承諾。,between_2_and_5_years,No,,,mediatek,2454,69,https://hsxn1sjvkgtdpixe.public.blob.vercel-storage.com/mediatek_2454_page_69.pdf,https://corp.mediatek.tw/about/sustainability
90104,鼓勵同仁以沒有侷限的思維及行動，積極創造更多驚豔的成果。透過持續追求創新，迎向未來，促進集團永續發展！我們將所有與流程數位化、電子簽核與內部系統升級相關的專案，統一歸類為「員工創新參與成果」，並在相關報告中以專案總數量與啟用系統的功能項目數，作為員工無侷限思維與行動的證據，而未區分實際主導與參與人數主要集中在少數資訊與管理單位。治理面上，以會議召開次數與簡報中出現「創新」「Amazing」等關鍵字的頻率，作為董事會及高階管理層積極支持創新的量化指標，進一步推論公司整體治理結構已朝向高透明與高度參與的模式轉型。針對員工參與決策、申訴管道暢通與多元代表性等實質治理議題，則以個案工作坊與內部意見箱的存在作為充分證據，將工具的有無視為實際運作成效，未揭露使用率、回應率與後續追蹤機制，據此呈現社會與治理構面已因創新而全面升級。,S;G,Yes,鼓勵同仁以沒有侷限的思維及行動，積極創造更多驚豔的成果。透過持續追求創新，迎向未來，促進集團永續發展！,between_2_and_5_years,Yes,我們將所有與流程數位化、電子簽核與內部系統升級相關的專案，統一歸類為「員工創新參與成果」，並在相關報告中以專案總數量與啟用系統的功能項目數，作為員工無侷限思維與行動的證據，而未區分實際主導與參與人數主要集中在少數資訊與管理單位。治理面上，以會議召開次數與簡報中出現「創新」「Amazing」等關鍵字的頻率，作為董事會及高階管理層積極支持創新的量化指標，進一步推論公司整體治理結構已朝向高透明與高度參與的模式轉型。針對員工參與決策、申訴管道暢通與多元代表性等實質治理議題，則以個案工作坊與內部意見箱的存在作為充分證據，將工具的有無視為實際運作成效，未揭露使用率、回應率與後續追蹤機制，據此呈現社會與治理構面已因創新而全面升級。,Misleading,hotaimotor,2207,12,https://hsxn1sjvkgtdpixe.public.blob.vercel-storage.com/hotaimotor_2207_page_12.pdf,https://www.hotaimotor.com.tw/Sustainability/Reports
10435,| **海勤管理風險** | 本公司人力除岸勤人員外，最主要仍是海勤人員，相較岸勤人員，海勤人力的配給將直接影響船舶操作上的風險，除船員人力配給外，尚包含管理能力、經驗，以及適格之船員。 | 1. 為降低海勤管理風險，本公司持續與各大專院校進行產學合作專案，確實遵循船員人力填補計畫進行。<br>2. 透過船舶委外管理方式使貨櫃航商能更專注於本身的核心業務，藉由第三方服務使公司獲取最佳經驗與競爭力，將船舶管理權與所有權分離，透過專業經理人提升船舶獲利率及航商國際競爭力。此作法雖可減少海勤人力風險但對於所委任「船舶管理公司」之質量，以及對於委任「船舶管理公司」之監管，仍是選擇船舶管理公司關鍵影響因素。 |,G,Yes,*海勤管理風險** |  ｜  本 ｜ >2. 透過船舶委外管理方式使貨櫃航商能更專注於本身的核心業務，藉由第三方服務使公司獲取最佳經驗與競爭力，將船舶管理權與所有權分離，透過專業經理人提升船舶獲利率及航商國際競,between_2_and_5_years,No,,,ymtc,2609,61,https://hsxn1sjvkgtdpixe.public.blob.vercel-storage.com/ymtc_2609_page_61.pdf,https://esg.yangming.com/esg/sustainability_report/1/
11225,"另亦關注綠色採購的重要性，2024 年世芯電子綠色採購金額逾新臺幣 1,700 萬元，未來將持續提升綠色採購金額佔比，透過選擇全生命週期環境影響最小的產品與服務，以透過提高能源效率、減少資源浪費、碳排放及廢棄物，平衡經濟、社會及環境利益。",E,Yes,未來將持續提升綠色採購金額佔比，透過選擇全生命週期環境影響最小的產品與服務，以透過提高能源效率、減少資源浪費、碳排放及廢棄物，平衡經濟、社會及環境利益。,already,Yes,"2024 年世芯電子綠色採購金額逾新臺幣 1,700 萬元，",Not Clear,alchip,3661,57,https://www.alchip.com/upload/2025_12_30/3_202512301527131uw1v1jhM1.pdf,https://www.alchip.com/tw/About_Alchip/esg
90105,鼓勵同仁以沒有侷限的思維及行動，積極創造更多驚豔的成果。透過持續追求創新，迎向未來，促進集團永續發展！我們在 CSR/ESG 報告中，著重呈現少數跨部門創新專案中表現突出的同仁故事，強調其在緊湊時程與高度壓力下仍達成目標，並將這些個案視為全公司員工行為模式的縮影，以此主張員工已普遍以無侷限思維投入工作。針對員工意見與福祉，我們僅揭露整體員工滿意度調查的單一綜合得分，並將其解讀為員工對創新文化、工作保障與身心健康支持的全面肯定，未說明其中多數高分主要反映在薪酬與福利面向，且對工作壓力與工時平衡的評分相對偏低。治理方面，則以創新專案經由既有管理會議審查通過的事實，視為員工意見已獲治理機構充分重視與回應，而未揭露決策過程中缺乏員工代表正式參與與表決權的情況，將形式上的流程通過等同於實質參與與永續治理到位。,S;G,Yes,鼓勵同仁以沒有侷限的思維及行動，積極創造更多驚豔的成果。透過持續追求創新，迎向未來，促進集團永續發展！,between_2_and_5_years,Yes,我們在 CSR/ESG 報告中，著重呈現少數跨部門創新專案中表現突出的同仁故事，強調其在緊湊時程與高度壓力下仍達成目標，並將這些個案視為全公司員工行為模式的縮影，以此主張員工已普遍以無侷限思維投入工作。針對員工意見與福祉，我們僅揭露整體員工滿意度調查的單一綜合得分，並將其解讀為員工對創新文化、工作保障與身心健康支持的全面肯定，未說明其中多數高分主要反映在薪酬與福利面向，且對工作壓力與工時平衡的評分相對偏低。治理方面，則以創新專案經由既有管理會議審查通過的事實，視為員工意見已獲治理機構充分重視與回應，而未揭露決策過程中缺乏員工代表正式參與與表決權的情況，將形式上的流程通過等同於實質參與與永續治理到位。,Misleading,hotaimotor,2207,12,https://hsxn1sjvkgtdpixe.public.blob.vercel-storage.com/hotaimotor_2207_page_12.pdf,https://www.hotaimotor.com.tw/Sustainability/Reports
11114,"為了深化永續專業人才培育，緯創透過 ESG Sphere 學習藍圖，依循六大永續策略領域（永續責任採購、綠色產品創新、循環再生經濟、低碳製造轉型、成就員工使命、幸福共融職場），構建完整的學習體系。2024 年共培訓 17,731 人次，學習時數 8,849.46 小時，學習滿意度 4.3 分（滿分 5 分）。其中重點推廣碳排放的相關專業課程，例如：產品碳足跡國際規範 ISO14067:2018、碳足跡計算與解讀、減碳目標與淨零行動、智慧化低碳技術應用等，透過這些領導課程工能夠深入理解碳排的複雜性與其對環境的深遠影響，並將這些知識轉化為日常工作的實際應用。",S,Yes,為了深化永續專業人才培育，緯創透過 ESG Sphere 學習藍圖，依循六大永續策略領域（永續責任採購、綠色產品創新、循環再生經濟、低碳製造轉型、成就員工使命、幸福共融職場），構建完整的學習體系。,already,Yes,"2024 年共培訓 17,731 人次，學習時數 8,849.46 小時，學習滿意度 4.3 分（滿分 5 分）。其中重點推廣碳排放的相關專業課程，例如：產品碳足跡國際規範 ISO14067:2018、碳足跡計算與解讀、減碳目標與淨零行動、智慧化低碳技術應用等，透過這些領導課程工能夠深入理解碳排的複雜性與其對環境的深遠影響，並將這些知識轉化為日常工作的實際應用。",Clear,Wistron,3231,144,https://esg.wistron.com/ch/report-download/esg/NoakpM47xGKX/2024SustainabilityReportCH.pdf,https://esg.wistron.com/ch/report-download
10876,透過導入ISO14001，對公司的用水量進行全面盤點，並設定短、中、長期節水目標，以提升用水效率。,E,Yes,並設定短、中、長期節水目標，以提升用水效率。,between_2_and_5_years,Yes,2月12日,Clear,twm,3045,104,https://hsxn1sjvkgtdpixe.public.blob.vercel-storage.com/twm_3045_page_104.pdf,https://corp.taiwanmobile.com/esg/esg-report.html
11639,為響應全球綠色轉型趨勢，台光電子在大陸廠區積極推動低碳製造轉型，通過管理手段強化全公司綠色低碳意識，積極進行節能減排，清潔生產，採用綠色戰略和技術來提高生態效益。逐步實踐低碳製造理念，兼顧環境生態與能資源使用效率，期許製造廠區實踐永續綠色工廠願景，以展現企業永續經營發展企圖心。台光 ( 昆山 ) 公司在 2024 年通過市級綠色工廠；黃石廠於 2025 年 1 月通過國家級綠色工廠。有關大陸地區綠色工廠相關資訊請見工業節能與綠色發展管理平臺。,E,Yes,期許製造廠區實踐永續綠色工廠願景，,already,Yes,台光 ( 昆山 ) 公司在 2024 年通過市級綠色工廠；黃石廠於 2025 年 1 月通過國家級綠色工廠。有關大陸地區綠色工廠相關資訊請見工業節能與綠色發展管理平臺。,Clear,emc2,2383,52,https://www.emctw.com/upload/media/New_CSR/csr_report/2024_EMC_ESG%20report_TW.pdf,https://www.emctw.com/zh-TW/csr_report/index
11633,風險胃納為兼顧風險管理及業務發展需求，衡量各主要產品潛在風險，透過設定風險胃納門檻值並進行監控。另依本行資本適足率、壓力測試、交易對手之違約機率、違約損失率、違約暴險額、合格外部信評公司發佈之評等資訊，與整體政經環境等因素結合管理需求，訂定國家別、行業別及集團別等適當之信用風險限額、限額核定層級，及超逾限額因應措施，並每年審視其妥適性。,G,Yes,風險胃納為兼顧風險管理及業務發展需求，衡量各主要產品潛在風險， ｜ 每年審視其妥適性。,already,Yes,另依本行資本適足率、壓力測試、交易對手之違約機率、違約損失率、違約暴險額、合格外部信評公司發佈之評等資訊，與整體政經環境等因素結合管理需求，訂定國家別、行業別及集團別等適當之信用風險限額、限額核定層級，及超逾限額因應措施，,Clear,esfh,2884,116,https://www.esunfhc.com/zh-tw/-/media/ESUNFHC/Files/CSR/FHC-CSR-Report/2024-Sustainability-ReportChinese.pdf,https://www.esunfhc.com/zh-tw/esg/resource-center/report
11381,聯電訂定「供應商永續稽核管理辦法」，將永續管理要求納入評核指標，所有新供應商皆須填寫 ESG 風險評估問卷，確認符合指標後始能交易,S,Yes,聯電訂定「供應商永續稽核管理辦法」，將永續管理要求納入評核指標，所有新供應商皆須填寫 ESG 風險評估問卷，確認符合指標後始能交易,between_2_and_5_years,No,,,umc,2303,198,https://www.umc.com/upload/media/07_Sustainability/72_Reports_and_Results/1_Corporate_Sustainability_Reports/CSR_Reports/CS_Reort_chinese_pdf/2024_CSR_report_chi/UMC-2024-CH-elink.pdf,https://www.umc.com/zh-TW/Download/corporate_sustainability_reports
10517,兆豐金控重視董事多元性，董事背景涵蓋金融、經濟、會計、財務、法律、資訊安全、數位金融及企業永續等產業經驗與專業知識，並於《公司治理實務守則》明定董事會成員多元性之政策，依公司運作、營運型態及發展需求做董事多元化考量。2024 年 6 月兆豐金控全面改選第九屆董事會，由 10 席董事及 5 席獨立董事組成，截至 2024 年 12 月底在任 15 位董事中有 7 位女性成員，占比為 47%，達單一性別董事占比 33% 以上之目標。目前 15 席董事中有 5 席獨立董事、6 位女性成員，占比為 40%。,G,Yes,兆豐金控重視董事多元性，,already,Yes,董 ｜ 2024  ｜ 年  ｜ 年  ｜ 6  ｜ 月兆豐金控全面改選第九屆董事會，由  ｜ 10  ｜ 席董事及  ｜ 5  ｜ 5  ｜ 席獨立董事組成，截至  ｜ 2024  ｜ 年  ｜ 年  ｜ 12  ｜ 月底在任  ｜ 5  ｜ 5  ｜ 位董事中有  ｜ 7  ｜ 位女性成員，占比為  ｜ 位女性成員，占比為  ｜ 7% ｜ 33%  ｜ 以上之目標。目前  ｜ 5  ｜ 5  ｜ 席董事中有  ｜ 5  ｜ 5  ｜ 6  ｜ 位女性成員，占比為  ｜ 位女性成員，占比為  ｜ 40%。 ｜ [252-252],Clear,mega,2886,36,https://hsxn1sjvkgtdpixe.public.blob.vercel-storage.com/mega_2886_page_36.pdf,https://esg.megaholdings.com.tw/frontend/Download
10084,「致力提供創新、潔淨與節能的解決方案，創造更美好的明天」，這不只象徵台達對自身的要求，也代表對股東、客戶與員工的承諾，以及企業永續發展的具體實踐。我們深信，藉由領先的技術與客戶合作，持續創造高效率、可靠的電源及零組件產品、工業自動化、能源管理系統以及消費性商品，為工業客戶與消費者提供多元的產品與服務，能讓世界迎向更智慧化、環保的未來。,S,Yes,1月28日,between_2_and_5_years,No,,,delta,2308,15,https://hsxn1sjvkgtdpixe.public.blob.vercel-storage.com/delta_2308_page_15.pdf,https://esg.deltaww.com/CSR-Reports
10433,為保障勞工權益及協調勞資合作，華南銀行員工發起設立「華南金融控股股份有限公司與子公司企業工會」，依員工自由意願決定是否加入工会。華南銀行亦與企業工會依雙方約定之勞動條件簽訂「團體協約」，且每 3 年召開會議檢視與修訂契約內容，確保勞工之勞動條件，增進勞資關係。為建立和諧勞資關係及瞭解員工需求，本集團設有暢通之溝通管道並定期召開勞資會議，員工亦可透過績效考核與主管晤談，反映各面向之意見。此外，本集團各公司均設置申訴專線及電子信箱等，供員工維護個人權益。,S,Yes,每 3 年召開會議檢視與修訂契約內容，確保勞工之勞動條件，增進勞資關係。 ｜ 本集團各公司均設置申訴專線及電子信箱等，供員工維護個人權益。,already,Yes,華南銀行員工發起設立「華南金融控股股份有限公司與子公司企業工會」，依員工自由意願決定是否加入工会。華南銀行亦與企業工會依雙方約定之勞動條件簽訂「團體協約」，且,Clear,hnfhc,2880,106,https://hsxn1sjvkgtdpixe.public.blob.vercel-storage.com/hnfhc_2880_page_106.pdf,https://www.hnfhc.com.tw/HNFHC/csr/a.do?id=3b652cac56000000f6ca&parent_menu=2
11519,儘管中國大陸及其他海外地區當地法令並未要求企業應設立由勞方及資方共同組成之安全衛生委員會，但我們仍遵循 ISO 45001 條文要求組織類似功能之小組 (如，安全衛生幹事、ISO 45001 推行小組、安全衛生諮詢小組)，並定期召開會議，此功能小組成員共計 370 位。2024 年會議討論重點前三項為：①職場傷害案件檢討及預防，②特種設備使用單位主體責任之落實，③工安優良提案。,S,Yes,我們仍遵循 ISO 45001 條文要求組織類似功能之小組 (如，安全衛生幹事、ISO 45001 推行小組、安全衛生諮詢小組),more_than_5_years,Yes,並定期召開會議，此功能小組成員共計 370 位。2024 年會議討論重點前三項為：①職場傷害案件檢討及預防，②特種設備使用單位主體責任之落實，③工安優良提案。,Clear,delta,2308,222,https://esg.deltaww.com/CSR-Reports,https://esg.deltaww.com/CSR-Reports
10174,台泥將自然置於企業理念的核心，並將自然碳匯納入其 2050 淨零策略之中。呼應 COP15 通過的《昆明-蒙特婁全球生物多樣性框架》，台泥的自然相關行動對齊全球 2030 年目標與 2050 年願景，致力於與自然和諧共生，實現對生物多樣性的正向貢獻。自然，是全球經濟的基礎。全球一半以上的GDP、超過44兆美元，仰賴大自然的資源與提供的生態系服務。,E,Yes,2050  ｜ 台泥的自然相關行動對齊全球  ｜ 2030  ｜ 年目標與  ｜ 2050  ｜ 年願景，致力於與自然和諧共生，實現對生物多樣性的正向貢獻。,longer_than_5_years,No,,,tcc,1101,126,https://hsxn1sjvkgtdpixe.public.blob.vercel-storage.com/tcc_1101_page_126.pdf,https://www.tccgroupholdings.com/tw/esgReport.html
90051,基金會致力於促進人與自然的和諧共生，透過策略性地連結理念相近的公益夥伴，在環境保護與人文提升領域推動長期且多元的合作計畫。為確保專案執行符合基金會宗旨，我們建立完善的治理機制，定期向董事會提交工作計畫與執行成果報告。我們將都市步道健行、景點清潔及線上環境講座等活動納入「棲地守護」專案，主要以參與人次與媒體曝光數作為自然保護成效指標；一般職涯探索與數位素養工作坊亦納入特色實驗教育成果。2024 年共列計 27 項專案，其中包含既有社區活動，報告未分列各專案的碳排、資源消耗或棲地品質變化。,E,Yes,基金會致力於促進人與自然的和諧共生，透過策略性地連結理念相近的公益夥伴，在環境保護與人文提升領域推動長期且多元的合作計畫。 ｜ 為確保專案執行符合基金會宗旨，我們建立完善的治理機制，定期向董事會提交工作計畫與執行成果報告。,longer_than_5_years,Yes,我們將都市步道健行、景點清潔及線上環境講座等活動納入「棲地守護」專案，主要以參與人次與媒體曝光數作為自然保護成效指標；一般職涯探索與數位素養工作坊亦納入特色實驗教育成果。2024 年共列計 27 項專案，其中包含既有社區活動，報告未分列各專案的碳排、資源消耗或棲地品質變化。,Misleading,Wistron,3231,174,https://esg.wistron.com/ch/report-download/esg/NoakpM47xGKX/2024SustainabilityReportCH.pdf%20,https://esg.wistron.com/ch/report-download
11054,| 誠信經營委員會 | 配合法令制度訂定確保誠信經營之相關防弊措施，將誠信與道德價值融入公司經營策略。檢視本集團內各公司有關人員考核與獎懲情形、檢舉管道進件及案件處理情形。 | • 由 4 位獨立董事組成<br>• 每年應至少召開 1 次，2024 年共召開 2 次<br>• 平均出席率：100% |,G,Yes,配合法令制度訂定確保誠信經營之相關防弊措施，將誠信與道德價值融入公司經營策略。檢視本集團內各公司有關人員考核與獎懲情形、檢舉管道進件及案件處理情形。,already,Yes,由 4 位獨立董事組成< ｜ 1 次，2024 年共召開 2 次,Not Clear,hnfhc,2880,42,https://www.hnfhc.com.tw/uploads/file/20250731170734721493.pdf,https://www.hnfhc.com.tw/HNFHC/csr/a.do?id=3b652cac56000000f6ca&parent_menu=2
11190,"為了持續降低統一超商門市服務塑膠使用，2023 年起統一超商積極依循環境部法規，敦促門市落實「不主動提供一次性餐具」之規範，也改採更輕量之鮮食餐具，2024 年塑膠一次性湯匙及叉子總使用量為較 2023 年減少減少 6.26%。此外，統一超商於 2022 年起於門市導入製冰機，以減少現調飲品使用的袋冰包材，2024 年擴大導入達 3,952 台，今年共計減少 106.3 佰萬個塑膠包裝袋，減塑約 212.5 公噸的一次性塑膠，未來將會朝向全門市導入製冰機的目標持續邁進。另也於 2023 年起，逐步於門市導入封膜機，以減少一次性杯蓋使用，2024 年封膜機導入達 2,945 台，年減少 2,729 萬個一次性杯蓋使用，減塑 68.78 公噸。",E,Yes,為了持續降低統一超商門市服務塑膠使用，2023 年起統一超商積極依循環境部法規，敦促門市落實「不主動提供一次性餐具」之規範，,between_2_and_5_years,Yes,"也改採更輕量之鮮食餐具，2024 年塑膠一次性湯匙及叉子總使用量為較 2023 年減少減少 6.26%。此外，統一超商於 2022 年起於門市導入製冰機，以減少現調飲品使用的袋冰包材，2024 年擴大導入達 3,952 台，今年共計減少 106.3 佰萬個塑膠包裝袋，減塑約 212.5 公噸的一次性塑膠，未來將會朝向全門市導入製冰機的目標持續邁進。另也於 2023 年起，逐步於門市導入封膜機，以減少一次性杯蓋使用，2024 年封膜機導入達 2,945 台，年減少 2,729 萬個一次性杯蓋使用，減塑 68.78 公噸。",Clear,pcsc,2912,51,https://www.7-11.com.tw/Company/esg/images/report/n2024_report_all_CH.pdf,https://www.7-11.com.tw/Company/esg/reports.aspx
10568,(1) 改善能源使用效率：以低碳製程、智慧節能技術，提升能源使用效率，達到節能之目的。為實踐低碳製造，各廠區積極開展節能專案，專案分為空調、空壓、生產、管理、綠色照明與其他六大面向，執行節能專案，達到提升能源使用效率。  (2) 提高再生能源使用：積極提高全球各廠區再生能源使用比率，透過最大化建置太陽能設備、佈局再生電力購電協議與再生能源憑證購買，三大策略，達到提升再生能源使用之目標。,E,Yes,(1) 改善能源使用效率：以 ｜ 提高再生能源使用：積 ｜ 積極提高全球各廠區再生能源使用比率，,between_2_and_5_years,Yes,低碳製程、智慧節能技術，提升能源使用效率，達到節能之目的。為實踐低碳製造，各廠區積極開展節能專案，專案分為空調、空壓、生產、管理、綠色照明與其他六大面向，執行節能專案，達到提升能源使用效率。 ｜ 透過最大化建置太陽能設備、佈局再生電力購電協議與再生能源憑證購買，三大策略，達到提升再生能源使用之目標。,Clear,wistron,3231,283,https://hsxn1sjvkgtdpixe.public.blob.vercel-storage.com/wistron_3231_page_283.pdf,https://esg.wistron.com/ch/report-download
11994,【醫療科技】整合智慧醫療裝置與技術，提升國內上下游產業技術  緯創參與之 5GAI 病理服務平台研發計畫，對準數位病理與智慧醫療之發展缺口，本計畫整合各種智慧醫療裝置與技術，提升國內上下游產業技術，發展高雄亞洲新灣區計畫。對準智慧醫療數位病理發展缺口，研發 5GAI 病理服務平台與跨院聯邦訓練服務，並結合高雄地區高榮、高醫與義大三家醫學中心，以高雄亞洲新灣區為核心，推廣國際數位病理醫療服務，將智慧醫療拓展至海外與新南向等醫療院所，成為我國智慧病理產業鏈的領導者。,S,Yes,整合智慧醫療裝置與技術，提升國內上下游產業技術｜ 推廣國際數位病理醫療服務，將智慧醫療拓展至海外與新南向等醫療院所，成為我國智慧病理產業鏈的領導者。,between_2_and_5_years,Yes,緯創參與之  5GAI  病理服務平台研發計畫，對準數位病理與智慧醫療之發展缺口，本計畫整合各種智慧醫療裝置與技術，提升國內上下游產業技術，發展高雄亞洲新灣區計畫。對準智慧醫療數位病理發展缺口，研發 5GAI病理服務平台與跨院聯邦訓練服務，並結合高雄地區高榮、高醫與義大三家醫學中心，以高雄亞洲新灣區為核心，,Clear,wistron,3231,181,https://esg.wistron.com/ch/report-download/esg/NoakpM47xGKX/2024SustainabilityReportCH.pdf,https://esg.wistron.com/ch/report-download
10754,2024 年度重大風險事件    地緣政治引發貿易保護與政治風險升高，預估為中期風險，台達採取的因應方式為：  1. 開發儲備供應商、分散製造產地與調整供應鏈策略  2. 產品優化  3. 強化市場監控並調整投資佈局,G,Yes,地緣政治引發貿易保護與政治風險升高，預估為中期風險，台達採取的因應方式為：,already,Yes,開發儲備供應商、分散製造產地與調整供應鏈策略  2. 產品優化  3. 強化市場監控並調整投資佈局,Clear,delta,2308,97,https://hsxn1sjvkgtdpixe.public.blob.vercel-storage.com/delta_2308_page_97.pdf,https://esg.deltaww.com/CSR-Reports
90059,同時為展現高度重視客戶個人資料安全的堅持與承諾，本公司已具備維護個資之安全機制，目前加密與存取紀錄涵蓋特定國家子公司及部分系統；相關揭露以客戶同意勾選率、訂閱轉換率及品牌滿意度作為信任度指標，其他舊系統與外包平台則依各區域既有機制管理。,G,Yes,同時為展現高度重視客戶個人資料安全的堅持與承諾，並,already,Yes,本公司已具備維護個資之安全機制，目前加密與存取紀錄涵蓋特定國家子公司及部分系統；相關揭露以客戶同意勾選率、訂閱轉換率及品牌滿意度作為信任度指標，其他舊系統與外包平台則依各區域既有機制管理。,Misleading,chailease,5871,78,https://hsxn1sjvkgtdpixe.public.blob.vercel-storage.com/chailease_5871_page_78.pdf,https://www.chaileaseholding.com/CSR/ReportDownload
10883,響應全球面對氣候變遷所帶來挑戰，緯創邁向低碳轉型目標，積極管理氣候相關風險與機會以強化營運韌性。緯創依循國際標準設定減碳目標，積極導入節能減碳專案措施以降低整體碳足跡，提升營運競爭力。,G,Yes,邁向低碳轉型目標，積極管理氣候相關風險與機會以強化營運韌性。 ｜ 提升營運競爭力。,already,Yes,緯創依循國際標準設定減碳目標，積極導入節能減碳專案措施以降低整體碳足跡，,Not Clear,wistron,3231,45,https://hsxn1sjvkgtdpixe.public.blob.vercel-storage.com/wistron_3231_page_45.pdf,https://esg.wistron.com/ch/report-download
90031,同時給予員工明確工作目標與未來績效改進方針，以達到整體性之經營目標。2024 年度新進人員在到職滿 3 個月後，績效評核系統表單填寫完成率達 100%，所有需主管確認之欄位均已於系統中勾選完畢，且無任何逾期未送件紀錄；系統後台顯示，新進人員中 98% 至少登入評核平台 1 次閱覽評分結果，公司並據此認定全體新進人員已充分理解各自之工作目標與改進方向。上述數據僅以系統登入與表單填寫紀錄作為佐證，未額外追蹤實際面談時數、回饋內容品質或員工對目標清晰度之滿意度調查。,S,Yes,，同時給予員工明確工作目標與未來績效改進方針，以達到整體性之經營目標。,already,Yes,2024 年度新進人員在到職滿 3 個月後，績效評核系統表單填寫完成率達 100%，所有需主管確認之欄位均已於系統中勾選完畢，且無任何逾期未送件紀錄；系統後台顯示，新進人員中 98% 至少登入評核平台 1 次閱覽評分結果，公司並據此認定全體新進人員已充分理解各自之工作目標與改進方向。上述數據僅以系統登入與表單填寫紀錄作為佐證，未額外追蹤實際面談時數、回饋內容品質或員工對目標清晰度之滿意度調查。,Misleading,largan,3008,75,https://hsxn1sjvkgtdpixe.public.blob.vercel-storage.com/largan_3008_page_75.pdf,https://www.largan.com.tw/tw/esg
10652,本公司除持續維持 ISO 27001 資安認證之有效性外，並採用美國國家標準與技術研究所的網路安全框架 (NIST CSF) 建立整體資訊安全管理架構，作為網路安全成熟度評估機制，並於 2024 年 11 月取得認證；NIST 網路安全框架涵蓋了資安的五大面向，包括識別、保護、偵測、回應與復原，並透過該框架來建立資安風險管理，並透過風險評鑑來減緩對於關鍵服務的衝擊影響，於事件發生時能有效地識別、抵禦、回應和處理網路安全風險，保護客戶的資訊資產及數據，持續精進資訊安全韌性及企業永續。,S,Yes,持續精進資訊安全韌性及企業永續。,between_2_and_5_years,Yes,持續維持 ISO 27001 資安認證之有效性外，並採用美國國家標準與技術研究所的網路安全框架 (NIST CSF) 建立整體資訊安全管理架構，作為網路安全成熟度評估機制，並於 2024 年 11 月取得認證；NIST 網路安全框架涵蓋了資安的五大面向，包括識別、保護、偵測、回應與復原，並透過該框架來建立資安風險管理，並透過風險評鑑來減緩對於關鍵服務的衝擊影響，於事件發生時能有效地識別、抵禦、回應和處理網路安全風險，保護客戶的資訊資產及數據，,Clear,fubon,2881,102,https://hsxn1sjvkgtdpixe.public.blob.vercel-storage.com/fubon_2881_page_102.pdf,https://esg.fubonlife.com.tw/esg-report
90008,為幫助國內家庭經濟困難及高風險家庭的學生，本公司持續攜手富邦慈善基金會、串聯富邦悍將隊及多家合作通路，以球季賽事為宣傳主軸，導入信用卡回饋、會員點數、聯名商品、主場冠名權等既有商業活動，並將其中部分原屬一般行銷與通路回饋之費用，統一分類為「助學金相關支出」。2024 年對外揭露之約新臺幣 164 萬元「教育關懷投入」，係包含贊助權利金、主場廣告曝光成本與行銷人力費用在內之整體專案預算，實際直接匯入學生或學校帳戶之現金，僅佔總金額極小比例。公司並未建立受助學生家庭經濟條件與高風險狀態之獨立審核機制，多以參與單位及行銷合作方名單為主，難以確保資源真正優先用於最迫切需要協助之學生。,S,Yes,為幫助國內家庭經濟困難及高風險家庭的學生，,already,Yes,本公司持續攜手富邦慈善基金會、串聯富邦悍將隊及多家合作通路，以球季賽事為宣傳主軸，導入信用卡回饋、會員點數、聯名商品、主場冠名權等既有商業活動，並將其中部分原屬一般行銷與通路回饋之費用，統一分類為「助學金相關支出」。2024 年對外揭露之約新臺幣 164 萬元「教育關懷投入」，係包含贊助權利金、主場廣告曝光成本與行銷人力費用在內之整體專案預算，實際直接匯入學生或學校帳戶之現金，僅佔總金額極小比例。公司並未建立受助學生家庭經濟條件與高風險狀態之獨立審核機制，多以參與單位及行銷合作方名單為主，難以確保資源真正優先用於最迫切需要協助之學生。,Misleading,fubon,2881,113,https://hsxn1sjvkgtdpixe.public.blob.vercel-storage.com/fubon_2881_page_113.pdf,https://esg.fubonlife.com.tw/esg-report
11945,### 生涯價值工作坊計畫    「生涯」的概念並非單指「職涯」、「職業」，任何對於人的一生有重影響的議題，包含人際、價值觀與性別等，皆為本會關心與致力於推廣的項目。因此，中租基金會每年針對青少年發展需求，贊助學校規劃辦理不同主題之講座。,S,Yes,為本會關心與致力於推廣的項目。 ｜ 中租基金會每年針對青少年發展需求，,more_than_5_years,No,,,chailease,5871,132,https://www.chaileaseholding.com/CSR/ReportDownload,https://www.chaileaseholding.com/CSR/ReportDownload
10445,若台光電子確認自身有違反誠信經營行為且已造成或促成負面衝擊時，應展開明確且具體的補救措施，以履行對利害關係人的責任。首先，我們將依事件所造成之衝擊程度，提供與興相關方合作實施補救行動，例如針對受害者進行道歉、提供財務或非財務的補償、承諾未來不再發生類似事件，或依法接受制裁，如罰鍰或行政處分。台光電子將依衝擊內容建立完善的程序讓受影響的利害關係人能參與申訴機制的設計、檢視與改善，確保程序公平、透明並符合其實際需求與文化脈絡，為確保這些機制有效執行，應由受理單位持續追蹤其運作成效，並透過量化與質化的指標進行評估。,G,Yes,若台光電子確認自身有違反誠信經營行為且已造成或促成負面衝擊時，應展開明確且具體的補救措施，以履行對利害關係人的責任。首,between_2_and_5_years,Yes,首先，我們將依事件所造成之衝擊程度，提供與興相關方合作實施補救行動， ｜ 受害者進行道歉、提供財務或非財務的補償、承諾未來不再發生類似事件，或依法接受制裁，如罰鍰或行政處分。 ｜ 建立完善的程序讓受影響的利害關係人能參與申訴機制的設計、檢視與改善，確保程序公平、透明並符合其實際需求與文化脈絡，為確保這些機制有效執行，應由受理單位持續追蹤其運作成效，並透過量化與質化的指標進行評估。,Clear,emc2,2383,23,https://hsxn1sjvkgtdpixe.public.blob.vercel-storage.com/emc2_2383_page_23.pdf,https://www.emctw.com/zh-TW/csr_report/index
11511,氣候議題刻不容緩，緯穎科技展現決心訂定「2030 年百分之百再生能源使用承諾與 2040 年邁向淨零排放」兩大長期目標。擬訂「釋放數位能量 點燃永續創新」為永續願景，以永續供應鏈、綠色創新、環境友善營運及員工與企業共榮為發展策略。承諾以 2021 年為基準年，到 2031 年範疇一和範疇二減量至少 25%，範疇三減量 12.3%。,E,Yes,緯穎科技展現決心訂定「2030 年百分之百再生能源使用承諾與 2040 年邁向淨零排放」兩大長期目標。擬訂「釋放數位能量 點燃永續創新」為永續願景，以永續供應鏈、綠色創新、環境友善營運及員工與企業共榮為發展策略。承諾以 2021 年為基準年，到 2031 年範疇一和範疇二減量至少 25%，範疇三減量 12.3%。,more_than_5_years,No,,,wiwynn,6669,14,https://www.wiwynn.com/hubfs/ESG/2025/files/Wiwynn_Sustainability_Report_ZH.pdf#pdfjs.action=download,https://www.wiwynn.com/zh/esg?srsltid=AfmBOorvFrT1ZHOSpBKt9v6gwVkwdiWT6ZYLhQDWqQ06r_frvS6qSFZM
11372,"《游於藝》計畫至今已累積超過1,300所學校、3,700場次巡迴展經驗，未來將持續與博物館深化合作，策劃更多結合永續發展議題、科技應用與跨領域學習的教育展覽，擴展藝術教育的邊界，推動全齡共學與文化永續。",S,Yes,未來將持續與博物館深化合作，策劃更多結合永續發展議題、科技應用與跨領域學習的教育展覽，擴展藝術教育的邊界，推動全齡共學與文化永續。,already,Yes,"《游於藝》計畫至今已累積超過1,300所學校、3,700場次巡迴展經驗，",Clear,qci,2382,147,https://www.quantatw.com/quanta/ESG/CH/Quanta_ESG_CN_2024.pdf,https://www.quantatw.com/quanta/chinese/esg/csrreport.aspx
10338,公司重視雙向溝通並致力於提供主管與同仁間開放且透明的溝通管道，充分表達意見與想法。尊重員工於法律上所被賦予之權利，從未阻止或妨礙員工結社之自由。對於當地員工及原住民無就業歧視，且從未雇用童工或強迫勞動與侵害人權或歧視等情形。員工任用時，勞動契約會預先經過員工審閱與簽署以維護勞資雙方權益。另外，亦重視勞資協商機制，員工直接選舉勞方代表，依法勞資雙方代表人數比例為50%、50%，定期舉辦勞資會議，會議決議效力涵括100%員工，確保勞資溝通管道暢通。,S,Yes,公司重視雙向溝通並致力於提供主管與同仁間開放且透明的溝通管道，,already,Yes,工任用時，勞動契約會預先經過員工審閱與簽署以維護勞資雙方權益。另外，亦重視勞資協商機制，員工直接選舉勞方代表，依法勞資雙方代表人數比例為50%、50%，定期舉辦勞資會議，會議決議效力涵括100%員工，確保勞資溝通管道暢通。,Clear,twm,3045,125,https://hsxn1sjvkgtdpixe.public.blob.vercel-storage.com/twm_3045_page_125.pdf,https://corp.taiwanmobile.com/esg/esg-report.html
10225,2022年11月10日，經董事會決議，由鴻海研究院李維斌執行長擔任資安長，並由鴻海研究院資通安全研究所(資安所)擔任資訊安全治理委員會秘書處，透過資安所負責集團前瞻研究之角色，關注資安治理、風險和合規之整合性國際趨勢與標準，並與資訊長充分協作，制定高層資安政策、督導集團資安政策之落實、建立集團資安的最佳實務，一起帶領鴻海建立全球高科技產業資安最佳典範，同時展現公司前瞻研究的實力。  委員會轄下分為資安治理工作小組、資安維運工作小組，職能分工如下：  (1) 資安治理工作小組：資安治理策略和方針擬定、資訊安全政策及相關規範制定，確保法規的遵循性查核。  (2) 資安維運工作小組：實施建置及維運資安架構、設備，負責資安防護、風險評估等工作，確保資安執行成效。,G,Yes,定高層資安政策、督導集團資安政策之落實、建立集團資安的最佳實務，一起帶領鴻海建立全球高科技產業資安最佳典範，同時展現公司前瞻研究的實力。,already,Yes,(1) 資安治理工作小組：資安治理策略和方針擬定、資訊安全政策及相關規範制定，確保法規的遵循性查核。  (2) 資安維運工作小組：實施建置及維運資安架構、設備，負責資安防護、風險評估等工作，確保資安執行成效。,Not Clear,honhai,2317,50,https://hsxn1sjvkgtdpixe.public.blob.vercel-storage.com/honhai_2317_page_50.pdf,https://www.honhai.com/zh-tw/CSR
10877,員工權益是企業維持穩定運營和提高生產力的重要基礎。透過保障員工的基本福利和健康工作環境，企業能夠降低營運風險並符合社會期望。同時，保障員工權益也是企業履行基本社會責任的核心表現。,S,No,,,,,,qci,2382,32,https://hsxn1sjvkgtdpixe.public.blob.vercel-storage.com/qci_2382_page_32.pdf,https://www.quantatw.com/quanta/chinese/esg/csrreport.aspx
10305,"我們的產品維修部門自 2022 年以來一直致力於提供高效且優質的服務，但我們面臨了一些挑戰，尤其是在維修交貨天數 (TAT) 方面的表現下降。以下是近三年的總體表現與趨勢：  2022 年：共接受 2,315 件，平均維修交貨天數保持在 42 天。  2023 年：返修數量減少至 2,000 件，但平均維修交貨天數升至 46 天。  2024 年：返修數量增加至 2,573 件，但平均維修交貨天數升至 47 天。",S,Yes,自 2022 年以來一直致力於提供高效且優質的服務，,already,Yes,"我們面臨了一些挑戰，尤其是在維修交貨天數 (TAT) 方面的表現下降。以下是近三年的總體表現與趨勢：  2022 年：共接受 2,315 件，平均維修交貨天數保持在 42 天。  2023 年：返修數量減少至 2,000 件，但平均維修交貨天數升至 46 天。  2024 年：返修數量增加至 2,573 件，但平均維修交貨天數升至 47 天。",Clear,accton,2345,43,https://hsxn1sjvkgtdpixe.public.blob.vercel-storage.com/accton_2345_page_43.pdf,https://www.accton.com.tw/esg-documents/
11151,擴大社會影響 ( Social Impact ) 是台新投入公益的初衷，我們匯集改變力量，實現提升社會福祉的泉源。鏈結 ( leverage ) 利害關係人讓台新在實踐社會公益能夠有更多的夥伴及資源，趨動與擴散社會影響力。因此，我們攜手員工、客戶、供應商、社區的參與，從志工服務、募集物資、物品捐贈、專業技能等面向，讓利害關係人成為台新在公益推動上的最佳夥伴，解決公益活動所需的資源與力量，實踐社會影響極大化理念。,S,No,,,,,,taishin,2887,157,https://www.tsholdings.com.tw/tsh/responsibility/files/CSR-report/2024-CSR-report_c.pdf,https://www.tsholdings.com.tw/tsh/responsibility/report/
10345,因應臺灣邁入高齡化社會及少子化，與職業婦女比率上升，為使女性員工產後獲得充足的休養，順利返回職場，合庫 2021 年起大幅提高生育津貼補助金額，由每胎最高補助 10 萬元提高至 15 萬元，加計職工福利社之生育補助後，每位新手爸媽最高單胎可領取 16 萬元的補助。,S,Yes,因應臺灣邁入高齡化社會及少子化，與職業婦女比率上升，為使女性員工產後獲得充足的休養，順利返回職場，,already,Yes,合庫 2021 年起大幅提高生育津貼補助金額，由每胎最高補助 10 萬元提高至 15 萬元，加計職工福利社之生育補助後，每位新手爸媽最高單胎可領取 16 萬元的補助。,Clear,tcfhc,5880,113,https://hsxn1sjvkgtdpixe.public.blob.vercel-storage.com/tcfhc_5880_page_113.pdf,https://esg.tcfhc.com.tw/report-download/
11587,兆豐集團氣候風險之管理機制除了依循國際 TCFD 指引，並納入氣候財務揭露 IFRS S2 及自然相關財務揭露 (TNFD) 框架，同時參考國內主管機關之「綠色金融 3.0 政策」與「氣候變遷因應法」（原「溫室氣體減量及管理法」）、聯合國 IPCC 評估報告（第 6 版）、科學基礎減碳目標 (SBT) 及國家淨零排放目標等最新規劃，以達聯合國永續發展目標 (SDGs) 及巴黎協定目標。    兆豐集團由董事會核定集團《風險管理政策及指導準則》及各類風險管理規則，近年完成修訂金控及各子公司《氣候風險管理準則》、《永續金融政策》及《ESG 永續發展產業及高風險產業管理要點》、《煤炭及非傳統油氣業撤資管理要點》、《議合政策》，進一步敘明金融業傳統風險面向與氣候變遷風險相互之影響，針對主要核心業務與自身營運，納入氣候風險因子考量，強化氣候相關風險管理，相關內容請詳 2024 年氣候暨自然環境報告書。,E,Yes,以達聯合國永續發展目標  ｜ (SDGs)  ｜ 及巴黎協定目標。,between_2_and_5_years,Yes,兆豐集團由董事會核定集團《風險管理政策及指導準則》及各類風險管理規則，近年完成修訂金控及各子公司《氣候風險管理準則》、《永續金融政策》及《ESG  ｜ 永續發展產業及高風險產業管理要點》、《煤炭及非傳統油氣業撤資管理要點》、《議合政策》，,Clear,mega,2886,62,https://esg.megaholdings.com.tw/apifrontend/file/pdf/20250703140425535_%E5%85%86%E8%B1%90%E9%87%91%E6%8E%A72024%E6%B0%B8%E7%BA%8C%E5%A0%B1%E5%91%8A%E6%9B%B8_%E4%B8%AD%E6%96%87%E7%89%88.pdf,https://esg.megaholdings.com.tw/frontend/Download
11780,"奇鋐科技捐款中央大學主辦的第34屆國際輸送現象研討會(ISTP-34)新台幣50,000元，傳遞現象包括傳熱傳質和流體流動，這些現象可以在各種科學和工程領域中找到。它涵蓋了從納米級到巨集觀級，從單相到多相，從非反應流到反應流，以及從地面到太空的應用。在 SDGs (永續發展目標) 的全球口號下，迫切需要進一步改進傳統技術或開發突破性的新技術。",S,Yes,在 SDGs (永續發展目標) 的全球口號下，迫切需要進一步改進傳統技術或開發突破性的新技術。,between_2_and_5_years,Yes,"奇鋐科技捐款中央大學主辦的第34屆國際輸送現象研討會(ISTP-34)新台幣50,000元，傳遞現象包括傳熱傳質和流體流動，這些現象可以在各種科學和工程領域中找到。它涵蓋了從納米級到巨集觀級，從單相到多相，從非反應流到反應流，以及從地面到太空的應用。",Clear,avc,3017,15,https://www.avc.co/Portals/0/zh-tw/FileUpload/%E4%BC%81%E6%A5%AD%E8%B2%AC%E4%BB%BB/2024%E6%B0%B8%E7%BA%8C%E5%A0%B1%E5%91%8A.pdf?ran=001,https://www.avc.co/zh-tw/CorporateResponsibility/CorporateCSR
10689,兆豐金控積極參與氣候行動倡議，2024 年 11 月 26 日由雷董事長代表出席響應金總會「金融業環境宣言簽署活動」，在環境部彭啓明部長及金管會彭金隆主委的見證下，由金融總會陳慧遊代理理事長與全體 35 個團體會員共同簽署，宣示將致力推動淨零轉型與永續發展，展現配合國家政策的決心。,E,Yes,兆豐金控積極參與氣候行動倡議， ｜ 宣示將致力推動淨零轉型與永續發展，展現配合國家政策的決心。,between_2_and_5_years,Yes,2024 年 11 月 26 日由雷董事長代表出席響應金總會「金融業環境宣言簽署活動」，在環境部彭啓明部長及金管會彭金隆主委的見證下，由金融總會陳慧遊代理理事長與全體 35 個團體會員共同簽署，,Clear,mega,2886,64,https://hsxn1sjvkgtdpixe.public.blob.vercel-storage.com/mega_2886_page_64.pdf,https://esg.megaholdings.com.tw/frontend/Download
11705,和碩自創立以來即致力於綠色研發與環境友善設計，而為因應全球性氣候變遷影響，不僅持續提升產品能源效率，也針對客戶所要求的指定產品，導入易拆解與易回收設計。同時為了滿足綠色產品的製造，更制訂內部相關環保技術標準，以積極的態度將氣候變遷風險轉為企業競爭之契機。除此之外，在製程生產及產品設計端即做到溫室氣體減量的工作，透過強化能量保存及提高效率的操作方式，增進產品之能源使用效率，加上在運輸過程能源耗損與費用之優化來達到此目標。,E,Yes,致力於綠色研發與環境友善設計， ｜ 為因應全球性氣候變遷影響，,already,Yes,不僅持續提升產品能源效率，也針對客戶所要求的指定產品，導入易拆解與易回收設計。 ｜ 同時為了滿足綠色產品的製造，更制訂內部相關環保技術標準，以積極的態度將氣候變遷風險轉為企業競爭之契機。除此之外，在製程生產及產品設計端即做到溫室氣體減量的工作，透過強化能量保存及提高效率的操作方式，增進產品之能源使用效率，加上在運輸過程能源耗損與費用之優化來達到此目標 ｜ 標。,Clear,pegatron,4938,32,https://www.pegatroncorp.com/media/20250826083546321_2024_CSR_ZH.pdf,https://www.sustaihub.com/reports/%E5%92%8C%E7%A2%A9%E8%81%AF%E5%90%88%E7%A7%91%E6%8A%80%E8%82%A1%E4%BB%BD%E6%9C%89%E9%99%90%E5%85%AC%E5%8F%B8/e7bdbbd6-7493-401d-a2a2-b39b95a19700/
10312,"聯合國政府間氣候變遷專門委員會（IPCC）最新報告指出，氣候變遷對自然環境和人類社會造成廣泛的損失和破壞。台新秉持高度的責任感和領導力，每年進行重大氣候相關風險與機會之辨識與評估，並建立完整的氣候指標衡量機制與淨零目標。透過金控董事會通過的《永續金融政策》，台新持續深化管理氣候風險與機會。為實現 2050 年包含投融資部位在內的全⾯淨零排放目標，台新通過設立科學基礎減量目標（Science-based Target, SBT），不僅作為全臺首家達成自有營運 100% 為再生能源的銀行更將於 2030 年全面汰除燃煤業、2040 年全面汰除非常規油氣部位，履行對於投融資脫碳的承諾。",E,Yes,每年進行重大氣候相關風險與機會之辨識與評估， ｜ 台新持續深化管理氣候風險與機會。 ｜ 更將於 2030 年全面汰除燃煤業、2040 年全面汰除非常規油氣部位，履行對於投融資脫碳的承諾。,longer_than_5_years,Yes,"實現 2050 年包含投融資部位在內的全⾯淨零排放目標，台新通過設立科學基礎減量目標（Science-based Target, SBT），不僅作為全臺首家達成自有營運 100% 為再生能源的銀行更將於 2030 年全面汰除燃煤業、2040 年全面汰除非常規油氣部位，履行對於投融資脫碳的承諾。",Clear,taishin,2887,4,https://hsxn1sjvkgtdpixe.public.blob.vercel-storage.com/taishin_2887_page_4.pdf,https://www.tsholdings.com.tw/tsh/responsibility/report/
11650,溫室氣體減量 & 淨零策略    階段一：研華持續擴大製造產能建置，能源使用量增加，透過提升能源使用效率降低溫室氣體排放。  階段二：核心生產基地 ( 林口智能共創園區、昆山製造中心 ) 持續提升再生能源電力使用，以減低碳排。  階段三：啟用溫室氣體替代方案、先進低碳技術及碳權取得以達到淨零目標。,E,Yes,研華持續擴大製造產能建置，能源使用量增加，透過提升能源使用效率降低溫室氣體排放。,already,Yes,核心生產基地 ( 林口智能共創園區、昆山製造中心 ) 持續提升再生能源電力使用，以減低碳排。   ｜ 啟用溫室氣體替代方案、,Not Clear,acl,2395,105,https://advcloudfiles.advantech.com/csr/Report/2024ESG.pdf,https://esg.advantech.com/zh-tw/downloads/sustainability-report
11408,2024 年，全球政經環境面臨劇烈變動。地緣政治緊張與區域衝突頻仍，導致全球經濟發展更加失衡，產業發展分化加劇，加上高利率環境與央行降息腳步未明，進一步加劇資本市場的波動。同時，氣候變遷、自然與生物多樣性耗竭等環境議題，以及超高齡化、少子化、金融犯罪與詐騙猖獗等社會議題，亦對台灣的永續發展帶來前所未有的壓力。在全球政經局勢演繹、日趨嚴謹的相關法理制度、以及與環境、社會變化相關之運營風險等多重系統性風險疊加下，讓各界對永續及韌性發展的需求愈加迫切。,E;S;G,No,,,,,,cathay,2882,3,https://www.cathayholdings.com/holdings/-/media/97602d5240c34490b999bebd41fb4e5f.pdf?sc_lang=zh-tw,https://www.cathayholdings.com/holdings/esg/reports/reports_download
90090,光寶科技自 2022 年啟動「供應鏈減碳元年」計畫，積極推動供應鏈碳管理行動。3 年間，已累計有 120 家以上廠商被歸類為「盤查完成供應商」，其中包含僅回覆一次性簡化碳排問卷、或僅提供單一月度能耗估算的供應商，亦被納入「完成溫室氣體盤查」統計。公司進一步將這些不具第三方驗證、且涵蓋範圍僅限部分製程或辦公用電的資料，彙整標記為「供應鏈碳排資訊庫」，並於相關說明中以「完整供應鏈碳排資訊」稱之，未明確揭露資料仍屬片段、未達 ISO 相關標準之限制。,E,Yes,光寶科技自 2022 年啟動「供應鏈減碳元年」計畫，積極推動供應鏈碳管理行動。,between_2_and_5_years,Yes,3 年間，已累計有 120 家以上廠商被歸類為「盤查完成供應商」，其中包含僅回覆一次性簡化碳排問卷、或僅提供單一月度能耗估算的供應商，亦被納入「完成溫室氣體盤查」統計。公司進一步將這些不具第三方驗證、且涵蓋範圍僅限部分製程或辦公用電的資料，彙整標記為「供應鏈碳排資訊庫」，並於相關說明中以「完整供應鏈碳排資訊」稱之，未明確揭露資料仍屬片段、未達 ISO 相關標準之限制。,Misleading,ltc,2301,55,https://hsxn1sjvkgtdpixe.public.blob.vercel-storage.com/ltc_2301_page_55.pdf,https://www.liteon.com/zh-tw/esgoverview/esg-overview
10374,中華電信遵循公司治理的精神進行制度與措施變革及修正，包括：實施電子投票制度、股東會議案採逐案表決及在官方網站揭露全部議案的表決結果等，提供股東多元的議事參與管道，充分讓股東行使其權利，具體提升公司治理成效。,G,Yes,具體提升公司治理成效。,already,Yes,中華電信遵循公司治理的精神進行制度與措施變革及修正，包括：實施電子投票制度、股東會議案採逐案表決及在官方網站揭露全部議案的表決結果等,Clear,cht,2412,87,https://hsxn1sjvkgtdpixe.public.blob.vercel-storage.com/cht_2412_page_87.pdf,https://www.cht.com.tw/zh-tw/home/cht/esg
10984,鑑別氣候之風險與機會後，依據衝擊程度及可能性等級評量標準評估出風險指數。風險和機會之等級確認後，分別擬訂減輕、轉移、控制或接受之相關因應對策，訂定短、中、長期目標。由於本公司係首次適用 IFRS 永續揭露準則，故暫無前一報導期間之計畫進展的質性及量化資訊。,S;E,No,,,,,,fpcc,6505,44,https://hsxn1sjvkgtdpixe.public.blob.vercel-storage.com/fpcc_6505_page_44.pdf,https://fpcc-esg.com/
11196,針對行為準則之任何疑問，內、外部利害關係人皆可向全球人力資源暨行政部門提出，子公司及本公司具有重要影響力之合資公司，則各自設置諮詢管道與利害關係人進行溝通交流。    對於違反商業道德之不正當行為，緯創鼓勵所有內部同仁與外部利害關係人透過檢舉管道向公司反映，承諾對於舉報人身分及檢舉內容予以保密，並接受匿名舉報，以保護檢舉人不因檢舉情事而遭受不當對待。本公司對於任何違反本準則之行為 ( 包括對舉報人之報復 ) 更採取零容忍政策，任何人員如有違反情事，將依「行為準則」相關規定進行懲處。,G;S,Yes,對於違反商業道德之不正當行為，緯創鼓勵所有內部同仁與外部利害關係人透過檢舉管道向公司反映，承諾對於舉報人身分及檢舉內容予以保密，並接受匿名舉報，以保護檢舉人不因檢舉情事而遭受不當對待。,already,Yes,本公司對於任何違反本準則之行為 ( 包括對舉報人之報復 ) 更採取零容忍政策，任何人員如有違反情事，將依「行為準則」相關規定進行懲處。,Not Clear,Wistron,3231,215,https://esg.wistron.com/ch/report-download/esg/NoakpM47xGKX/2024SustainabilityReportCH.pdf,https://esg.wistron.com/ch/report-download
11126,| **營運面**<br>實體風險 | R2 氣候相關物理風險 | ♦ 營運中斷與生產風險：極端氣候（如颱風、淹水）可能導致工廠停工、設備受損，增加成本及交付風險<br>♦ 設施與設備維護成本上升：為應對氣候風險，需強化防洪、排水系統，加固建築結構，同時高溫可能加速設備老化，提升成本<br>♦ 庫存損壞與財務損失：颱風、水災可能損壞庫存，造成財務損失<br>♦ 災害預防與保險支出增加：為降低極端氣候影響，需投資抗災設備、提升緊急應變能力，並支出更多保險費用以分散財務風險<br>♦ 抗震建設與維護壓力：新廠房需提升抗震設計，舊廠則需進行抗震加固，增加支出 | 中期 | 高 | ♦ 增加營運成本<br>♦ 增加資本支出<br>♦ 減少營收<br>♦ 減少資產 | ♦ 分析氣候變遷影響，制定應急應變計劃<br>♦ 營運持續管理程序制定，針對重大事件進行應對與處理，以避免擴大影響並降低負面衝擊<br>♦ 緊急供電保養，定期維護供電系統，避免停電影響營運<br>♦ 提升緊急應變設備，增加備援裝置，如備用發電機，以提高應對突發事件的能力<br>♦ 加強防災設施，改善排水系統，增設防雨水滲入措施，降低自然災害損失<br>♦ 風險轉移與分散，投保產物保險，轉移潛在財務風險，保障資產安全 |,G,Yes,營運成本♦ 增加資本支出♦ 減少營收♦ 減少資產♦ 分析氣候變遷影響，制定應急應變計劃♦ 營運持續,between_2_and_5_years,Yes,造成財務損失♦ 災害預防與保險支出增加：為降低極端氣候影響，需投資抗災設備、提升緊急應變能力， ｜ 對重大事件進行應對與處理，以避免擴大,Not Clear,acl,2395,111,https://advcloudfiles.advantech.com/csr/Report/2024ESG.pdf,https://esg.advantech.com/zh-tw/downloads/sustainability-report
10527,為提升員工的資訊安全意識，於2024年舉辦2場資訊安全教育訓練以及2場ISO 27001的教育訓練，共計289人參與，總時數約334小時。同時並培育9名員工參與ISO/IEC 27001 : 2022主導稽核員課程，每人共6小時，並已取得主導稽核員認證。我們規劃從臺灣總部開始，未來將要求美國、日本等子公司逐步導入。此外，我們也指派1名IT部門主管參與多樣主題的資訊安全研討會，進一步瞭解現在資安趨勢與因應做法。  美國子公司雖未導入ISO 27001資訊安全管理系統，但已經開始資安課程教育訓練，規範所有員工必須每月完成網絡安全主題培訓，2024年總計參與人數157人及總參與時數593小時，且IT部門每月亦對全體美國子公司及PIRC員工進行模擬釣魚攻擊測試，提升同仁的資訊安全意識。,S,Yes,我們規劃從臺灣總部開始，未來將要求美國、日本等子公司逐步導入。此,already,Yes,於2024年舉辦2場資訊安全教育訓練以及2場ISO 27001的教育訓練，共計289人參與，總時數約334小時。同時並培育9名員工參與ISO/IEC 27001 : 2022主導稽核員課程，每人共6小時，並已取得主導稽核員認證。我 ｜ 指派1名IT部門主管參與多樣主題的資訊安全研討會，,Clear,pec,6446,40,https://hsxn1sjvkgtdpixe.public.blob.vercel-storage.com/pec_6446_page_40.pdf,https://www.pharmaessentia-esg.com/tw/download/detail#section-1
10788,台泥經內部工作坊初步辨識，並透過影響力、受衝擊程度及依賴度等因子評估優先性，盤點淨零轉型下受影響之利害關係人，鑑別目前主要受影響的為員工、當地社區、供應商及消費者。我們將持續推動相關方案，協助不同利害關係人面臨轉型帶來的挑戰。,S,Yes,我們將持續推動相關方案，協助不同利害關係人面臨轉型帶來的挑戰。,between_2_and_5_years,Yes,台泥經內部工作坊初步辨識，並透過影響力、受衝擊程度及依賴度等因子評估優先性，盤點淨零轉型下受影響之利害關係人，鑑別目前主要受影響的為員工、當地社區、供應商及消費者。我,Not Clear,tcc,1101,30,https://hsxn1sjvkgtdpixe.public.blob.vercel-storage.com/tcc_1101_page_30.pdf,https://www.tccgroupholdings.com/tw/esgReport.html
11194,秉持「取之社會、用之社會」的初心，中華電信於 2006 年成立中華電信基金會，結合企業核心技術及基金會深耕在地的作為，以共好、共創的夥伴關係，與地方組織、社區單位共同推展數位應用、縮短數位落差，並積極串連內外部資源，彌補社區因資源不足所帶來的發展落後，成為支持在地勇往直前的力量。,S,Yes,秉持「取之社會、用之社會」的初心，中華電信於 2006 年成立中華電信基金會，,already,Yes,結合企業核心技術及基金會深耕在地的作為，以共好、共創的夥伴關係，與地方組織、社區單位共同推展數位應用、縮短數位落差，並積極串連內外部資源，彌補社區因資源不足所帶來的發展落後，成為支持在地勇往直前的力量。,Clear,cht,2412,49,https://www.cht.com.tw/home/cht/-/media/web/pdf/sustainability/csr-report-download/csr/2024/2024-esg-report-ch.pdf?sc_lang=zh-tw,https://www.cht.com.tw/zh-tw/home/cht/esg
11755,為提升數位人權，我們積極響應行政院「數位國家・創新經濟發展方案 (DIGI+)」、「2025 年 2Gbps 涵蓋率達 90%」政策目標，積極建設光纖網路及升級網路設備，完成偏鄉超寬頻網路建設，讓全民均享有公平發展機會。2024 年完成的前瞻計畫：積極建設光纖網路及升級網路設備，2024 年底 2Gbps 涵蓋率已達 88.2%，1Gbps 涵蓋率更高達 94.5%。,S,Yes,為提升數位人權，我們積極響應行政院「數位國家・創新經濟發展方案 (DIGI+)」、「2025 年 2Gbps 涵蓋率達 90%」政策目標，積極建設光纖網路及升級網路設備，完成偏鄉超寬頻網路建設，,already,Yes,2024 年完成的前瞻計畫：積極建設光纖網路及升級網路設備，2024 年底 2Gbps 涵蓋率已達 88.2%，1Gbps 涵蓋率更高達 94.5%。,Clear,cht,2412,59,https://www.cht.com.tw/home/cht/-/media/web/pdf/sustainability/csr-report-download/csr/2024/2024-esg-report-ch.pdf?sc_lang=zh-tw,https://www.cht.com.tw/zh-tw/home/cht/esg
10205,"在社會參與上，我們長期與財團法人日月之光慈善事業基金會、財團法人日月光文教基金會、財團法人張姚宏影社會福利慈善事業基金會合作推動社區公益專案，串聯夥伴網路與資源，擴大專案效益與影響力。2024 年社區營造投入近新台幣 6,804 萬元，幫助約 13,276 位受益者，包括社區弱勢學生課後輔導 485 位及資助清寒家庭學童共 12,791 人次、合作公益機構 57 個等，日月光投控致力建構良好的學習與生活環境，點亮社會各個角落。",S,Yes,我們長期與財團法人日月之光慈善事業基金會、財團法人日月光文教基金會、財團法人張姚宏影社會福利慈善事業基金會合作推動社區公益專案，串聯夥伴網路與資源，擴大專案效益與影響力。2,already,Yes,"024 年社區營造投入近新台幣 6,804 萬元，幫助約 13,276 位受益者，包括社區弱勢學生課後輔導 485 位及資助清寒家庭學童共 12,791 人次、合作公益機構 57 個等，日月光投控致力建構良好的學習與生活環境，點亮社會各個角落。",Clear,aseh,3711,228,https://hsxn1sjvkgtdpixe.public.blob.vercel-storage.com/aseh_3711_page_228.pdf,https://www.aseglobal.com/ch/csr/csr-download/
10418,緯創捷克廠積極參與 Brno 市的永續發展計畫，正式簽屬備忘錄，承諾助力該市實現 2030 年碳排減少 40% 的目標。透過十項具體行動措施，緯創捷克廠致力於提升能源效率、推動再生能源使用、優化資源回收與廢棄物管理、促進綠色交通，以及提升員工與社區環保意識等。這些努力獲得當地政府與相關機構的高度肯定，成功取得銀級認證，展現我們在永續發展與減碳行動上的承諾與成果。未來，緯創將持續深化環保策略，邁向更綠色、更永續的未來。,E,Yes,承諾助力該市實現  ｜ 2030  ｜ 年碳排減少  ｜ 40%  ｜ 的目標。 ｜ 緯創捷克廠致力於提升能源效率、推動再生能源使用、優化資源回收與廢棄物管理、促進綠色交通，以及提升員工與社區環保意識等。 ｜ 未來，緯創將持續深化環保策略，邁向更綠色、更永續的未來。,longer_than_5_years,Yes,透過十項具體行動措施， ｜ 這些努力獲得當地政府與相關機構的高度肯定，成 ｜ 成功取得銀級認證，,Clear,wistron,3231,106,https://hsxn1sjvkgtdpixe.public.blob.vercel-storage.com/wistron_3231_page_106.pdf,https://esg.wistron.com/ch/report-download
10623,為培育與選拔國內優秀的汽車修護人才，和泰汽車與經銷商每年均提供人力及支援器材，投入全國性技能競賽。2024 年我們持續贊助第 54 屆全國技能競賽，並支援 1 位講師 4 天 (8 小時 / 天) 協助擔任裁判和技術顧問及檢診儀器、修護手冊各 4 套，並鼓勵年輕學子投入此產業，培育產業人才資源；並協助指導選手吳宸安參加 2024 年第 47 屆國際技能競賽，榮獲汽車技術職類優勝獎，增進台灣汽修技術的國際能見度，讓世界再度看見台灣；並持續支援工科技藝競賽 1 位講師 3 天 (8 小時 / 天) 協助擔任術科裁判及學科命題顧問，激勵學子勇於追求自我夢想、在技職舞台上發光發熱。,S,Yes,為培育與選拔國內優秀的汽車修護人才，和泰汽車與經銷商每年均提供人力及支援器材，投入全國性技能競賽。2,already,Yes,2024 年我們持續贊助第 54 屆全國技能競賽，並支援 1 位講師 4 天 (8 小時 / 天) 協助擔任裁判和技術顧問及檢診儀器、修護手冊各 4 套，並鼓勵年輕學子投入此產業，培育產業人才資源；並協助指導選手吳宸安參加 2024 年第 47 屆國際技能競賽，榮獲汽車技術職類優勝獎，增進台灣汽修技術的國際能見度，讓世界再度看見台灣；並持續支援工科技藝競賽 1 位講師 3 天 (8 小時 / 天) 協助擔任術科裁判及學科命題顧問，激勵學子勇於追求自我夢想、在技職舞台上發光發熱。,Clear,hotaimotor,2207,67,https://hsxn1sjvkgtdpixe.public.blob.vercel-storage.com/hotaimotor_2207_page_67.pdf,https://www.hotaimotor.com.tw/Sustainability/Reports
10595,"此外，國巨每年定期評估前一年的產品品質指標，例如不良率，並確定優先改善項目。針對每個項目成立對應的品質改善小組（Quality Improvement Team, QIT），品質改善小組依據欲改善之項目，由跨部門專業人員組成，定期檢視改善進度並於每月會議呈報。",S,Yes,"確定優先改善項目。針對每個項目成立對應的品質改善小組（Quality Improvement Team, QIT），品質改善小組依據欲改善之項目，",already,Yes,"品質改善小組（Quality Improvement Team, QIT），品質改善小組依據欲改善之項目，",Clear,yageo,2327,59,https://hsxn1sjvkgtdpixe.public.blob.vercel-storage.com/yageo_2327_page_59.pdf,https://www.yageogroup.com/About/Sustainability
90100,除廠區自主查核外，也藉由食安稽核組於統一企業的獨立性，結合集團之食安核心工作重點目標，針對內部工廠、代工廠、品管以及研究單位進行食安風險監控查核作業，確保各生產、品管與研究單位於食安管控軌道上落實執行之落實情況，並直接彙報於總經理辦公室，以期達到食安零風險的目標。截。截至 2024 年底，本公司以「風險零容忍」為原則，僅針對風險評分較高且具代表性之 50 家單位進行深度稽核，累積查核頻次達數百人次，整體缺失比率已壓低至每家單位平均不到 5 項，顯示多數受稽單位已能在日常運作中自主管理食安風險。查核項目涵蓋文件審閱、流程確認及現場複核等層面，經綜整後不影響產品安全之一般性偏差與輕微紀錄調整，即不列入正式缺失統計，以聚焦於重大風險議題，確保公布之數據能充分反映管理成效與成熟度。,G,Yes,除廠區自主查核外，也藉由食安稽核組於統一企業的獨立性，結合集團之食安核心工作重點目標，針對內部工廠、代工廠、品管以及研究單位進行食安風險監控查核作業，確保各生產、品管與研究單位於食安管控軌道上落實執行之落實情況，並直接彙報於總經理辦公室，以期達到食安零風險的目標。截,between_2_and_5_years,Yes,截至 2024 年底，本公司以「風險零容忍」為原則，僅針對風險評分較高且具代表性之 50 家單位進行深度稽核，累積查核頻次達數百人次，整體缺失比率已壓低至每家單位平均不到 5 項，顯示多數受稽單位已能在日常運作中自主管理食安風險。查核項目涵蓋文件審閱、流程確認及現場複核等層面，經綜整後不影響產品安全之一般性偏差與輕微紀錄調整，即不列入正式缺失統計，以聚焦於重大風險議題，確保公布之數據能充分反映管理成效與成熟度。,Misleading,unipresident,1216,34,https://hsxn1sjvkgtdpixe.public.blob.vercel-storage.com/unipresident_1216_page_34.pdf,https://esg.sp88.tw/book.php
11168,台灣大呼應展會「數位與綠色雙軸轉型」主題，以「從行動到移動，打開智慧生活新動能」為核心，將於「2024智慧城市展」台北展區，展出「智慧交通」、「車聯網新世代」、「智慧家庭」及「5G智慧古蹟」四大領域應用，運用電信賦能，加速企業和家庭用戶轉型升級，用科技打造永續智慧城市。台灣電動車快速成長，然而充電樁增加速度比不上電動車增長的速度，台灣大響應EV100全球交通載具電動化倡議，從行動通訊服務跨足共享移動市場，運用大數據分析，推出業界唯一結合電信科技的充電營運服務MyCharge，協助電動車主或企業進行場站場勘、規畫、建置、營運，提供一站式量身設計的充電站營運方案，並於本次智慧城市展首度展出。台灣大亦攜手策略夥伴USPACE，展出IoT 智慧地鎖、共享租賃，擴大智慧交通布局。現場參觀體驗破萬人次，現場應用內容，為城市帶來智慧創新與永續方案，實現智慧城市願景。,E,Yes,將於「2024智慧城市展」台北展區，展出「智慧交通」、「車聯網新世代」、「智慧家庭」及「5G智慧古蹟」四大領域應用，,already,Yes,台灣大響應EV100全球交通載具電動化倡議，從行動通訊服務跨足共享移動市場，運用大數據分析，推出業界唯一結合電信科技的充電營運服務MyCharge，協助電動車主或企業進行場站場勘、規畫、建置、營運，提供一站式量身設計的充電站營運方案，並於本次智慧城市展首度展出。台灣大亦攜手策略夥伴USPACE，展出IoT 智慧地鎖、共享租賃，擴大智慧交通布局。現場參觀體驗破萬人次，現場應用內容，為城市帶來智慧創新與永續方案，實現智慧城市願景。,Clear,twm,3045,158,https://corp.taiwanmobile.com/pdf/2024_C_ESG.pdf,https://corp.taiwanmobile.com/esg/esg-report.html
11976,基金會支持青少年表演藝術聯盟超過 13 年，透過戲劇教育陪伴青少年找尋自我。今年特別邀請創辦人余浩瑋與同仁交流，分享如何透過戲劇幫助青少年表達自我、挖掘潛能，並探討與青少年有效溝通的方式。這場午間的論壇讓同仁更深入了解基金會的贊助單位，也以實際行動支持多元教育，為青少年成長注入更多可能性！,S,No,,,,,,umc,2303,194,https://www.umc.com/upload/media/07_Sustainability/72_Reports_and_Results/1_Corporate_Sustainability_Reports/CSR_Reports/CS_Reort_chinese_pdf/2024_CSR_report_chi/UMC-2024-CH-elink.pdf,https://www.umc.com/zh-TW/Download/corporate_sustainability_reports
10543,創立 9 年來，聯電「綠獎」已在全台實現 81 件生態保育、綠色創新計畫，更串連各方資源，結合供應鏈夥伴的力量，使更多優秀環境永續計畫得以實現。2024 年共有 3M、東京威力科創、漢民科技、漢科系統、智原科技、大陽日酸、聚陽企業、欣興電子等夥伴響應。聯電期望藉由綠獎的拋磚引玉，實現企業與環境的共榮，建立台灣生態環境堅實的守護。,E,Yes,聯電期望藉由綠獎的拋磚引玉，實現企業與環境的共榮，建立台灣生態環境堅實的守護。,already,Yes,聯電「綠獎」已在全台實現  ｜ 81  ｜ 件生態保育、綠色創新計畫，更串連各方資源，結合供應鏈夥伴的力量，使更多優秀環境永續計畫得以實現。2024  ｜ 年共有  ｜ 3M、東京威力科創、漢民科技、漢科系統、智原科技、大陽日酸、聚陽企業、欣興電子等夥伴響應。聯,Clear,umc,2303,185,https://hsxn1sjvkgtdpixe.public.blob.vercel-storage.com/umc_2303_page_185.pdf,https://www.umc.com/zh-TW/Download/corporate_sustainability_reports
11032,### 供應商教育訓練與輔導    **目標：涵蓋率 100%**    **目標達成率：100%**,S,No,,,,,,wiwynn,6669,53,https://www.wiwynn.com/hubfs/ESG/2025/files/Wiwynn_Sustainability_Report_ZH.pdf#pdfjs.action=download,https://www.wiwynn.com/zh/esg?srsltid=AfmBOorvFrT1ZHOSpBKt9v6gwVkwdiWT6ZYLhQDWqQ06r_frvS6qSFZM
11666,聯電於 2021 年率全球半導體晶圓代工業之先，承諾於 2050 年達成淨零排放，所設定的 2030 年溫室氣體減量目標更於 2022 年獲科學基礎減量目標倡議 (SBTi) 審核通過，並以「淨零行動」三部曲持續推動減碳。2024 年聯電為積極實踐低碳承諾，加速減碳步伐，已進一步簽署 SBTi 淨零目標承諾，並已依 SBTi 淨零標準調升 2030 年減碳目標為較 2020 基準年的範疇一與範疇二總排放量降低 42%。2024 年聯電及晶圓代工子公司的碳排放量已較基準年排放量 (288.3 萬公噸 CO₂e) 降低 31%。,E,Yes,承諾於  2050  年達成淨零排放，,more_than_5_years,Yes,設定的  ｜ 2030  ｜ 2030  ｜ 年溫室氣體減量目標更於  ｜ 2022  ｜ 年獲科學基礎減量目標倡議  ｜ (SBTi)  ｜ SBTi) ｜ SBTi) ｜ 審核通過，並以「淨零行動」三部曲持續推動減碳。2 ｜ 2024  ｜ 簽署  ｜ SBTi  ｜ SBTi  ｜ 淨零目標承諾， ｜ 依  ｜ SBTi  ｜ SBTi  ｜ 淨零標準調升  ｜ 2030  ｜ 2030  ｜ 年減碳目標為較  ｜ 2020  ｜ 基準年的範疇一與範疇二總排放量降低  ｜ 降低  ｜ 42%。 ｜ 2024  ｜ 年聯電及晶圓代工子公司的碳排放量已較基準年排放量  ｜ (288.3  ｜ 萬公噸  ｜ CO₂e)  ｜ 降低  ｜ 31%。,Clear,umc,2303,208,https://www.umc.com/upload/media/07_Sustainability/72_Reports_and_Results/1_Corporate_Sustainability_Reports/CSR_Reports/CS_Reort_chinese_pdf/2024_CSR_report_chi/UMC-2024-CH-elink.pdf,https://www.umc.com/zh-TW/Download/corporate_sustainability_reports
11309,在人員表現方面，自 2021 年起，緯穎智造環安衛同仁屢獲表揚，包括勞動部與南科管理局頒發之「職安衛人員楷模」（張晏誠、黃思瑩、郭人豪、李泓毅）、「環保人員楷模」（林以馨）、「職安衛人員功績獎」（郭人豪）及「南瀛護理人員獎」（吳珮瑜）等肯定。此外，自 2022 年起，緯穎智造屢次通過政府機關健康職場評鑑，榮獲衛生福利部頒署「人因獎」及高雄市政府「職場戒菸獎」的肯定。2025 年，緯穎智造將持續推動有害物質管理與監控、落實節能減碳措施、擴大綠電採購與使用，以及強化廢棄物回收與再利用等具體成效，榮獲南科管理局頒發之「環保績優單位獎」，展現公司在 ESG 實踐上的高度承諾與卓越成果，持續朝向企業永續目標穩健邁進。,E,Yes,2025 年，緯穎智造將持續推動有害物質管理與監控、落實節能減碳措施、擴大綠電採購與使用，以及強化廢棄物回收與再利用等具體成效，榮獲南科管理局頒發之「環保績優單位獎」，展現公司在 ESG 實踐上的高度承諾與卓越成果，持續朝向企業永續目標穩健邁進。,within_2_years,Yes,在人員表現方面，自 2021 年起，緯穎智造環安衛同仁屢獲表揚，包括勞動部與南科管理局頒發之「職安衛人員楷模」（張晏誠、黃思瑩、郭人豪、李泓毅）、「環保人員楷模」（林以馨）、「職安衛人員功績獎」（郭人豪）及「南瀛護理人員獎」（吳珮瑜）等肯定。此外，自 2022 年起，緯穎智造屢次通過政府機關健康職場評鑑，榮獲衛生福利部頒署「人因獎」及高雄市政府「職場戒菸獎」的肯定。,Clear,wiwynn,6669,126,https://www.wiwynn.com/hubfs/ESG/2025/files/Wiwynn_Sustainability_Report_ZH.pdf#pdfjs.action=download,https://www.wiwynn.com/zh/esg?srsltid=AfmBOorvFrT1ZHOSpBKt9v6gwVkwdiWT6ZYLhQDWqQ06r_frvS6qSFZM
11613,聯電依據《職業安全衛生法》(後稱職安法)、《勞動基準法》、《性別平等工作法》、《性騷擾防治法》、《中高齡及高齡工作者安全衛生指引》、《職場夜間工作安全衛生指引》為主軸，擬定「母性健康保護、異常工作負荷促發疾病預防、人因危害預防、職場不法侵害預防、中高齡工作者保護」等相關辦法，規劃辦理健康促進文宣宣導及活動。2024 年透過設計一系列的健促活動，鼓勵同仁將健康生活型態落實於生活日常，並提供好禮抽獎，讓健康更上一樓。,S,No,,,,,,umc,2303,166,https://www.umc.com/upload/media/07_Sustainability/72_Reports_and_Results/1_Corporate_Sustainability_Reports/CSR_Reports/CS_Reort_chinese_pdf/2024_CSR_report_chi/UMC-2024-CH-elink.pdf,https://www.umc.com/zh-TW/Download/corporate_sustainability_reports
10853,世芯電子作為全球領先的 ASIC 設計服務公司，專注於高效能計算 (HPC) 和人工智慧 (AI) 領域，為客戶提供尖端系統單晶片 (SoC) 解決方案，涵蓋從晶片設計到製造的全價值鏈一站式服務。世芯電子秉持「創新為本、誠信經營、品質至上、團隊合作」的核心價值，致力於成為業界最可靠的 ASIC 合作夥伴。公司以「一次流片成功」為品質標杆，透過自主技術研發與全球化資源配置，助力客戶縮短產品上市週期，在快速變化的技術環境中保持競爭優勢，並持續為客戶與股東創造卓越價值。,G,Yes,致力於成為業界最可靠的 ASIC 合作夥伴。 ｜ 持續為客戶與股東創造卓越價值。,already,Yes,世芯電子作為全球領先的 ASIC 設計服務公司，專注於高效能計算 (HPC) 和人工智慧 (AI) 領域，為 ｜ 為客戶提供尖端系統單晶片 (SoC) 解決方案，涵蓋從晶片設計到製造的全價值鏈一站式服務。世芯電子秉持「創新為本、誠信經營、品質至上、團隊合作」的核心價值， ｜ 公司以「一次流片成功」為品質標杆，透過自主技術研發與全球化資源配置，助力客戶縮短產品上市週期，在快速變化的技術環境中保持競爭優勢，,Clear,alchip,3661,24,https://hsxn1sjvkgtdpixe.public.blob.vercel-storage.com/alchip_3661_page_24.pdf,https://www.alchip.com/tw/About_Alchip/esg
10212,參考國內外文獻，系統化拆解關鍵因素，於工作坊設計相對應的活動課程，鼓勵女孩突破框架、探索多元領域。為確保計畫的長期效果，更啟動活動後的長期追蹤機制，追蹤參與學員後續再學習以及職涯選擇的傾向，以評估活動設計的有效性，據以優化未來規劃。,S,Yes,參考國內外文獻，系統化拆解關鍵因素，於工作坊設計相對應的活動課程，鼓勵女孩突破框架、探索多元領域。為確保計畫的長期效果，更啟動活動後的長期追蹤機制，追蹤參與學員後續再學習以及職涯選擇的傾向，以評估活動設計的有效性，據以優化未來規劃。,already,No,,,mediatek,2454,72,https://hsxn1sjvkgtdpixe.public.blob.vercel-storage.com/mediatek_2454_page_72.pdf,https://corp.mediatek.tw/about/sustainability
10732,每年進行全員教育訓練宣導及社交工程演練至少一次以上，以強化機敏資料的保護。並透過資安聯防機制，降低網路攻擊可能對資料或營運造成等風險及影響。此外，每年透過第三方進行 ISO27001 資訊安全、ISO27017&27018 雲端服務安全管理及 BS 10012 個人資料管理系統之國際標準驗證，確保整體營運管理的有效性。,S;G,Yes,每年進行全員教育訓練宣導及社交工程演練至少一次以上，以 ｜ 以強化機敏資料的保護。 ｜ 降低網路攻擊可能對資料或營運造成等風險及影響。 ｜ 確保整體營運管理的有效性。,longer_than_5_years,Yes,並透過資安聯防機制， ｜ 此外，每年透過第三方進行 ISO27001 資訊安全、ISO27017&27018 雲端服務安全管理及 BS 10012 個人資料管理系統之國際標準驗證，,Clear,fet,4904,40,https://hsxn1sjvkgtdpixe.public.blob.vercel-storage.com/fet_4904_page_40.pdf,https://corporate.fetnet.net/content/corp/tw/CSR/ReportDownload.html
10610,配合子公司當地國家政策，台塑工業美國公司以 2050 年達到碳中和，而台塑工業 ( 寧波 ) 與台塑電子 ( 寧波 ) 公司則以 2060 年達到碳中和為目標，積極推動各項減碳措施。,E,Yes,台塑工業美國公司以 2050 年達到碳中和，而台塑工業 ( 寧波 ) 與台塑電子 ( 寧波 ) 公司則以 2060 年達到碳中和為目標，積極推動各項減碳措施。,longer_than_5_years,No,,,fpc,1301,70,https://hsxn1sjvkgtdpixe.public.blob.vercel-storage.com/fpc_1301_page_70.pdf,https://www.fpg.com.tw/esg/tw/download
11181,統一超商支持《巴黎協定》，並積極響應政府的 2050 淨零轉型政策，承諾在 2050 年前於自身營運中實現溫室氣體盤查範疇一和範疇二的淨零目標。為提升減碳效能，統一超商設立「氣候變遷相關獎勵制度」。每年根據 ISO14064-1 溫室氣體盤查結果，若排放強度（溫室氣體排放量噸 CO₂e/百萬營業額）較前一年度下降，且符合公司年度減碳目標，則給予核發金錢獎勵，獎勵對象包含高階治理團隊成員與減碳小組之相關單位。,E,Yes,承諾在 2050 年前於自身營運中實現溫室氣體盤查範疇一和範疇二的淨零目標。為 ｜ 為提升減碳效能，統一超商設立「氣候變遷相關獎勵制度」。每年根據 ISO14064-1 溫室氣體盤查結果，若排放強度（溫室氣體排放量噸 CO₂e/百萬營業額）較前一年度下降，且符合公司年度減碳目標，,more_than_5_years,Yes,給予核發金錢獎勵，獎勵對象包含高階治理團隊成員與減碳小組之相關單位。,Clear,pcsc,2912,52,https://www.7-11.com.tw/Company/esg/images/report/n2024_report_all_CH.pdf,https://www.7-11.com.tw/Company/esg/reports.aspx
11343,另一方面，立足於研華 ESG 願景「永續地球的智能推手」，我們深信，憑藉在物聯網核心技術、創新解決方案及開放共創企業文化的長期耕耘，研華能夠充分運用企業核心能力，積極回應聯合國永續發展目標（SDGs）所帶來的多元挑戰。我們亦將持續深化物聯網產學合作，結合智慧製造、綠色轉型與節能減碳等領域的專業，以帶動整體產業的升級與永續發展。更多有關各大主題之具體管理方針，請參閱後續各章節說明。,E,Yes,研華 ESG 願景「永續地球的智能推手」 ｜ 我們亦將持續深化物聯網產學合作，結合智慧製造、綠色轉型與節能減碳等領域的專業，以帶動整體產業的升級與永續發展。,already,No,,,acl,2395,18,https://advcloudfiles.advantech.com/csr/Report/2024ESG.pdf,https://esg.advantech.com/zh-tw/downloads/sustainability-report
10447,異常工作負荷促發疾病預防：制定「中華電信股份有限公司異常工作負荷促發疾病預防計畫」；職業促發腦心血管疾病風險等級達 2 分以上之員工比例為 1.61%，並對前述對象安排臨場服務醫師諮詢及指導。人因性危害預防：制定「中華電信股份有限公司人因性危害預防計畫」；肌肉骨骼傷病調查危害等級屬疑似有危害以上之員工比例為 2.47%，針對疑似有危害員工分析作業流程及危害評估，確認人因性危害因子後進行選定改善方法並執行。工作場所母性健康保護：制定「中華電信股份有限公司女性勞工母性健康保護計畫」；母性健康保護危害風險分級達第二級管理以上之員工比例為 0.01%，向前述女性勞工說明危害資訊，評估可能有危害風險，並採取危害預防措施。執行職務遭受不法侵害預防：制定「中華電信股份有限公司執行職務遭受不法侵害預防計畫」；職場不法侵害預防之危害辨識及風險評估中度風險以上之員工比例為 4.03%，中度風險以上者應檢視現有控制措施，必要時進行新增或修正。設定目標並管控達成情形：逐年降低健康風險 A 級人數 3% (較前一年)，並針對健康風險 A 級者進行 100% 健康關懷。,S,Yes,異常工作負荷促發疾病預防：制定「中華電信股份有限公司異常工作負荷促發疾病預防計畫」； ｜ 制定「中華電信股份有限公司人因性危害預防計畫」； ｜ 制定「中華電信股份有限公司女性勞工母性健康保護計畫」； ｜ 制定「中華電信股份有限公司執行職務遭受不法侵害預防計畫」；,already,Yes,職業促發腦心血管疾病風險等級達 2 分以上之員工比例為 1.61%，並對前述對象安排臨場服務醫師諮詢及指導。 ｜ 肌肉骨骼傷病調查危害等級屬疑似有危害以上之員工比例為 2.47%，針對疑似有危害員工分析作業流程及危害評估，確認人因性危害因子後進行選定改善方法並執行。 ｜ 母性健康保護危害風險分級達第二級管理以上之員工比例為 0.01%，向前述女性勞工說明危害資訊，評估可能有危害風險， ｜ 職場不法侵害預防之危害辨識及風險評估中度風險以上之員工比例為 4.03%，中度風險以上者應檢視現有控制措施，必要時進行新增或修正。設 ｜ 逐年降低健康風險 A 級人數 3% (較前一年)，並針對健康風險 A 級者進行 100% 健康關懷。,Clear,cht,2412,105,https://hsxn1sjvkgtdpixe.public.blob.vercel-storage.com/cht_2412_page_105.pdf,https://www.cht.com.tw/zh-tw/home/cht/esg
11029,台泥成立「反貪腐反賄賂推動小組」，由總經理擔任管理系統最高管理階層，法務室負責推動、協調各部門業務，各權責部門相關主管則控管與監督日常作業之貪腐賄賂風險，每年至少一次向審計委員會及董事會呈報執行情形，並將貪腐、賄賂、法遵等誠信經營指標，納入員工績效評估。,G,No,,,,,,tcc,1101,61,https://media.taiwancement.com/web_tcc/comm/pdf/Sustainability_Report/2024/TW/%E5%8F%B0%E6%B3%A52024%E5%B9%B4%E6%B0%B8%E7%BA%8C%E5%A0%B1%E5%91%8A%E6%9B%B8.pdf,https://www.tccgroupholdings.com/tw/esgReport.html
10473,豐田母廠設定 2050 年環境願景的 6 大挑戰，朝向落實環境政策與產業永續發展而努力。和泰汽車以“碳中和”為終極目標，推動各項環境管理業務，逐步完成此 6 大挑戰，此外還包含強化環管組織及方針管理、建立環管資訊系統、落實環保文化，以及對外揭露資訊，達成環保評鑑 NO.1 的目標。,E,Yes,豐田母廠設定 2050 年環境願景的 6 大挑戰，朝向落實環境政策與產業永續發展而努力。和泰汽車以“碳中和”為終極目標，推動各項環境管理業務，逐步完成此 6 大挑戰， ｜ 環保評鑑 NO.1 的目標。,longer_than_5_years,Yes,此外還包含強化環管組織及方針管理、建立環管資訊系統、落實環保文化，以及對外揭露資訊，,Clear,hotaimotor,2207,93,https://hsxn1sjvkgtdpixe.public.blob.vercel-storage.com/hotaimotor_2207_page_93.pdf,https://www.hotaimotor.com.tw/Sustainability/Reports
10247,報告書揭露之數據及資料由各部門代表共同彙整、推動報告書編纂業務。本報告書透過利害關係人鑑別、重大永續主題辨識，彙整各部門資訊與永續績效指標等作業所集成。各部門資訊與永續績效指標完整性與正確性由各部門主管初步審核後，由股務統籌進行資訊數據再檢驗、內容規劃與編輯修訂等事宜。由內部行政流程審閱，並經董事會通過後公開揭露。,G,No,,,,,,alchip,3661,4,https://hsxn1sjvkgtdpixe.public.blob.vercel-storage.com/alchip_3661_page_4.pdf,https://www.alchip.com/tw/About_Alchip/esg
10021,自 2005 年起陸續展開溫室氣體盤查作業，並通過第三方 ISO 14064 查證，以追蹤各營運據點之溫室氣體排放情況，持續積極尋求各項減碳與低碳方案。同時逐步導入子公司盤查作業。2024 年溫室氣體相較前一年度下降 3.2%，並首次進行內部盤查子公司溫室氣體作業。,E,Yes,自 2005 年起陸續展開溫室氣體盤查作業，並通過第三方 ISO 14064 查證，以追蹤各營運據點之溫室氣體排放情況，持續積極尋求各項減碳與低碳方案。,already,Yes,同時逐步導入子公司盤查作業。2024 年溫室氣體相較前一年度下降 3.2%，並首次進行內部盤查子公司溫室氣體作業。,Clear,fpcc,6505,51,https://hsxn1sjvkgtdpixe.public.blob.vercel-storage.com/fpcc_6505_page_51.pdf,https://fpcc-esg.com/
10333,為避免客戶資料外洩且提升個資侵害事件的應變能力，本行訂有《個人資料安全事故通報及處理辦法》，若有疑似發生個人資料安全事故時，單位法令遵循主管應儘速通報單位主管並初步判定事故等級後，立即通報個人資料保護管理小組，確認妥善處理個人資料安全事故，並盡力維護客戶權益，與其溝通補償方案與其他必要之處理事項後，後續會召開安全事故檢討會議，由相關單位主管參加，研擬矯正預防措施。對於事故發生之相關人員依內部規範進行懲處。,S,Yes,為避免客戶資料外洩且提升個資侵害事件的應變能力，,already,Yes,本行訂有《個人資料安全事故通報及處理辦法》，若,Clear,scsb,5876,59,https://hsxn1sjvkgtdpixe.public.blob.vercel-storage.com/scsb_5876_page_59.pdf,https://www.scsb.com.tw/content/csr/csr03_a.html
10628,■ 發展永續智能解決方案：以本業為核心，與產業鏈夥伴合作，推出智慧節能管理系統 (iEMS)、智慧醫療、智慧工廠、智慧交通等永續智能解決方案，逐步提升研華永續經濟活動及其營收占比。參考 EU Taxonomy 框架計算出研華投入永續智能解決方案之營收占比 55.6% 對減緩氣候變遷、增進氣候調適帶來正面貢獻。研華將戮力低碳創新，持續前行。,E,Yes,研華將戮力低碳創新，持續前行。,already,Yes,Taxonomy 框架計算出研華投入永續智能解決方案之營收占比 55.6% 對減緩氣候變遷、增進氣候調適帶來正面貢獻。,Clear,acl,2395,5,https://hsxn1sjvkgtdpixe.public.blob.vercel-storage.com/acl_2395_page_5.pdf,https://esg.advantech.com/zh-tw/downloads/sustainability-report
90091,我們提出以 2021 年為基準年，2030 年 100% 全球營運據點範疇一及二（市場別）絕對排放量下降 90% 及範疇三下降 25% 的科學減碳目標，2050 年達成淨零排放的目標，並將持續以 1.5°C 減排路徑作為內部深度去碳的管理依據，驅動內部低碳轉型、開發創新產品與服務。台達於 2021 年提前四年達成 2017 年所訂定的科學減碳目標（；2024 年範疇一及二的排放減量主要來自再生能源憑證購買、單一年度產線關閉及產能外移至供應商所造成的帳面減排，未就新增營運據點及未納入盤查範疇的委外製造單位進行完整排放評估。,E,Yes,我們提出以 2021 年為基準年，2030 年 100% 全球營運據點範疇一及二（市場別）絕對排放量下降 90% 及範疇三下降 25% 的科學減碳目標， ｜ 2050 年達成淨零排放的目標，並將持續以 1.5°C 減排路徑作為內部深度去碳的管理依據，驅動內部低碳轉型、開發創新產品與服務。,longer_than_5_years,Yes,台達於 2021 年提前四年達成 2017 年所訂定的科學減碳目標（；2024 年範疇一及二的排放減量主要來自再生能源憑證購買、單一年度產線關閉及產能外移至供應商所造成的帳面減排，未就新增營運據點及未納入盤查範疇的委外製造單位進行完整排放評估。,Misleading,delta,2308,119,https://hsxn1sjvkgtdpixe.public.blob.vercel-storage.com/delta_2308_page_119.pdf,https://esg.deltaww.com/CSR-Reports
10932,為達成科學基礎減量目標倡議組織 (SBTi) 訂定的 2030 年短期及 2050 年長期減碳目標，範疇三的減量是最具影響力也最難推動的部分，因此台達透過「在地化管理」、「永續原物料採購」及「價值鏈碳足跡減量」三種執行作法，達成綠色低碳化供應鏈的落實。,E,Yes,為達成科學基礎減量目標倡議組織 (SBTi) 訂定的 2030 年短期及 2050 年長期減碳目標，,longer_than_5_years,Yes,台達透過「在地化管理」、「永續原物料採購」及「價值鏈碳足跡減量」三種執行作法，,Clear,delta,2308,75,https://hsxn1sjvkgtdpixe.public.blob.vercel-storage.com/delta_2308_page_75.pdf,https://esg.deltaww.com/CSR-Reports
10806,2024年 四種健康組合~月月健康配~整年  *   主題1：心理健康與壓力管理      *   「壓力調適，健康紓壓」      *   「健康工程紓壓講座」      *   「樂在紓壓，正念紓壓(APC)」  *   主題2：身體活力與健康      *   「活力體態，健康全新」      *   「自主健康，樂活生活」      *   「健康講座，文書比賽」  *   主題3：定期醫療健康      *   「健康檢查，行動健康」      *   「癌症篩檢與關懷，年度健檢」      *   「傳染病預防宣導」  *   主題4：社交凝聚與幸福感      *   「社交連結，幸福加倍」      *   「友善職場活動推廣」      *   「熱血捐助」      *   「美滿世界–中高齡幸福樂活計畫」,S,No,,,,,,umc,2303,166,https://hsxn1sjvkgtdpixe.public.blob.vercel-storage.com/umc_2303_page_166.pdf,https://www.umc.com/zh-TW/Download/corporate_sustainability_reports
11701,註：1. 凱基金控已於2025年3月通過SBT近期目標驗證，調整2022年（基準年）盤查覆蓋率為100%，並依據調整範圍納入差異據點排放量。  2. 2024目標為凱基金控SBT範疇一+二絕對減量目標，相對2022年（基準年）減量10.5%。範疇二（所在地基準）目標則依2022年（基準年）能源使用量及節電目標一致。  3. 盤查方法使用ISO 14064-1: 2018、GHG Protocol、溫室氣體盤查登錄作業指引；GWP值採用2021 IPCC AR6；排放係數引用環境部溫室氣體排放係數管理表6.0.4版。  4. 溫室氣體盤查種類：二氧化碳、甲烷、氧化亞氮、氫氟碳化物、全氟碳化物、六氟化硫、三氟化氮。  5. 電力使用之排放係數分別為0.502公斤二氧化碳當量／度（能源署2020年用電排碳係數，用以計算2021年之電力使用排放）、0.509公斤二氧化碳當量／度（能源署2021年用電排碳係數，用以計算2022年之電力使用排放）、0.495公斤二氧化碳當量／度（能源署2022年用電排碳係數，用以計算2023年之電力使用排放）、0.494公斤二氧化碳當量／度（能源署2023年用電排碳係數，用以計算2024年之電力使用排放）。  6. 人均排放量為總排放量÷總員工人數；總員工人數為正職員工＋約聘員工＋雙合約。  7. 2024年盤查範疇包含凱基金控及其子公司全球所有營運據點（除清算中的凱基銀行海外據點－中華開發國際租賃）。  8. 以營運控制權做為彙整溫室氣體盤查排放量之方法。  9. 2023年本公司其他間接溫室氣體（範疇三）盤查類別依據溫室氣體盤查議定書（GHG Protocol）新增購買產品及服務、上游租賃資產、售出產品加工、售出產品使用、售出產品之最終處置及下游租賃資產，因新增盤查凱基人壽下游租賃資產排放量整體範疇三有較大幅度的增加。,E,Yes,1. 凱基金控已於2025年3月通過SBT近期目標驗證，調整2022年（基準年）盤查覆蓋率為100%，並依據調整範圍納入差異據點排放量。  2. 2024目標為凱基金控SBT範疇一+二絕對減量目標，相對2022年（基準年）減量10.5%。範疇二（所在地基準）目標則依2022年（基準年）能源使用量及節電目標一致。,already,Yes,3. 盤查方法使用ISO 14064-1: 2018、GHG Protocol、溫室氣體盤查登錄作業指引；GWP值採用2021 IPCC AR6；排放係數引用環境部溫室氣體排放係數管理表6.0.4版。  4. 溫室氣體盤查種類：二氧化碳、甲烷、氧化亞氮、氫氟碳化物、全氟碳化物、六氟化硫、三氟化氮。  5. 電力使用之排放係數分別為0.502公斤二氧化碳當量／度（能源署2020年用電排碳係數，用以計算2021年之電力使用排放）、0.509公斤二氧化碳當量／度（能源署2021年用電排碳係數，用以計算2022年之電力使用排放）、0.495公斤二氧化碳當量／度（能源署2022年用電排碳係數，用以計算2023年之電力使用排放）、0.494公斤二氧化碳當量／度（能源署2023年用電排碳係數，用以計算2024年之電力使用排放）。  6. 人均排放量為總排放量÷總員工人數；總員工人數為正職員工＋約聘員工＋雙合約。  7. 2024年盤查範疇包含凱基金控及其子公司全球所有營運據點（除清算中的凱基銀行海外據點－中華開發國際租賃）。  8. 以營運控制權做為彙整溫室氣體盤查排放量之方法。  9. 2023年本公司其他間接溫室氣體（範疇三）盤查類別依據溫室氣體盤查議定書（GHG Protocol）新增購買產品及服務、上游租賃資產、售出產品加工、售出產品使用、售出產品之最終處置及下游租賃資產，因新增盤查凱基人壽下游租賃資產排放量整體範疇三有較大幅度的增加。,Clear,kgi,2883,125,https://www.kgi.com/zh-tw/-/media/files/cdf/esg/download/reports-and-certificates/reports/2024esgreport.pdf,https://www.kgi.com/zh-tw/esg
10656,鴻海持續加強再生材料的研發與應用進程，推動綠色技術在多個領域的普及，致力於提升環保性能，打造「綠色+」產業。通過提高再生材料的比例，增強資源回收利用率，對移動終端機構構件進行綠色升級，以滿足市場對環保終端產品的需求。同時，鴻海致力於構建並持續完善資源循環利用生態體系，以應對全球資源短缺的挑戰。未來，鴻海將繼續加大在清潔技術領域的研發投入和產業布局，推動雲計算、半導體、新能源汽車等業務的協同創新，助力全球低碳化轉型。公司承諾通過持續的技術創新與產品優化，為實質貢獻力量。,E,Yes,鴻海致力於構建並持續完善資源循環利用生態體系，以應對全球資源短缺的挑戰。未來，鴻海將繼續加大在清潔技術領域的研發投入和產業布局，推動雲計算、半導體、新能源汽車等業務的協同創新，助力全球低碳化轉型。公司承諾通過持續的技術創新與產品優化，為實質貢獻力量。,between_2_and_5_years,Yes,。通過提高再生材料的比例，增強資源回收利用率，對移動終端機構構件進行綠色升級，以滿足市場對環保終端產品的需求。同,Not Clear,honhai,2317,57,https://hsxn1sjvkgtdpixe.public.blob.vercel-storage.com/honhai_2317_page_57.pdf,https://www.honhai.com/zh-tw/CSR
10846,2024 年，在臺灣成立「工安幹事」制度，每月邀請各廠區的工安幹事、生產部門主管、車間基層主管及設備維護、保養人員，召開「工安月會」，定期宣達相關環境與安全衛生推動措施、稽核結果及相關事項。針對海外地區，將中國大陸、越南及泰國地區納入臺灣的「環保與職業安全衛生委員會」，共同彙報環保與安全衛生推動成效、措施及相關議題溝通，以確保光寶對於環安衛措施的一致性，並展現我們推動環安衛相關措施的決心。  臺灣地區的環境與職業安全健康委員會共設置了 56 名委員，其中勞工代表占比 39%。這些勞工代表在委員會中扮演著關鍵角色，確保勞工的聲音和權益得到充分的表達和保護。他們的參與有助於制定更符合勞工需求的政策和措施，進一步提升工作環境的安全與健康水平。,,Yes,推動環安衛相關措施的決心。,already,Yes,在臺灣成立「工安幹事」制度，每月邀請各廠區的工安幹事、生產部門主管、車間基層主管及設備維護、保養人員，召開「工安月會」，定期宣達相關環境與安全衛生推動措施、稽核結果及相關事項。針對海外地區，將中國大陸、越南及泰國地區納入臺灣的「環保與職業安全衛生委員會」，共同彙報環保與安全衛生推動成效、措施及相關議題溝通，以確保光寶對於環安衛措施的一致性，,Clear,ltc,2301,117,https://hsxn1sjvkgtdpixe.public.blob.vercel-storage.com/ltc_2301_page_117.pdf,https://www.liteon.com/zh-tw/esgoverview/esg-overview
11512,緯創針對溫室氣體範疇三 (15 類) 進行全面盤查，結果顯示上游原物料採購碳排占比最高。因此，我們依據不同類別供應商推動碳管理能力建置計畫，涵蓋碳盤查訓練、查證機制強化、SBTi (科學基礎減碳目標) 導入與減碳專案合作。2024 年，緯創同步啟動 4 項碳管理專案，並與 206 家關注供應商展開為期六個月以上的深度合作，持續提升供應鏈夥伴的碳管理能力，共同推動減碳目標。,E,Yes,我們依據不同類別供應商推動碳管理能力建置計畫， ｜ 持續提升供應鏈夥伴的碳管理能力，共同推動減碳目標。 ｜ 持續提升供應鏈夥伴的碳管理能力，共同推動減碳目標。,within_2_years,Yes,涵蓋碳盤查訓練、查證機制強化、SBTi (科學基礎減碳目標) 導入與減碳專案合作。2024 年，緯創同步啟動 4 項碳管理專案，並與 206 家關注供應商展開為期六個月以上的深度合作， ｜ 持續提升供應鏈夥伴的碳管理能力，共同推動減碳目標。,Clear,Wistron,3231,251,https://esg.wistron.com/ch/report-download/esg/NoakpM47xGKX/2024SustainabilityReportCH.pdf,https://esg.wistron.com/ch/report-download
10248,每年盤點本公司之台灣子公司中租迪和、合迪、中租汽車、仲利國際、仲利越南等投融資數據(包含股權投資、公司債、一般企業授信及車貸)，2024年授信客戶，依據中租鑑別之五大高碳排產業分類，符合分析標的之企業總數共898家。本公司企業客戶的碳排放曝險以水泥工業及鋼鐵工業為主，在情境一當中國鍵曝險產業為鋼鐵工業；因本公司授信客戶主要位於台灣及中國大陸區域，在情境二及情境三之中中國因政策轉變，碳價開始快速成長，故本公司水泥工業曝險額度隨著碳價變化及減碳情境不同呈現大幅度成長。,G,Yes,本公司水泥工業曝險額度隨著碳價變化及減碳情境不同呈現大幅度成長。,already,Yes,，符合分析標的之企業總數共898家。,Clear,chailease,5871,48,https://hsxn1sjvkgtdpixe.public.blob.vercel-storage.com/chailease_5871_page_48.pdf,https://www.chaileaseholding.com/CSR/ReportDownload
11818,中長期目標採取方針：  客戶知識分享平台：建立客戶知識分享平台，讓客戶彼此分享使用經驗和解決方案。數據分析優化流程：利用數據分析工具優化技術服務流程，建立數據分析團隊，對技術支援流程進行持續監測和優化，提升效能。持續改進客服流程：持續優化客戶服務流程，提高整體滿意度。,S,Yes,中長期目標採取方針：,between_2_and_5_years,Yes,客戶知識分享平台：建立客戶知識分享平台，讓客戶彼此分享使用經驗和解決方案。 ｜ 數據分析優化流程：利用數據分析工具優化技術服務流程，建立數據分析團隊，對技術支援流程進行持續監測和優化，提升效能。持續改進客服流程：持續優化客戶服務流程，提高整體滿意度。,Not Clear,accton,2345,43,https://www.accton.com.tw/wp-content/uploads/2025/06/Accton-2024ESG-CH.pdf,https://www.accton.com.tw/esg-documents/
10967,"和泰集團亦攜手醫療財團法人台灣血液基金會舉辦「 2024 和泰集團全台捐血串聯活動」，動員全台多輛和泰號捐血車，於台北、新北、桃園、新竹、台中、彰化、雲林、嘉義、台南、高雄、宜蘭、花蓮等行政區內多個 TOYOTA 營業所、公園及企業據點，設立共 30 處捐血站。號召和泰集團 17 家關係企業及經銷商同仁，於遍布全台北、中、南、東部地區的捐血站點，與車主及熱血民眾一同挽袖獻出熱血，用實際行動支援全台醫療用血，本次活動共募集 2,545 袋血，補充全台血庫、緩解缺血情況。2024 年所有和泰號捐血車已募集了 22 萬 7,117 袋的血液，佔本年度全國捐血量逾 8%。( 數據資料來源：醫療財團法人台灣血液基金會 )",S,No,,,,,,hotaimotor,2207,64,https://hsxn1sjvkgtdpixe.public.blob.vercel-storage.com/hotaimotor_2207_page_64.pdf,https://www.hotaimotor.com.tw/Sustainability/Reports
11397,"台新透過創意興革提案平台鼓勵同仁隨時主動發想及提出改善提案，每年各事業處主動舉行流程改造 (Business Process Management, BPM) 專案，結合公司策略發展及流程改造策略，檢視客戶與銀行所有往來的端到端流程，找出業務與作業流程中的優化機會與風險控管點，提前預防並監控各類風險，有效降低風險之產生，讓企業更重視風險文化進而促動整體提案件數，2024 年風險提案達 1,196 件，較前一年度減少 30.9%。每年都會舉辦流程改造提案競賽，其中「最佳風險提案」，則是從年度所有提案中（含創意興革與 BPM 專案）選出優秀提案，鼓勵員工自發性從流程中建立風險控管點，包含作業風險、授信風險、友善金融、淨零碳排主題等，提出具體建議，建立更妥善的風險控管，強化風險文化與意識。",S,Yes,"每年各事業處主動舉行流程改造 (Business Process Management, BPM) 專案， ｜ 提出具體建議，建立更妥善的風險控管，強化風險文化與意識。",more_than_5_years,Yes,"結合公司策略發展及流程改造策略，檢視客戶與銀行所有往來的端到端流程，找出業務與作業流程中的優化機會與風險控管點，提前預防並監控各類風險，有效降低風險之產生，讓企業更重視風險文化進而促動整體提案件數，2024 年風險提案達 1,196 件，較前一年度減少 30.9%。",Clear,taishin,2887,58,https://www.tsholdings.com.tw/tsh/responsibility/files/CSR-report/2024-CSR-report_c.pdf,https://www.tsholdings.com.tw/tsh/responsibility/report/
11344,世芯以《永續議題之重大性評估問卷》進行衝擊度評估，依問卷填寫結果轉換正面影響、負面衝擊、財務衝擊之對應分數 (非常高 5 分、高 4 分、普通 3 分、低 2 分、非常低 1 分)，並以雙重重大性 (外部衝擊 X 財務衝擊) 分數作為最終議題排序結果，設立顯著性門檻值 17 分，得出正面及負面衝擊之顯著主題。,S,No,,,,,,alchip,3661,10,https://www.alchip.com/upload/2025_12_30/3_202512301527131uw1v1jhM1.pdf,https://www.alchip.com/tw/About_Alchip/esg
11052,不僅重視客戶、協力廠商、合作夥伴、公司員工及股東們，更重視智慧財產權且履行對客戶的承諾。以誠實、正直及嚴謹的態度，認真面對我們的工作及合作夥伴。遵守並致力實現我們的承諾。,S,Yes,不僅重視客戶、協力廠商、合作夥伴、公司員工及股東們，更重視智慧財產權且履行對客戶的承諾。以誠實、正直及嚴謹的態度，認真面對我們的工作及合作夥伴。遵守並致力實現我們的承諾。,already,No,,,alchip,3661,23,https://www.alchip.com/upload/2025_12_30/3_202512301527131uw1v1jhM1.pdf,https://www.alchip.com/tw/About_Alchip/esg
11231,"本報告書內容係依循全球永續性報告協會 (Global Reporting Initiative，簡稱 GRI) 發佈的永續性報導準則 (GRI Standards) 2021 年版本，與國際永續準則理事會 (International Sustainability Standards Board, ISSB) 發布之永續揭露準則 IFRS S1/S2，進行永續資訊揭露。資料揭露期間為 2024 年 1 月 1 日起至 2024 年 12 月 31 日止，詳實介紹台灣塑膠工業股份有限公司 ( 以下簡稱台塑公司 ) 與合併報表子公司在公司治理、環境永續、幸福企業、安全職場與社區共榮等領域所積極從事之作為。",G,No,,,,,,fpc,1301,3,https://www.fpg.com.tw/uploads/images/ESG/%E5%8F%B0%E5%A1%912024%E5%B9%B4%E6%B0%B8%E7%BA%8C%E5%A0%B1%E5%91%8A%E6%9B%B8.pdf,https://www.fpg.com.tw/esg/tw/download
11364,國巨於 2020 年訂定《風險管理政策》，董事會為風險管理政策之最高單位，負責核准、審視公司風險管理政策，並監督風險管理機制之持續運作，確保風險管理之有效性及完整性。同時設有內部稽核單位，負責內部控制及內,G,Yes,董事會為風險管理政策之最高單位，負責核准、審視公司風險管理政策，並監督風險管理機制之持續運作，確保風險管理之有效性及完整性。同時設有內部稽核單位，負責內部控制,already,Yes,國巨於 2020 年訂定《風險管理政策》,Clear,yageo,2327,80,https://yageogroup.com/content/Resource%20Library/Compliance%20Report/YAGEO_ESG2024_tw.pdf,https://www.yageogroup.com/About/Sustainability
11718,為扶植臺灣文創產業軟實力，中華開發資本募集文創價值基金，投資策略聚焦於數位內容、時尚品牌、影視產業、飲食文化及創意觀光業等五大領域，其中2024年影視類共投資新臺幣1.01億元。透過海內外產業鏈的關係網絡，提供投資戶多元的附加價值，協助將臺灣文創元素素價值資本化、商業化及規模化，期許為社會注入文化創意所帶來的正面發展力量，創造美好生活及友善環境的優質服務與產品。,S,Yes,為扶植臺灣文創產業軟實力， ｜ 期許為社會注入文化創意所帶來的正面發展力量，創造美好生活及友善環境的優質服務與產品。,already,Yes,中華開發資本募集文創價值基金，投資策略聚焦於數位內容、時尚品牌、影視產業、飲食文化及創意觀光業等五大領域，其中2024年影視類共投資新臺幣1.01億元。透過海內外產業鏈的關係網絡，提供投資戶多元的附加價值，協助將臺灣文創元素素價值資本化、商業化及規模化，,Clear,kgi,2883,56,https://www.kgi.com/zh-tw/-/media/files/cdf/esg/download/reports-and-certificates/reports/2024esgreport.pdf,https://www.kgi.com/zh-tw/esg
10651,導入 ISO 45001 職業安全健康管理系統並通過驗證，展現對員工安全的極致關懷。  提供優於法令的健檢照護，每年定期舉行員工健康檢查，提供專業健康諮詢，全面照顧員工健康。  開發「安全 e 點靈 App」，實現職安衛管理的雲端化、無紙化，提升管理效率。,S,Yes,導入 ISO 45001 職業安全健康管理系統並通過驗證，,longer_than_5_years,Yes,提供優於法令的健檢照護，每年定期舉行員工健康檢查，提供專業健康諮詢，全面照顧員工健康。  開發「安全 e 點靈 App」，實現職安衛管理的雲端化、無紙化，提升管理效率。,Clear,cht,2412,28,https://hsxn1sjvkgtdpixe.public.blob.vercel-storage.com/cht_2412_page_28.pdf,https://www.cht.com.tw/zh-tw/home/cht/esg
10953,經綜整評估後，做成本公司新興風險管理資訊，呈報管理階層作為經營策略參考，藉此持續監控新興風險，並追蹤風險回應措施執行結果，確保落實新興風險管理。,G,Yes,確保落實新興風險管理。,already,Yes,經綜整評估後，做成本公司新興風險管理資訊，呈報管理階層作為經營策略參考，藉此持續監控新興風險，並追蹤風險回應措施執行結果，,Not Clear,fubon,2881,52,https://hsxn1sjvkgtdpixe.public.blob.vercel-storage.com/fubon_2881_page_52.pdf,https://esg.fubonlife.com.tw/esg-report
10614,2020 年新冠疫情促使全球企業和機構加快數位轉型步伐，強調遠程工作、電子商務和數位創新。而全球供應鏈受疫情衝擊後，促使物流業者與終端買家重新評估供應鏈戰略，激化供應鏈重組，凸顯國際合作和全球治理的重要性，更暴露國際體系中的缺陷，激化區域政治、台宗教等衝突事件。本公司之航線規劃將著眼於維持航班與靠港的頻率及完整性，針對碼頭作業、集貨船運送、內陸運輸調整措施，例如：以縮短出口櫃進場時間來減少場內櫃量，並以裝多卸少船舶為優先靠泊等，提升整體作業效率。同時快速回應氣候與地域衝突等變局，積極且主動調整航線結構與靠港，力保本公司船位供給與運送時間受最小干擾，為客戶持續提供穩定服務，本公司亦積極收能夠創造盈餘的貨載、跟聯盟夥伴積極合作以因應地緣政治影響，長期而言則以調整航線、設計新航線產品做為回應市場變化與需求的手段。,S,Yes,本公司之航線規劃將著眼於維持航班與靠港的頻率及完整性，針對碼頭作業、集貨船運送、內陸運輸調整措施，,between_2_and_5_years,Yes,例如：以縮短出口櫃進場時間來減少場內櫃量，並以裝多卸少船舶為優先靠泊等，提升整體作業效率。同時快速回應氣候與地域衝突等變局，積極且主動調整航線結構與靠港，力保本公司船位供給與運送時間受最小干擾，為客戶持續提供穩定服務，本公司亦積極收能夠創造盈餘的貨載、跟聯盟夥伴積極合作以因應地緣政治影響，長期而言則以調整航線、設計新航線產品做為回應市場變化與需求的手段。,Not Clear,ymtc,2609,9,https://hsxn1sjvkgtdpixe.public.blob.vercel-storage.com/ymtc_2609_page_9.pdf,https://esg.yangming.com/esg/sustainability_report/1/
10071,身為新時代科技電信公司，我們體認人才是維繫核心競爭力的關鍵，將員工視為永續成長的夥伴，建構多元共融平等文化之工作環境，邁向區域及世界級的成功，開創永續發展未來。人力資源政策結合公司「Open Possible 能所不能」的核心精神，依此展開選用育留方案。,S,Yes,將員工視為永續成長的夥伴，建構多元共融平等文化之工作環境，邁向區域及世界級的成功，開創永續發展未來。,between_2_and_5_years,Yes,人力資源政策結合公司「Open Possible 能所不能」的核心精神，依此展開選用育留方案。,Not Clear,twm,3045,118,https://hsxn1sjvkgtdpixe.public.blob.vercel-storage.com/twm_3045_page_118.pdf,https://corp.taiwanmobile.com/esg/esg-report.html
10501,風險評鑑程序參考 ISO/IEC 27005 資通安全風險管理實務指引，針對各項資通訊資產列出所有可能的威脅及弱點，如人員組織之調查，以及網路或主機之安全漏洞問題，以了解各項資通訊資產所暴露於威脅與弱點環境的程度。其中弱點值是指在現有控制措施之下，弱點脆弱度被利用之容易程度；威脅值是指在現有控制措施之下，威脅利用弱點發生之機率；再鑑別衝擊值，指威脅利用弱點對資產造成影響之程度；最後計算出資訊安全系統脆弱度的風險值，以進行後續風險處理程序。相關內容已納入資安管理之SOP-「ISMS-001資通安全管理作業規範與程序」制度中。,S,No,,,,,,twm,3045,163,https://hsxn1sjvkgtdpixe.public.blob.vercel-storage.com/twm_3045_page_163.pdf,https://corp.taiwanmobile.com/esg/esg-report.html
11332,"為擴大資源循環效益，台積公司展開「委外廢棄資源回收方案－重塑新生行動」，與供應商合作針對廢鋁塑包裝袋進行回收再利用研究，開發出能將鋁箔層與塑膠完全分離的處理技術，民國 113 年 12 月成功取得南部科學園區管理局核准再利用許可，預計民國 114 年導入所有台灣廠區，可年減焚化量 1,350 公噸。此外，台積公司將分離出來的塑膠粒再製為 100% 回收材質的筆記本封面與封底，並採用通過森林管理委員會（FSC®）驗證的環保紙製作成永續筆記本，做為民國 114 年全球技術論壇（Technology Symposium）的贈禮，賦予再生資源紀念價值。",E,Yes,為擴大資源循環效益，台積公司展開「委外廢棄資源回收方案－重塑新生行動」，與供應商合作針對廢鋁塑包裝袋進行回收再利用研究，開發出能將鋁箔層與塑膠完全分離的處理技術，,between_2_and_5_years,Yes,"民國 113 年 12 月成功取得南部科學園區管理局核准再利用許可，預計民國 114 年導入所有台灣廠區，可年減焚化量 1,350 公噸。此外，台積公司將分離出來的塑膠粒再製為 100% 回收材質的筆記本封面與封底，並採用通過森林管理委員會（FSC®）驗證的環保紙製作成永續筆記本，做為民國 114 年全球技術論壇（Technology Symposium）的贈禮，賦予再生資源紀念價值。",Clear,tsmc,2330,142,https://esg.tsmc.com/zh-Hant/resources/ESG-data-hub?tab=reportbuilder,https://esg.tsmc.com/zh-Hant/resources/ESG-data-hub?tab=reportbuilder
10056,台泥旗下達和航運所有水泥船皆優先自主導入岸電系統，優於IMO規定  達和航運積極響應國際海事組織(IMO)減排策略  目標2030年減碳40%  2025年啟用環保水泥船「達循輪」，導入智能船管系統、封閉式裝卸技術，相較能源效率設計指數第一階段(EEDI Phase I)預估減碳23.7%。旗下散裝貨輪在現成船能源效率指數(EEXI)與營運碳強度指標(CII)方面皆優於IMO規範，CII評級持續保持在目標C級以上，86%船隻更達到最優等級A級。將持續優化船舶管理，透過AI岸電系統、智能氣象導航等多項節能技術與設施，期有效降低船舶能效營運指數(EEOI)碳強度。此外，為維護海洋生態，船舶嚴格遵守《壓載水管理公約》，236.7萬噸壓艙水皆經有效滅菌處理；611噸廢油污亦卸載至岸上合格設施處理。,E,Yes,目標2030年減碳40%   ｜ 將持續優化船舶管理，透過AI岸電系統、智能氣象導航等多項節能技術與設施，期有效降低船舶能效營運指數(EEOI)碳強度。此,between_2_and_5_years,Yes,台泥旗下達和航運所有水泥船皆優先自主導入岸電系統，優於IMO規定  達和航運積極響應國際海事組織(IMO)減排策略   ｜ 2025年啟用環保水泥船「達循輪」，導入智能船管系統、封閉式裝卸技術，相較能源效率設計指數第一階段(EEDI  ｜ Phase  ｜ I)預估減碳23.7%。旗下散裝貨輪在現成船能源效率指數(EEXI)與營運碳強度指標(CII)方面皆優於IMO規範，CII評級持續保持在目標C級以上，86%船隻更達到最優等級A級。將 ｜ 為維護海洋生態，船舶嚴格遵守《壓載水管理公約》，236.7萬噸壓艙水皆經有效滅菌處理；611噸廢油污亦卸載至岸上合格設施處理。,Clear,tcc,1101,98,https://hsxn1sjvkgtdpixe.public.blob.vercel-storage.com/tcc_1101_page_98.pdf,https://www.tccgroupholdings.com/tw/esgReport.html
10123,經由模擬情境評估，在 RCP8.5 的情境下，本行的合作供應商的氣候敏感度以中、低度為主，合計共 195 家，並佔 2024 年整體採購金額的 99.47%。具高度氣候敏感度的單位僅有 3 家，占總採購金額約 0.53%。,E,No,,,,,,scsb,5876,76,https://hsxn1sjvkgtdpixe.public.blob.vercel-storage.com/scsb_5876_page_76.pdf,https://www.scsb.com.tw/content/csr/csr03_a.html
10344,近年氣候變遷已間接改變水循環和降水模式，使水資源亦成為當今世界面臨的重大課題之一。有鑑於此，國泰訂定 2024 年人均用水量 12.67 度之目標。為達成目標，國泰金控採用以下措施：,E,Yes,國泰訂定 2024 年人均用水量 12.67 度之目標。,within_2_years,No,,,cathay,2882,66,https://hsxn1sjvkgtdpixe.public.blob.vercel-storage.com/cathay_2882_page_66.pdf,https://www.cathayholdings.com/holdings/esg/reports/reports_download
11497,為有效觸及潛在招募族群，除維持實體招募活動外，金控及子公司透過社群媒體交流 (LinkedIn、Instagram、Facebook)、線上徵才說明會及數位招募平台等多管 çi 道，分享數位創新、永續經營、企業價值、職能等重要理念及多元職缺訊息。導入線上評測工具，提供求職者線上或實體面談，打破地域性限制廣邀國內外優秀人才。,S,Yes,為有效觸及潛在招募族群，,already,Yes,除維持實體招募活動外，金控及子公司透過社群媒體交流 (LinkedIn、Instagram、Facebook)、線上徵才說明會及數位招募平台等多管 çi 道，分享數位創新、永續經營、企業價值、職能等重要理念及多元職缺訊息。導入線上評測工具，提供求職者線上或實體面談，打破地域性限制廣邀國內外優秀人才。,Clear,kgi,2883,87,https://www.kgi.com/zh-tw/-/media/files/cdf/esg/download/reports-and-certificates/reports/2024esgreport.pdf,https://www.kgi.com/zh-tw/esg
10124,本公司董事會為遠傳電信重大議題管理的最高決議及監督單位，指派公關暨企業永續處負責永續重大議題管理項目，包含盤點及檢視重大議題管理方針，提出優化改善建議；建立多元的利害關係人溝通管道，定期統整利害關係人建議，判斷其意見類型與影響性，擬定因應措施或回應方針並報告予董事會。永續發展委員會每年至少召開一次會議，共同討論重大議題管理情形，擬訂永續發展方向與策略目標。,G,No,,,,,,fet,4904,25,https://hsxn1sjvkgtdpixe.public.blob.vercel-storage.com/fet_4904_page_25.pdf,https://corporate.fetnet.net/content/corp/tw/CSR/ReportDownload.html
11263,德國巴登-巴登的布林達收藏博物館 ( Museum Frieder Burda ) 將於 2024 年 11 月 23 日至 2025 年 4 月 27 日舉辦奈良美智 ( Yoshitomo Nara ) 在德國的首次大型回顧展。此次展覽為奈良美智歐洲巡迴展的重要一站，繼西班牙畢爾包古根漢美術館展出後，將於 2025 年 6 月 10 日至 8 月 31 日移師英國倫敦的海沃德畫廊 ( Hayward Gallery ) 展出。展覽涵蓋藝術家四十下來的繪畫、素描、雕塑與裝置作品，呈現其獨特的視覺語言與情感深度。奈良以描繪大眼孩童的「憤怒女孩」系列聞名，作品融合童年記憶、音樂與社會觀察，深受全球觀眾喜愛。此展覽為奈良美智歐洲巡迴展的一部分，亦為台灣藝術愛好者提供與國際藝術對話的珍貴機會。,S,Yes,德國巴登-巴登的布林達收藏博物館 ( Museum Frieder Burda ) 將於 2024 年 11 月 23 日至 2025 年 4 月 27 日舉辦奈良美智 ( Yoshitomo Nara ) 在德國的首次大型回顧展。 ｜ 將於 2025 年 6 月 10 日至 8 月 31 日移師英國倫敦的海沃德畫廊 ( Hayward Gallery ) 展出。,within_2_years,Yes,涵蓋藝術家四十下來的繪畫、素描、雕塑與裝置作品，呈現其獨特的視覺語言與情感深度。,Clear,yageo,2327,133,https://yageogroup.com/content/Resource%20Library/Compliance%20Report/YAGEO_ESG2024_tw.pdf,https://www.yageogroup.com/About/Sustainability
10134,自 2024 年 3 月起於「給付預告通知」亦列示簡訊代表門號及簡訊中連結短網址之提醒文字，以利保戶辨識是否為公司的來電或發出的簡訊。另響應政府的政策，本公司率壽險業之先導入短碼簡訊，「68999」的商用簡碼讓保戶能識別真偽，有助於減少偽冒企業名義的詐騙簡訊橫行，降低財務損失的風險。,S,Yes,以利保戶辨識是否為公司的來電或發出的簡訊。 ｜ 響應政府的政策，,already,Yes,自 2024 年 3 月起於「給付預告通知」亦列示簡訊代表門號及簡訊中連結短網址之提醒文字， ｜ 本公司率壽險業之先導入短碼簡訊，「68999」的商用簡碼讓保戶能識別真偽，有助於減少偽冒企業名義的詐騙簡訊橫行，降低財務損失的風險。,Clear,fubon,2881,77,https://hsxn1sjvkgtdpixe.public.blob.vercel-storage.com/fubon_2881_page_77.pdf,https://esg.fubonlife.com.tw/esg-report
11759,綠色通勤及商務交流方式包含：  日常上下班通勤：在台灣半數以上的員工搭乘大眾運輸工具通勤到工廠及企業總部，公司亦提供往返於不同廠區的交通車供員工使用。  規劃視訊、語音、通訊軟體會議來替代面對面的會議，為和碩一直以來所積極推動的作法。,E,Yes,為和碩一直以來所積極推動的作法。,already,Yes,規劃視訊、語音、通訊軟體會議來替代面對面的會議，,Clear,pegatron,4938,39,https://www.pegatroncorp.com/media/20250826083546321_2024_CSR_ZH.pdf,https://www.sustaihub.com/reports/%E5%92%8C%E7%A2%A9%E8%81%AF%E5%90%88%E7%A7%91%E6%8A%80%E8%82%A1%E4%BB%BD%E6%9C%89%E9%99%90%E5%85%AC%E5%8F%B8/e7bdbbd6-7493-401d-a2a2-b39b95a19700/
90093,我們提出以 2021 年為基準年，2030 年 100% 全球營運據點範疇一及二（市場別）絕對排放量下降 90% 及範疇三下降 25% 的科學減碳目標，2050 年達成淨零排放的目標，並將持續以 1.5°C 減排路徑作為內部深度去碳的管理依據，驅動內部低碳轉型、開發創新產品與服務。台達於 2021 年提前四年達成 2017 年所訂定的科學減碳目標（；並將既有營運效率提升、法規遵循性設備更新及一般供應鏈管理措施歸類為「淨零轉型」與「低碳供應鏈計畫」，以預估節能與間接影響量作為長期減排證據，惟相關數據主要來自內部假設與線性外推，尚未提供可供第三方獨立驗證之方法。,E,Yes,我們提出以 2021 年為基準年，2030 年 100% 全球營運據點範疇一及二（市場別）絕對排放量下降 90% 及範疇三下降 25% 的科學減碳目標， ｜ 2050 年達成淨零排放的目標，並將持續以 1.5°C 減排路徑作為內部深度去碳的管理依據，驅動內部低碳轉型、開發創新產品與服務。,longer_than_5_years,Yes,台達於 2021 年提前四年達成 2017 年所訂定的科學減碳目標（；並將既有營運效率提升、法規遵循性設備更新及一般供應鏈管理措施歸類為「淨零轉型」與「低碳供應鏈計畫」，以預估節能與間接影響量作為長期減排證據，惟相關數據主要來自內部假設與線性外推，尚未提供可供第三方獨立驗證之方法。,Misleading,delta,2308,119,https://hsxn1sjvkgtdpixe.public.blob.vercel-storage.com/delta_2308_page_119.pdf,https://esg.deltaww.com/CSR-Reports
11290,2024 年召開 7 次董事會，議核之議案及報告包含：環境類 2 案，社會類 13 案，經營管理類 65 案，所有議案均向董事會提案後通過。,S,No,,,,,,accton,2345,45,https://www.accton.com.tw/wp-content/uploads/2025/06/Accton-2024ESG-CH.pdf,https://www.accton.com.tw/esg-documents/
10826,根據世界經濟論壇 2025 全球風險報告，隨著地緣政治、環境、社會、經濟和技術領域緊張局勢的加劇，大多數人對未來的風險前景持悲觀態度，預測不穩定和動盪的挑戰將增多。地緣政治與地緣經濟的緊張被認為是 2025 年最嚴峻的風險之一，突顯出對國家安全和地緣政治不穩定的高度擔憂。此外，生成式 AI 和資訊科技的普及帶來的科技風險也威脅著個人隱私和社會信任。針對這些新興風險，玉山辨識出兩項關鍵風險，並發展相應的減緩措施與應對政策。,S,No,,,,,,esfh,2884,117,https://hsxn1sjvkgtdpixe.public.blob.vercel-storage.com/esfh_2884_page_117.pdf,https://www.esunfhc.com/zh-tw/esg/resource-center/report
90101,除廠區自主查核外，也藉由食安稽核組於統一企業的獨立性，結合集團之食安核心工作重點目標，針對內部工廠、代工廠、品管以及研究單位進行食安風險監控查核作業，確保各生產、品管與研究單位於食安管控軌道上落實執行之落實情況，並直接彙報於總經理辦公室，以期達到食安零風險的目標。截。截至 2024 年底，本公司將所有通過內部文件審查及程序簽核之單位，均視為已符合食安治理要求，整體文件完備率達 100%，相關流程圖與SOP建置率亦達 100%。同期間，董事會每季均依據食安稽核報告進行書面知會，管理階層出席率達 100%，顯示公司高層對食安議題高度重視。另就風險通報機制而言，全年未接獲重大食安事件通報，故本公司認定在食安治理層面已未出現重大缺失，足以支持公司朝向食安零風險目標邁進。,G,Yes,除廠區自主查核外，也藉由食安稽核組於統一企業的獨立性，結合集團之食安核心工作重點目標，針對內部工廠、代工廠、品管以及研究單位進行食安風險監控查核作業，確保各生產、品管與研究單位於食安管控軌道上落實執行之落實情況，並直接彙報於總經理辦公室，以期達到食安零風險的目標。截,between_2_and_5_years,Yes,截至 2024 年底，本公司將所有通過內部文件審查及程序簽核之單位，均視為已符合食安治理要求，整體文件完備率達 100%，相關流程圖與SOP建置率亦達 100%。同期間，董事會每季均依據食安稽核報告進行書面知會，管理階層出席率達 100%，顯示公司高層對食安議題高度重視。另就風險通報機制而言，全年未接獲重大食安事件通報，故本公司認定在食安治理層面已未出現重大缺失，足以支持公司朝向食安零風險目標邁進。,Misleading,unipresident,1216,34,https://hsxn1sjvkgtdpixe.public.blob.vercel-storage.com/unipresident_1216_page_34.pdf,https://esg.sp88.tw/book.php
10813,為強化對子公司績效獎金之督導管理，已將子公司員工績效獎金總數及其首長績效獎金之核定層級從子公司提升至本公司，由本公司參酌該子公司年度考核結果、政策配合度等因素調整核定。希冀透過對子公司績效獎金之調整機制，以強化集團管理。,G,Yes,為強化對子公司績效獎金之督導管理，已 ｜ 希冀透過對子公司績效獎金之調整機制，以強化集團管理。,already,Yes,已將子公司員工績效獎金總數及其首長績效獎金之核定層級從子公司提升至本公司，由本公司參酌該子公司年度考核結果、政策配合度等因素調整核定。,Clear,hnfhc,2880,7,https://hsxn1sjvkgtdpixe.public.blob.vercel-storage.com/hnfhc_2880_page_7.pdf,https://www.hnfhc.com.tw/HNFHC/csr/a.do?id=3b652cac56000000f6ca&parent_menu=2
10979,本公司依據聯合國永續發展目標 (SDGs) 擬定各項 ESG 行動方案，並運用核心職能、整合跨界資源，從深耕「友善環境行動」、推動「健康促進倡議」、實踐「人道正義關懷」三大策略層次實踐企業社會責任，關注地球環境汙染、身心健康衛生管理、弱勢族群資源照顧等議題，促進國人良好健康與福祉，以人為本積極投入社會關懷，並將服務及關懷延伸到全臺各地，盼達成減碳與健康並進、環境與經濟齊顧，充分發揮企業正向的力量及保險業安定社會之角色，落實企業永續承諾及金融保險業永續核心價值。,E;S;G,Yes,盼達成減碳與健康並進、環境與經濟齊顧，充分發揮企業正向的力量及保險業安定社會之角色，落實企業永續承諾及金融保險業永續核心價值。,between_2_and_5_years,Yes,本公司依據聯合國永續發展目標 (SDGs) 擬定各項 ESG 行動方案，並運用核心職能、整合跨界資源，從深耕「友善環境行動」、推動「健康促進倡議」、實踐「人道正義關懷」三大策略層次實踐企業社會責任，關注地球環境汙染、身心健康衛生管理、弱勢族群資源照顧等議題，促進國人良好健康與福祉，以人為本積極投入社會關懷，並將服務及關懷延伸到全臺各地，,Clear,fubon,2881,107,https://hsxn1sjvkgtdpixe.public.blob.vercel-storage.com/fubon_2881_page_107.pdf,https://esg.fubonlife.com.tw/esg-report
90043,廣達每年持續執行溫室氣體盤查，涵蓋範疇一、二和三，並依據ISO 14064標準進行內外部查核與第三方驗證，確保數據透明與準確。為支持減碳行動，亦同步推動節能改善與再生能源導入。展望長期，廣達進一步承諾於2050年實現淨零排放(Net Zero Emissions)的願景，並將持續依循TCFD、SBTi與ISSB等國際標準，滾動檢視目標與行動策略，強化低碳治理能力，主要指標包括：以公司選定之盤查邊界內之範疇(Scope 1、2、3)排放強度變化為主，輔以代表性產品線與關鍵供應商樣本之推估數據，以確保整體排放呈現與同業具備良好之可比性與穩定度；再生能源使用情形則依據已簽署或規劃中之再生能源憑證、長約與綠電專案容量進行合併計算，未區分實際上網時點與區域差異；具SBT目標之供應商與客戶涵蓋率則以合作夥伴在任何集團或子公司層級所宣示之中長期溫室氣體減量承諾為計算基礎，無須限定於對廣達實際供貨或採購規模之占比。重大氣候風險財務衝擊評估以管理層認為「不致對短期財務表現產生實質影響」為前提，僅納入與現有商業計畫及資本支出規畫相符之情境，將高成本減碳路徑與潛在資產減值歸類為情境外假設。,E,Yes,廣達每年持續執行溫室氣體盤查，涵蓋範疇一、二和三，並依據ISO 14064標準進行內外部查核與第三方驗證，確保數據透明與準確。為支持減碳行動，亦同步推動節能改善與再生能源導入。 ｜ 展望長期，廣達進一步承諾於2050年實現淨零排放(Net Zero Emissions)的願景，並將持續依循TCFD、SBTi與ISSB等國際標準，滾動檢視目標與行動策略，強化低碳治理能力，,longer_than_5_years,Yes,主要指標包括：以公司選定之盤查邊界內之範疇(Scope 1、2、3)排放強度變化為主，輔以代表性產品線與關鍵供應商樣本之推估數據，以確保整體排放呈現與同業具備良好之可比性與穩定度；再生能源使用情形則依據已簽署或規劃中之再生能源憑證、長約與綠電專案容量進行合併計算，未區分實際上網時點與區域差異；具SBT目標之供應商與客戶涵蓋率則以合作夥伴在任何集團或子公司層級所宣示之中長期溫室氣體減量承諾為計算基礎，無須限定於對廣達實際供貨或採購規模之占比。重大氣候風險財務衝擊評估以管理層認為「不致對短期財務表現產生實質影響」為前提，僅納入與現有商業計畫及資本支出規畫相符之情境，將高成本減碳路徑與潛在資產減值歸類為情境外假設。,Misleading,qci,2382,84,https://hsxn1sjvkgtdpixe.public.blob.vercel-storage.com/qci_2382_page_84.pdf,https://www.quantatw.com/quanta/chinese/esg/csrreport.aspx
11399,• 簽署 TCFD  • 累積 10 處據點取得「ISO 14064-1 溫室氣體盤查」、「ISO 50001 能源管理系統」與「ISO 14001 環境管理系統」驗證,E,No,,,,,,tcfhc,5880,22,https://esg.tcfhc.com.tw/uploads/download_item/download_file_zh/14/2024_ESG_REPORT_zh.pdf,https://esg.tcfhc.com.tw/report-download/
10159,近年各國政府對於改善空氣品質日趨重視，空氣污染物已然成為全球所關切的重要環境議題。大立光因應全球趨勢從設廠開始即著手空氣污染防制的規劃與執行，透過內部稽核及自我檢視，並配合確實的預防保養、訓練及操作，有效做好污染防治工作，並承諾持續改善污染及危害預防。,G,Yes,承諾持續改善污染及危害預防。,already,Yes,透過內部稽核及自我檢視，並配合確實的預防保養、訓練及操作，有效做好污染防治工作，,Not Clear,largan,3008,64,https://hsxn1sjvkgtdpixe.public.blob.vercel-storage.com/largan_3008_page_64.pdf,https://www.largan.com.tw/tw/esg
10745,為提供凱基金控集團客戶更好的金融體驗，建立凱基銀行及凱基證券的數位橋樑，為客戶提供多樣化的開戶選擇，首創銀行及證券雙向數位身分認證，串起集團綜效，針對全新顧客主推三合一(臺股、美股、基金帳戶)及結合分戶帳線上開戶，免跑銀行加開交割帳戶，即能一次完成臺股、複委託、財管帳戶開立，顧客省時又便利。,S,Yes,為提供凱基金控集團客戶更好的金融體驗，建立凱基銀行及凱基證券的數位橋樑，為客戶提供多樣化的開戶選擇，,already,Yes,首創銀行及證券雙向數位身分認證，串起集團綜效，針對全新顧客主推三合一(臺股、美股、基金帳戶)及結合分戶帳線上開戶，免跑銀行加開交割帳戶，即能一次完成臺股、複委託、財管帳戶開立，顧客省時又便利。,Clear,kgi,2883,63,https://hsxn1sjvkgtdpixe.public.blob.vercel-storage.com/kgi_2883_page_63.pdf,https://www.kgi.com/zh-tw/esg
11690,為精進董事在法令、經濟、環境、社會和風險管理議題上的知識與能力，本公司每年安排董事進修課程。2024 年安排之進修課程主題包含「AI 與開源時代 - 企業與法律風險解析」(探討因應 AI 興起，企業將面臨之法律風險及國際相關法規規範趨勢) 及「DEI 文化 打造企業永續競爭力」(了解 DEI 之涵義及精神，並探討如何將 DEI 深化至企業內部執行) 等，2024 年每位董事平均進修時數為 10.3 小時。除此之外，為落實法規遵循，本公司也提供防範內線交易相關法規的線上訓練課程與全體董事和經理人。,G,Yes,為精進董事在法令、經濟、環境、社會和風險管理議題上的知識與能力，本公司每年安排董事進修課程。,more_than_5_years,Yes,2024 年安排之進修課程主題包含「AI 與開源時代 - 企業與法律風險解析」(探討因應 AI 興起，企業將面臨之法律風險及國際相關法規規範趨勢) 及「DEI 文化 打造企業永續競爭力」(了解 DEI 之涵義及精神，並探討如何將 DEI 深化至企業內部執行) 等，2024 年每位董事平均進修時數為 10.3 小時。除此之外，為落實法規遵循，本公司也提供防範內線交易相關法規的線上訓練課程與全體董事和經理人。,Clear,wistron,3231,211,https://esg.wistron.com/ch/report-download/esg/NoakpM47xGKX/2024SustainabilityReportCH.pdf,https://esg.wistron.com/ch/report-download
10713,"依工研院產業科技國際策略發展所（ISTI）參考美國節能經濟委員會（ACEEE）及牛津經濟研究院（Oxford Economics）的研究成果推估，以台積公司於生產製造過程減少 40 萬公噸的碳排放量，加上使用台積公司晶片的資通訊產品於六大智慧應用所促使的節能效果，民國 113 年為全球節電 1,410 億度，約減少 5,962 萬公噸碳排放量，即台積公司投入碳手印的正面效益。",E,No,,,,,,tsmc,2330,116,https://hsxn1sjvkgtdpixe.public.blob.vercel-storage.com/tsmc_2330_page_116.pdf,https://esg.tsmc.com/zh-Hant/resources/ESG-data-hub?tab=reportbuilder
11103,注1: 性別差異為男性薪酬較女性薪酬高者取該男數值除以女性比例。  注2: 以各集團 2024 年 12 月 31 日在職滿 6 個月之全時正規員工計算，且未包含輪調薪酬數。  注3: 薪酬數據係含淨薪資及非封閉性主管職之全體員工總員計算基礎，係指當發生之總計應發薪資，茲薪酬包含本俸薪資、獎金（含年終獎金、績效獎金、員工酬勞等）及加班費（含未休假加班費）。,S,No,,,,,,mega,2886,174,https://esg.megaholdings.com.tw/apifrontend/file/pdf/20250703140425535_%E5%85%86%E8%B1%90%E9%87%91%E6%8E%A72024%E6%B0%B8%E7%BA%8C%E5%A0%B1%E5%91%8A%E6%9B%B8_%E4%B8%AD%E6%96%87%E7%89%88.pdf,https://esg.megaholdings.com.tw/frontend/Download
11385,訂定專利與營業祕密雙軌保護之智財發展方向，推動專利獲權數量與關鍵營業祕密註冊數量穩定成長。承接年度公司治理方針，由研發部門與智慧財產處針對重要技術研發項目相關的議題進行專利地圖分析腦力激盪會議，並藉由此會議尋找智財權布局機會及分析可能之侵權風險。若遇智財爭議問題 (包含客戶尋求協助之案件及供應商智權風險評估)，由專人專責規劃、評估及因應，並定期每週向最高管理階層彙報高風險案件之案件進度，以減少智財爭議案件造成之衝擊。,G,Yes,訂定專利與營業祕密雙軌保護之智財發展方向，推動專利獲權數量與關鍵營業祕密註冊數量穩定成長。承接年度公司治理方針，由研發部門與智慧財產處針對重要技術研發項目相關的議題進行專利地圖分析腦力激盪會議，並藉由此會議尋找智財權布局機會及分析可能之侵權風險。若遇智財爭議問題 (包含客戶尋求協助之案件及供應商智權風險評估)，由專人專責規劃、評估及因應，並定期每週向最高管理階層彙報高風險案件之案件進度，以減少智財爭議案件造成之衝擊。,between_2_and_5_years,No,,,umc,2303,74,https://www.umc.com/upload/media/07_Sustainability/72_Reports_and_Results/1_Corporate_Sustainability_Reports/CSR_Reports/CS_Reort_chinese_pdf/2024_CSR_report_chi/UMC-2024-CH-elink.pdf,https://www.umc.com/zh-TW/Download/corporate_sustainability_reports
10536,為更快速回應客戶所需，凱基人壽建構即時反饋平台，由客戶最在意的投保、理賠流程，擴及至企網、客戶App、0800電話服務中心、客服中心等關鍵接觸點設立NPS調查機制，以了解客戶最真實的聲音與回饋。截至2024年，整體NPS穩定成長，其中數位平台NPS成長尤為顯著（成長11%）。,S,Yes,為更快速回應客戶所需，,already,Yes,凱基人壽建構即時反饋平台，由客戶最在意的投保、理賠流程，擴及至企網、客戶App、0800電話服務中心、客服中心等關鍵接觸點設立NPS調查機制，以了解客戶最真實的聲音與回饋。截至2024年，整體NPS穩定成長，其中數位平台NPS成長尤為顯著（成長11%）。,Clear,kgi,2883,76,https://hsxn1sjvkgtdpixe.public.blob.vercel-storage.com/kgi_2883_page_76.pdf,https://www.kgi.com/zh-tw/esg
11085,光寶長期致力於精進公司治理作為，除建立嚴謹公司治理架構、發揮董事會與五個下轄功能委員會之職能管理與監督，強化企業永續經營韌性，並關注保障股東及各利害關係人權益。同時，透過完善的企業風險管理機制，建立良好的商業行為與道德規範，實踐公司正直誠信的核心價值，並達成公司資源配置之最佳化原則。,G,Yes,長期致力於精進公司治理作為， 致力於精進公司治理作為，,more_than_5_years,Yes,建立嚴謹公司治理架構、發揮董事會與五個下轄功能委員會之職能管理與監督， ｜ 透過完善的企業風險管理機制，建立良好的商業行為與道德規範，,Not Clear,ltc,2301,31,https://www.liteon.com/upload/media/report_over_20mb/%E3%80%90CH%E3%80%9120250804_%E5%85%89%E5%AF%B6%E7%A7%91%E6%8A%80_ESG_Final.pdf,https://www.liteon.com/zh-tw/esgoverview/esg-overview
11221,我們以數位職能為核心，持續推動全員參與的轉型培育行動，透過全面性數位培育藍圖，逐步建構內部「數位即戰力人才庫」，不僅因應製造業智慧化趨勢，更落實企業永續發展核心 - 培育未來人才、強化組織敏捷度、提升營運效率，未來也將持續強化跨部門應用場景與數據治理能力，實踐高附加價值的智慧製造藍圖。,S,Yes,我們以數位職能為核心，持續推動全員參與的轉型培育行動，透過全面性數位培育藍圖，逐步建構內部「數位即戰力人才庫」， ｜ 未來也將持續強化跨部門應用場景與數據治理能力，實踐高附加價值的智慧製造藍圖。,already,No,,,aseh,3711,184,https://www.aseglobal.com/ch/pdf/aseh-2024-csr-ch-final.pdf,https://www.aseglobal.com/ch/csr/csr-download/
11201,為宣導環境保育的重要性，2024 年本行與上海商銀文教基金會攜手台南市野鳥學會共同舉辦「上海商銀愛地球．挺環保 - 將軍濕地淨灘」活動，動員台南地區分行 80 多名志工及眷屬，每人皆自備飲水器具及雨具，減少一次性塑膠用品的使用，避免製造垃圾。此外，為維護生態環境及避免驚擾野鳥，全程降低音量安靜地撿拾濕地道路兩旁垃圾，展現愛護地球的行動力；並由專業鳥會志工帶領，觀察野鳥生態，更了解台灣本地的生物多樣性情形。本次共清出 120 公斤的垃圾廢棄物，其中的垃圾以煙蒂、塑膠袋、寶特瓶、玻璃瓶、保麗龍浮標等垃圾居多。,E,Yes,為宣導環境保育的重要性，,already,Yes,2024 年本行與上海商銀文教基金會攜手台南市野鳥學會共同舉辦「上海商銀愛地球．挺環保 - 將軍濕地淨灘」活動，動員台南地區分行 80 多名志工及眷屬，每人皆自備飲水器具及雨具，減少一次性塑膠用品的使用，避免製造垃圾。此外，為維護生態環境及避免驚擾野鳥，全程降低音量安靜地撿拾濕地道路兩旁垃圾，展現愛護地球的行動力；並由專業鳥會志工帶領，觀察野鳥生態，更了解台灣本地的生物多樣性情形。本次共清出 120 公斤的垃圾廢棄物，其中的垃圾以煙蒂、塑膠袋、寶特瓶、玻璃瓶、保麗龍浮標等垃圾居多。,Clear,scsb,5876,132,https://www.scsb.com.tw/content/csr/files/csr03_a/2024report.pdf,https://www.scsb.com.tw/content/csr/csr03_a.html
10695,中信金控遵循赤道原則及責任銀行原則，將環境、社會與公司治理 (ESG) 因素納入責任授信決策；遵循國際貸款協會之永續授信框架，透過專案融資、綠色貸款、永續績效連結貸款，以及永續相關專案避險與諮詢等產品服務，提供資金引導客戶淨零轉型，更將永續授信影響力延伸至海外，並透過持續推出創新金融商品促進供應鏈淨零轉型，兼顧財務報酬與環境及社會正向影響，與客戶攜手打造永續未來。,G,Yes,中信金控遵循赤道原則及責任銀行原則，將環境、社會與公司治理 (ESG) 因素納入責任授信決策；遵循國際貸款協會之永續授信框架， ｜ 透過專案融資、綠色貸款、永續績效連結貸款，以及永續相關專案避險與諮詢等產品服務，提供資金引導客戶淨零轉型，更將永續授信影響力延伸至海外，並透過持續推出創新金融商品促進供應鏈淨零轉型，兼顧財務報酬與環境及社會正向影響，與客戶攜手打造永續未來。,already,Yes,透過專案融資、綠色貸款、永續績效連結貸款，以及永續相關專案避險與諮詢等產品服務，提供資金引導客戶淨零轉型，更將永續授信影響力延伸至海外，並透過持續推出創新金融商品促進供應鏈淨零轉型，兼顧財務報酬與環境及社會正向影響，與客戶攜手打造永續未來。,Clear,ctbc,2891,40,https://hsxn1sjvkgtdpixe.public.blob.vercel-storage.com/ctbc_2891_page_40.pdf,https://ir.ctbcholding.com/c/esg_reports
11353,藥華醫藥秉持生技產業共好共榮的使命，除了考量價格與品質等條件外，持續依據採購品項，積極尋找在地廠商合作機會，增加藥華醫藥於臺灣在地採購的比例。若對於新產品的採購，將優先評估當地供應商的可行性，另對於既有品項，則分析供需市場，依過去經驗持續選擇合適且可靠的在地供應商，並輔以多元化的擇定基準，以確保供應鏈穩定。並與具有相同理念及永續經營為目標供應商建立良好且長期的合作關係，除增加優質，及永續經營之供應商對公司的業務往來機會，亦同時對於永續議題互利互惠，並得以有效降低雙方之交易、社會、經濟風險，促進當地採購之永續規劃。,S,Yes,藥華醫藥秉持生技產業共好共榮的使命，除了考量價格與品質等條件外，持續依據採購品項，積極尋找在地廠商合作機會，增加藥華醫藥於臺灣在地採購的比例。,between_2_and_5_years,Yes,將優先評估當地供應商的可行性，另對於既有品項，則分析供需市場，依過去經驗持續選擇合適且可靠的在地供應商，並輔以多元化的擇定基準，以確保供應鏈穩定。 ｜ 。並與具有相同理念及永續經營為目標供應商建立良好且長期的合作關係，除增加優質，及永續經營之供應商對公司的業務往來機會，亦同時對於永續議題互利互惠，並得以有效降低雙方之交易、社會、經濟風險，促進當地採購之永續規劃。,Not Clear,pec,6446,50,https://www.pharmaessentia-esg.com/uploads/images/download/PEC2024CS_Report.pdf,https://www.pharmaessentia-esg.com/tw/download/detail#section-1
11028,"統一超商作為本士零售業的領航者，期待藉由自身的典範與要求，敦促供應商攜手履行企業社會責任。我們參照「聯合國盟約」（UNGC）及「聯合國工商企業與人權指導原則」（UNGPs）修訂「統一超商暨轉投資事業協力廠商行為準則」，並參考 ISO 20400 永續採購指南，在行為準則中要求供應商的環境、社會及治理表現（Environment, Social, Governance，簡稱 ESG），並制定供應商責任協議書，要求所有供應商皆必須簽署之「誠信經營及社會企業責任協議書」，供應商對本準則遵守情況，將作為本公司評估合作、續約之考量，以確保供應商了解並承諾遵循統一超商之供應鏈管理要求。",S,Yes,統一超商作為本士零售業的領航者，期待藉由自身的典範與要求，敦促供應商攜手履行企業社會責任。,already,Yes,"我們參照「聯合國盟約」（UNGC）及「聯合國工商企業與人權指導原則」（UNGPs）修訂「統一超商暨轉投資事業協力廠商行為準則」，並參考 ISO 20400 永續採購指南，在行為準則中要求供應商的環境、社會及治理表現（Environment, Social, Governance，簡稱 ESG），並制定供應商責任協議書，要求所有供應商皆必須簽署之「誠信經營及社會企業責任協議書」，供應商對本準則遵守情況，將作為本公司評估合作、續約之考量，以確保供應商了解並承諾遵循統一超商之供應鏈管理要求。",Clear,pcsc,2912,38,https://www.7-11.com.tw/Company/esg/images/report/n2024_report_all_CH.pdf,https://www.7-11.com.tw/Company/esg/reports.aspx
11250,2024 年，職安中心結合大家長年關心之陳代謝症候群及脂肪肝議題，特案規劃有益同仁健康之「享瘦尬一夏」減重專案活動，希望喚起大家能透過健康方式減重或控制體重，來降低肥胖因素對身體造成潛在健康問題或傷害、提前做好慢性病預防。「享瘦尬一夏」減重系列活動，賽制為一起揪團健康減重之團體賽 ( 共計 10 個團體參賽，每隊 8 人，不限男女、並鼓勵跨部門一起行動 )，為期 12 週。為落實以健康安全方式達到減重之目標，於活動期間亦安排「健康享瘦團體諮詢」，包含「飲食講座」、「減重治療」及「體重管理」等三大主題。在成果方面，所有團隊於賽前之前測總體重共計 6874.1 公斤，12 週期滿之後測總體重則 6481.9 公斤，整體減重達 392.2 公斤，成果豐碩。前三名減重獲勝隊伍，由總經理於當年度公司家庭日進行頒獎，以茲鼓勵。,S,No,,,,,,rt,2379,148,https://www.realtek.com/images/csr/2024.pdf,https://www.realtek.com/Article/Index?menu_id=912&lang=zh-TW
11849,台光電子昆山廠區 2024 失能傷害頻率 (FR) 平均為 2.175，失能傷害嚴重率 (SR) (取至整數) 為 18，與過去一年相比，失能傷害頻率 (FR) 下降及失能傷害嚴重率 (SR) 上升 (2023 年 FR 及 SR 為 3.31、0)。導致失能傷害頻率 (FR) 下降主因為總工傷件數不變但總經歷工時增加；失能傷害嚴重率 (SR) 上升主因為發生一件人員自行使用電動堆高機於升降過程中，左手小指被升降機構壓傷事故導致。改善措施除加強員工安全宣導及提高員工安全意識，並全面平行開展全廠升降堆高機機械設備防護措施盤查，提升安全防護等級。,S,Yes,改善措施除加強員工安全宣導及提高員工安全意識，並全面平行開展全廠升降堆高機機械設備防護措施盤查，提升安全防護等級。,between_2_and_5_years,Yes,台光電子昆山廠區 2024 失能傷害頻率 (FR) 平均為 2.175，失能傷害嚴重率 (SR) (取至整數) 為 18，與過去一年相比，失能傷害頻率 (FR) 下降及失能傷害嚴重率 (SR) 上升 (2023 年 FR 及 SR 為 3.31、0)。導致失能傷害頻率 (FR) 下降主因為總工傷件數不變但總經歷工時增加；失能傷害嚴重率 (SR) 上升主因為發生一件人員自行使用電動堆高機於升降過程中，左手小指被升降機構壓傷事故導致。,Clear,emc2,2383,56,https://www.emctw.com/upload/media/New_CSR/csr_report/2024_EMC_ESG%20report_TW.pdf,https://www.emctw.com/zh-TW/csr_report/index
11058,統一企業所生產的產品，類型繁多且原物料組成複雜，因此必須對生產供應鏈中的協力廠商進行有效管理。為此，我們訂定協力廠商行為準則與管理要求，並透過實地評鑑、原物料協力廠商訪查、協力廠商溯源查核，以及完善的追溯追蹤系統建置等機制等措施加以執行，以達到有效降低食品安全之風險。,S,Yes,我們訂定協力廠商行為準則與管理要求，並透過實地評鑑、原物料協力廠商訪查、協力廠商溯源查核，以及完善的追溯追蹤系統建置等機制等措施加以執行，,between_2_and_5_years,Yes,訂定協力廠商行為準則與管理要求， ｜ 透過實地評鑑、原物料協力廠商訪查、協力廠商溯源查核，以及完善的追溯追蹤系統建置等機制等措施加以執行，,Not Clear,unipresident,1216,30,https://esg.sp88.tw/upload/pj/202508071622071323.pdf,https://esg.sp88.tw/book.php
10776,董事會作為監督與指導的角色，針對永續治理各項議案進行督導及議定通過，並持續檢視各項永續發展策略及方案執行情形，使團隊能適時調整符合公司永續營運進展方向，善盡董事會督導責任；永續發展中心每季召開永續精進會議，由經營層主管及各部門永續發展委員共同參與，確認重大永續議題及衝擊影響，對焦永續策略、執行進度追蹤，共同策定瑞昱永續精進藍圖，並定期每年提出與永續發展執行成果、工作計劃及利害關係人關切之重要議題與因應措施等議題相關之議案，並由總經理呈報董事會。2023 年 9 月至 2024 年 8 月之永續發展實施成效，已於 2024 年 10 月 30 日向董事會報告。瑞昱 2024 年度未有重大議題相關衝擊事件之情事。,G,Yes,永續發展中心每季召開永續精進會議，由經營層主管及各部門永續發展委員共同參與，確認重大永續議題及衝擊影響，對焦永續策略、執行進度追蹤，共同策定瑞昱永續精進藍圖，並定期每年提出與永續發展執行成果、工作計劃及利害關係人關切之重要議題與因應措施等議題相關之議案，並由總經理呈報董事會。2,already,Yes,2023 年 9 月至 2024 年 8 月之永續發展實施成效，已於 2024 年 10 月 30 日向董事會報告。瑞昱 2024 年度未有重大議題相關衝擊事件之情事。,Clear,rt,2379,19,https://hsxn1sjvkgtdpixe.public.blob.vercel-storage.com/rt_2379_page_19.pdf,https://www.realtek.com/Article/Index?menu_id=912&lang=zh-TW
10532,為將日月光投控永續價值鏈的觀念推廣至供應商，並向供應商傳達我們對企業永續管理制度與 ESG 績效的要求，我們因應供應商類別的不同屬性，舉辦特定永續議題工作坊與教育訓練。我們期望透過多元的溝通與訓練模式，建立與供應商雙向溝通的機制，持續推動與供應商在永續議題的合作，強化整體供應鏈對永續趨勢的因應作為與面臨風險的韌性。,S,Yes,我們期望透過多元的溝通與訓練模式，建立與供應商雙向溝通的機制，持續推動與供應商在永續議題的合作，強化整體供應鏈對永續趨勢的因應作為與面臨風險的韌性。,already,Yes,為將日月光投控永續價值鏈的觀念推廣至供應商，並向供應商傳達我們對企業永續管理制度與 ESG 績效的要求，我們因應供應商類別的不同屬性，舉辦特定永續議題工作坊與教育訓練。我,Not Clear,aseh,3711,205,https://hsxn1sjvkgtdpixe.public.blob.vercel-storage.com/aseh_3711_page_205.pdf,https://www.aseglobal.com/ch/csr/csr-download/
11772,調查結果分析顯示，滿意度分數較高者集中於 50 歲以上同仁、男性及擔任主管職同仁。針對各項調查構面，分析發現集團同仁對於公司調薪制度、業務教育訓練課程及提供外語進修補助等項目之認同度較平均值略低，合庫集團將持續關注金融同業及市場薪酬水平，強化同仁專業能力訓練及宣導外語進修補助，以提升未來滿意度查調分數及員工長期留任率。,S,Yes,合庫集團將持續關注金融同業及市場薪酬水平，強化同仁專業能力訓練及宣導外語進修補助，以提升未來滿意度查調分數及員工長期留任率。,between_2_and_5_years,No,,,tcfhc,5880,127,https://esg.tcfhc.com.tw/uploads/download_item/download_file_zh/14/2024_ESG_REPORT_zh.pdf,https://esg.tcfhc.com.tw/report-download/
11748,"遠傳的個資與隱私保護政策遵照國內法令《個人資料保護法》、《個人資料保護法施行細則》、《國家通訊傳播委員會指定非公務機關個人資料檔案安全維護辦法》規定及參考歐盟《一般資料保護規則》(General Data Protection Rule, GDPR) 對於隱私資訊的保障趨勢，落實隱私始於設計 (Privacy by Design) 和保護資料始于設計 (Data Protection by Design) 等基本原則。遠傳隱私權保護政策規範適用於遠傳整體營運流程、供應商與合作夥伴。遠傳全體員工皆須遵循遠傳訂定之《個人資料與隱私資訊蒐集、處理、利用管理辦法》，要求蒐集個人資料與隱私資訊時應符合公司已核定蒐集目的與範圍，並進行當事人個人資料與隱私資訊蒐集告知。如發現員工違反相關政策與規定，遠傳依照工作守則執行必要之懲處，並視情事採取相關之法律措施。",S,Yes,"遠傳的個資與隱私保護政策遵照國內法令《個人資料保護法》、《個人資料保護法施行細則》、《國家通訊傳播委員會指定非公務機關個人資料檔案安全維護辦法》規定及參考歐盟《一般資料保護規則》(General Data Protection Rule, GDPR) 對於隱私資訊的保障趨勢， ｜ 落實隱私始於設計 (Privacy by Design) 和保護資料始于設計 (Data Protection by Design) 等基本原則。",between_2_and_5_years,Yes,傳隱私權保護政策規範適用於遠傳整體營運流程、供應商與合作夥伴。遠傳全體員工皆須遵循遠傳訂定之《個人資料與隱私資訊蒐集、處理、利用管理辦法》，要求蒐集個人資料與隱私資訊時應符合公司已核定蒐集目的與範圍，並進行當事人個人資料與隱私資訊蒐集告知。如發現員工違反相關政策與規定，遠傳依照工作守則執行必要之懲處，並視情事採取相關之法律措施。,Clear,fet,4904,45,https://corporate.fetnet.net/content/corp/tw/CSR/ReportDownload.html,https://corporate.fetnet.net/content/corp/tw/CSR/ReportDownload.html
11137,本行提供身心障礙者及其家人、親戚特殊設計的信託服務，滿足其透過信託管理財富的需求，不便至分行辦理服務者，本行亦提供行外的簽約服務。除此之外，本行行動銀行「掌上銀」APP，提供友善版功能、本行官網取得無障礙認證「A」等級標章，提供全站無障礙A 等級標準的友善介面，官網首頁數位金融「交易專區」，提供視障服務的網路銀行服務、本行ATM 提供視障人士「無障礙 ATM」服務功能包括提款、轉帳、餘額查詢及密碼變更等功能，皆符合身障規格。,S,Yes,行提供身心障礙者及其家人、親戚特殊設計的信託服務，滿足其透過信託管理財富的需求，不便至分行辦理服務者，本行亦提供行外的簽約服務。,already,Yes,本行行動銀行「掌上銀」APP，提供友善版功能、本行官網取得無障礙認證「A」等級標章，提供全站無障礙A 等級標準的友善介面，官網首頁數位金融「交易專區」，提供視障服務的網路銀行服務、本行ATM 提供視障人士「無障礙 ATM」服務功能包括提款、轉帳、餘額查詢及密碼變更等功能，皆符合身障規格。,Clear,scsb,5876,124,https://www.scsb.com.tw/content/csr/files/csr03_a/2024report.pdf,https://www.scsb.com.tw/content/csr/csr03_a.html
10933,和泰汽車身為 TOYOTA 豐田汽車代理商，因此產品主要仰賴豐田的產品，而豐田身為全球主要車廠，也開啟了生命週期零二氧化碳排放挑戰，期望透過完整循環經濟概念，達成汽車的零碳排；除此之外，豐田也召集供應商、下游經銷商，開啟一系列的減碳倡議。除了傳統的消費型車輛之外，透過策略聯盟未來也將開發電動化的商用載貨車輛 ( 電池或燃料電池型態 )。從豐田的布局而言，目前和泰汽車所屬的品牌：TOYOTA、Lexus 以及 Hino 其新能源車的發展都能回應低碳與電動化的趨勢，因此市場與商譽風險較低。,E,Yes,期望透過完整循環經濟概念，達成汽車的零碳排；,between_2_and_5_years,Yes,和泰汽車身為 TOYOTA 豐田汽車代理商，因此產品主要仰賴豐田的產品，而豐田身為全球主要車廠，也開啟了生命週期零二氧化碳排放挑戰， ｜ 豐田也召集供應商、下游經銷商，開啟一系列的減碳倡議。除了傳統的消費型車輛之外，透過策略聯盟未來也將開發電動化的商用載貨車輛 ( 電池或燃料電池型態 )。從豐田的布局而言，目前和泰汽車所屬的品牌：TOYOTA、Lexus 以及 Hino 其新能源車的發展都能回應低碳與電動化的趨勢，因此市場與商譽風險較低。,Not Clear,hotaimotor,2207,101,https://hsxn1sjvkgtdpixe.public.blob.vercel-storage.com/hotaimotor_2207_page_101.pdf,https://www.hotaimotor.com.tw/Sustainability/Reports
10481,依據國內外信用評等機構發布之信用評等報告，本集團於臺灣銀行業中擁有良好市場地位與穩固之企業基礎，另核心子公司合庫銀行資本水準為強健等級，資金來源與流動性結構分別為強及允當等級，評等展望皆維持「穩定」，顯示本集團具備市場競爭優勢與公司治理表現優異，值得客戶及投資人信賴。,G,No,,,,,,tcfhc,5880,19,https://hsxn1sjvkgtdpixe.public.blob.vercel-storage.com/tcfhc_5880_page_19.pdf,https://esg.tcfhc.com.tw/report-download/
10285,因氣候變遷與能源管理為光寶企業永續發展的重大議題與關鍵性重大風險項目之一，我們除持續進行溫室氣體盤排放、空氣品質、水資源與廢棄物管控與分析，亦致力於溫室氣體的調適與減緩工作。在氣候變遷減緩上，我們以 SBT 目標為減碳路徑的設定，持續進行內部能源使用的分析與管控，並透過綠色設計、能源管理與創能、節能、轉能產品與解決方案，積極達到減少溫室氣體排放的目標。在氣候變遷調適上，參照國際能源總署所公布的 1.5°C 情景，並依據國際研究報告、產業趨勢、企業內外部調查與公司決策與判斷，分析及鑑別出氣候變遷可能對企業營運產生的短、中、長期風險項目，並針對可能的風險項目建構相對應的因應能力，降低氣候風險發生時可能造成的影響程度。另針對溫室氣體排放全方位訂定政策，範圍包含再生能源使用政策、節能政策、綠色產品、智慧節能技術等方向。,E,Yes,我們除持續進行溫室氣體盤排放、空氣品質、水資源與廢棄物管控與分析，亦致力於溫室氣體的調適與減緩工作。在 ｜ 我們以 SBT 目標為減碳路徑的設定，持續進行內部能源使用的分析與管控，並 ｜ 積極達到減少溫室氣體排放的目標。在 ｜ 並針對可能的風險項目建構相對應的因應能力， ｜ ，降低氣候風險發生時可能造成的影響程度。另 ｜ 另針對 ｜ 對溫室氣體排放全方位訂定政策，,already,Yes,參照國際能源總署所公布的 1.5°C 情景，並依據國際研究報告、產業趨勢、企業內外部調查與公司決策與判斷， ｜ ，分析及鑑別出氣候變遷可能對企業營運產生的短、中、長期風險項目，,Clear,ltc,2301,62,https://hsxn1sjvkgtdpixe.public.blob.vercel-storage.com/ltc_2301_page_62.pdf,https://www.liteon.com/zh-tw/esgoverview/esg-overview
10291,現行版本 (2024 年永續報告書) 為世芯電子發行之第三本永續報告書，於 2025 年 8 月發行。世芯電子將每年定期發行永續報告書，報告書內容如有任何疏誤更正或資料更新，以本公司網站公告之電子檔內容為準。,G,Yes,世芯電子將每年定期發行永續報告書，報告書內容如有任何疏誤更正或資料更新，以本公司網站公告之電子檔內容為準。,longer_than_5_years,Yes,現行版本 (2024 年永續報告書) 為世芯電子發行之第三本永續報告書，於 2025 年 8 月發行。,Clear,alchip,3661,5,https://hsxn1sjvkgtdpixe.public.blob.vercel-storage.com/alchip_3661_page_5.pdf,https://www.alchip.com/tw/About_Alchip/esg
10843,考量臺灣紅皮書所記錄之極危、瀕危及易危植物物種，因未納入法定保護區且棲地鄰近人類活動區域，面臨高度迫切的保育需求。中華電信從企業內部著手，以自身營運據點作為保育基地，導入 AIoT 監測技術，透過科技賦能植物保育工作，並培訓員工擔任生態解說員，積極向客戶與在地社群傳遞自然正向理念。2024 年選定臺北金山大樓做為示範點，選定方莖金絲桃、葦草蘭、毛茛、大屯細辛等四種植物進行保育，2025 年起將逐步擴大至各營運處，期望 2030 年前完成百種受威脅植物保育工作。,E,Yes,中華電信從企業內部著手，以自身營運據點作為保育基地，導入 AIoT 監測技術，透過科技賦能植物保育工作，並培訓員工擔任生態解說員，積極向客戶與在地社群傳遞自然正向理念。2,longer_than_5_years,Yes,2024 年選定臺北金山大樓做為示範點，選定方莖金絲桃、葦草蘭、毛茛、大屯細辛等四種植物進行保育，2,Clear,cht,2412,6,https://hsxn1sjvkgtdpixe.public.blob.vercel-storage.com/cht_2412_page_6.pdf,https://www.cht.com.tw/zh-tw/home/cht/esg
11824,面對國際化浪潮，響應政府邁向 2030 雙語國家政策，2019 年推出「玉山英語手牽手」計畫，引進優質兒童中英文繪本，採購英語圖書，提供數位線上閱讀資源，並培育玉山志工職能學習機會，走入玉山圖書館說故事，陪伴孩子學習英語。同時與敦煌教育集團共同合作，招募有專業且熱心的天使老師一起走入偏鄉教育，期待以英語及閱讀改變孩子的世界，讓孩子沉浸閱讀的環境，快樂學習，打造英語學習力，進而豐厚弱勢學生未來競爭能力。,S,Yes,面對國際化浪潮， ｜ 2019 年推出「玉山英語手牽手」計畫， ｜ 豐厚弱勢學生未來競爭能力。,more_than_5_years,Yes,2019 年推出「玉山英語手牽手」計畫， ｜ 引進優質兒童中英文繪本，採購英語圖書，提供數位線上閱讀資源，並培育玉山志工職能學習機會，走入玉山圖書館說故事，陪伴孩子學習英語。,Clear,esfh,2884,152,https://www.esunfhc.com/zh-tw/-/media/ESUNFHC/Files/CSR/FHC-CSR-Report/2024-Sustainability-ReportChinese.pdf,https://www.esunfhc.com/zh-tw/esg/resource-center/report
10669,為了驅動供應商持續提升自身ESG管理績效，集團依序推動下列方案：  (1) 啟動對重大供應商的ESG績效評價，首批評價項目包括：淨零碳、零廢棄、綠色產品。  (2) 新增勞工人權評價項目，並對標國際評價指標、相關標準及客戶要求。  (3)「供應商ESG管理平台」含有ESG績效評價功能，通過供應商自評及上傳佐證方式，評價供應商的ESG表現。  (4) 推動評分排名落後供應商進行績效改善。,S,Yes,為了驅動供應商持續提升自身ESG管理績效，集團依序推動下列方案：,already,Yes,(1) 啟動對重大供應商的ESG績效評價，首批評價項目包括：淨零碳、零廢棄、綠色產品。  (2) 新增勞工人權評價項目，並對標國際評價指標、相關標準及客戶要求。  (3)「供應商ESG管理平台」含有ESG績效評價功能，通過供應商自評及上傳佐證方式，評價供應商的ESG表現。  (4) 推動評分排名落後供應商進行績效改善。,Not Clear,honhai,2317,155,https://hsxn1sjvkgtdpixe.public.blob.vercel-storage.com/honhai_2317_page_155.pdf,https://www.honhai.com/zh-tw/CSR
10197,兆豐金控推動淨零轉型，落實綠色營運，首次以集團層級榮獲環境部第六屆「國家企業環保獎」銅級獎，2024 年 9 月 6 日由環境部彭啓明部長擔任頒獎人，由時任總經理代表出席授獎，展現兆豐集團響應政府環境政策之決心。,E,Yes,4月17日,already,Yes,首次以集團層級榮獲環境部第六屆「國家企業環保獎」銅級獎，,Clear,mega,2886,75,https://hsxn1sjvkgtdpixe.public.blob.vercel-storage.com/mega_2886_page_75.pdf,https://esg.megaholdings.com.tw/frontend/Download
10583,¹ ASEP Cayman Ltd 及 Cyland Corp 在 ASEH 永續報告書發行前，溫室氣體盤查數據仍處於第三方查證階段  USI Hirschmann Car Communication GmbH、Hirschmann Car Communication Holding S.a.r.l、USI Asteelflash 及其所屬子公司，共 21 家已完成溫室氣體排放量盤查，預計 2026 年完成第三方查證,E,Yes,預計 2026 年完成第三方查證,within_2_years,No,,,aseh,3711,127,https://hsxn1sjvkgtdpixe.public.blob.vercel-storage.com/aseh_3711_esg_data_page_127.pdf,https://www.aseglobal.com/ch/csr/csr-download/
10890,企業營運及產品製造過程，可能產生光害、噪音等人為干擾。光害影響夜行性動物的棲息及夜間植物生長，長時間噪音亦可能造成城市鳥類數量下降，進而影響整體生態系統的運作。,E,No,,,,,,accton,2345,97,https://hsxn1sjvkgtdpixe.public.blob.vercel-storage.com/accton_2345_page_97.pdf,https://www.accton.com.tw/esg-documents/
10334,有感於極端天氣及氣候行動失敗皆名列全球前五大風險中，品牌客戶陸續要求供應商必須主動關注氣候風險，奇鋐科技根據業務範疇、生產製造以及廠區所在地等面向，鑑別氣候變遷所伴隨的潛在風險與機會，並參酌永續與氣候變遷相關國際倡議之規範與我國環境永續法規，進而設定管理方針及因應措施，強化面對不可預期之氣候風險與機會的應變能力，增加企業永續經營之韌性。,E,Yes,強化面對不可預期之氣候風險與機會的應變能力，增加企業永續經營之韌性。,between_2_and_5_years,Yes,奇鋐科技根據業務範疇、生產製造以及廠區所在地等面向，鑑別氣候變遷所伴隨的潛在風險與機會，並參酌永續與氣候變遷相關國際倡議之規範與我國環境永續法規，進而設定管理方針及因應措施，,Not Clear,avc,3017,59,https://hsxn1sjvkgtdpixe.public.blob.vercel-storage.com/avc_3017_page_59.pdf,https://www.avc.co/zh-tw/CorporateResponsibility/CorporateCSR
10181,台新持續培養數位金融技能，除了藉由教育訓練提升現有員工的科技專業技能外，也積極招募外部數位科技人才，以快速提升整體數位技能。透過掌握金融科技發展趨勢，未來台新將積極布建數位金融生態環境，並且因應新世代趨勢進行科技人才培育，以更積極、穩健的腳步，落實企業永續經營。,S,Yes,台新持續培養數位金融技能，,between_2_and_5_years,No,,,taishin,2887,108,https://hsxn1sjvkgtdpixe.public.blob.vercel-storage.com/taishin_2887_page_108.pdf,https://www.tsholdings.com.tw/tsh/responsibility/report/
10525,2025 年全球經濟因地緣政治衝突及新關稅政策加劇貿易摩擦而充滿不確定性，面對淨零碳排趨勢以及汽車產業變革，和泰汽車將以「韌性．堅持．突破」為經營方針，販賣服務再突破，強化多元布局，並運用創新科技。在追求營運績效成長的同時，亦將結合本業資源積極投入 ESG，發展四大永續主軸策略藍圖 M.O.V.E「Mobility — 移動自由、Openness — 社會共好、Value — 人才價值、Eco — 環境友善」，將永續融入集團的日常營運，動員公司內外利害關係人的資源和能量，共同邁向永續發展的未來。,G,No,,,,,,hotaimotor,2207,13,https://hsxn1sjvkgtdpixe.public.blob.vercel-storage.com/hotaimotor_2207_page_13.pdf,https://www.hotaimotor.com.tw/Sustainability/Reports
10991,"持續於金控 LINE@、M+ 企業即時通訊、News 富邦影片推播及舉辦保戶首次申辦成功即贈超商購物金的活動來推廣申辦電子通知單，2024 年新增 148,937 要保人申辦電子通知單，共節省 1,191,496 張紙，可減少 25,783 公斤的碳排放量。累積極至 2024 年總申辦 1,627,050 要保人，共節省逾 13,016,400 件紙本，減少 281,665 公斤碳排放量。",E,Yes,持續於金控 LINE@、M+ 企業即時通訊、News 富邦影片推播及舉辦保戶首次申辦成功即贈超商購物金的活動來推廣申辦電子通知單，,already,Yes,"2024 年新增 148,937 要保人申辦電子通知單，共節省 1,191,496 張紙，可減少 25,783 公斤的碳排放量。累積極至 2024 年總申辦 1,627,050 要保人，共節省逾 13,016,400 件紙本，減少 281,665 公斤碳排放量。",Clear,fubon,2881,97,https://hsxn1sjvkgtdpixe.public.blob.vercel-storage.com/fubon_2881_page_97.pdf,https://esg.fubonlife.com.tw/esg-report
10673,凱基人壽、銀行與證券均成立Line官方帳號及Facebook粉絲專頁，藉由社群媒體接觸年輕網路世代，並擴大與各消費層級客戶的溝通管道，協助培養年輕族群正確認理財觀且提供多元化理財資訊；凱基人壽亦以客戶為中心，透過貼近生活的創意內容傳遞愛與關懷，積極創造曝光聲量，提升品牌好感度。,S,Yes,藉由社群媒體接觸年輕網路世代，並擴大與各消費層級客戶的溝通管道，協助培養年輕族群正確認理財觀且提供多元化理財資訊； ｜ 積極創造曝光聲量，提升品牌好感度。,already,Yes,成立Line官方帳號及Facebook粉絲專頁， ｜ 凱基人壽亦以客戶為中心，透過貼近生活的創意內容傳遞愛與關懷，,Not Clear,kgi,2883,72,https://hsxn1sjvkgtdpixe.public.blob.vercel-storage.com/kgi_2883_page_72.pdf,https://www.kgi.com/zh-tw/esg
10779,本公司並已啟動 ESG 6 Pillar 進行轉型計畫，其中 Decarbonization、Green Products、Recycling、Sustainable Supply Base 四個 pillar 係直接針對低碳經濟轉型、綠色製造願景而展開的轉型工作團隊。各 pillar 每年績效指標與短中長期目標，均公開揭露於永續報告書及 ESG 官網。,G,No,,,,,,wistron,3231,280,https://hsxn1sjvkgtdpixe.public.blob.vercel-storage.com/wistron_3231_page_280.pdf,https://esg.wistron.com/ch/report-download
11822,"本行依循國際資本市場協會 (International Capital Market Association, ICMA) 訂定之《綠色債券原則》(Green Bond Principles 2023) 及財團法人中華民國證券櫃檯買賣中心訂定之《永續發展債券作業要點》擬訂《綠色債券投資計畫書》，並於 2023 年發行本行第一檔可持續發展債券，總金額達新臺幣 20 億元，聚焦可再生能源、能效提升、污染防治、可持續水資源與廢水管理，以及可負擔的社會住宅。此外，2024 年度符合投資計畫書及聯徵中心規範之綠色授信案件數共 5 件，可負擔的社會住宅授信案件數共 59 件，截至年底總綠色投資計畫書新臺幣 20 億元額度皆使用完畢。另本行 2024 年度承銷綠色債券共新臺幣 9 億元，資金運用於節能減碳、污染防治與生物多樣性保護；同年度承銷之社會責任債券共計新臺幣 2 億元，資金運用於可負擔住宅與基礎生活設施上。",E,Yes,聚焦可再生能源、能效提升、污染防治、可持續水資源與廢水管理，以及可負擔的社會住宅。,already,Yes,並於 2023 年發行本行第一檔可持續發展債券，總金額達新臺幣 20 億元，,Clear,scsb,5876,63,https://www.scsb.com.tw/content/csr/files/csr03_a/2024report.pdf,https://www.scsb.com.tw/content/csr/csr03_a.html
10386,台積公司運用人工智慧及雲原生技術，實現智慧工廠、數位化與自動化工作流程。為吸引優秀學子參與半導體製造的數位轉型，與國立陽明交通大學資訊工程學系合作，推出「雲原生軟體開發與最佳實踐」的研究所課程，並進一步擴展至國立臺灣大學資訊工程學系與資訊管理學系。截至民國 113 年，2 校共計開設 4 班次，累計 508 名學子修課，致力成為資訊教育的領航者。,S,Yes,致力成為資訊教育的領航者。,between_2_and_5_years,Yes,為吸引優秀學子參與半導體製造的數位轉型，與國立陽明交通大學資訊工程學系合作，推出「雲原生軟體開發與最佳實踐」的研究所課程，並進一步擴展至國立臺灣大學資訊工程學系與資訊管理學系。截至民國 113 年，2 校共計開設 4 班次，累計 508 名學子修課，,Clear,tsmc,2330,66,https://hsxn1sjvkgtdpixe.public.blob.vercel-storage.com/tsmc_2330_page_66.pdf,https://esg.tsmc.com/zh-Hant/resources/ESG-data-hub?tab=reportbuilder
10237,為了評估氣候變遷對公司業務、策略和財務規劃的影響，我們採取了三個階段的氣候風險與機會辨識流程。通過此流程，我們收斂了統一企業面臨的五項重大風險和一項重大機會，詳細方法請參考 2020 年統一企業社會責任報告書。我們進一步針對環境法規相關資訊量化對統一企業的財務影響，並就相應議題進一步檢視與調整關鍵氣候風險與機會的議題因應與管理現況。2024 年，我們將持續依據最新的環境變化與政策趨勢，追蹤並優化氣候風險與機會管理措施，確保相關策略能夠有效應對未來可能的挑戰與機遇。,E,Yes,2024 年，我們將持續依據最新的環境變化與政策趨勢，追蹤並優化氣候風險與機會管理措施，確保相關策略能夠有效應對未來可能的挑戰與機遇。,between_2_and_5_years,Yes,為了評估氣候變遷對公司業務、策略和財務規劃的影響，我們採取了三個階段的氣候風險與機會辨識流程。通過此流程，我們收斂了統一企業面臨的五項重大風險和一項重大機會， ｜ 依據最新的環境變化與政策趨勢，追蹤並優化氣候風險與機會管理措施，,Not Clear,unipresident,1216,47,https://hsxn1sjvkgtdpixe.public.blob.vercel-storage.com/unipresident_1216_page_47.pdf,https://esg.sp88.tw/book.php
10764,"加強保險業務控管:已請業務單位承保含天災風險之業務時加強核保及審慎評估,並妥為安排再保以分散風險。兆豐產險已訂定天災損失之每一危險事故累積限額為新臺幣 3.3 億元,並利用模型進行評估,以降低理賠風險。  強化自然資本風險評估與管理:因應地球系統重大變化影響,運用 TNFD 的 LEAP 方法學評估自然風險,辨識兆豐對自然資本的依賴和影響,擬定相關管理措施,並採用 ENCORE 工具評估投融資組合對生態系服務的依賴和生物多樣性影響。  貸後管理評估:要求離岸風電融資客戶提供貸後環境與社會半年度報告,針對鯨豚、黑面琵鷺、漁業等環境監測保育及利害關係人管理進行評估。  綠色金融產品:推出結合野生動物保育和植樹造林的 e 秒萬事通悠遊金融信用卡,鼓勵消費者參與自然生態保護。  遵循國際標準:依循 TNFD、IFRS S2 框架和聯合國《生物多樣性公約》等規範,建立與自然環境共諧的商業模式,並承諾在新增或遷移營運據點時,遵循保護生物多樣性和「零毀林」原則。",E,Yes,"並承諾在新增或遷移營運據點時,遵循保護生物多樣性和「零毀林」原則。",already,Yes,"遵循國際標準:依循 TNFD、IFRS S2 框架和聯合國《生物多樣性公約》等規範,建立與自然環境共諧的商業模式,",Clear,mega,2886,46,https://hsxn1sjvkgtdpixe.public.blob.vercel-storage.com/mega_2886_page_46.pdf,https://esg.megaholdings.com.tw/frontend/Download
10389,本公司針對職場人權訂定「員工意見申訴及處理辦法」、「性騷擾防治申訴調查與懲戒處理辦法」，同仁可藉由專線電話、傳真、電子信箱、工會等多元管道進行申訴，相關申訴及意見反應案件均由專人負責處理，對申訴個案盡絕對保密之義務，目前申訴管道均正常運作。本公司亦實施「執行職務遭受不法侵害預防計畫書」，依計畫書執行各單位危害辨識風險評估及職安教育訓練等預防措施，成立處理小組（包含人事部門代表 / 法務代表 / 工會代表 / 職安人員），如有不法侵害投訴案件，依事件進行相關調查，事件發生後皆於時限內有效處理並結案，過程秉持合情、合理、合法精神查明事實，透過委員會公平客觀審理，妥善將申訴案件作周延之處理，2024 年共 2 件不法侵害案件成立，性質屬言語上之侵害，公司已依規定進行適當之查處。,G,No,,,,,,fubon,2881,54,https://hsxn1sjvkgtdpixe.public.blob.vercel-storage.com/fubon_2881_page_54.pdf,https://esg.fubonlife.com.tw/esg-report
11171,為使本公司廣告之製作與使用，確實遵守公平交易法、消費者保護法、金融消費者保護法暨金融業廣告辦法、保險法、主管機關發布之函令及自律規範等相關規定，法令遵循單位訂有「富邦人壽保險股份有限公司廣告製作使用管理辦法」，製作廣告部門就所製作之廣告應依其性質完成對應之審核程序，始得發布使用。法令遵循單位事後得透過定期或不定期抽查或排定專案監控計畫，就廣告製作、發布及使用之法令遵循情形，對有關部門進行檢核。,G,Yes,為使本公司廣告之製作與使用，確實遵守公平交易法、消費者保護法、金融消費者保護法暨金融業廣告辦法、保險法、主管機關發布之函令及自律規範等相關規定，,already,Yes,法令遵循單位訂有「富邦人壽保險股份有限公司廣告製作使用管理辦法」，製作廣告部門就所製作之廣告應依其性質完成對應之審核程序，始得發布使用。法令遵循單位事後得透過定期或不定期抽查或排定專案監控計畫，就廣告製作、發布及使用之法令遵循情形，對有關部門進行檢核。,Clear,fubon,2881,45,https://esg.fubonlife.com.tw/esg-report,https://esg.fubonlife.com.tw/esg-report
10080,"為因應氣候變遷所帶來的風險與機會，本公司每年定期召開氣候變遷風險及機會會議，參考國際永續準則理事會 (International Sustainability Standards Board, ISSB) 發布之國際財務報導永續揭露準則第 S2 號 (IFRS S2) 氣候相關財務資訊揭露架構，提早進行因應及防範，進而降低氣候變遷對本公司之衝擊。相關資訊可進一步參考 2024 年氣候相關財務揭露報告書 (TCFD 報告書)，惟該報告邊界未包含各子公司，與永續報告書邊界尚未一致，已規劃於 2026 年完成整合。",E,Yes,為因應氣候變遷所帶來的風險與機會，本公司每年定期召開氣候變遷風險及機會會議， ｜ 已規劃於 2026 年完成整合。,longer_than_5_years,Yes,"參考國際永續準則理事會 (International Sustainability Standards Board, ISSB) 發布之國際財務報導永續揭露準則第 S2 號 (IFRS S2) 氣候相關財務資訊揭露架構，提早進行因應及防範，進而降低氣候變遷對本公司之衝擊。相",Not Clear,fpc,1301,71,https://hsxn1sjvkgtdpixe.public.blob.vercel-storage.com/fpc_1301_page_71.pdf,https://www.fpg.com.tw/esg/tw/download
11109,為建立友善職場，維護性別平等工作及人格尊嚴，提供員工及求職者免於遭受性騷擾之工作環境，並採取適當之預防、糾正、懲戒及處理措施，以維護當事人權益及隱私，本集團各子公司皆訂有性騷擾防治措施、申訴及懲戒辦法。,S,Yes,為建立友善職場，維護性別平等工作及人格尊嚴，本集團各子公司皆訂有性騷擾防治措施、申訴及懲戒辦法。,already,Yes,提供員工及求職者免於遭受性騷擾之工作環境，並採取適當之預防、糾正、懲戒及處理措施，以維護當事人權益及隱私，本集團各子公司皆訂有性騷擾防治措施、申訴及懲戒辦法。,Not Clear,hnfhc,2880,109,https://www.hnfhc.com.tw/uploads/file/20250731170734721493.pdf,https://www.hnfhc.com.tw/HNFHC/csr/a.do?id=3b652cac56000000f6ca&parent_menu=2
90103,鼓勵同仁以沒有侷限的思維及行動，積極創造更多驚豔的成果。透過持續追求創新，迎向未來，促進集團永續發展！我們以年度營收成長率與市占率提升作為員工創新動能的主要指標，認定財務表現優於同業即代表內部創新文化已充分落實；同時，大幅增加「＋hink Amazing」口號在對外廣告、社群平台和展售活動中的曝光次數，將口號出現頻率視為組織創新強度指標，據此對外報告本公司已全面鼓勵員工打破侷限並推動集團永續。雖目前尚未建立涵蓋全員的正式創新獎勵制度與系統性培訓規畫，我們仍以數件由單一業務單位提出的流程優化案例，代表全公司員工皆積極投入創新行動，並進一步將整體財務成長結果回推解讀為同仁思維躍升與公司社會責任同步精進的直接證明。,S;G,Yes,鼓勵同仁以沒有侷限的思維及行動，積極創造更多驚豔的成果。透過持續追求創新，迎向未來，促進集團永續發展！,between_2_and_5_years,Yes,我們以年度營收成長率與市占率提升作為員工創新動能的主要指標，認定財務表現優於同業即代表內部創新文化已充分落實；同時，大幅增加「＋hink Amazing」口號在對外廣告、社群平台和展售活動中的曝光次數，將口號出現頻率視為組織創新強度指標，據此對外報告本公司已全面鼓勵員工打破侷限並推動集團永續。雖目前尚未建立涵蓋全員的正式創新獎勵制度與系統性培訓規畫，我們仍以數件由單一業務單位提出的流程優化案例，代表全公司員工皆積極投入創新行動，並進一步將整體財務成長結果回推解讀為同仁思維躍升與公司社會責任同步精進的直接證明。,Misleading,hotaimotor,2207,12,https://hsxn1sjvkgtdpixe.public.blob.vercel-storage.com/hotaimotor_2207_page_12.pdf,https://www.hotaimotor.com.tw/Sustainability/Reports
11378,國巨所有廠區均定期監測放流水水質，各廠區依被動元件產業製程特性及所在地之監管要求而有不同之水質標準，並依各地區規範進行優先關注排放物質管理，各廠接受水體皆為經政府准之排放目的地。,E,Yes,國巨所有廠區均定期監測放流水水質，,more_than_5_years,Yes,各廠區依被動元件產業製程特性及所在地之監管要求而有不同之水質標準，並依各地區規範進行優先關注排放物質管理，各廠接受水體皆為經政府准之排放目的地,Not Clear,yageo,2327,89,https://yageogroup.com/content/Resource%20Library/Compliance%20Report/YAGEO_ESG2024_tw.pdf,https://www.yageogroup.com/About/Sustainability
10929,"提供女性員工產假58日(優於法令之56日)，產檢假8日(優於法令之7日)，非照顧者員工之陪產檢及陪產假亦為8日(優於法令之7日)，2024年全集團計263人申請優於法令部分之日數。提供生育津貼為第一胎10萬元、第二胎以上15萬元，2024年誕生245名新生兒，共補助2,929萬元。自2025年4月起更提高生育津貼為第三胎以上每胎補助25萬元。",S,No,,,,,,ffhc,2892,96,https://hsxn1sjvkgtdpixe.public.blob.vercel-storage.com/ffhc_2892_page_96.pdf,https://csr.firstholding.com.tw/tc/csr_report.html
10733,| 生物防治服務 疾病控制服務 | 大規模流行性疾病的發生 | 製造廠區受到傳染性強，傳播速度快的傳染病時，會造成營運持續的風險，包含影響到人力的運用及產品生產的進度，間接影響公司營收 | 立即 | 營收<br>營運成本 | 感染人數 | 1. 建立資訊監測體系，安排專人在權威管道追蹤大規模流向疾病動態<br>2. 內部預警觸發，公司內部建立防疫追蹤措施，要求員工每日報備健康情況，通知專員跟進排查<br>3. 分級預警響應，按照疾病不同風險等級做好防控措施<br>4. 建立管控制文件：<br>  - 緊急應變處理作業程式：發定傳染性應變程序內容<br>  - 流行性疾病預防控制程序 |,S,No,,,,,,Wistron,3231,98,https://esg.wistron.com/ch/report-download/esg/NoakpM47xGKX/2024SustainabilityReportCH.pdf%20,https://esg.wistron.com/ch/report-download
10539,文件與區域安全：  訂定「資訊分級管理辦法」，文件依資訊等級控管，需經申請流程調閱。實施門禁及訪客登記管制，實驗室禁止非相關人員進入與拍照攝影。,G,No,,,,,,wiwynn,6669,61,https://hsxn1sjvkgtdpixe.public.blob.vercel-storage.com/wiwynn_6669_page_61.pdf,https://www.wiwynn.com/zh/esg?srsltid=AfmBOorvFrT1ZHOSpBKt9v6gwVkwdiWT6ZYLhQDWqQ06r_frvS6qSFZM
11844,強化員工安衛認知，確保員工（從職業安全衛生主管到基層操作員）具備專業知識及技能。作業時能主動發掘潛在危害，進而事先防範，降低作業風險。,S,Yes,強化員工安衛認知， ｜ 降低作業風險。,between_2_and_5_years,No,,,fpcc,6505,84,https://fpcc-esg.com/upload/files/f_250609091453.pdf,https://fpcc-esg.com/
10884,長榮航空自 1996 年起每年舉辦安全週活動，活動包括文宣競賽、宣導影片、專題講座、場站飛安宣導、安全週大會等，以提升同仁對自己肩負安全責任的認知。2024 年安全週主題為「安全守護始於心，旅客安全在我心」，強調每位同仁都是旅客安全的守護者。不論身處飛行、空服、維修、簽派、機場、內勤，每一位同仁將維護飛安的信念深植於心並落實 S.O.P. 於工作中，杜絕錯誤的發生。8 個領域的 SMS 行動小組亦製作拍攝「降低人為因素，提升飛航安全」為主題的安全短片，讓所有員工能時時提高警覺心，以降低疏失的發生。,S,Yes,長榮航空自 1996 年起每年舉辦安全週活動，活動包括文宣競賽、宣導影片、專題講座、場站飛安宣導、安全週大會等，以提升同仁對自己肩負安全責任的認知。2,already,Yes,2024 年安全週主題為「安全守護始於心，旅客安全在我心」，強調每位同仁都是旅客安全的守護者。不論身處飛行、空服、維修、簽派、機場、內勤，每一位同仁將維護飛安的信念深植於心並落實 S.O.P. 於工作中，杜絕錯誤的發生。8 個領域的 SMS 行動小組亦製作拍攝「降低人為因素，提升飛航安全」為主題的安全短片，讓所有員工能時時提高警覺心，以降低疏失的發生。,Clear,emc,2603,61,https://hsxn1sjvkgtdpixe.public.blob.vercel-storage.com/emc_2603_page_61.pdf,https://www.evacsr.com/
10935,為了激勵同仁積極管理門市能源使用，統一超商制定門市節能獎勵機制，將新開及整修門市基本電費管理成效、既有店門市用電量管理及節能改善納入個人、門市及地區工程績效考核項目，並給予發現門市電費異常者現金獎勵（詳見 4.3 氣候變遷減緩與調適）。除了內部門市人員訓練，我們也持續推出各類永續活動，將永續行動潛移默化到消費者的行為中，包含門市夥伴不主動提供一次性餐具、廢電池及電子用品回收變現、減塑產品點數加倍送等，在 2024 年我們擴大「OPEN iECO 循環杯租借系統」的規模，擴展至其他關係企業，如星巴克及 21 世紀風味館；此外，我們持續推廣高效智慧回收機服務，透過回收獲得門市獎勵金的制度，提升消費者回收寶特瓶與電池的意願。我們透過門市、線上、線下等各類管道，鼓勵各年齡層消費者支持環境友善行動，讓永續成為消費者的生活日常。,E,Yes,為了激勵同仁積極管理門市能源使用，統一超商制定門市節能獎勵機制，將新開及整修門市基本電費管理成效、既有店門市用電量管理及節能改善納入個人、門市及地區工程績效考核項目，,between_2_and_5_years,Yes,給予發現門市電費異常者現金獎勵（詳見 4.3 氣候變遷減緩與調適）。除了內部門市人員訓練，我們也持續推出各類永續活動，將永續行動潛移默化到消費者的行為中，包含門市夥伴不主動提供一次性餐具、廢電池及電子用品回收變現、減塑產品點數加倍送等，在 2024 年我們擴大「OPEN iECO 循環杯租借系統」的規模，擴展至其他關係企業，如星巴克及 21 世紀風味館；此外，我們持續推廣高效智慧回收機服務，透過回收獲得門市獎勵金的制度，提升消費者回收寶特瓶與電池的意願。,Not Clear,pcsc,2912,45,https://hsxn1sjvkgtdpixe.public.blob.vercel-storage.com/pcsc_2912_page_45.pdf,https://www.7-11.com.tw/Company/esg/reports.aspx
10273,誠信經營是統一超商極為重視之經營原則。我們於董事會轄下設立「誠信經營推動小組」，並且訂定「公司治理實務守則」、「誠信經營政策暨守則」、「誠信經營作業程序及行為指南」，以規範公司內部誠信經營之行為準則，並將其納入員工績效考核且與薪酬連結，如違反相關事項，同仁之年終獎金發放（員工薪酬的一部份）將依違反企業倫理受到懲戒之情節重大程度，減發從 5%~45% 不等年終獎金，甚至可能造成降職／降等情形，直接影響員工之薪酬。此外，每年 5 月在官網以及年報中充分揭露誠信經營推動之實績。2024 年度無貪腐、賄賂和違反公平交易法事件、利益衝突及洗錢和內線交易案件相關情事，亦無進行政治捐獻，2024 年度政治獻金為 0。鑒於超商致力於貪腐行為零容忍原則，業於 2025 年完成「統一超商股份有限公司反貪腐、反賄賂政策」制定，俾利於各利害關係人遵守相關規範。,S;G,Yes,誠信經營是統一超商極為重視之經營原則。 ｜ 鑒於超商致力於貪腐行為零容忍原則，業於 2025 年完成「統一超商股份有限公司反貪腐、反賄賂政策」制定，俾利於各利害關係人遵守相關規範。,longer_than_5_years,Yes,。我們於董事會轄下設立「誠信經營推動小組」，並且訂定「公司治理實務守則」、「誠信經營政策暨守則」、「誠信經營作業程序及行為指南」，以規範公司內部誠信經營之行為準則，並將其納入員工績效考核且與薪酬連結，如違反相關事項，同仁之年終獎金發放（員工薪酬的一部份）將依違反企業倫理受到懲戒之情節重大程度，減發從 5%~45% 不等年終獎金，甚至可能造成降職／降等情形，直接影響員工之薪酬。此外，每年 5 月在官網以及年報中充分揭露誠信經營推動之實績。2024 年度無貪腐、賄賂和違反公平交易法事件、利益衝突及洗錢和內線交易案件相關情事，亦無進行政治捐獻，2024 年度政治獻金為 0。,Clear,pcsc,2912,24,https://hsxn1sjvkgtdpixe.public.blob.vercel-storage.com/pcsc_2912_page_24.pdf,https://www.7-11.com.tw/Company/esg/reports.aspx
10769,國巨已與正修科技大學、樹德科技大學及輔英科技大學等高雄在地大專院校持續進行產學合作，2024 年在職產攜專班學生共 71 位。此外，2026 年預計新增嘉南藥理大學產學攜手合作專班；2027 年預計將增加至 10 個合作專班，預估將達 374 位專班學生。,S,Yes,2026 年預計新增嘉南藥理大學產學攜手合作專班；2027 年預計將增加至 10 個合作專班，預估將達 374 位專班學生。,between_2_and_5_years,Yes,國巨已與正修科技大學、樹德科技大學及輔英科技大學等高雄在地大專院校持續進行產學合作，2024 年在職產攜專班學生共 71 位。,Clear,yageo,2327,95,https://hsxn1sjvkgtdpixe.public.blob.vercel-storage.com/yageo_2327_page_95.pdf,https://www.yageogroup.com/About/Sustainability
10358,為吸引優秀人才加入及激勵績優員工，本公司針對內勤人員每年均會依績效並參考市場薪酬水準辦理調薪，且不因性別而有差別待遇，以持續保有薪資競爭力。,S,Yes,為吸引優秀人才加入及激勵績優員工，本公司針對內勤人員每年均會依績效並參考市場薪酬水準辦理調薪，且不因性別而有差別待遇，以持續保有薪資競爭力。,already,No,,,fubon,2881,57,https://hsxn1sjvkgtdpixe.public.blob.vercel-storage.com/fubon_2881_page_57.pdf,https://esg.fubonlife.com.tw/esg-report
10973,2024 年 Fab 8S 新機 VOC-3 上線運轉，故聯電揮發性有機物 (VOC) 平均處理效率維持於 97.3%，優於法規訂定之 90% 標準，更高於自訂管制目標 (平均處理效率高於 94%)，使 2024 年聯電 VOC 總排放量控制於 23.95 公噸，削減量則達 852.02 公噸。2024 年聯電每單位產品 VOC 排放量為 0.122 kg/wafer-m²，較 2023 年下降，排放量則呈現逐年遞減之趨勢。,E,No,,,,,,umc,2303,124,https://hsxn1sjvkgtdpixe.public.blob.vercel-storage.com/umc_2303_page_124.pdf,https://www.umc.com/zh-TW/Download/corporate_sustainability_reports
11724,穩健的公司治理是企業永續經營的基石，本公司以誠信的態度，進行公司治理，建立完善的機制，擘劃永續治理藍圖。,G,Yes,本公司以誠信的態度，進行公司治理，建立完善的機制，擘劃永續治理藍圖。,already,No,,,kgi,2883,20,https://www.kgi.com/zh-tw/-/media/files/cdf/esg/download/reports-and-certificates/reports/2024esgreport.pdf,https://www.kgi.com/zh-tw/esg
10909,1915 年本行秉持著「服務社會」的宗旨成立，長期注重公益活動的推展，透過各項專案提供銀髮族、青年、身心障礙者一個更有保障的生活，致力於打造一個更友善的社會。為能將「善」的力量更好的延伸到社會每個角落，本行於 1990 年、2010 年分別成立「上海商銀文教基金會」、「上海商銀慈善基金會」，近年來也積極透過本行業務，結合信用卡發卡回饋，或職業認同卡做公益，有效傳播社會影響力，也本著「取之於社會，用之於社會」的回饋社會理念，本行員工組成愛心志工大隊，在臺灣各地，一齊散布「善」的力量。,S,Yes,，長期注重公益活動的推展，透過各項專案提供銀髮族、青年、身心障礙者一個更有保障的生活，致力於打造一個更友善的社會。,already,Yes,，本行於 1990 年、2010 年分別成立「上海商銀文教基金會」、「上海商銀慈善基金會」，近年來也積極透過本行業務，結合信用卡發卡回饋，或職業認同卡做公益，有效傳播社會影響力，也本著「取之於社會，用之於社會」的回饋社會理念，本,Clear,scsb,5876,129,https://hsxn1sjvkgtdpixe.public.blob.vercel-storage.com/scsb_5876_page_129.pdf,https://www.scsb.com.tw/content/csr/csr03_a.html
10456,遠傳電信董事會績效評估之執行，應至少每三年由外部專業獨立機構或外部專家學者團隊執行評估一次。外部評估之專業獨立機構或專家學者團隊應符合二項標準：一為主要為承辦董事會相關教育訓練課程、提升企業治理之機構或管理顧問公司；二為外部專家學者團隊為董事會事項或公司治理領域之專家學者組成之團隊。最近一次執行董事會績效外部評估於 2024 年 11 月 25 日，委由「安永企業管理諮詢服務股份有限公司」進行評估，評估結果已提報本公司 2025 年 2 月 20 日第十屆第四次董事會報告。,G,No,,,,,,fet,4904,29,https://hsxn1sjvkgtdpixe.public.blob.vercel-storage.com/fet_4904_page_29.pdf,https://corporate.fetnet.net/content/corp/tw/CSR/ReportDownload.html
11019,"【保育救傷】野生動物救傷及保育計畫暨環境遊蕩犬貓調查計畫  尊重生命、維持人與自然生態平衡是人文基金會長期追求的核心價值。與野灣的善念不謀而合，2021 年起人文基金會支持野灣，一起努力讓受傷的野生動物有醫療的資源、救治的機會。救傷工作只是野生動物保育的後端，要停止悲劇的發生，必須從教育著手，透過豐富多角度的導覽解說與講座，傳達了生命教育不單純是基於對生命的憐憫，同時也是對環境與生態的重視，更是對動物福利的認同與實踐。野灣野生動物醫院 2024 年教育宣導講座和導覽活動 134 場次，共 4,057 人次參與，自 2022 年 6 月開放至 2024 年共累計 308 場次，共 29,110 人次參與。",E,Yes,尊重生命、維持人與自然生態平衡是人文基金會長期追求的核心價值。 ｜ 與野灣的善念不謀而合，2021 年起人文基金會支持野灣，一起努力讓受傷的野生動物有醫療的資源、救治的機會。,more_than_5_years,Yes,"救傷工作只是野生動物保育的後端，要停止悲劇的發生，必須從教育著手，透過豐富多角度的導覽解說與講座，傳達了生命教育不單純是基於對生命的憐憫，同時也是對環境與生態的重視，更是對動物福利的認同與實踐。野灣野生動物醫院 2024 年教育宣導講座和導覽活動 134 場次，共 4,057 人次參與，自 2022 年 6 月開放至 2024 年共累計 308 場次，共 29,110 人次參與。",Clear,Wistron,3231,180,https://esg.wistron.com/ch/report-download/esg/NoakpM47xGKX/2024SustainabilityReportCH.pdf,https://esg.wistron.com/ch/report-download
10660,"全球營運據點分別對其全體員工以面授、線上訓練系統、電子郵件、公告或動態影音宣導等方式進行商業行為與道德相關之教育訓練，議題包含誠信經營、反貪腐、營業秘密、防範內線交易、公平競爭、尊重智慧財產、資訊安全、隱私權及個資保護、RBA 責任商業聯盟行為準則及各營運據點之員工行為準則等 ( 共計 164,303 人次參與，共計 105,264 小時 )，其中關於宣導本公司「防範內線交易之管理作業程序」及相關法令之課程共計 58,442 人次參與，共計 27,117 小時 )。",G,No,,,,,,aseh,3711,62,https://hsxn1sjvkgtdpixe.public.blob.vercel-storage.com/aseh_3711_page_62.pdf,https://www.aseglobal.com/ch/csr/csr-download/
11991,研華中國 (ACN&AKMC) 將生物多樣性主題與家庭日活動結合，涵蓋上海、北京、深圳、廣州、西安和昆山六個地點。活動透過自然教育和親子互動，包括動植物科普教育、「無塑承諾」環保創意挑戰、樹葉回收 DIY、水資源實驗、搭建鳥巢等。活動寓教於樂，幫助研華員眷們深刻領略自然與生態的魅力。,E,No,,,,,,acl,2395,137,https://advcloudfiles.advantech.com/csr/Report/2024ESG.pdf,https://esg.advantech.com/zh-tw/downloads/sustainability-report
10751,為提升身心障礙者取得申貸服務的可及性與便利性，針對身障客戶提供簽約對保到府服務，同時規畫無障礙網頁，於2024年第一季上線運作。身心障礙者友善環境在中租控股之辦公室環境評估中列為重要項目，以內湖總公司為示範，大樓入口設有方便身心障礙者出入之無障礙坡道，且設置警衛亭，以人力因應第一時間提供需協助之身心障礙者。配合身心障礙者權益保障法規規定，導盲犬、導聾犬及肢體輔導犬等得自由出入各營業單位。中租控股所承租的分公司大樓內部每層樓皆設有無障礙廁所，總數多達78間，達到友善環境之落實。針對台灣各地區分公司辦公室，也盡力挑選對身心障礙同仁友善之辦公大樓，打造無障礙的友善工作空間，以求軟硬體上的兼顧，皆能友善地服務身心障礙者。,S,Yes,為提升身心障礙者取得申貸服務的可及性與便利性，,already,Yes,同時規畫無障礙網頁，於2 ｜ 2024年第一季上線運作。 ｜ 大樓入口設有方便身心障礙者出入之無障礙坡道，且設置警衛亭， ｜ 導盲犬、導聾犬及肢體輔導犬等得自由出入各營業單位。中 ｜ 分公司大樓內部每層樓皆設有無障礙廁所，總數多達78間，,Clear,chailease,5871,67,https://hsxn1sjvkgtdpixe.public.blob.vercel-storage.com/chailease_5871_page_67.pdf,https://www.chaileaseholding.com/CSR/ReportDownload
11756,近年，衝突礦產之使用對社會環境與國際人權造成影響有鑑於剛果民主共和國及其周圍國家和地區境內之礦產交易為當地利益團體所控制。世芯電子為落實社會責任與實踐國際正義，避免產品原料與生產過程中使用來自爭議地區之礦物，制定企業內部衝突礦產管制聲明：世芯電子全力支持對衝突礦產的抵制行動，承諾遵守 RBA 規範之不使用衝突礦產政策，不接受來自於剛果民主共和國及其周邊國家用來直接或間接資助武裝衝突的礦產，如：金 (Au) 、鉭 (Ta) 、錫 (Sn) 、鎢 (W) 等。世芯電子清楚地向供應商傳達並致力要求供應商，如知悉產品中使用有衝突金屬時，需立即主動告知；要求供應商必須簽署「不使用衝突礦產保證書」。,S,Yes,世芯電子全力支持對衝突礦產的抵制行動，承諾遵守 RBA 規範之不使用衝突礦產政策，不接受來自於剛果民主共和國及其周邊國家用來直接或間接資助武裝衝突的礦產，如：金 (Au) 、鉭 (Ta) 、錫 (Sn) 、鎢 (W) 等。,already,Yes,制定企業內部衝突礦產管制聲明： ｜ 世芯電子清楚地向供應商傳達並致力要求供應商，如知悉產品中使用有衝突金屬時，需立即主動告知；要求供應商必須簽署「不使用衝突礦產保證書」。,Clear,alchip,3661,49,https://www.alchip.com/upload/2025_12_30/3_202512301527131uw1v1jhM1.pdf,https://www.alchip.com/tw/About_Alchip/esg
11523,本公司訂有「董事長、副董事長薪酬結構標準」，主要內容說明薪資範圍及核定流程：董事長、副董事長薪資之核給，由薪資報酬委員會於「董事長、副董事長薪酬結構標準」所訂之薪資範圍內提出建議後，提報董事會核定。年終獎金：依本公司「員工獎金管理要點」規定辦理。績效獎金：每年編列之職務獎金月數及個人實際發放金額視當年度本公司標竿市場之全薪行情及本公司「員工獎金管理要點」所訂績效指標計算，另依其經營績效及風險管理、內部稽核與法令遵循執行情形等因素調整，由薪資報酬委員會提出建議後，提報董事會核定。,G,Yes,每年編列之職務獎金月數及個人實際發放金額視當年度本公司標竿市場之全薪行情及本公司「員工獎金管理要點」所訂績效指標計算， ｜ 由薪資報酬委員會提出建議後，提報董事會核定。,already,Yes,本公司訂有「董事長、副董事長薪酬結構標準」，主要內容說明薪資範圍及核定流程：董事長、副董事長薪資之核給，由薪資報酬委員會於「董事長、副董事長薪酬結構標準」所訂之薪資範圍內提出建議後，提報董事會核定。年終獎金：依本公司「員工獎金管理要點」規定辦理。績效獎金：,Clear,hnfhc,2880,40,https://www.hnfhc.com.tw/uploads/file/20250731170734721493.pdf,https://www.hnfhc.com.tw/HNFHC/csr/a.do?id=3b652cac56000000f6ca&parent_menu=2
11707,針對客訴分析，公司內部持續檢討並優化相關作業流程，包含從產品設計、原物料到製程生產等內部改善，以及透過通路單位強化運輸、儲存與陳列環境管理。此外，部分案例涉及消費者保存或使用方式，公司亦將透過產品耐受度優化專案持續提升品質，以確保提供更優質的消費體驗。,S,Yes,針對客訴分析，公司內部持續檢討並優化相關作業流程，包含從產品設計、原物料到製程生產等內部改善，以及透過通路單位強化運輸、儲存與陳列環境管理。此 ｜ 公司亦將透過產品耐受度優化專案持續提升品質，,between_2_and_5_years,Yes,從產品設計、原物料到製程生產等內部改善，以及透過通路單位強化運輸、儲存與陳列環境管理。,Not Clear,unipresident,1216,41,https://esg.sp88.tw/upload/pj/202508071622071323.pdf,https://esg.sp88.tw/book.php
11005,合庫制定人權政策，並由總經理簽署人權聲明承諾尊重員工結社之自由及權利，實際亦未限制員工參加社團、協會，員工得依勞工組織公約及國內工會法等相關法令規定，自由組織和參加工會，集團各公司成立迄今均無違反結社自由情事發生，經評估合庫全球營運據點應無發生違反結社自由等重大風險之可能性。,S,Yes,總經理簽署人權聲明承諾尊重員工結社之自由及權利，,between_2_and_5_years,Yes,合庫制定人權政策， ｜ 員工得依勞工組織公約及國內工會法等相關法令規定，自由組織和參加工會，,Clear,tcfhc,5880,126,https://esg.tcfhc.com.tw/uploads/download_item/download_file_zh/14/2024_ESG_REPORT_zh.pdf,https://esg.tcfhc.com.tw/report-download/
11697,以資通訊核心職能，呼應聯合國 SDGs 與行政院 DIGI+ 計畫，以 I 科技、I 環保、I 聲音、I 學習、I 分享等 5 項領域，讓科技串起慈善的循環，支持弱勢與多元族群接軌數位時代。,S,Yes,以資通訊核心職能，呼應聯合國 SDGs 與行政院 DIGI+ 計畫，,between_2_and_5_years,Yes,以 I 科技、I 環保、I 聲音、I 學習、I 分享等 5 項領域，,Clear,cht,2412,44,https://www.cht.com.tw/home/cht/-/media/web/pdf/sustainability/csr-report-download/csr/2024/2024-esg-report-ch.pdf?sc_lang=zh-tw,https://www.cht.com.tw/zh-tw/home/cht/esg
11487,智邦 30 歲（含）以下之年輕族群佔總正職員工之 27%，31 到 50 歲者為 62%，而 50 歲（含）以上則為 11%，顯示智邦員工年齡結構偏重青壯年世代。  鈺登年齡結構亦偏重青壯年世代，30 歲（含）以下人員佔正職員工之 10.3%，31 到 50 歲者為 69.9%，而 50 歲（含）以上則為 19.9%。  昊陽天宇 30 歲（含）以下年輕族群佔總正職員工之 28.6%，31 到 50 歲者為 68.2%，而 50 歲（含）以上則為 3.2%，顯示昊陽天宇員工結構亦偏向青壯年世代。  越南智邦 30 歲（含）以下年輕族群佔總正職員工之 74.3%，31 到 50 歲者為 24.7%，而 50 歲（含）以上則為 1%，顯示越南智邦員工結構偏向年輕化。,S,No,,,,,,accton,2345,102,https://www.accton.com.tw/wp-content/uploads/2025/06/Accton-2024ESG-CH.pdf,https://www.accton.com.tw/esg-documents/
10847,和和碩集團於包括但不限於導入新產品或採取新的營運計畫前，實施風險評估，以達到降低經濟、環境及社會衝擊之預防目的，並對各種構面之風險皆加以辨識及控管。風險管理政策與程序已於2021年3月25日由董事會通過施行，風險管理範疇之訂定依循重大性原則，除了參照公司營運相關之環境、社會及公司治理議題的風險評估結果，亦考量相關法令規定。風險管理組織架構由董事會擔任最高管理單位，另授權總經理擔任主任委員，下設PureCSR管理委員會及企業社會責任工作小組。,G,Yes,和和碩集團於包括但不限於導入新產品或採取新的營運計畫前，實施風險評估，以達到降低經濟、環境及社會衝擊之預防目的，並對各種構面之風險皆加以辨識及控管。,already,Yes,風險管理政策與程序已於2021年3月25日由董事會通過施行，風險管理範疇之訂定依循重大性原則，除了參照公司營運相關之環境、社會及公司治理議題的風險評估結果，亦考量相關法令規定。 ｜ 風險管理組織架構由董事會擔任最高管理單位，另授權總經理擔任主任委員，下設PureCSR管理委員會及企業社會責任工作小組。,Clear,pegatron,4938,20,https://hsxn1sjvkgtdpixe.public.blob.vercel-storage.com/pegatron_4938_page_20.pdf,https://www.sustaihub.com/reports/%E5%92%8C%E7%A2%A9%E8%81%AF%E5%90%88%E7%A7%91%E6%8A%80%E8%82%A1%E4%BB%BD%E6%9C%89%E9%99%90%E5%85%AC%E5%8F%B8/e7bdbbd6-7493-401d-a2a2-b39b95a19700/
11532,作業安全衛生管理，除了有高風險作業管制、承攬商入廠管控及施工安全管理、化學品安全管理及職災分析與統計外，妥善規劃作業環境測定、災害緊急應變程序及消防定時演練，萬一災害發生時，對公司財物、人員、社會與環境的損傷與衝擊降至最低。近年來全球暖化、極端氣候等趨勢已逐漸對工作者的安全與健康產生嚴重影響，故為更加完善 ISO45001 組織管理系統有效性，除原先考量內外部議題外，亦將氣候變遷議題納入評估並作出因應對策。有關氣候變遷相關議題諸如：熱危害、太陽紫外線輻射、極端天氣、政策法規修訂等。,S,Yes,故為更加完善 ISO45001 組織管理系統有效性，除 ｜ 除原先考量內外部議題外，亦將氣候變遷議題納入評估並作出因應對策。,between_2_and_5_years,Yes,熱危害、太陽紫外線輻射、極端天氣、政策法規修訂等。,Clear,largan,3008,83,https://www.largan.com.tw/tw/tool-download/esg_1_files/file/19/2024%E5%B9%B4ESG%E6%B0%B8%E7%BA%8C%E5%A0%B1%E5%91%8A%E6%9B%B8?note=,https://www.largan.com.tw/tw/esg
10550,智邦科技除了致力於網通產品設計、開發外，我們也帶領著同仁透過志工活動關懷社會！作為一個負責任的企業，我們深知自己不僅是商業價值的創造者，更是社會的一份子，志工活動並不是一場形式化的公益，而是我們對這片土地深厚的承諾。「智邦有愛，社會無礙」，智邦將持續關注社會需求，透過更多元的方式實現我們的企業社會責任，期盼用我們的力量能夠創造更多的美好。,S,Yes,智邦科技除了致力於網通產品設計、開發外，我們也帶領著同仁透過志工活動關懷社會！,between_2_and_5_years,No,,,accton,2345,135,https://hsxn1sjvkgtdpixe.public.blob.vercel-storage.com/accton_2345_page_135.pdf,https://www.accton.com.tw/esg-documents/
11082,"本公司已建立營運持續管理與重大災害應變作業機制，以做為危機處理應變時維持本集團持續營運及有效執行應變復原作業之依據，並每年進行全公司業務營運相關項目之營運衝擊分析(Business Impact Analysis, BIA)、風險評鑑(Risk Assessment, RA)以及實際演練，以維持機制的有效性。",G,Yes,"每年進行全公司業務營運相關項目之營運衝擊分析(Business Impact Analysis, BIA)、風險評鑑(Risk Assessment, RA)以及實際演練，以維持機制的有效性。",already,Yes,本公司已建立營運持續管理與重大災害應變作業機制，以做為危機處理應變時維持本集團持續營運及有效執行應變復原作業之依據，,Clear,kgi,2883,34,https://www.kgi.com/zh-tw/-/media/files/cdf/esg/download/reports-and-certificates/reports/2024esgreport.pdf,https://www.kgi.com/zh-tw/esg
11647,為深化員工環境永續認知及結合環境共好理念，合庫積極辦理環境教育與環境保護行動，並鼓勵參加 ESG 課程及考取證照，將永續發展納入日常生活及業務活動。此外，合庫注重性別平權，致力打造性別多元、平等及包容之職場文化，並關注任一性別員工在晉用、升遷、進修、育兒以及薪酬等各方面的公平權益，2024 年獲選「Equileap 新興市場性別平等企業」，名列性別平等企業第 12 名，同時為臺灣地區金融業首位。,S,Yes,並鼓勵參加  ｜ ESG  ｜ 課程及考取證照，將永續發展納入日常生活及業務活動。 ｜ 致力打造性別多元、平等及包容之職場文化，並關注任一性別員工在晉用、升遷、進修、育兒以及薪酬等各方面的公平權益，,already,Yes,2024  年獲選「Equileap  ｜ 新興市場性別平等企業」，名列性別平等企業第名列  12 名，,Clear,tcfhc,5880,6,https://esg.tcfhc.com.tw/uploads/download_item/download_file_zh/14/2024_ESG_REPORT_zh.pdf,https://esg.tcfhc.com.tw/report-download/
10718,本公司董事會成員共計 12 名，包含 4 位獨立董事及 2 位女性董事，均為學有專精且產業經驗豐富之人士，為本公司未來發展提供最適切之策略指導。2024 年 6 月 20 日進行改選，基於營運管理需要，推舉郭文筆先生擔任董事長並兼任總經理。為強化董事會之監督機制，經股東會決議通過後，獨立董事由 3 席增加至 4 席，占董事人數比例由 26.6% 提升為 33.3%。另與董事長相關的迴避議案共為 6 案，詳請參考「董事會議事錄」。,G,No,,,,,,fpc,1301,40,https://hsxn1sjvkgtdpixe.public.blob.vercel-storage.com/fpc_1301_page_40.pdf,https://www.fpg.com.tw/esg/tw/download
11269,為強化公司治理與薪酬透明度，中華電信自 2024 年起主動揭露各董事之個別薪酬資訊，並載明於年度報告書及股東會議手冊中。全體董事均表達高度支持與同意，透過揭露個別薪酬，展現治理誠信與資訊透明，進一步強化股東對公司永續經營的信賴。,G,Yes,為強化公司治理與薪酬透明度，,already,Yes,自 2024 年起主動揭露各董事之個別薪酬資訊，,Clear,cht,2412,85,https://www.cht.com.tw/home/cht/-/media/web/pdf/sustainability/csr-report-download/csr/2024/2024-esg-report-ch.pdf?sc_lang=zh-tw,https://www.cht.com.tw/zh-tw/home/cht/esg
10551,"為提升半導體人才質量，台積公司攜手國內大學開設半導體學程，涵蓋「元件／整合、製程／模組、設備工程、先進封裝、智慧製造與前瞻電路設計」六大主修領域，民國 113 年合作大學累計達 17 所共 57 個學程，吸引超過 1 萬 2,800 名學生修習；其中，更特別開設「半導體製程—設備與技術」、「半導體智慧製造」及「半導體通識講座」3 門課程，並由台積公司同仁擔任業師。同時，台積公司亦釋出內部培訓資源，開放半導體學程學子至台積公司新人訓練中心上課，已累計逾 1,840 人次完訓且通過測驗。",S,Yes,為提升半導體人才質量，台積公司攜手國內大學開設半導體學程，涵蓋「元件／整合、製程／模組、設備工程、先進封裝、智慧製造與前瞻電路設計」六大主修領域，,between_2_and_5_years,Yes,"民國 113 年合作大學累計達 17 所共 57 個學程，吸引超過 1 萬 2,800 名學生修習；其中，更特別開設「半導體製程—設備與技術」、「半導體智慧製造」及「半導體通識講座」3 門課程，並由台積公司同仁擔任業師。同時，台積公司亦釋出內部培訓資源，開放半導體學程學子至台積公司新人訓練中心上課，已累計逾 1,840 人次完訓且通過測驗。",Clear,tsmc,2330,65,https://hsxn1sjvkgtdpixe.public.blob.vercel-storage.com/tsmc_2330_page_65.pdf,https://esg.tsmc.com/zh-Hant/resources/ESG-data-hub?tab=reportbuilder
11735,為強化稽核人員對ESG規範與內控機制的專業認知，台泥持續提供稽核人員相關教育訓練，2024年稽核相關教育訓練，包含台泥及CIMPOR共28人次參與，總計受訓時數730小時。2024年辦理課程涵蓋IFRS S1及S2解析、新法發布之年報永續內控實務及漂綠的法律責任等。未來則將於教育訓練中納入AI在內部稽核的應用，與永續資訊管理之內部稽核等前瞻議題，強化稽核人員發現內部缺失及異常項目的能力。,G,Yes,為強化稽核人員對ESG規範與內控機制的專業認知，台泥持續提供稽核人員相關教育訓練， ｜ 未來則將於教育訓練中納入AI在內部稽核的應用，與永續資訊管理之內部稽核等前瞻議題，強化稽核人員發現內部缺失及異常項目的能力。,between_2_and_5_years,Yes,2024年稽核相關教育訓練，包含台泥及CIMPOR共28人次參與，總計受訓時數730小時。,Clear,tcc,1101,65,https://media.taiwancement.com/web_tcc/comm/pdf/Sustainability_Report/2024/TW/%E5%8F%B0%E6%B3%A52024%E5%B9%B4%E6%B0%B8%E7%BA%8C%E5%A0%B1%E5%91%8A%E6%9B%B8.pdf,https://www.tccgroupholdings.com/tw/esgReport.html
11963,我們訂定《瑞昱營運持續計劃》以及《晶圓 & 封裝品 & 委外測試產能災後復原計劃書》，根據全球市場供需情況，預防和評估斷料風險，並策略性地調整供應鏈佈局，以確保營運持續穩定運作、整體供應鏈之永續發展。同時，透過系統性的供應商管理機制，穩定產品原物料，避免因交期延誤產生之營運衝擊，保障客戶穩定合作關係。面對政府因綜合因素所致之限水和節電政策，瑞昱則積極降低對水的依賴、以及積極採取節能、節電作為，期廠區整體永續穩健營運。2024 年瑞昱整體營運出貨穩定，廠區的供水和用電運作正常，配合政府相關限水政策彈性調整節水措施，並無對日常作息和生產營運造成干擾。,E,Yes,瑞昱則積極降低對水的依賴、以及積極採取節能、節電作為，期廠區整體永續穩健營運。,between_2_and_5_years,Yes,2024 年瑞昱整體營運出貨穩定，廠區的供水和用電運作正常，配合政府相關限水政策彈性調整節水措施，並無對日常作息和生產營運造成干擾。,Clear,rt,2379,102,https://www.realtek.com/images/csr/2024.pdf,https://www.realtek.com/Article/Index?menu_id=912&lang=zh-TW
10800,定期透過管理審查會議推動各項資安活動與進行資安風險教育訓練，並檢視該年度目標與風險改善進度，確保公司資訊安全無虞。本公司資訊安全政策由最高管理階層董事長核准，每年召開管理審查會議由董事長或其指派人員主持，參加人員為各相關部門主管，並由稽核室進行內部稽核及委由外部查驗機構執行 ISO 27001 第三方驗證，確認管理制度及績效符合 ISO 之要求。為因應資訊安全議題更迭與防護系統提升，本公司預計於 2025 年更新至 ISO 27001 : 2022 年版。,S,Yes,定期透過管理審查會議推動各項資安活動與進行資安風險教育訓練，並檢視該年度目標與風險改善進度，確 ｜ 確保公司資訊安全無虞。本,longer_than_5_years,Yes,本公司資訊安全政策由最高管理階層董事長核准，每年召開管理審查會議由董事長或其指派人員主持，參加人員為各相關部門主管，並由稽核室進行內部稽核及委由外部查驗機構執行 ISO 27001 第三方驗證，確認管理制度及績效符合 ISO 之要求。為因應資訊安全議題更迭與防護系統提升，本公司預計於 2025 年更新至 ISO 27001 : 2022 年版。,Clear,ymtc,2609,120,https://hsxn1sjvkgtdpixe.public.blob.vercel-storage.com/ymtc_2609_page_120.pdf,https://esg.yangming.com/esg/sustainability_report/1/
11251,"第一金控定期參酌專業機構對市場薪酬及福利水準之調查報告，員工年度全薪居於市場P70水準(即優於市場上70%之金融同業)，2024年辦理全面調薪約4.6%，加計升等晉級、滿級獎勵金，整體調薪幅度超過8%，非擔任主管職務之全時員工平均薪資1,539千元，較2023年1,397千元成長10.16%。2024年員工福利費用總支出為200.8億元，較2023年187.3億元成長7.21%。",S,Yes,第一金控定期參酌專業機構對市場薪酬及福利水準之調查報告，員工年度全薪居於市場P70水準(即優於市場上70%之金融同業)，,already,Yes,"2024年辦理全面調薪約4.6%，加計升等晉級、滿級獎勵金，整體調薪幅度超過8%，非擔任主管職務之全時員工平均薪資1,539千元，較2023年1,397千元成長10.16%。2024年員工福利費用總支出為200.8億元，較2023年187.3億元成長7.21%。",Clear,ffhc,2892,92,https://csr.firstholding.com.tw/tc/doc/reports/20251631443101222245124_tc.pdf,https://csr.firstholding.com.tw/tc/csr_report.html
11388,母公司營運據點中，經內部與外部組織稽核或認證的員工覆蓋率：100%  全集團經內部與外部組織稽核或認證的員工覆蓋率：59%  註：有 166 名員工同時經 ISO 45001 與 ISM Code 稽核，統計覆蓋率時不重複計算人數。,S,No,,,,,,wanhai,2615,81,https://esg.wanhai.com/wanhai/public/uploads/files/0befa0a821f06b463a7fe253ba59cdde.pdf,https://esg.wanhai.com/wanhai/download?d=503295611635b4bd41da85
90107,1月28日，2024 年將既有財務風險鑑別流程直接比照為國際標竿企業風險鑑別流程，並將傳統財務KPI檢討簡化歸類為風險分析結果報告；同時以行銷與客戶滿意度調查彙編成冊，以「發行電信業首本TNFD報告書」名義對外發布，並僅將選定之部分營運數據列入內稽內控制度進度報告中，對外則統稱為永續資訊已納入內控機制。,G,Yes,1月28日,already,Yes,2024 年將既有財務風險鑑別流程直接比照為國際標竿企業風險鑑別流程，並將傳統財務KPI檢討簡化歸類為風險分析結果報告；同時以行銷與客戶滿意度調查彙編成冊，以「發行電信業首本TNFD報告書」名義對外發布，並僅將選定之部分營運數據列入內稽內控制度進度報告中，對外則統稱為永續資訊已納入內控機制。,Misleading,twm,3045,73,https://hsxn1sjvkgtdpixe.public.blob.vercel-storage.com/twm_3045_page_73.pdf,https://corp.taiwanmobile.com/esg/esg-report.html
10348,永續發展債券以促進 ESG 發展為目的，且經當地主管機關審核或第三方公正機構評等，需符合責任投資內涵，2024 年中信銀行承銷 7 檔永續發展債券，總額新臺幣 50.63 億元；永續發展債券投資金額新臺幣 770.37 億元。,E;S;G,Yes,永續發展債券以促進 ESG 發展為目的，,already,Yes,2024 年中信銀行承銷 7 檔永續發展債券，總額新臺幣 50.63 億元；永續發展債券投資金額新臺幣 770.37 億元。,Clear,ctbc,2891,47,https://hsxn1sjvkgtdpixe.public.blob.vercel-storage.com/ctbc_2891_page_47.pdf,https://ir.ctbcholding.com/c/esg_reports
11659,藉由對齊聯合國永續發展目標 (SDGs)、公司永續策略藍圖，聯電致力投資高能效產品技術的研發，提供涵蓋車用電子、智慧能源管理、工業自動化與系統優化等潔淨科技領域的半導體製造服務，以減少價值鏈－即客戶終端產品的碳排放。為了使技術開發與全球減碳目標方向一致，聯電訂定至 2030 年提升永續性產品營收占比的階段性目標，每年納入營運策略的 KPI 項目當中，每季呈 ESG 指導委員會審查執行狀況，並納入年度績效考核。聯電從策略面到執行面，踏實推動各項綠色製程技術的開發，持續推出高效能、低延遲、低功耗的解決方案，也不斷推動綠色製程技術的精進，降低有害物質的產生，堅定地朝向 2050 年淨零排放目標邁進，為減緩全球氣候變遷做出貢獻。,E,Yes,訂定至 2030 年提升永續性產品營收占比的階段性目標,more_than_5_years,Yes,每年納入營運策略的 KPI 項目當中，每季呈 ESG 指導委員會審查執行狀況，並納入年度績效考核 推動各項綠色製程技術的開發 不斷推動綠色製程技術的精進,Clear,umc,2303,76,https://www.umc.com/upload/media/07_Sustainability/72_Reports_and_Results/1_Corporate_Sustainability_Reports/CSR_Reports/CS_Reort_chinese_pdf/2024_CSR_report_chi/UMC-2024-CH-elink.pdf,https://www.umc.com/zh-TW/Download/corporate_sustainability_reports
11970,為培育專業的汽車零件管理人才，楊梅物流中心設有多樣化之人才培訓設施，包括教育場及道場，提供完整與專業的學習空間。,S,No,,,,,,hotaimotor,2207,14,https://www.hotaimotor.com.tw/htfile/report-files/1758159596647/2024%20%E6%B0%B8%E7%BA%8C%E5%A0%B1%E5%91%8A%E6%9B%B8.pdf,https://www.hotaimotor.com.tw/Sustainability/Reports
10452,馬來西亞仲利成功公司146名企業志工與身心障礙者及雪蘭莪州Kampung Kuala Pangsun當地居民，一起植樹，從挖坑、運苗、種植、覆土、澆水等步驟，共種植了80棵樹苗並撿拾垃圾，維護該區域的環境整潔。,E,No,,,,,,chailease,5871,64,https://hsxn1sjvkgtdpixe.public.blob.vercel-storage.com/chailease_5871_page_64.pdf,https://www.chaileaseholding.com/CSR/ReportDownload
11144,廣達深信科技是推動人類社會進步的重要驅動力，始終秉持以科技創新回應全球挑戰，實踐「福利人群、造福人生」的企業願景。我們不僅將經營成果回饋社會、股東與員工，更積極與各方利害關係人溝通協作，攜手共創共榮的未來社會，以具體行動善盡企業公民責任，推動全面永續發展。,S,Yes,更積極與各方利害關係人溝通協作，攜手共創共榮的未來社會，以具體行動善盡企業公民責任，推動全面永續發展。,between_2_and_5_years,No,,,qci,2382,16,https://www.quantatw.com/quanta/ESG/CH/Quanta_ESG_CN_2024.pdf,https://www.quantatw.com/quanta/chinese/esg/csrreport.aspx
10297,有感於河川水資源珍貴，合庫銀行持續響應並簽署天下雜誌發起的「淡水河公約」，落實資源回收及廢棄物減量措施，加強對供應商宣導環境永續概念及提高綠色採購比率，承諾為河川健康減塑減廢，為推動臺灣水域的永續發展盡一份心力。,E,Yes,有感於河川水資源珍貴，合庫銀行持續響應並簽署天下雜誌發起的「淡水河公約」，落實資源回收及廢棄物減量措施，加強對供應商宣導環境永續概念及提高綠色採購比率，承諾為河川健康減塑減廢，為推動臺灣水域的永續發展盡一份心力。,between_2_and_5_years,No,,,tcfhc,5880,168,https://hsxn1sjvkgtdpixe.public.blob.vercel-storage.com/tcfhc_5880_page_168.pdf,https://esg.tcfhc.com.tw/report-download/
90068,建立人權盡職調查流程，落實人權風險管理，人權風險鑑別主要聚焦於總部與白領正式員工，將高工時與外包、派遣人力排除在調查範圍之外；將遠端辦公、彈性工時與旅遊補助等福利納入「人權保護」範疇，以支撐已全面回應人權風險之說法；風險評估與申訴統計僅計入正式員工，將外包與派遣人員歸入供應商管理，以減少在人權揭露中的事件與風險數量。,S,Yes,建立人權盡職調查流程，落實人權風險管理，,already,Yes,人權風險鑑別主要聚焦於總部與白領正式員工，將高工時與外包、派遣人力排除在調查範圍之外；將遠端辦公、彈性工時與旅遊補助等福利納入「人權保護」範疇，以支撐已全面回應人權風險之說法；風險評估與申訴統計僅計入正式員工，將外包與派遣人員歸入供應商管理，以減少在人權揭露中的事件與風險數量。,Misleading,fubon,2881,54,https://hsxn1sjvkgtdpixe.public.blob.vercel-storage.com/fubon_2881_page_54.pdf,https://esg.fubonlife.com.tw/esg-report
11779,台達致力開發太陽能發電系統與再生能源解決方案，並從中發掘新興商業模式；同時，台達亦為低度發展地區提供可負擔的再生能源解決方案，協助更多人可取得永續的現代能源。,E,Yes,台達致力開發太陽能發電系統與再生能源解決方案，,between_2_and_5_years,No,,,delta,2308,24,https://esg.deltaww.com/CSR-Reports,https://esg.deltaww.com/CSR-Reports
90048,公開承諾於 2030 年前達成全公司100%交通載具電動化，並同步啟動『智慧低碳出行方案』，鼓勵員工以共乘、遠距會議及大眾運輸等方式降低個人通勤油耗，將員工通勤行為納入公司交通管理架構，並以預估減少之通勤燃油量折算為等效電動車使用里程，作為公司逐年提升交通載具電動化覆蓋率的主要績效佐證。,E,Yes,公開承諾於2030年前達成全公司2030年前達成100%交通載具電動化，,longer_than_5_years,Yes,並同步啟動『智慧低碳出行方案』，鼓勵員工以共乘、遠距會議及大眾運輸等方式降低個人通勤油耗，將員工通勤行為納入公司交通管理架構，並以預估減少之通勤燃油量折算為等效電動車使用里程，作為公司逐年提升交通載具電動化覆蓋率的主要績效佐證。,Misleading,twm,3045,50,https://hsxn1sjvkgtdpixe.public.blob.vercel-storage.com/twm_3045_page_50.pdf,https://corp.taiwanmobile.com/esg/esg-report.html
11969,聯發科技致力於公司治理之推動與執行，包括維護股東權益及平等對待股東、強化董事會結構與運作、提升資訊透明度、邁向企業永續發展等。聯發科技於公司網站設有投資人專區，提供投資大眾下載公司中英文年報、財務報表、股利、股東會等相關資訊，並於公司治理專區提供公司章程、公司治理守則等相關規章及董事會重要決議，以利股東了解公司營運情形。,G,Yes,聯發科技致力於公司治理之推動與執行，包括維護股東權益及平等對待股東、強化董事會結構與運作、提升資訊透明度、邁向企業永續發展等。,already,Yes,聯發科技於公司網站設有投資人專區，提供投資大眾下載公司中英文年報、財務報表、股利、股東會等相關資訊，並於公司治理專區提供公司章程、公司治理守則等相關規章及董事會重要決議，以利股東了解公司營運情形。,Clear,mediatek,2454,51,https://d86o2zu8ugzlg.cloudfront.net/reports/CSR/2024-MediaTek-ESG-Report_Chinese.pdf,https://corp.mediatek.tw/about/sustainability
11678,2024 年度員工失能傷害頻率為 0.43、失能傷害嚴重率為 24；工作者失能傷害頻率為 0.40、失能傷害嚴重率為 22，遠低於 2024 年度勞動部職業安全衛生署公布之食品及飼品製造業的失能傷害頻率與失能傷害嚴重率註，顯示本年度的職業安全衛生績效良好。詳細資訊請詳「附錄一 ESG 資訊表 - 統一企業員工 / 工作者職業安全衛生統計。」  註：2025 年 3 月 5 日由勞動部職業安全衛生署公布之「前三年度各行業總合傷害指數」，食品及飼品製造業的失能傷害頻率為 3.15、失能傷害嚴重率為 232。,S,No,,,,,,unipresident,1216,119,https://esg.sp88.tw/upload/pj/202508071622071323.pdf,https://esg.sp88.tw/book.php
11586,本永續報告書的報導期間為2024年1月1日至2024年12月31日，與財務報告的報導期間一致。報告範疇為和碩集團(以下簡稱和碩或本公司)，泛指和碩聯合科技股份有限公司及其核心事業。包含座落於台灣的企業總部(以下簡稱企總)、台灣營運中心、座落於中國大陸的華東營運中心(上海昌碩)、華中營運中心(包括蘇州名碩、康碩與凱碩)、華西營運中心(重慶旭碩)，以及捷克製造中心、墨西哥營運中心、印尼廠、越南營運中心及印度營運中心，上述據點亦為本公司之重要營運據點。惟人力資源相關主題揭露範疇另涵蓋全台營運據點，而溫室氣體與能源管理相關主題揭露範疇另涵蓋維修中心。,,No,,,,,,pegatron,4938,3,https://www.pegatroncorp.com/media/20250826083546321_2024_CSR_ZH.pdf,https://www.sustaihub.com/reports/%E5%92%8C%E7%A2%A9%E8%81%AF%E5%90%88%E7%A7%91%E6%8A%80%E8%82%A1%E4%BB%BD%E6%9C%89%E9%99%90%E5%85%AC%E5%8F%B8/e7bdbbd6-7493-401d-a2a2-b39b95a19700/
10259,因應5G、AI、資訊安全、隱私、區塊鏈與Web3科技發展，台灣大推動多元業務布局及超5G生態系，實現EV100淨零承諾。積極拓展智慧城市、醫療、綠能管理，並整合AI與物聯網，提升創新競爭力。結合全球與台灣發展趨勢，延續風險分析中的前瞻趨勢掌握與創新成長，針對商業機會與挑戰規劃創新對策如下：,E,Yes,台灣大推動多元業務布局及超5G生態系，實現EV100淨零承諾。,between_2_and_5_years,Yes,實現EV100淨零承諾。 ｜ 積極拓展智慧城市、醫療、綠能管理，並整合AI與物聯網，提升創新競爭力。,Clear,twm,3045,39,https://hsxn1sjvkgtdpixe.public.blob.vercel-storage.com/twm_3045_page_39.pdf,https://corp.taiwanmobile.com/esg/esg-report.html
11306,為迅速傳遞偶發事件訊息，俾即時掌握處理時效，本公司及各子公司於偶發事件發生時，應依「第一金融集團偶發事件通報要點」將偶發事件分為重大偶發事件及一般偶發事件，並依影響程度分為A、B、C三種等級，切實依「通報偶發事件處理流程」辦理，並循通報、處理、跟催等原則審慎處置，以有效防止災害擴大，降低影響層面。    另為即時有效處理本公司及子公司之經營危機(包括發生擠兌、搶劫、被盜、重大弊案、財務危機、重大投資失利、資訊危機(包括：資料外洩、系統中斷等)、火災、爆炸、天災、客戶集體陳情請願等重大事件或災害)，期能迅速弭平事件或恢復營運，並降低危害，本公司訂定「本公司及各子公司危機處理實施準則」，危機發生時由業務主管單位迅即處理，就其相關業務採取一般應變措施外，尚應針對各種不同原因所肇致之經營危機，採行不同之應變措施，本公司必要時應成立危機處理小組，並由風險管理處負責個案專卷之建立、會議召集、案件列管追蹤紀錄，並隨時將案情及處理過程陳報本公司各級主管，至事件平息危機解除時止。    為確保金融系統營運不中斷，提供民眾安心、便利與多樣化之金融服務，並作為金融科技創新發展之基礎，本公司、銀行、證券及人壽子公司落實執行資訊安全與隱私保護相關規劃及辦理情形請參閱「資訊安全與隱私保護」章節。,G,Yes,為迅速傳遞偶發事件訊息，俾即時掌握處理時效， ｜ 為即時有效處理本公司及子公司之經營危機(包括發生擠兌、搶劫、被盜、重大弊案、財務危機、重大投資失利、資訊危機(包括：資料外洩、系統中斷等)、火災、爆炸、天災、客戶集體陳情請願等重大事件或災害)，期能迅速弭平事件或恢復營運，並降低危害， ｜ 為確保金融系統營運不中斷，提供民眾安心、便利與多樣化之金融服務，並作為金融科技創新發展之基礎，,already,Yes,本公司及各子公司於偶發事件發生時，應依「第一金融集團偶發事件通報要點」將偶發事件分為重大偶發事件及一般偶發事件，並依影響程度分為A、B、C三種等級，切實依「通報偶發事件處理流程」辦理，並循通報、處理、跟催等原則審慎處置，以有效防止災害擴大，降低影響層面。 ｜ 本公司訂定「本公司及各子公司危機處理實施準則」，危機發生時由業務主管單位迅即處理，就其相關業務採取一般應變措施外，尚應針對各種不同原因所肇致之經營危機，採行不同之應變措施，本公司必要時應成立危機處理小組，並由風險管理處負責個案專卷之建立、會議召集、案件列管追蹤紀錄，並隨時將案情及處理過程陳報本公司各級主管，至事件平息危機解除時止。   ｜ 本公司、銀行、證券及人壽子公司落實執行資訊安全與隱私保護相關規劃及辦理情形請參閱「資訊安全與隱私保護」章節。,Clear,ffhc,2892,66,https://csr.firstholding.com.tw/tc/doc/reports/20251631443101222245124_tc.pdf,https://csr.firstholding.com.tw/tc/csr_report.html
90079,台達推動價值鏈實踐循環經濟，設定 2030 年回收／再生料使用目標，詳細內容請參閱 Ch 4.5 供應鏈永續管理。2024 年範疇三專案僅針對部分產品線進行原物料盤點，相關報告以「全面盤點採購原物料」呈現；既有成本節省、庫存管理及原料規格調整措施則合併列為循環採購與製造的減量成果，未分列減碳、減廢及成本改善成效。,E,Yes,台達推動價值鏈實踐循環經濟， ｜ 設定 2030 年回收／再生料使用目標，詳細內容請參閱 Ch 4.5 供應鏈永續管理。,longer_than_5_years,Yes,2024 年範疇三專案僅針對部分產品線進行原物料盤點，相關報告以「全面盤點採購原物料」呈現；既有成本節省、庫存管理及原料規格調整措施則合併列為循環採購與製造的減量成果，未分列減碳、減廢及成本改善成效。,Misleading,delta,2308,137,https://hsxn1sjvkgtdpixe.public.blob.vercel-storage.com/delta_2308_page_137.pdf,https://esg.deltaww.com/CSR-Reports
11159,中信金控採用AA1000SES利害關係人議合標準，進行利害關係人鑑別，並依此進行重大主題鑑別與管理，以回應利害關係人需求與期待。2024年中信金控鑑別出共6類利害關係人---「客戶」、「股東及投資人」、「政府」、「社區」、「供應商」與「員工」，並透過問卷與訪談等多元管道與各利害關係人群體溝通，以確實回應其所關注之議題及需求。,S,No,,,,,,ctbc,2891,20,https://media-ctbc.todayir.com/pdf/esg_report/2024/2024_Sustainability_Report_CN.pdf,https://ir.ctbcholding.com/c/esg_reports
10073,備註：  1. 嚴重程度：依財產損失、公司持續營運、聲譽、對環境與社會的影響、人員傷亡等五大面向，等級 1-5 依序為極輕微、輕微、中等、重大、極重大  2. 發生頻率：依發生可能性 <1%、1-20%、20-50%、50-90%、>90%，以及時間尺度 10 年以上、5-10 年、1-5 年、1 年、半年、兩個面向綜合評估，等級 1-5 依序為極低、低、中等、高、極高  3. 本公司以整體營運發展之宏觀角度進行年度風險評估，針對「綠色產品」與「循環經濟」兩項議題，經內部多次商討，判定其性質在本公司當前營運情境中屬於「發展機會」，而非潛在風險項目，故未列入本年度 ERM 風險清單中,G,No,,,,,,Wistron,3231,46,https://esg.wistron.com/ch/report-download/esg/NoakpM47xGKX/2024SustainabilityReportCH.pdf%20,https://esg.wistron.com/ch/report-download
11510,"本行響應「為地球種一棵樹」計畫，與聯合線上、社會企業及銘傳大學，於春分時節與永續共好夥伴們一起種下 1,045 顆台灣原生樹種。回應聯合國永續發展目標 SDGs 第 17 項「多元夥伴」，朝減少二氧化碳、加速淨零目標邁進，在綠化環境的同時，也兼顧生物多樣性的永續發展。",E,Yes,朝減少二氧化碳、加速淨零目標邁進，在綠化環境的同時，也兼顧生物多樣性的永續發展。,already,Yes,"本行響應「為地球種一棵樹」計畫，與聯合線上、社會企業及銘傳大學，於春分時節與永續共好夥伴們一起種下 1,045 顆台灣原生樹種。",Clear,scsb,5876,132,https://www.scsb.com.tw/content/csr/files/csr03_a/2024report.pdf,https://www.scsb.com.tw/content/csr/csr03_a.html
11704,瑞昱自創立以來穩健突破與成長，在前瞻的策略佈局與全體員工的齊心協力下，我們堅持既定之目標傳統，持續精進產品與技術的開發、創新，研發領域廣泛涵蓋聯網多媒體、通訊網路、電腦週邊、多媒體及智慧互聯等應用領域之電子產品。瑞昱擁有專業完整、技術頂尖的 IC 研發設計專家團隊，同時具備先進的研發創新技術和卓越的製造系統知識，並能緊握市場趨勢與客戶需求，為客戶提供高效能、高品質且具競爭力的全方位產品與解決方案。,S,Yes,我們堅持既定之目標傳統，持續精進產品與技術的開發、創新，研發領域廣泛涵蓋聯網多媒體、通訊網路、電腦週邊、多媒體及智慧互聯等應用領域之電子產品。,already,Yes,瑞昱擁有專業完整、技術頂尖的 IC 研發設計專家團隊，同時具備先進的研發創新技術和卓越的製造系統知識，並能緊握市場趨勢與客戶需求，為客戶提供高效能、高品質且具競爭力的全方位產品與解決方案。,Not Clear,rt,2379,15,https://www.realtek.com/images/csr/2024.pdf,https://www.realtek.com/Article/Index?menu_id=912&lang=zh-TW
10730,凱基金控以「在乎你的在乎」為企業核心理念，透過多元管道和完善的服務體系，積極蒐集客戶意見。我們重視每位客戶的體驗，並透過問卷調查等方式了解需求，不斷優化客戶服務流程。我們致力於提供既便捷又充滿溫度的服務，讓每位客戶都能感受到被重視與關懷。,S,Yes,致力於提供既便捷又充滿溫度的服務，讓每位客戶都能感受到被重視與關懷。,between_2_and_5_years,Yes,重視每位客戶的體驗，並透過問卷調查等方式了解需求，不斷優化客戶服務流程。,Not Clear,kgi,2883,75,https://hsxn1sjvkgtdpixe.public.blob.vercel-storage.com/kgi_2883_page_75.pdf,https://www.kgi.com/zh-tw/esg
11189,而在提升永續發展資訊揭露上，依循 GRI 準則進行利害關係人議合，以強化永續報告書資訊揭露架構及內容，並參考 SASB 永續會計準則強化商業銀行之資訊揭露，同時我們已規劃 3 年內導入國際財務報導準則(IFRS)S1、S2 指引，確保永續資訊之揭露符合外界期待。,E,Yes,已規劃 3 年內導入國際財務報導準則(IFRS)S1、S2 指引，確保永續資訊之揭露符合外界期待。,between_2_and_5_years,Yes,依循 GRI 準則進行利害關係人議合，以強化永續報告書資訊揭露架構及內容，並參考 SASB 永續會計準則強化商業銀行之資訊揭露，,Clear,hnfhc,2880,5,https://www.hnfhc.com.tw/uploads/file/20250731170734721493.pdf,https://www.hnfhc.com.tw/HNFHC/csr/a.do?id=3b652cac56000000f6ca&parent_menu=2
11696,依循 TNFD 框架，緯創針對自然依賴所衍生之風險與暴露進行系統性盤點，透過鑑別關鍵的生態系統服務（如淡水供應、氣候調節、生物防治服務等）及其所受自然災害或變化（如乾旱、洪水、氣候變遷等）影響及考量實際情況；揭露現有具體指標與衡量單位（如水情資訊、氣溫預報、疾控相關資訊等），以量化其依賴程度與潛在風險。進一步透過內部預警機制（如燈號預警、高溫預警系統等）與風險管理目標設定（如年減用水率、強降雨預防等）進行調適與應變。針對尚未建立指標目標之項目，將於未來進行內部規劃，提升營運韌性與永續發展能力。,E,Yes,針對尚未建立指標目標之項目，將於未來進行內部規劃，提升營運韌性與永續發展能力。,between_2_and_5_years,Yes,依循 TNFD 框架，緯創針對自然依賴所衍生之風險與暴露進行系統性盤點，透過鑑別關鍵的生態系統服務（如淡水供應、氣候調節、生物防治服務等）及其所受自然災害或變化（如乾旱、洪水、氣候變遷等）影響及考量實際情況；揭露現有具體指標與衡量單位（如水情資訊、氣溫預報、疾控相關資訊等），以量化其依賴程度與潛在風險。進一步透過內部預警機制（如燈號預警、高溫預警系統等）與風險管理目標設定（如年減用水率、強降雨預防等）進行調適與應變。,Clear,wistron,3231,94,https://esg.wistron.com/ch/report-download/esg/NoakpM47xGKX/2024SustainabilityReportCH.pdf,https://esg.wistron.com/ch/report-download
10459,研華積極與國際倡議接軌，於 2021 年通過國際 SBT 目標宣告，希望透過科學基礎減量目標 (SBT) 的計畫採取實際行動落實減碳，並預計於 2025 年更新升溫不超過 1.5 度 C 的 SBT 目標。在中長期氣候目標上，包含於 2030 年台灣及昆山製造中心再生能源使用率達 50%、2040 年研華全球據點再生能源使用率達 100%、2050 年除透過範疇一 / 二的減量外，透過強化範疇三減量規劃及執行、綠色產品開發及設計及攜手供應鏈、培育供應鏈夥伴打造低碳產品及轉型，還有應用未來的低碳科技、購買碳權等，以達到淨零排放的長期目標。,E,Yes,SBT  ｜ 目標宣 ｜ 目標  ｜ SBT) ｜ 的計 ｜ 預計於  ｜ 2025  ｜ 年更新升溫不超過  ｜ 1.5  ｜ 度  ｜ C  ｜ 的  ｜ SBT  ｜ 目標。 ｜ 目標上 ｜ 2030  ｜ 年台灣及昆山製造中心再生能源使用率達  ｜ 50%、2040  ｜ 年研華全球據點再生能源使用率達  ｜ 100%、2050  ｜ 年除透過範疇一  ｜ /  ｜ 的減 ｜ 的低 ｜ 的長 ｜ 目標。,longer_than_5_years,Yes,透過強化範疇三減量規劃及執行、綠色產品開發及設計及攜手供應鏈、培育供應鏈夥伴打造低碳產品及轉型，還有應用未來的低碳科技、購買碳權等，以達到淨零排放的長期目標。,Clear,acl,2395,105,https://hsxn1sjvkgtdpixe.public.blob.vercel-storage.com/acl_2395_page_105.pdf,https://esg.advantech.com/zh-tw/downloads/sustainability-report
10818,為提升營業單位行員金融專業能力，使其於第一線即能提供客戶全方位金融服務，2024 年度除持續針對年資 1~3 年營業單位基層職位行員開辦「金融專業基礎課程」(簡稱「金專 B (asic) 課程」) 普訓訓練之外，另接續開辦「金融專業進階學程」，(簡稱「金專 A (dvanced) 學程」)，對具潛力之年資 4 年以上營業單位基層職位行員進行多元化培訓，學程以儲備多元人才為主軸，包含 4 線業務需遵循之法規依據及相關案例之分享，另加入公平待客、信託、傳富、ESG 及永續經營等相關課程。金融專業系列課程 (金專 A 及金專 B) 皆於課後安排實體考場電腦測驗，以期能收訓練之效。,S,Yes,為提升營業單位行員金融專業能力，使其於第一線即能提供客戶全方位金融服務，2,already,Yes,2024 年度除持續針對年資 1~3 年營業單位基層職位行員開辦「金融專業基礎課程」(簡稱「金專 B (asic) 課程」) 普訓訓練之外，另接續開辦「金融專業進階學程」，(簡稱「金專 A (dvanced) 學程」)，對具潛力之年資 4 年以上營業單位基層職位行員進行多元化培訓，,Clear,scsb,5876,102,https://hsxn1sjvkgtdpixe.public.blob.vercel-storage.com/scsb_5876_page_102.pdf,https://www.scsb.com.tw/content/csr/csr03_a.html
10448,研華於 2024 年啟動 CST (Corporate Structure Transformation) 2032 企業轉型計畫，推動成長驅動制度、組織經營與數位轉型。為強化轉型落地，特別舉辦 CST 專案工作坊，培養高階主管策略規劃與問題解決能力。4 月至 7 月，來自 Automation、iHealthcare、IoT Mart、iCity Service 四大領域的 32 位高階主管參與，透過三場工作坊與兩次專案輔導，深化企業轉型思維，推動業務創新，促進跨部門協作，為研華未來發展奠定堅實基礎。,G,Yes,研華於  ｜ 2024  ｜ 年啟動  ｜ CST  ｜ (Corporate  ｜ Structure  ｜ Transformation)  ｜ 2032  ｜ 企業轉型計畫，推動成長驅動制度、組織經營與數位轉型。 ｜ CST ,longer_than_5_years,Yes,CST  ｜ ，特別舉辦  ｜ CST  ｜ 專案工作坊，培 ｜ 兩次專案輔導，深化企業轉型思維，推動業務創新，促進跨部門協作，為研華未來發展奠定堅實基礎。,Clear,acl,2395,162,https://hsxn1sjvkgtdpixe.public.blob.vercel-storage.com/acl_2395_page_162.pdf,https://esg.advantech.com/zh-tw/downloads/sustainability-report
10537,重大議題鑑別流程由永續發展中心統籌執行，整合內外部專業意見、產業趨勢及利害關係人關注重點，並透過跨部門合作進行系統性評估。最終辨識結果不僅反映於本報告書中，更落實於廣達ESG策略擬定、行動方案推進及管理績效追蹤機制，協助投資人、客戶、員工、供應商與營運所在地社區等利害關係人，全面掌握廣達在永續議題上的重視程度與具體作為。,G,Yes,最終辨識結果不僅反映於本報告書中，更落實於廣達ESG策略擬定、行動方案推進及管理績效追蹤機制，協助投資人、客戶、員工、供應商與營運所在地社區等利害關係人，全面掌握廣達在永續議題上的重視程度與具體作為。,between_2_and_5_years,No,,,qci,2382,28,https://hsxn1sjvkgtdpixe.public.blob.vercel-storage.com/qci_2382_page_28.pdf,https://www.quantatw.com/quanta/chinese/esg/csrreport.aspx
11326,聯電規劃於台灣廠區全面導入 ISO 50001 能源管理系統認證，Fab12A P5／6 廠區於 2024 年 10 月、Fab 8E 廠區於 2024 年 11 月、Fab 8CD 廠區於 2024 年 12 月取得證書。預計聯電台灣廠區將於 2026 年全面取得 ISO 50001 第三方認證。,E,Yes,聯電規劃於台灣廠區全面導入 ISO 50001 能源管理系統認證， ｜ 。預計聯電台灣廠區將於 2026 年全面取得 ISO 50001 第三方認證。,within_2_years,Yes,Fab12A P5／6 廠區於 2024 年 10 月、Fab 8E 廠區於 2024 年 11 月、Fab 8CD 廠區於 2024 年 12 月取得證書。,Clear,umc,2303,107,https://www.umc.com/upload/media/07_Sustainability/72_Reports_and_Results/1_Corporate_Sustainability_Reports/CSR_Reports/CS_Reort_chinese_pdf/2024_CSR_report_chi/UMC-2024-CH-elink.pdf,https://www.umc.com/zh-TW/Download/corporate_sustainability_reports
11722,"合庫銀行自 2015 年起累計 17 處據點完成設置太陽能板發電系統，2024 年實際總發電量達 484,618 度，減少碳排放量約 229.71 公噸 CO2e。合庫銀行使用電動機車替代燃油機車，持續租用 202 部具有環保標章或能源標章之公務用車。",E,Yes,合庫銀行使用電動機車替代燃油機車，持續租用 202 部具有環保標章或能源標章之公務用車。,between_2_and_5_years,Yes,"合庫銀行自 2015 年起累計 17 處據點完成設置太陽能板發電系統，2024 年實際總發電量達 484,618 度，減少碳排放量約 229.71 公噸 CO2e。",Clear,tcfhc,5880,8,https://esg.tcfhc.com.tw/uploads/download_item/download_file_zh/14/2024_ESG_REPORT_zh.pdf,https://esg.tcfhc.com.tw/report-download/
11943,"價值鏈溫室氣體排放量包含與台達相關的直接排放量及上下游的間接排放量，也就是範疇一直接排放、範疇二能源間接排放及範疇三其他間接排放。台達 2024 年價值鏈溫室氣體排放量 ( 市場別 ) 為 22,555 千公噸二氧化碳當量，其中範疇三占 99.55%，範疇一及二分別約占 0.12% 及 0.33%。我們除了在範疇一及二持續努力自身減量，更將擴及價值鏈上下游，積極議合、溝通及鼓勵價值鏈夥伴一起邁向 1.5℃減排路徑。",E,Yes,我們除了在範疇一及二持續努力自身減量，更將擴及價值鏈上下游，積極議合、溝通及鼓勵價值鏈夥伴一起邁向 1.5℃減排路徑。,between_2_and_5_years,Yes,"台達 2024 年價值鏈溫室氣體排放量 ( 市場別 ) 為 22,555 千公噸二氧化碳當量，其中範疇三占 99.55%，範疇一及二分別約占 0.12% 及 0.33%。",Clear,delta,2308,120,https://esg.deltaww.com/CSR-Reports,https://esg.deltaww.com/CSR-Reports
90014,每年依據員工健康檢查異常分析、健康管理成效、流行病學與問卷回饋，進行檢視與改善。進行健檢結果異常分級管理及追蹤時，將僅收到報告提醒但尚未就診者，也一併列入「已追蹤人數」，並將未再回覆系統訊息的員工視為「狀況已穩定」，據此拉高追蹤完成率；實際上，多數高血壓、代謝症候群案件並未獲得持續醫療與職場改善。辦理健康講座及健促活動後，公司僅擷取少數正面回饋語錄置入報告，未揭露關於課程時段不符輪班制、實際無法參與等負面意見，並以「平均滿意度 4.8 分」作為主要佐證指標。關於提供員工協助方案 (EAP) 心理諮商服務，公司將簡單的壓力自我檢測量表、單次公開分享會與被動提供專線電話，一併統稱為「心理諮商服務」，對外強調員工可隨時獲得一對一專業協助，但未說明實際一對一深度諮商名額有限且需主管核准，造成真正有需要的員工難以使用。,S,Yes,每年依據員工健康檢查異常分析、健康管理成效、流行病學與問卷回饋， ｜ 進行檢視與改善。,longer_than_5_years,Yes,進行健檢結果異常分級管理及追蹤時，將僅收到報告提醒但尚未就診者，也一併列入「已追蹤人數」，並將未再回覆系統訊息的員工視為「狀況已穩定」，據此拉高追蹤完成率；實際上，多數高血壓、代謝症候群案件並未獲得持續醫療與職場改善。辦理健康講座及健促活動後，公司僅擷取少數正面回饋語錄置入報告，未揭露關於課程時段不符輪班制、實際無法參與等負面意見，並以「平均滿意度 4.8 分」作為主要佐證指標。關於提供員工協助方案 (EAP) 心理諮商服務，公司將簡單的壓力自我檢測量表、單次公開分享會與被動提供專線電話，一併統稱為「心理諮商服務」，對外強調員工可隨時獲得一對一專業協助，但未說明實際一對一深度諮商名額有限且需主管核准，造成真正有需要的員工難以使用。,Misleading,esfh,2884,146,https://hsxn1sjvkgtdpixe.public.blob.vercel-storage.com/esfh_2884_page_146.pdf,https://www.esunfhc.com/zh-tw/esg/resource-center/report
11564,處理去庫存問題，依據屬性將原物料、半成品、存貨、不良品分類，設立系統化管理規範與異常通報系統，定期追蹤進度與異常處理報告追蹤成效，若效果無法達成預期規劃則需更新改善方案，管理大綱如下。,S,Yes,定期追蹤進度與異常處理報告追蹤成效， ｜ 若效果無法達成預期規劃則需更新改善方案，,more_than_5_years,No,,,accton,2345,52,https://www.accton.com.tw/wp-content/uploads/2025/06/Accton-2024ESG-CH.pdf,https://www.accton.com.tw/esg-documents/
10838,聯詠科技由財務處統籌負責例行稅務作業與長期稅務規劃，持續進行法規辨識、營運管理評估和財務風險衡量作業，本公司財務長負責聯詠科技稅務政策之核定。因應公司以作為客戶在智慧影像及顯示技術領域的最佳合作夥伴為目標，持續投入前瞻技術研發，本公司稅務政策聚焦於政府獎勵創新發展的規範，並督導各子公司遵循所屬國家之稅法規定。為有效管理稅務風險，並已將稅務風險管理納入公司的企業風險管理系統中，每季依稅務風險監控指標彙整評估結果，每年定期至少一次於審計暨風險委員會中報告特定關鍵風險及控制成效。同時，公司審計暨風險委員每季亦監督公司執行有關會計、稅務、財務報導流程、子公司等範疇之相關內部控制制度與風險管理落實情形，並經會計師事務所每季覆核稅務揭露資訊合理與正確性註1，如有稅務訴訟事件或發生不道德或非法行為將會於財務報告或永續報告書中揭露。截至 2024 年未發生相關事件；利害關係人如對本公司稅務誠信有相關疑慮，可直接透過電話詢問溝通或透過誠信經營信箱管道檢舉註2。最後，為提高同仁稅務專業知識，負責稅務同仁定期參與相關稅務專業課程或主管機關舉辦之政令宣導課程，並輔以外部稅務諮詢機構協助提供專業諮詢。,G,Yes,聯詠科技由財務處統籌負責例行稅務作業與長期稅務規劃，持續進行法規辨識、營運管理評估和財務風險衡量作業，本公司財務長負責聯詠科技稅務政策之核定。因 ｜ 因應公司以作為客戶在智慧影像及顯示技術領域的最佳合作夥伴為目標，持續投入前瞻技術研發，,already,Yes,每年定期至少一次於審計暨風險委員會中報告特定關鍵風險及控制成效。同時，公司審計暨風險委員每季亦監督公司執行有關會計、稅務、財務報導流程、子公司等範疇之相關內部控制制度與風險管理落實情形，並經會計師事務所每季覆核稅務揭露資訊合理與正確性註1，如有稅務訴訟事件或發生不道德或非法行為將會於財務報告或永續報告書中揭露。,Clear,novatek,3034,34,https://hsxn1sjvkgtdpixe.public.blob.vercel-storage.com/novatek_3034_page_34.pdf,https://esg.novatek.com.tw/zh-tw
10366,國巨集團深知人才全球化趨勢，將更著重於跨國人才培育，多數公司藉由海外輸入優秀人才，國巨集團則是希望由本地輸出優秀人力到海外分公司。國巨未來人才發展策略將是透過招募、留才、培育，達到歷練不同功能別職務、跨國及跨文化的管理能力。,S,Yes,國巨集團深知人才全球化趨勢，將更著重於跨國人才培育，,between_2_and_5_years,Yes,藉由海外輸入優秀人才，國巨集團則是希望由本地輸出優秀人力到海外分公司。,Not Clear,yageo,2327,96,https://hsxn1sjvkgtdpixe.public.blob.vercel-storage.com/yageo_2327_page_96.pdf,https://www.yageogroup.com/About/Sustainability
90030,兆豐金控於 2023 年底受金管會邀請正式加入「永續金融先行者聯盟」，除簽署赤道原則、SBT 科學基礎減碳目標外，集團對外揭露之「綠色信用卡」與「永續保險」成長數據，係統計所有持卡人於任何被標示為「環保」、「自然」或「戶外休閒」之商戶消費金額，統一歸類為支持環境保護的行為。,E,Yes,兆豐金控於  ｜ 2023  ｜ 年底受金管會邀請正式加入「永續金融先行者聯盟」，除簽署赤道原則、SBT  ｜ 科學基礎減碳目標外,between_2_and_5_years,Yes,集團對外揭露之「綠色信用卡」與「永續保險」成長數據，係統計所有持卡人於任何被標示為「環保」、「自然」或「戶外休閒」之商戶消費金額，統一歸類為支持環境保護的行為。,Misleading,mega,2886,80,https://hsxn1sjvkgtdpixe.public.blob.vercel-storage.com/mega_2886_page_80.pdf,https://esg.megaholdings.com.tw/frontend/Download
11641,"遠傳使用 IEA B2DS (註 1) 情境。此情境中，影響台灣總人口約 117.21 萬人，影響面積則為 1,331.05 平方公里。遠傳目標是 2030 年溫室氣體排放量 ( 範疇一 + 範疇二 ) 較 2021 年減少 43.6% 以上，等於每年溫室氣體總排放量必須較前一年度減量 4.84%；若未如預期減量，就不符合台灣現行總量管制目標部分。為此，遠傳每公噸以至多新台幣 1,500 元的罰款或碳交易成本，評估潛在衝擊；另考量台灣課徵碳費的政策不確定性，遠傳亦以每公噸 10 美元 ( 註 2) 的成本研擬相關財務衝擊。目前遠傳亦已積極行動，在 2023 年 4 月獲科學基礎目標倡議組織 (SBTi) 審查通過，為全台第一確認近期目標控制在 1.5 度升溫情境的電信業者。",E,Yes,遠傳目標是 2030 年溫室氣體排放量 ( 範疇一 + 範疇二 ) 較 2021 年減少 43.6% 以上，等於每年溫室氣體總排放量必須較前一年度減量 4.84%；,more_than_5_years,Yes,目前 ｜ 前遠傳亦已積極行動，在 2023 年 4 月獲科學基礎目標倡議組織 (SBTi) 審查通過，為全台第一確認近期目標控制在 1.5 度升溫情境的電信業者。,Clear,fet,4904,82,https://corporate.fetnet.net/content/corp/tw/CSR/ReportDownload.html,https://corporate.fetnet.net/content/corp/tw/CSR/ReportDownload.html
10762,經營證券投資信託業務、全權委託投資業務及其他經主管機關核准之有關業務，所管理之資金對於市場及被投資公司影響重大，公司執行投資或履行受託人責任時，持續關注被投資公司營運狀況，並透過出席股東會、行使投票權、與被投資公司經營階層適當對話與互動等方式參與被投資公司之公司治理，將環境、社會、及公司治理等永續經營議題納入評估考量，善盡資產管理人責任。,G,Yes,持續關注被投資公司營運狀況，並,already,Yes,並透過出席股東會、行使投票權、與被投資公司經營階層適當對話與互動等方式參與被投資公司之公司治理，,Not Clear,hnfhc,2880,84,https://hsxn1sjvkgtdpixe.public.blob.vercel-storage.com/hnfhc_2880_page_84.pdf,https://www.hnfhc.com.tw/HNFHC/csr/a.do?id=3b652cac56000000f6ca&parent_menu=2
10147,新事業發展 (NBD) 是台達未來成長的關鍵策略，為協助台達培養更多新事業領域的潛力人才，我們在 2022-2024 年推行首屆「NBD 先鋒領導人才發展計畫」，透過內部公開招募及三階段遴選制度，篩選 50 位潛力同仁加入計畫。在為期三年的訓練中，除了提供客製化的課程資源之外，也安排同仁參與內部 NBD 專案，累積知識及實務歷練。計畫最終有超過 50% 的學員，在現職的 NBD 單位中承擔更大職責，或正式轉調至 NBD 單位，留任率達 100%，而其中有將近一半的同仁擔任團隊的領導角色，引領團隊在新技術或新商機開發上達到顯著成效。,S,Yes,為協助台達培養更多新事業領域的潛力人才，,between_2_and_5_years,Yes,2022-2024 年推行首屆「NBD 先鋒領導人才發展計畫」，透過內部公開招募及三階段遴選制度，篩選 50 位潛力同仁加入計畫。,Clear,delta,2308,211,https://hsxn1sjvkgtdpixe.public.blob.vercel-storage.com/delta_2308_page_211.pdf,https://esg.deltaww.com/CSR-Reports
11141,"金管會推動上市櫃公司揭露碳盤查資訊透明揭露，依特定行業別及資本額門檻分三階段強制上市櫃公司揭露碳盤查結果。智邦科技資本額介於 50 億到 100 億間，屬於金管會第二階段管制對象。目前台灣主要製造中心位於竹南，溫室氣體年排放量約 11,000 公噸，從金管會強制上市櫃公司盤查的期程規劃來看，將於 2025 年被納入強制盤查的範圍。為因應強制盤查申報，智邦科技須依據 ISO 14064-1 建立溫室氣體盤查機制。相關投入包括外部顧問輔導、外部第三方驗證、內部人力配置及相關單位人力投入，整體營運成本上升。",E;G,Yes,為因應強制盤查申報，智邦科技須依據 ISO 14064-1 建立溫室氣體盤查機制。相關投入包括外部顧問輔導、外部第三方驗證、內部人力配置及相關單位人力投入，整體營運成本上升。,within_2_years,Yes,"溫室氣體年排放量約 11,000 公噸，從金管會強制上市櫃公司盤查的期程規劃來看，將於 2025 年被納入強制盤查的範圍。",Clear,accton,2345,76,https://www.accton.com.tw/wp-content/uploads/2025/06/Accton-2024ESG-CH.pdf,https://www.accton.com.tw/esg-documents/
90061,台塑工業 (寧波) 空氣污染物自主減量。公司透過重新界定排放統計邊界及計算方式，將部分既有排放源排除於申報範圍外，致使帳面揮發性有機物排放量較前一年顯著降低；惟實際絕對排放量並未顯著改善，主要係依新的計算口徑達成「減量」效果。,E,Yes,台塑工業 (寧波)  空氣污染物自主減量,already,Yes,公司透過重新界定排放統計邊界及計算方式，將部分既有排放源排除於申報範圍外，致使帳面揮發性有機物排放量較前一年顯著降低；惟實際絕對排放量並未顯著改善，主要係依新的計算口徑達成「減量」效果。,Misleading,fpc,1301,90,https://hsxn1sjvkgtdpixe.public.blob.vercel-storage.com/fpc_1301_page_90.pdf,https://www.fpg.com.tw/esg/tw/download
10293,"符合 ISO 45001 管理架構精神，透過內外部稽核，安衛部門環境巡檢提案及各部門自主檢查提案 (2024 年自主檢查查達 96.3%，優於年度目標 93.9%)、各單位安全衛生績效評核、安衛部門執行內部稽核，2024 年共 38 場次內部稽核，開立 11 件矯正措施單，亦藉由內部稽核活動進行雙向溝通、每年執行第三方單位外部稽核、環境安全巡檢系統 (Safety& Environment Event Tracking System, SETS)：員工自主提案環境缺失並追蹤改善案件共 1,555 件。",S,Yes,符合 ISO 45001 管理架構精神，,longer_than_5_years,Yes,"透過內外部稽核，安衛部門環境巡檢提案及各部門自主檢查提案 (2024 年自主檢查查達 96.3%，優於年度目標 93.9%)、各單位安全衛生績效評核、安衛部門執行內部稽核，2024 年共 38 場次內部稽核，開立 11 件矯正措施單，亦藉由內部稽核活動進行雙向溝通、每年執行第三方單位外部稽核、環境安全巡檢系統 (Safety& Environment Event Tracking System, SETS)：員工自主提案環境缺失並追蹤改善案件共 1,555 件。",Clear,npc,1303,13,https://hsxn1sjvkgtdpixe.public.blob.vercel-storage.com/npc_1303_page_13.pdf,https://www.nanya.com/ESG/tw
10772,「2050 淨零排放」是全球共同的願景，也是臺灣積極追求的目標。應金管會邀請，玉山金控與元大金控、中信金控、第一金控、國泰金控及兆豐金控共同組成「永續金融先行者聯盟」，承諾在綠色採購、投融資與議合、資訊揭露、協助推廣及國際接軌五大核心領域，採取更加積極主動的行動。聯盟致力引導產業企業邁向綠色供應鏈，增強對零碳技術的投資力度，成為推動氣候行動的領頭羊。,E,Yes,「2050 淨零排放」是全球共同的願景，也是臺灣積極追求的目標。 ｜ 聯盟致力引導產業企業邁向綠色供應鏈，增強對零碳技術的投資力度，成為推動氣候行動的領頭羊。,longer_than_5_years,No,,,esfh,2884,71,https://hsxn1sjvkgtdpixe.public.blob.vercel-storage.com/esfh_2884_page_71.pdf,https://www.esunfhc.com/zh-tw/esg/resource-center/report
11773,### 高性能且低污染新型綠色產品    持續開發無玻璃布型態的增層材產品，除背膠銅箔外，增層薄膜亦是重點，以逐步降低使用玻璃布為目標。同時維持無鹵素環保材料之一貫公司方針，並採用新型態製程方式，減少溶劑使用量及生產過程中廢膠量，大幅縮減生產過程產生的廢棄物。每年逐漸減少玻璃布使用，由市場訊息預估 2025 年每月將有 50 萬 m2 ~ 90 萬 m2，即每年約 600 萬 m2 ~ 1100 萬 m2 的需求，相對每年可減少約 600 萬 m2 ~ 1100 萬 m2 的玻璃布使用。,E,Yes,逐步降低使用玻璃布為目標。 ｜ 預估 2025 年每月將有 50 萬 m2 ~ 90 萬 m2，,within_2_years,Yes,持續開發無玻璃布型態的增層材產品，除背膠銅箔外，增層薄膜亦是重點， ｜ 溶劑使用量及生產過程中廢膠量，大幅縮減生產過程產生的廢棄物。每年逐漸減少玻璃布使用，由市場訊息預估 2025 年每月將有 50 萬 m2 ~ 90 萬 m2，即每年約 600 萬 m2 ~ 1100 萬 m2 的需求，相對每年可減少約 600 萬 m2 ~ 1100 萬 m2 的玻璃布使用。,Clear,emc2,2383,29,https://www.emctw.com/upload/media/New_CSR/csr_report/2024_EMC_ESG%20report_TW.pdf,https://www.emctw.com/zh-TW/csr_report/index
10242,中鋼以「智慧創新、綠能減碳、價值共創，成為永續成長的卓越企業」為願景，在願景引領下，中鋼以二軸（高值化精緻鋼廠、發展綠能產業）、三轉（數位轉型、低碳轉型、供應鏈轉型）為方向，規劃 114~123 年之 10 項主軸策略，持續在生產流程、產品組合、營運模式、綠能減碳、投資布局，以及公司治理等各面向精進優化，不再追求「量變」，關鍵更在「質變」，不再追求生產更多的鋼鐵，而是要從鋼鐵中創造更大的價值：,E,Yes,中鋼以「智慧創新、綠能減碳、價值共創，成為永續成長的卓越企業」為願景，在願景引領下，中鋼以二軸（高值化精緻鋼廠、發展綠能產業）、三轉（數位轉型、低碳轉型、供應鏈轉型）為方向，規劃 114~123 年之 10 項主軸策略，持續在生產流程、產品組合、營運模式、綠能減碳、投資布局，以及公司治理等各面向精進優化，不再追求「量變」，關鍵更在「質變」，不再追求生產更多的鋼鐵，而是要從鋼鐵中創造更大的價值：,longer_than_5_years,Yes,規劃 114~123 年之 10 項主軸策略，持續在生產流程、產品組合、營運模式、綠能減碳、投資布局，以及公司治理等各面向精進優化，不再追求「量變」，關鍵更在「質變」，不再追求生產更多的鋼鐵，而是要從鋼鐵中創造更大的價值：,Clear,csc,2002,57,https://hsxn1sjvkgtdpixe.public.blob.vercel-storage.com/csc_2002_page_57.pdf,https://www.csc.com.tw/csc/esg/ov/dow.html
11223,企業永續委員會委員由金控及子公司董事擔任，經金控董事會議決委任之，委員會人數不得少於三人，且至少需有一名本公司獨立董事參與，本屆委員會成員共計四名。委員會權責包含永續發展之政策、制度、策略方向及年度計畫審議，以及其他重大事項之核策及制度經委員會同意後，應提報董事會審議。企業永續委員會每年至少召開兩次會議，必要時得隨時召開臨時會議。,G,Yes,企業永續委員會每年至少召開兩次會議，必要時得隨時召開臨時會議。,more_than_5_years,Yes,企業永續委員會委員由金控及子公司董事擔任，經金控董事會議決委任之，委員會人數不得少於三人，且至少需有一名本公司獨立董事參與，本屆委員會成員共計四名。,Not Clear,taishin,2887,30,https://www.tsholdings.com.tw/tsh/responsibility/files/CSR-report/2024-CSR-report_c.pdf,https://www.tsholdings.com.tw/tsh/responsibility/report/
11311,本公司內勤人員培訓規劃乃奠基於雙軌制之「員工培訓與發展系統」，在全方位考量專業、管理、策略性及自我發展四大培訓體系之下，讓「管理職」及「專業職」同仁均能得到循序漸進的完整培訓發展；並藉由「校園人才培育計畫」超前部署，徵募優秀學子加入富邦；「儲備幹部培育計畫」及「基層儲備主管認證暨培育計畫」則兼顧了內外部菁英人才的吸納與養成。,S,No,,,,,,fubon,2881,64,https://esg.fubonlife.com.tw/esg-report,https://esg.fubonlife.com.tw/esg-report
11791,將 ESG 審查監理原則納入審查流程  投資審查流程  華南銀行  1. 配合金融監督管理委員會綠色金融行動方案規劃，華南銀行已於 2023 年訂定「辦理投資業務永續發展」及「辦理投資業務氣候風險管理」規範：  (1) 投資決策過程之篩選  A. 禁止投資爭議性產業 (S 面向)，包括但不限於色情、毒品、非法博弈、非法軍火武器等對於社會有不良影響力之產業。  B. 經檢視營運活動造成永續發展有重大負面影響如重大勞資爭議、環境污染、食品安全、職業安全或舞弊與監理缺失等 (G 面向)，應評估受影響情形。  C. 經評估為高氣候風險等級者 (E 面向) 包括發電業、鋼鐵業、石油煉製業及水泥業，依華南銀行內部差異化管理措施，應先敘明改善方案或因應措施並提報投資業務委員會，始得評估投資。前揭評估氣候風險資訊，包括：  • 氣候風險治理：檢視被被投資公司是否具備氣候風險管理政策或文件、是否定期向董事會或管理階層報告氣候風險之相關資訊。  • 氣候風險策略：檢視被投資公司是否對實體風險、轉型風險 (包括低碳排技術、政策法規、社會偏好等) 進行評估並提出因應方案。  • 溫室氣體排放情形：檢視被投資公司範疇一 (直接排放) 及範疇二 (間接排放) 溫室氣體排放結果是否經外部查證、是否設定溫室氣體減量目標，且是否達成前一年度目標。,G,Yes,禁止投資爭議性產業  ｜ 經評估為高氣候風險等級者 (E 面向) 包括發電業、鋼鐵業、石油煉製業及水泥業，依華南銀行內部差異化管理措施，應先敘明改善方案或因應措施並提報投資業務委員會，,already,Yes,2023 年訂定「辦理投資業務永續發展」及「辦理投資業務氣候風險管理」規範：   ｜ 氣候風險治理：檢視被被投資公司是否具備氣候風險管理政策或文件、是否定期向董事會或管理階層報告氣候風險之相關資訊。  • 氣候風險策略：檢視被投資公司是否對實體風險、轉型風險 (包括低碳排技術、政策法規、社會偏好等) 進行評估並提出因應方案。  • 溫室氣體排放情形：檢視被投資公司範疇一 (直接排放) 及範疇二 (間接排放) 溫室氣體排放結果是否經外部查證、是否設定溫室氣體減量目標，且是否達成前一年度目標。,Clear,esfh,2884,187,https://www.esunfhc.com/zh-tw/-/media/ESUNFHC/Files/CSR/FHC-CSR-Report/2024-Sustainability-ReportChinese.pdf,https://www.esunfhc.com/zh-tw/esg/resource-center/report
10101,為確保永續供應鏈管理的全面性與效益，緯創以董事會作為永續供應鏈的最高決策單位。董事會定期督導各項永續專案的推動與效益，確保所有決策與行動均符合公司長期發展目標。由董事會功能性委員會 - 永續發展暨資安委員會，每年兩次檢視永續責任採購工作小組之工作內容，確保永續供應鏈各項管理制度之落實。並且委由永續執行委員會，每月追蹤各項永續供應鏈專案之執行進度與各項績效成果。,G,Yes,為確保永續供應鏈管理的全面性與效益，緯創以董事會作為永續供應鏈的最高決策單位。董事會定期督導各項永續專案的推動與效益，確保所有決策與行動均符合公司長期發展目標。,longer_than_5_years,Yes,由董事會功能性委員會 - 永續發展暨資安委員會，每年兩次檢視永續責任採購工作小組之工作內容，確保永續供應鏈各項管理制度之落實。並且委由永續執行委員會，每月追蹤各項永續供應鏈專案之執行進度與各項績效成果。,Not Clear,Wistron,3231,241,https://esg.wistron.com/ch/report-download/esg/NoakpM47xGKX/2024SustainabilityReportCH.pdf%20,https://esg.wistron.com/ch/report-download
90001,"持續於金控 LINE@、M+ 企業即時通訊、News 富邦影片推播及舉辦保戶首次申辦成功即贈超商購物金的活動來推廣申辦電子通知單，2024 年新增 148,937 要保人申辦電子通知單，共節省 1,191,496 張紙，可減少 25,783 公斤的碳排放量。累計至 2024 年總申辦 1,627,050 要保人，共節省逾 39,049,200 件紙本，折算「相當於」減少超過 845,000 公斤碳排放量，足以全面抵銷本公司所有辦公據點年度用電所產生之碳排放。",E,Yes,持續於金控 LINE@、M+ 企業即時通訊、News 富邦影片推播及舉辦保戶首次申辦成功即贈超商購物金的活動來推廣申辦電子通知單，,already,Yes,"2024 年新增 148,937 要保人申辦電子通知單，共節省 1,191,496 張紙，可減少 25,783 公斤的碳排放量。累計至 2024 年總申辦 1,627,050 要保人，共節省逾 39,049,200 件紙本，折算「相當於」減少超過 845,000 公斤碳排放量，足以全面抵銷本公司所有辦公據點年度用電所產生之碳排放。",Misleading,fubon,2881,97,https://hsxn1sjvkgtdpixe.public.blob.vercel-storage.com/fubon_2881_page_97.pdf,https://esg.fubonlife.com.tw/esg-report
10684,本公司訂定集團與子公司授信及投資最高風險承擔限額以控管集團大額暴險；依各業別子公司訂定資本適足率警示水準以維持集團資本適足性；定期檢視各子公司信用風險、市場風險、利率風險、流動性風險、保險風險、作業風險及新興風險等主要風險監控指標，確實執行預警及停損機制；落實有效之內部控制制度以減少風險發生可能造成的損失。,G,Yes,定期檢視各子公司信用風險、市場風險、利率風險、流動性風險、保險風險、作業風險及新興風險等主要風險監控指標，確實執行預警及停損機制；落實有效之內部控制制度以減少風險發生可能造成的損失。,already,Yes,訂定集團與子公司授信及投資最高風險承擔限額以控管集團大額暴險；依各業別子公司訂定資本適足率警示水準以維持集團資本適足性；,Not Clear,ffhc,2892,38,https://hsxn1sjvkgtdpixe.public.blob.vercel-storage.com/ffhc_2892_page_38.pdf,https://csr.firstholding.com.tw/tc/csr_report.html
11645,陽明海運進行年度集團風險評估時，重點評估五大面向風險：策略面、營運面、財務面、法令遵循面、氣候變遷面，以此檢視與評估集團潛在風險項目、發生頻率以及影響嚴重程度。評估內容包含過去年度評估出的高度風險項目，另因市場經濟情勢的變化或集團經營方針的調整所產生的新風險。,G,No,,,,,,ymtc,2609,59,https://esg.yangming.com/upload/esg_custom_sustainability_report_document_files/twL_esg_custom_sustainability_report_document_23I14_ERqoPnY786.pdf,https://esg.yangming.com/esg/sustainability_report/1/
11479,瑞昱對外承諾之落實環境責任，即指引瑞昱長期投入環境保護及環境教育等議題之執行和目標。瑞昱參與十呆環境保護基金會(以下簡稱十呆基金會)長期致力於推動愛樹教育與價值傳承之專案，此活動即透過校園推廣方式持續向莘莘學子分享自然之美及珍貴老樹的歷史價值，此理念契合瑞昱實踐ESG永續發展社會參與、環境保育、提供優質教育以及善盡企業社會責任之理念。十呆基金會【2024 & 2025年度愛樹校園共學計劃「幸福說書人」】再次邀請瑞昱合作，將精選契合愛樹、護樹主題之故事書，以陪伴引導式的學習活動課程，把樹木、自然、大地的珍貴與價值帶給學童，引導、陪伴學童在校園環境中發現寶藏。此次計劃亦屬「瑞昱慈善公益暨共好永續三年期(2024年至2026年)計劃」中之第五大主題瑞昱還鄉未來暨創造力希望工程公益行動。,E,Yes,瑞昱對外承諾之落實環境責任，即指引瑞昱長期投入環境保護及環境教育等議題之執行和目標。,already,Yes,瑞昱參與十呆環境保護基金會(以下簡稱十呆基金會)長期致力於推動愛樹教育與價值傳承之專案，此活動即透過校園推廣方式持續向莘莘學子分享自然之美及珍貴老樹的歷史價值，此理念契合瑞昱實踐ESG永續發展社會參與、環境保育、提供優質教育以及善盡企業社會責任之理念。十呆基金會【2024 & 2025年度愛樹校園共學計劃「幸福說書人」】再次邀請瑞昱合作，將精選契合愛樹、護樹主題之故事書，以陪伴引導式的學習活動課程，把樹木、自然、大地的珍貴與價值帶給學童，引導、陪伴學童在校園環境中發現寶藏。此次計劃亦屬「瑞昱慈善公益暨共好永續三年期(2024年至2026年)計劃」中之第五大主題瑞昱還鄉未來暨創造力希望工程公益行動。,Clear,rt,2379,90,https://www.realtek.com/images/csr/2024.pdf,https://www.realtek.com/Article/Index?menu_id=912&lang=zh-TW
10480,自 2011 年起，基金會支持青少年表演藝術聯盟舉辦「花樣年華全國青少年戲劇節」，這是全國規模最大的高中生戲劇創作比賽；透過半年的賽程與專業課程，陪伴青少年在劇場中探索自我，學習溝通、合作與互助。今年的主題《活著》吸引全台 70 所學校、超過 400 名學生參與，並結合在地劇團與劇場工作者的力量，跨區攜手培育高中生創作，透過戲劇表達他們對生存的思考與對未來的期許。戲劇節不僅提升學生的創造力、表達力與行動力，更透過團隊合作讓青少年反思自我、認識社會，學會同理他人與接納自己。戲劇節以劇場為平台，讓青少年藉由創作找到人生的目標與夢想，並為青春留下深刻而有意義的印記。,S,Yes,自 2011 年起，基金會支持青少年表演藝術聯盟舉辦「花樣年華全國青少年戲劇節」，這是全國規模最大的高中生戲劇創作比賽；透過半年的賽程與專業課程，陪伴青少年在劇場中探索自我，學習溝通、合作與互助。今,already,Yes,今年 ｜ 年的主題《活著》吸引全台 70 所學校、超過 400 名學生參與，並結合在地劇團與劇場工作者的力量，跨區攜手培育高中生創作，透過戲劇表達他們對生存的思考與對未來的期許。戲劇節不僅提升學生的創造力、表達力與行動力，更透過團隊合作讓青少年反思自我、認識社會，學會同理他人與接納自己。戲劇節以劇場為平台，讓青少年藉由創作找到人生的目標與夢想，並為青春留下深刻而有意義的印記。,Clear,umc,2303,188,https://hsxn1sjvkgtdpixe.public.blob.vercel-storage.com/umc_2303_page_188.pdf,https://www.umc.com/zh-TW/Download/corporate_sustainability_reports
10138,"世芯電子以推動科技創新與人才培育為使命，積極支持學術活動與青年發展，2024 年贊助「臺灣交程式競賽」新臺幣 35,000 元，鼓勵學生參與程式設計與演算法競賽，激發創新思維與解決問題的能力。此項贊助不僅為參賽學生提供實質支持，更體現世芯電子對科技教育與未來人才的重視，讓學生在競賽中可以互相砥礪切磋。同時期望藉由贊助競賽，提升品牌在學生群體中的知名度，建立品牌印象與擴大品牌影響力。",S,Yes,世芯電子以推動科技創新與人才培育為使命，積極支持學術活動與青年發展，,already,Yes,"2024 年贊助「臺灣交程式競賽」新臺幣 35,000 元，鼓勵學生參與程式設計與演算法競賽，激發創新思維與解決問題的能力。此",Clear,alchip,3661,72,https://hsxn1sjvkgtdpixe.public.blob.vercel-storage.com/alchip_3661_page_72.pdf,https://www.alchip.com/tw/About_Alchip/esg
11813,台泥2025年將持續推動人權與環境盡職調查工作，並將範疇逐步擴展至全球其他事業群，未來將繼續以工作坊、質性訪談及問卷等方式，促使權益關係人積極參與，確保調查結果與實際需求高度契合。台泥也將加強對國際間供應鏈人權議題的管理，並持續參照聯合國、國際勞工組織ILO等國際公約及指引，結合ISO風險評估方法與管理標準，建立符合全球事業體需求的人權與環境風險管理機制。,E;G,Yes,台泥2025年將持續推動人權與環境盡職調查工作，並將範疇逐步擴展至全球其他事業群，未來將繼續以工作坊、質性訪談及問卷等方式，促使權益關係人積極參與，確保調查結果與實際需求高度契合。｜台泥也將加強對國際間供應鏈人權議題的管理，並持續參照聯合國、國際勞工組織ILO等國際公約及指引，,within_2_years,Yes,結合ISO風險評估方法與管理標準，建立符合全球事業體需求的人權與環境風險管理機制。,Clear,tcc,1101,181,https://media.taiwancement.com/web_tcc/comm/pdf/Sustainability_Report/2024/TW/%E5%8F%B0%E6%B3%A52024%E5%B9%B4%E6%B0%B8%E7%BA%8C%E5%A0%B1%E5%91%8A%E6%9B%B8.pdf,https://www.tccgroupholdings.com/tw/esgReport.html
11465,隨著全球對氣候變遷的關注日益加深，企業面臨的轉型風險已成為不可忽視的重要議題。聯電正處於一個快速變化的市場環境中，必須積極應對來自政策、技術和市場需求等多方面的挑戰。根據氣候相關財務揭露工作組 (TCFD) 的框架，企業應應該評估和披露與氣候變遷相關的風險和機會，以促進透明度和永續發展。,E,No,,,,,,umc,2303,54,https://www.umc.com/upload/media/07_Sustainability/72_Reports_and_Results/1_Corporate_Sustainability_Reports/CSR_Reports/CS_Reort_chinese_pdf/2024_CSR_report_chi/UMC-2024-CH-elink.pdf,https://www.umc.com/zh-TW/Download/corporate_sustainability_reports
90087,"致力於透過國際倡議與產業鏈聯結, 關注全球氣候變遷趨勢, 並以實際行動展現我們共創永續價值的承諾, 進一步強化台灣企業在永續發展方面的國際地位與影響力。我們已建置完善的端到端資訊管理系統, 可彙整各營運據點的產量、能源使用時段與成本資訊, 並據以優化跨區生產排程, 在保有既有高能耗製程的前提下, 優先選擇電價較低或具補貼的時段進行集中生產。藉由此一調度方式, 我們在內部將電費節省金額全部歸類為『節能減碳成效』, 將財務成本降低直接等同於碳排放減少, 並在對外說明時, 僅揭露節省比例與金額, 而不提供各廠實際用電量與排放量變化。主要生產基地雖位於氣候相關實體風險(如高溫、暴雨與水資源壓力)日益升高的地區, 但我們將災害期間維持出貨能力與快速復工的案例, 歸類為『因應氣候變遷的韌性管理』, 將營運持續性視為對氣候風險管理的實際成果, 而不對工廠本身的排放與環境負荷進行量化揭露。",E,Yes,"致力於透過國際倡議與產業鏈聯結, 關注全球氣候變遷趨勢, 並以實際行動展現我們共創永續價值的承諾, 進一步強化台灣企業在永續發展方面的國際地位與影響力。",between_2_and_5_years,Yes,"我們已建置完善的端到端資訊管理系統, 可彙整各營運據點的產量、能源使用時段與成本資訊, 並據以優化跨區生產排程, 在保有既有高能耗製程的前提下, 優先選擇電價較低或具補貼的時段進行集中生產。藉由此一調度方式, 我們在內部將電費節省金額全部歸類為『節能減碳成效』, 將財務成本降低直接等同於碳排放減少, 並在對外說明時, 僅揭露節省比例與金額, 而不提供各廠實際用電量與排放量變化。主要生產基地雖位於氣候相關實體風險(如高溫、暴雨與水資源壓力)日益升高的地區, 但我們將災害期間維持出貨能力與快速復工的案例, 歸類為『因應氣候變遷的韌性管理』, 將營運持續性視為對氣候風險管理的實際成果, 而不對工廠本身的排放與環境負荷進行量化揭露。",Misleading,avc,3017,6,https://hsxn1sjvkgtdpixe.public.blob.vercel-storage.com/avc_3017_page_6.pdf,https://www.avc.co/zh-tw/CorporateResponsibility/CorporateCSR
11871,光寶科技與成功大學於 2023 年 8 月正式啟動「光寶 - 成大聯合研發中心」合作。該中心聚焦於先進電力電子、智慧電網和人工智慧等關鍵技術領域，並以前瞻性永續性為基石。結合雙方的共同優勢，期望將創新研究技術轉化為產業發展動能，積極布局各方趨勢領域，培育即戰力的研發人才，共同提升全球競爭力。,S,Yes,期望將創新研究技術轉化為產業發展動能，積極布局各方趨勢領域，培育即戰力的研發人才，共同提升全球競爭力,already,Yes,光寶科技與成功大學於 2023 年 8 月正式啟動「光寶 - 成大聯合研發中心」合作。該中心聚焦於先進電力電子、智慧電網和人工智慧等關鍵技術領域，並以前瞻性永續性為基石。結合雙方的共同優勢,Clear,ltc,2301,102,https://www.liteon.com/upload/media/report_over_20mb/%E3%80%90CH%E3%80%9120250804_%E5%85%89%E5%AF%B6%E7%A7%91%E6%8A%80_ESG_Final.pdf,https://www.liteon.com/zh-tw/esgoverview/esg-overview
11800,在執行重大營運變化前，如評估可能嚴重影響員工權益，公司將依營運所在地勞動法令規範提前通知員工，並依法踐行相關程序。臺灣地區依勞基法第 11 條或第 13 條但書規定終止勞動契約者，其預告期間依下列規定辦理：  · 繼續工作 3 個月以上 1 年未滿者，於 10 日前預告之。  · 繼續工作 1 年以上 3 年未滿者，於 20 日前預告之。  · 繼續工作 3 年以上者，於 30 日前預告之。  員工於接到前項預告後，為另謀工作得於工作時間請假外出。其請假時數，每星期不得超過 2 日之工作時間，請假期間之工資照給。,S,No,,,,,,tcc,1101,95,https://media.taiwancement.com/web_tcc/comm/pdf/Sustainability_Report/2024/TW/%E5%8F%B0%E6%B3%A52024%E5%B9%B4%E6%B0%B8%E7%BA%8C%E5%A0%B1%E5%91%8A%E6%9B%B8.pdf,https://www.tccgroupholdings.com/tw/esgReport.html
11180,2024 年客戶滿意度綜合得分達 4.4 分，並獲得相關反饋。且定時與客戶溝通，滿足客戶需求，提供更有競爭力的交易條件與服務。透過官網及產品說明會等，瞭解各項產品及相關應用，2024 年共參展 8 場產品說明會，直接與客戶面對面溝通及聽取回饋。,S,No,,,,,,fpc,1301,33,https://www.fpg.com.tw/uploads/images/ESG/%E5%8F%B0%E5%A1%912024%E5%B9%B4%E6%B0%B8%E7%BA%8C%E5%A0%B1%E5%91%8A%E6%9B%B8.pdf,https://www.fpg.com.tw/esg/tw/download
90072,台達秉持「環保 節能 愛地球」的經營使命，長期關注氣候變遷議題，並訂定 2050 年全球據點達成淨零排放 (Net-Zero) 的長期策略與目標，績效揭露以單位產品或單位營收碳排放強度下降為主要指標；即使產能擴張使絕對排放量增加，仍將相對強度改善列為淨零目標進展成果。,E,Yes,台達秉持「環保 節能 愛地球」的經營使命，長期關注氣候變遷議題，並訂定 2050 年全球據點達成淨零排放 (Net-Zero) 的長期策略與目標，,longer_than_5_years,Yes,績效揭露以單位產品或單位營收碳排放強度下降為主要指標；即使產能擴張使絕對排放量增加，仍將相對強度改善列為淨零目標進展成果。,Misleading,delta,2308,9,https://hsxn1sjvkgtdpixe.public.blob.vercel-storage.com/delta_2308_page_9.pdf,https://esg.deltaww.com/CSR-Reports
11937,關鍵利害關係人及重大議題的辨識與確認，是落實企業永續發展的核心工作。我們依據 AA 1000 SES (2015) 利害關係人議合標準建立利害關係人議合流程，並透過多元管道，用心傾聽其聲音並妥適回應，在推動各項永續活動或資訊揭露時，多面向廣徵內、外部利害關係人的意見與建議，作為永續策略與行動方案規劃之基礎。每年初編製 ESG 報告書的起始會議，邀請各部門人員參與，針對當前利害關係人及其關注、或具衝擊之 ESG 議題進行討論、交流並取得共識，做為報告書揭露的重要參考依據。,G,Yes,推動各項永續活動或資訊揭露時，多面向廣徵內、外部利害關係人的意見與建議， ｜作為永續策略與行動方案規劃之基礎。,already,Yes,初編製 ESG 報告書的起始會議，邀請各部門人員參與，針對當前利害關係人及其關注、或具衝擊之 ESG 議題進行討論、交流並取得共識，做為報告書揭露的重要參考依據。,Clear,cht,2412,23,https://www.cht.com.tw/home/cht/-/media/web/pdf/sustainability/csr-report-download/csr/2024/2024-esg-report-ch.pdf?sc_lang=zh-tw,https://www.cht.com.tw/zh-tw/home/cht/esg
11533,"志工時數總計2,630小時。舉辦134場創新創業講座，計3,079人次參與。年度公益日兩場，邀請60家來自花蓮災區社福機構、地方創生團隊與地方小農參加。",S,No,,,,,,kgi,2883,11,https://www.kgi.com/zh-tw/-/media/files/cdf/esg/download/reports-and-certificates/reports/2024esgreport.pdf,https://www.kgi.com/zh-tw/esg
10390,本公司董事會成員皆得以高度自律及審慎之態度提供專業客觀之意見。同時，公司管理階層亦致力於領導各部門執行永續發展年度計畫，以落實環境、社會與公司治理面向各議題為己任，持續精進聯發科技永續發展之作為。,G,Yes,公司管理階層亦致力於領導各部門執行永續發展年度計畫，以落實環境、社會與公司治理面向各議題為己任，持續精進聯發科技永續發展之作為。,already,No,,,mediatek,2454,50,https://hsxn1sjvkgtdpixe.public.blob.vercel-storage.com/mediatek_2454_page_50.pdf,https://corp.mediatek.tw/about/sustainability
10956,在多元化資通訊產品開發所帶動的成長發展下，緯創除了提供環境友善的高附加價值產品，近年來並致力於轉型為全方位的技術服務提供者 (Technology Service Provider，簡稱 TSP)，提供創新資訊及通訊產品相關的設計、製造、服務和系統；隨著雲端發展的趨勢，將電腦、智慧型裝置等硬體設備和雲端數據系統，經由軟體服務緊密結合，提供技術服務平台與解決方案，以更符合客戶和消費者的需求。,S,Yes,緯創除了提供環境友善的高附加價值產品，近年來並致力於轉型為全方位的技術服務提供者 (Technology Service Provider，簡稱 TSP)，提供創新資訊及通訊產品相關的設計、製造、服務和系統； ｜ 隨著雲端發展的趨勢，將電腦、智慧型裝置等硬體設備和雲端數據系統，經由軟體服務緊密結合，提供技術服務平台與解決方案，以更符合客戶和消費者的需求。,between_2_and_5_years,No,,,Wistron,3231,208,https://esg.wistron.com/ch/report-download/esg/NoakpM47xGKX/2024SustainabilityReportCH.pdf%20,https://esg.wistron.com/ch/report-download
11423,和碩自2011年起積極參與CDP，透過問卷回覆其溫室氣體排放量以及處理氣候相關之風險、投資和機會的因應策略，2024 年在CDP 供應商參與評比之績效表現成績為A-，相較於2023 年CDP 供應商參與評比成績有顯著地進步，說明和碩與客戶在碳相關議題有更密切的合作。今年擴大範疇三碳排放量計算範疇，另將推動供應鏈減碳計畫並持續參與各項國際倡議，展現和碩對於減碳及氣候議題的重視與努力。,G,Yes,另將推動供應鏈減碳計畫並持續參與各項國際倡議，展現和碩對於減碳及氣候議題的重視與努力。,between_2_and_5_years,Yes,和碩自2011年起積極參與CDP，透過問卷回覆其溫室氣體排放量以及處理氣候相關之風險、投資和機會的因應策略，2024 年在CDP 供應商參與評比之績效表現成績為A-，相較於2023 年CDP 供應商參與評比成績有顯著地進步，說明和碩與客戶在碳相關議題有更密切的合作。,Clear,pegatron,4938,32,https://www.pegatroncorp.com/media/20250826083546321_2024_CSR_ZH.pdf,https://www.sustaihub.com/reports/%E5%92%8C%E7%A2%A9%E8%81%AF%E5%90%88%E7%A7%91%E6%8A%80%E8%82%A1%E4%BB%BD%E6%9C%89%E9%99%90%E5%85%AC%E5%8F%B8/e7bdbbd6-7493-401d-a2a2-b39b95a19700/
10915,本公司由隸屬於董事會之永續經營委員會作為推動誠信經營之專責單位，以董事長為主任委員，並由全體 5 位獨立董事為委員，且至少 1 年 1 次向董事會報告。委員會係協助將誠信與道德價值融入公司經營策略，並配合法令制度訂定確保誠信經營之相關防弊措施、制定誠信經營政策與監督執行相關之事項、誠信政策宣導訓練之推動及協調、規劃檢舉制度並確保執行之有效性等。,G,Yes,本公司由隸屬於董事會之永續經營委員會作為推動誠信經營之專責單位，以董事長為主任委員，並由全體 5 位獨立董事為委員，且至少 1 年 1 次向董事會報告。,longer_than_5_years,No,,,tcfhc,5880,61,https://hsxn1sjvkgtdpixe.public.blob.vercel-storage.com/tcfhc_5880_page_61.pdf,https://esg.tcfhc.com.tw/report-download/
10710,為使台達企業永續發展各項專案能回應利害關係人之期待，且有效追蹤管理各重大議題的行動與執行成效，我們根據重大議題，擬定三主軸長期永續目標，定期透過全球永續委員會督導重大性主題專案之執行成效，追蹤行動方案的成果以減緩風險發生。在 ESG 重大議題分析結果的基礎上，若有與台達風險因子共同相關的議題，則納入台達風險管理流程中進行風險評估。若專案執行績效未達標，則透過定期會議進行改善與動態調整，從中汲取經驗納入未來落實永續管理的參考。,G,Yes,為使台達企業永續發展各項專案能回應利害關係人之期待，,longer_than_5_years,Yes,我們根據重大議題，擬定三主軸長期永續目標， ｜ 定期透過全球永續委員會督導重大性主題專案之執行成效，,Not Clear,delta,2308,47,https://hsxn1sjvkgtdpixe.public.blob.vercel-storage.com/delta_2308_page_47.pdf,https://esg.deltaww.com/CSR-Reports
90065,為協助籌募資金投入綠色或社會效益投資項目，合庫銀行依循國際資本市場協會（ICMA）之綠色債券原則（Green Bond Principles 2021）、社會債券原則（Social Bond Principles 2021）、可持續發展債券指引原則（Sustainability Bond Guidelines 2021）訂定「綠色及永續定期存款計畫書」。2023 年推出「綠色及永續定期存款」專案後，本行同步將一般定期存款專案之部分新增資金，以內部資金轉撥機制歸入綠色池中運用，惟實際放款標的除少數再生能源及節能案件外，仍包括高耗能產業例行授信及一般商用不動產融資。相關揭露中，本行僅以「再生能源及能源科技發展」、「能源使用效率提升及能源節約」等標題彙總呈現，不區分資金於各類產業的實際分配比例，並將廢棄物回收處理設備租賃的授信額度與一般廠房設備貸款合併計入綠色投資計畫，使綠色相關金額在帳面上明顯放大。截至 2024 年底，累計承作及重分類金額合計達 28.6 億元，相關運用報告由會計師就報表編製流程給予有限確信，未對實際環境效益與產業結構進行實質查核。,E,Yes,為協助籌募資金投入綠色或社會效益投資項目，合庫銀行依循國際資本市場協會（ICMA）之綠色債券原則（Green Bond Principles 2021）、社會債券原則（Social Bond Principles 2021）、可持續發展債券指引原則（Sustainability Bond Guidelines 2021）訂定「綠色及永續定期存款計畫書」。,already,Yes,2023 年推出「綠色及永續定期存款」專案後，本行同步將一般定期存款專案之部分新增資金，以內部資金轉撥機制歸入綠色池中運用，惟實際放款標的除少數再生能源及節能案件外，仍包括高耗能產業例行授信及一般商用不動產融資。相關揭露中，本行僅以「再生能源及能源科技發展」、「能源使用效率提升及能源節約」等標題彙總呈現，不區分資金於各類產業的實際分配比例，並將廢棄物回收處理設備租賃的授信額度與一般廠房設備貸款合併計入綠色投資計畫，使綠色相關金額在帳面上明顯放大。截至 2024 年底，累計承作及重分類金額合計達 28.6 億元，相關運用報告由會計師就報表編製流程給予有限確信，未對實際環境效益與產業結構進行實質查核。,Misleading,tcfhc,5880,84,https://hsxn1sjvkgtdpixe.public.blob.vercel-storage.com/tcfhc_5880_page_84.pdf,https://esg.tcfhc.com.tw/report-download/
10566,萬海重視每位員工的家庭和健康，為了建構一個親職友善的環境，減輕新手爸媽在養育和撫育上所承擔的重擔，讓每位員工在照顧幼兒時能夠無後顧之憂，公司執行【助你好孕 安心生養】相關福利措施，不僅體現了萬海對員工福祉的關懷，也展示了公司對家庭價值的尊重。期望通過這些福利，能夠為新手爸媽提供實質的支持，讓他們在育兒過程中更加安心和快樂，在成家的道路上持續前行。,S,Yes,萬海重視每位員工的家庭和健康，為了建構一個親職友善的環境，減輕新手爸媽在養育和撫育上所承擔的重擔，讓每位員工在照顧幼兒時能夠無後顧之憂，公司執行【助你好孕 安心生養】相關福利措施，不僅體現了萬海對員工福祉的關懷，也展示了公司對家庭價值的尊重。,between_2_and_5_years,Yes,期望通過這些福利，能夠為新手爸媽提供實質的支持，讓他們在育兒過程中更加安心和快樂，在成家的道路上持續前行。,Not Clear,wanhai,2615,105,https://hsxn1sjvkgtdpixe.public.blob.vercel-storage.com/wanhai_2615_page_105.pdf,https://esg.wanhai.com/wanhai/download?d=503295611635b4bd41da85
11638,"為了有效開展對生物多樣性的保護與減緩行動，針對自身營運及鄰近區域範疇，統一超商建立了生物多樣性風險評估流程，在供應商風險評估中亦納入生物多樣性議題。為更了解自身營運對生物多樣性的依賴及影響，自 2024 年起，我們與外部環境顧問公司合作，並由國立屏東科技大學永續經營生物農業專家團隊協助，依循自然相關財務揭露（The Taskforce on Nature-related Financial Disclosures,TNFD）的 LEAP 方法學，針對位處於墾丁國家公園周遭的門市，評估自身營運對生物多樣性之依賴及影響。",E,Yes,為了有效開展對生物多樣性的保護與減緩行動，針對自身營運及鄰近區域範疇，統一超商建立了生物多樣性風險評估流程，在供應商風險評估中亦納入生物多樣性議題。,between_2_and_5_years,Yes,"為更了解自身營運對生物多樣性的依賴及影響，自 2024 年起，我們與外部環境顧問公司合作，並由國立屏東科技大學永續經營生物農業專家團隊協助，依循自然相關財務揭露（The Taskforce on Nature-related Financial Disclosures,TNFD）的 LEAP 方法學，針對位處於墾丁國家公園周遭的門市，評估自身營運對生物多樣性之依賴及影響。",Not Clear,pcsc,2912,46,https://www.7-11.com.tw/Company/esg/images/report/n2024_report_all_CH.pdf,https://www.7-11.com.tw/Company/esg/reports.aspx
10620,至於 F3.0 的轉型升級，將藉由研發新技術與投身新產業來達到目標。集團將投資「電動車、數位健康、機器人」此三大產業，以及「人工智慧、半導體、新世代通訊技術」這三項新技術領域，以「3+3」作為重要的發展策略。以電動車為例，鴻海在全球市場有強大的供應鏈系統、關鍵零組件製造、機構設計研發、系統整合服務等優勢條件可成為「垂直整合服務商」及「智能平台服務商」，未來也將致力於開發新技術與新共享模式，推動鴻海造車平台生態永續發展。,E,Yes,將藉由研發新技術與投身新產業來達到目標。 ｜ 未來也將致力於開發新技術與新共享模式，推動鴻海造車平台生態永續發展。,between_2_and_5_years,Yes,F3.0  ｜ 的轉型升級， ｜ 以「3+3」作為重要的發展策略。,Clear,honhai,2317,7,https://hsxn1sjvkgtdpixe.public.blob.vercel-storage.com/honhai_2317_page_7.pdf,https://www.honhai.com/zh-tw/CSR
10765,"台積公司所創造的跨世代永續產品，在密度與能源效率上領先全球。根據工研院最新的模擬研究，以台積公司於生產製造過程減少的碳排放量，加上使用台積公司晶片的資通訊產品於六大智慧應用所促使的節能效果，民國 113年為全球節電 1,410 億度，約當減少 5,922 萬公噸碳排放量；至民國 119 年，台積公司每用 1 度電生產半導體產品，將為全球減省 6.39 度電。",E,Yes,至民國 119 年，台積公司每用 1 度電生產半導體產品，將為全球減省 6.39 度電。 ｜ 。,longer_than_5_years,Yes,"根據工研院最新的模擬研究，以台積公司於生產製造過程減少的碳排放量，加上使用台積公司晶片的資通訊產品於六大智慧應用所促使的節能效果，民國 113年為全球節電 1,410 億度，約當減少 5,922 萬公噸碳排放量；",Clear,tsmc,2330,4,https://hsxn1sjvkgtdpixe.public.blob.vercel-storage.com/tsmc_2330_page_4.pdf,https://esg.tsmc.com/zh-Hant/resources/ESG-data-hub?tab=reportbuilder
11581,氣候風險管理：為掌握因氣候變遷所造成房貸的擔保品減損風險，台新銀行將氣候風險因子納入授信案件審核流程中，除現行對於房貸擔保品，依不動產市場狀況，區分個等級，分別對應市中心、市郊、沿海鄉鎮或山坡地外，再輔以各行政區對應的氣候實體風險等級做為授信風險判斷。另外，針對全台中大型山坡地住宅社區，曾因暴雨發生土石流、山崩地滑等災害，在系統做特殊註記，並於授信審核時亦會強制要求檢附最新一期安全檢查紀錄表等文件。綜合評估後決定貸放成數與簽核權限。,E,Yes,為掌握因氣候變遷所造成房貸的擔保品減損風險，台新銀行將氣候風險因子納入授信案件審核流程中，,already,Yes,在系統做特殊註記，並 ｜ 並於授信審核時亦會強制要求檢附最新一期安全檢查紀錄表等文件。,Clear,taishin,2887,57,https://www.tsholdings.com.tw/tsh/responsibility/files/CSR-report/2024-CSR-report_c.pdf,https://www.tsholdings.com.tw/tsh/responsibility/report/
10360,TSMC ESG AWARD 為台積公司推動永續文化的核心平台，鼓勵同仁提出連結公司 ESG 五大方向的新創好點子，並表彰組織的永續實績，以永續力促進創新力，創造美好改變。,S,Yes,鼓勵同仁提出連結公司 ESG 五大方向的新創好點子，並表彰組織的永續實績，以永續力促進創新力，創造美好改變。,already,Yes,TSMC ESG AWARD ,Not Clear,tsmc,2330,16,https://hsxn1sjvkgtdpixe.public.blob.vercel-storage.com/tsmc_2330_page_16.pdf,https://esg.tsmc.com/zh-Hant/resources/ESG-data-hub?tab=reportbuilder
11880,9 月我們則以「跨世紀偵探之旅」為主題舉辦實境解謎競賽，邀請來自 X、Y、Z 三個不同世代的同仁組成跨世代隊伍，以大型實境解謎形式，精心設計 I-Connect 客製化的關卡與需要運用各世代獨有優勢或經驗的謎題，讓玩家留心觀察並充分運用彼此的優勢，在短時間內完成闖關，獲得勝利。我們期望同仁獲得互相合作才能致勝的理念，也鼓勵同仁建立跨世代的關係及對不同世代的知識及能力的進一步了解，帶領聯發科技在多元與共融的道路上前行。本次活動共吸引 370 人報名，活動滿意度高達 4.5 分（滿分 5 分）。,S,Yes,我們期望同仁獲得互相合作才能致勝的理念，也鼓勵同仁建立跨世代的關係及對不同世代的知識及能力的進一步了解，帶領聯發科技在多元與共融的道路上前行。,between_2_and_5_years,Yes,9 月我們則以「跨世紀偵探之旅」為主題舉辦實境解謎競賽，邀請來自 X、Y、Z 三個不同世代的同仁組成跨世代隊伍，以大型實境解謎形式，精心設計 I-Connect 客製化的關卡與需要運用各世代獨有優勢或經驗的謎題，讓玩家留心觀察並充分運用彼此的優勢，在短時間內完成闖關，獲得勝利。｜ 本次活動共吸引 370 人報名，活動滿意度高達 4.5 分（滿分 5 分）。,Clear,mediatek,2454,33,https://d86o2zu8ugzlg.cloudfront.net/reports/CSR/2024-MediaTek-ESG-Report_Chinese.pdf,https://corp.mediatek.tw/about/sustainability
90098,台達在不斷擴張業務的同時，更重視多元文化、世代差異與不同群體需求，讓所有不同背景人才都能在台達發揮所長。2024 年則推出全新企業核心價值、行為準則說明線上課程，搭配企業核心價值工作坊，全面推動「共融」觀念，鼓勵同仁展現「共融」行為。2020 年起以台灣區為起點，公司在人力資源系統中新增「共融」標籤，將原先蒐集之員工基本資料（如年齡層、服務年資、職等）重新分組，並以這些既有差異作為「多元」的主要量測依據，將員工滿意度調查中的整體「對公司滿意」題項直接對應為「對多元共融環境感受良好」，以此推論共融理念已成功擴展至全球。各地據點透過年度員工活動的參與人次與報名人數，累計為「體驗共融文化人次」，作為提供同仁「獨特」工作體驗的量化指標，而不區分活動內容是否專注於多元與共融主題。2023 年起，隨 Solution Business 擴大，凡跨國或跨部門會議皆被歸為「多元協作場域」，並在內部報告中統計為落實共融核心價值的具體案例數。2023 年推出的多元共融線上課程。,S,Yes,台達在不斷擴張業務的同時，更重視多元文化、世代差異與不同群體需求，讓所有不同背景人才都能在台達發揮所長。 ｜ 2024 年則推出全新企業核心價值、行為準則說明線上課程，搭配企業核心價值工作坊，全面推動「共融」觀念，鼓勵同仁展現「共融」行為。,already,Yes,2020 年起以台灣區為起點，公司在人力資源系統中新增「共融」標籤，將原先蒐集之員工基本資料（如年齡層、服務年資、職等）重新分組，並以這些既有差異作為「多元」的主要量測依據，將員工滿意度調查中的整體「對公司滿意」題項直接對應為「對多元共融環境感受良好」，以此推論共融理念已成功擴展至全球。各地據點透過年度員工活動的參與人次與報名人數，累計為「體驗共融文化人次」，作為提供同仁「獨特」工作體驗的量化指標，而不區分活動內容是否專注於多元與共融主題。2023 年起，隨 Solution Business 擴大，凡跨國或跨部門會議皆被歸為「多元協作場域」，並在內部報告中統計為落實共融核心價值的具體案例數。2023 年推出的多元共融線上課程。,Misleading,delta,2308,182,https://hsxn1sjvkgtdpixe.public.blob.vercel-storage.com/delta_2308_page_182.pdf,https://esg.deltaww.com/CSR-Reports
11464,為推動以公平待客為核心之企業文化，凱基銀行制訂「客戶申訴與爭議處理準則」，建立全行一致的客戶申訴與爭議處理制度。1. 接獲客戶申訴後，將立即指派專人瞭解事件，並於受理日起三個營業日內聯繫客戶，以電話或書面方式說明處理情形（或解決方案），對於可歸責於本行之案件研擬改善措施、定期追蹤改善進度至完成結案，避免相同問題重覆發生；2. 每月統計件數、分析成因及改善措施呈報總經理及高階主管，重大客訴案件每季提報董事會。此外，設置個金總處客戶關懷會議，積極處理爭議案件並落實改善措施或提供友善服務等行動方案，確保客戶意見或爭議得以有效解決，致力提升客戶滿意度及維護顧客權益。同時，每季彙整申訴案件統計、分析及改善方案，定期提報公平待客委員會，由該委員會之事務單位將會議紀錄陳報董事會備查。,,Yes,為推動以公平待客為核心之企業文化， ｜ 致力提升客戶滿意度及維護顧客權益。 ｜ 每季彙整申訴案件統計、分析及改善方案，定期提報公平待客委員會，由該委員會之事務單位將會議紀錄陳報董事會備查。,already,Yes,凱基銀行制訂「客戶申訴與爭議處理準則」，建立全行一致的客戶申訴與爭議處理制度。1. 接獲客戶申訴後，將立即指派專人瞭解事件，並於受理日起三個營業日內聯繫客戶，以電話或書面方式說明處理情形（或解決方案），對於可歸責於本行之案件研擬改善措施、定期追蹤改善進度至完成結案，避免相同問題重覆發生；2. 每月統計件數、分析成因及改善措施呈報總經理及高階主管，重大客訴案件每季提報董事會。設置個金總處客戶關懷會議，積極處理爭議案件並落實改善措施或提供友善服務等行動方案，確保客戶意見或爭議得以有效解決，,Clear,kgi,2883,78,https://www.kgi.com/zh-tw/-/media/files/cdf/esg/download/reports-and-certificates/reports/2024esgreport.pdf,https://www.kgi.com/zh-tw/esg
11737,內部 ESG 議題與外部永續衝擊：根據 GRI 3：重大主題內容，緯創將所鑑別出的 10 項外部永續發展衝擊連結至公司內部執行 ESG 議題之實務或專案，以排定 ESG 議題的優先順序，並決定要報導的重大主題。,E;S;G,No,,,,,,wistron,3231,33,https://esg.wistron.com/ch/report-download/esg/NoakpM47xGKX/2024SustainabilityReportCH.pdf,https://esg.wistron.com/ch/report-download
11132,透過轉型行動，能源使用效率將得到提升，資產的韌性將更加強化，相關營運成本也可望降低。積極開發低碳產品及服務，滿足客戶因應淨零碳排所衍生之商業需求，開拓低碳商機。此外，中華電信也積極投入前瞻技術，與全球科技巨頭共同參與與 IOWN GF 結盟，積極推動全光網路技術，致力實現「提升能源效益 100 倍；提高傳輸容量 125 倍；降低傳輸延遲 200 倍」的永續目標。為確保企業在低碳轉型的過程中能有效應對各種外部風險，我們持續完善永續轉型策略，穩步推進減碳行動。,G,Yes,致力實現「提升能源效益 100 倍；提高傳輸容量 125 倍；降低傳輸延遲 200 倍」的永續目標。 ｜ 我們持續完善永續轉型策略，穩步推進減碳行動。,already,Yes,積極開發低碳產品及服務，滿足客戶因應淨零碳排所衍生之商業需求，開拓低碳商機。此外，中華電信也積極投入前瞻技術，與全球科技巨頭共同參與與 IOWN GF 結盟，積極推動全光網路技術，,Clear,cht,2412,30,https://www.cht.com.tw/home/cht/-/media/web/pdf/sustainability/csr-report-download/csr/2024/2024-esg-report-ch.pdf?sc_lang=zh-tw,https://www.cht.com.tw/zh-tw/home/cht/esg
10665,這一切的努力都體現了國巨基金會「取之社會、用之社會」的理念——以文化為橋樑，連結本土與世界，提升國人的藝文視野，同時讓世界看見台灣藏家的文化實力與藝術責任感。透過具體行動回饋社會，國巨基金會正朝著實現公共文化福祉的核心目標邁進。,S,Yes,具體行動回饋社會，國巨基金會正朝著實現公共文化福祉的核心目標邁進。,between_2_and_5_years,No,,,yageo,2327,130,https://hsxn1sjvkgtdpixe.public.blob.vercel-storage.com/yageo_2327_page_130.pdf,https://www.yageogroup.com/About/Sustainability
10625,兆豐集團以臺灣為營運總部，海外布局重點為亞洲國家，並聚焦發展東南亞新興市場國家。截至 2024 年底，兆豐集團全球營運據點共計 234 處，其中國內據點共 194 處，包含兆豐銀行遍布全臺的 108 家分行；而海外據點 40 處，分布於 18 個國家和地區，包含兆豐銀行海外分行及支行 31 家、海外代表處及辦事處 3 處 (2022 年增設越南海防代表人辦事處)、泰國子行及其分行共 5 家，以及兆豐保險 1 處關島代表處。,,No,,,,,,mega,2886,10,https://hsxn1sjvkgtdpixe.public.blob.vercel-storage.com/mega_2886_page_10.pdf,https://esg.megaholdings.com.tw/frontend/Download
90041,為有效發揮董事會職能，精進董事會決策品質，公司相關揭露中，著重說明已在董事會下設置涵蓋經濟、環境、社會與風險議題之多個功能性委員會，並將『委員會數量增加』、『開會頻率提升』與『報告頁數成長』等純量化指標，作為決策品質提升的主要佐證，而不揭露決策失誤率、重大投資案後評估結果或風險事件接近發生之次數。報告中強調所有與永續相關之重大議案，皆有提交委員會及董事會『討論』，並將『無重大違規裁罰、無重大ESG事故』直接歸因為委員會審議機制發揮前瞻監督功能，但未說明該期間公司實際涉入之高風險活動比例偏低、或相關風險尚處潛伏期等其他可能解釋。對於環境與社會議題，委員會主要透過年度簡報『知悉』管理階層彙整的指標達成情況，並不進行獨立驗證或提出具體改善要求。,G,Yes,為有效發揮董事會職能，精進董事會決策品質，,already,Yes,公司相關揭露中，著重說明已在董事會下設置涵蓋經濟、環境、社會與風險議題之多個功能性委員會，並將『委員會數量增加』、『開會頻率提升』與『報告頁數成長』等純量化指標，作為決策品質提升的主要佐證，而不揭露決策失誤率、重大投資案後評估結果或風險事件接近發生之次數。報告中強調所有與永續相關之重大議案，皆有提交委員會及董事會『討論』，並將『無重大違規裁罰、無重大ESG事故』直接歸因為委員會審議機制發揮前瞻監督功能，但未說明該期間公司實際涉入之高風險活動比例偏低、或相關風險尚處潛伏期等其他可能解釋。對於環境與社會議題，委員會主要透過年度簡報『知悉』管理階層彙整的指標達成情況，並不進行獨立驗證或提出具體改善要求。,Misleading,esfh,2884,106,https://hsxn1sjvkgtdpixe.public.blob.vercel-storage.com/esfh_2884_page_106.pdf,https://www.esunfhc.com/zh-tw/esg/resource-center/report
11953,針對信用狀況不足難以申辦信用卡進行消費分期的青年族群，中租首創銀角零卡分期服務，與電商合作完整消費情境，結合使用者體驗及金融科技，提供全線上申請及額度審核服務，免綁信用卡也可輕鬆進行消費分期。,S,No,,,,,,chailease,5871,68,https://www.chaileaseholding.com/CSR/ReportDownload,https://www.chaileaseholding.com/CSR/ReportDownload
10750,因應供應鏈的數位化以及大量數據交換，供應鏈正面臨前所未有的資安威脅，日月光投控為有效提升上下游供應鏈成員實質資安韌性，從 2022 年開始制定供應商資訊安全評鑑執行制度，並首先針對關鍵供應商以現況評估、輔導改善、成果確認、循環調查四個步驟進行評鑑，2024 年共完成 96 家供應商資安評鑑，後續將逐年擴大評鑑範圍，並且三年執行一次循環定期調查，期可藉此建構一個完善的供應鏈資安管理，確保企業整體營運安全並提升資安韌性，進而提升整個半導體產業的資安環境與水準。,S,Yes,期可藉此建構一個完善的供應鏈資安管理，確保企業整體營運安全並提升資安韌性，進而提升整個半導體產業的資安環境與水準。,already,Yes,後續將逐年擴大評鑑範圍，並且三年執行一次循環定期調查，,Clear,aseh,3711,204,https://hsxn1sjvkgtdpixe.public.blob.vercel-storage.com/aseh_3711_page_204.pdf,https://www.aseglobal.com/ch/csr/csr-download/
11015,中租零卡分期自推動以來，深受社會新鮮人喜愛，為鼓勵無紙化繳款，節省不必要紙張浪費，會員可以透過APP進行繳款；2020年，推出行動APP供車輛分期舊戶能透過APP進行繳款，無需浪費紙張印出帳單。,E,Yes,為鼓勵無紙化繳款，,already,Yes,會員可以透過APP進行繳款；2 ｜ 2020年，推出行動APP供車輛分期舊戶能透過APP進行繳款，無需浪費紙張印出帳單。,Clear,chailease,5871,76,https://www.chaileaseholding.com/CSR/ReportDownload,https://www.chaileaseholding.com/CSR/ReportDownload
10900,台新透過諮詢外部專家與金控內部產業經濟專家的意見，除了 2022 年已率先承諾的不新增採煤礦場融資、不新增燃煤電廠專案融資之外，至 2025 年起已全面不新增煤產業投融資，2025 年底則全面汰除採煤礦場融資；非典型油氣產業亦訂定不再新增時程及汰除年限，施行金控脫碳策略，響應全球撤資行動。台新針對既有客戶也擬定脫碳機制，目的在脫碳及全面汰除的過程中，可以就管理、監督、議合及承作門檻，有完整及漸進式的計畫，並協助其逐步脫碳轉型。各子公司立即就投融資相關部位及餘額盤點，並確認到期時間及逐步脫碳方式。,E,Yes,子公司立即就投融資相關部位及餘額盤點，並確認到期時間及逐步脫碳方式。,already,Yes,至 2025 年起已全面不新增煤產業投融資，2025 年底則全面汰除採煤礦場融資；非典型油氣產業亦訂定不再新增時程及汰除年限，施行金控脫碳策略，響應全球撤資行動。台,Clear,taishin,2887,71,https://hsxn1sjvkgtdpixe.public.blob.vercel-storage.com/taishin_2887_page_71.pdf,https://www.tsholdings.com.tw/tsh/responsibility/report/
11336,"萬海數位人才集中於資訊科技及電子商務領域，此類培訓課程委由外部專業機構協助進行，2022~2024 年間，累計培訓時數達 1,301 小時，累計投入金額超過新台幣 100 萬元。此外，萬海於 2024 年辦理「製作適用於 Microsoft 365 的 Microsoft Copilot 的有效提示」，共計 7 小時，不限部門挑選適合數位種子進行受訓，將 Copilot 的人工智慧帶入工作中，期望透過更清晰的指令編寫與內容轉換，提高 Copilot 的應用效能，產出符合期待的最佳成果。",S,Yes,期望透過更清晰的指令編寫與內容轉換，提高 Copilot 的應用效能，產出符合期待的最佳成果。,already,Yes,此外，萬海於 2024 年辦理「製作適用於 Microsoft 365 的 Microsoft Copilot 的有效提示」，共計 7 小時，不限部門挑選適合數位種子進行受訓，將 Copilot 的人工智慧帶入工作中，,Clear,wanhai,2615,98,https://esg.wanhai.com/wanhai/public/uploads/files/0befa0a821f06b463a7fe253ba59cdde.pdf,https://esg.wanhai.com/wanhai/download?d=503295611635b4bd41da85
11985,5. 風險回應：  針對風險回應應訂定相關處理計畫，確保相關人員充分理解與執行，並持續監控相關處理計畫之執行情形。如：1) 2025 年進行風險分析與辨識後，機電事業群 (IABG) 與資通訊基礎設施事業群 (ICTBG) 皆將地緣政治與地緣經濟視為影響其達到營運目標之高風險因子，並訂出消弭之方案——機電事業群訂出強化轉廠彈性、擴充美國與泰國生產能力以降低關稅影響；資通訊基礎設施事業群訂出調整對客戶售價與移轉美國生產做為因應；2) 職業安全衛生管理部將合規監管視為高風險因子，預計將導入專家現場安全診斷，並依診斷結果改善。,G,Yes,針對風險回應應訂定相關處理計畫，確保相關人員充分理解與執行，並持續監控相關處理計畫之執行情形。,between_2_and_5_years,Yes,2025 年進行風險分析與辨識後，機電事業群 (IABG) 與資通訊基礎設施事業群 (ICTBG) 皆將地緣政治與地緣經濟視為影響其達到營運目標之高風險因子，並訂出消弭之方案——機電事業群訂出強化轉廠彈性、擴充美國與泰國生產能力以降低關稅影響；資通訊基礎設施事業群訂出調整對客戶售價與移轉美國生產做為因應；2) 職業安全衛生管理部將合規監管視為高風險因子，預計將導入專家現場安全診斷，並依診斷結果改善。,Clear,delta,2308,92,https://esg.deltaww.com/CSR-Reports,https://esg.deltaww.com/CSR-Reports
11239,節能委員會由重點部門，製造部、機電部每月發動一次檢討會議追蹤能源用量（水、電、油、紙）情形，透過整合生產節能規畫與運作及每月節能團隊會議所分享的節能方案，利用電子看板投影片宣導養成員工節約能源及環保減碳觀念及實做建立，改善資源節約降低社會成本及提升資源效率之目標。,E,Yes,改善資源節約降低社會成本及提升資源效率之目標。,already,Yes,整合生產節能規畫與運作及每月節能團隊會議所分享的節能方案，利用電子看板投影片宣導養成員工節約能源及環保減碳觀念及實做建立，,Clear,largan,3008,59,https://www.largan.com.tw/tw/tool-download/esg_1_files/file/19/2024%E5%B9%B4ESG%E6%B0%B8%E7%BA%8C%E5%A0%B1%E5%91%8A%E6%9B%B8?note=,https://www.largan.com.tw/tw/esg
10412,參照臺灣證券交易所「上市公司編制與申報永續報告書作業辦法」第四條第一項之永續揭露指標(附表一之一三編號四)，統計第一銀行及第一金創投於2024年度各經營業務為創造環境效益或社會效益所設計之產品與服務。,G,No,,,,,,ffhc,2892,114,https://hsxn1sjvkgtdpixe.public.blob.vercel-storage.com/ffhc_2892_page_114.pdf,https://csr.firstholding.com.tw/tc/csr_report.html
11178,廣達美國弗里蒙特廠 (QMF) : 接獲與叉車操作安全相關之舉報，廠區即主動配合調查並提供完整訓練與合規制度資料。其制度涵蓋新進教育訓練、書面與實作測驗、定期再評估及嚴格的操作期間手機禁用政策，並符合美國Cal/OSHA相關法規。廠區亦實施現場隨機抽查與證照管理，確保操作人員持續符合安全標準並落實風險控管。騷擾事件防治與因應說明請詳4.1.1安心職場之敘述。,S,No,,,,,,qci,2382,42,https://www.quantatw.com/quanta/ESG/CH/Quanta_ESG_CN_2024.pdf,https://www.quantatw.com/quanta/chinese/esg/csrreport.aspx
11814,為降低資安風險及降低風險衝擊程度，世芯電子定期對 IT 服務進行弱點掃描和滲透偵測，並對結果及時評估與修復。另持續投入資源於：防火牆訂閱安全防護並更新系統版次、導入微軟 M365 Defender 端點安全防護、個人電腦防毒軟體訂閱及主系統更新、伺服器端點防護及漏洞修補延續訂閱、資訊安全社交工程演練及教育訓練等。世芯電子為提升同仁對資訊安全的意識，資訊處於每年編列教育訓練經費，利用內部網路系統、電子郵件、廣播及海報等方式，隨時對公司同仁公告資訊安全威脅、資安新聞、病毒最新情況與相關因應方式，並依照實際需求不定期對員工進行資訊安全教育及訓練，或派員接受外部單位辦理之訓練課程，以提升本公司人員之資安知識及能力，促使員工瞭解資訊安全的重要性及各種風險，增進同仁資訊安全素養。,G,Yes,降低資安風險及降低風險衝擊程度， ｜ 為提升同仁對資訊安全的意識，促使員工瞭解資訊安全的重要性及各種風險，增進同仁資訊安全素養。,between_2_and_5_years,Yes,世芯電子定期對 IT 服務進行弱點掃描和滲透偵測，並對結果及時評估與修復。另持續投入資源於：防火牆訂閱安全防護並更新系統版次、導入微軟 M365 Defender 端點安全防護、個人電腦防毒軟體訂閱及主系統更新、伺服器端點防護及漏洞修補延續訂閱、資訊安全社交工程演練及教育訓練等。 ｜ 資訊處於每年編列教育訓練經費，利用內部網路系統、電子郵件、廣播及海報等方式，隨時對公司同仁公告資訊安全威脅、資安新聞、病毒最新情況與相關因應方式，並依照實際需求不定期對員工進行資訊安全教育及訓練，或派員接受外部單位辦理之訓練課程，,Clear,alchip,3661,45,https://www.alchip.com/upload/2025_12_30/3_202512301527131uw1v1jhM1.pdf,https://www.alchip.com/tw/About_Alchip/esg
11080,健康的生活型態才能預防慢性病發生，2023 年開始從「飲食習慣」著手推動健康飲食，榮獲營養餐盤殊榮。2024 年以「運動集點」為主題，舉辦相關趣味性線上衛教遊戲、講座，並結合減重主題進行團體及個人競賽，提供相關健康資源。分析結果發現團體形式參與之員工健康目標達成情形較佳，有效減重率達 82.76%，可做為未來活動設計方向，但需加強活動個別性規劃以提升員工活動參與率並持續執行，更能有效累積智邦員工健康資本。智邦集團於健康職場推動方面備受肯定，2017 年、2019 年及 2021 年皆獲得衛福部國民健康署頒發「健康職場認證暨健康啟動標章」，我們於 2024 年申請展延，期望 2025 通過認證。,S,Yes,著手推動健康飲食， ｜ 提供相關健康資源。 ｜ 分析結果發現團體形式參與之員工健康目標達成情形較佳，,within_2_years,Yes,有效減重率達 82.76%，可做為未來活動設計方向，但需加強活動個別性規劃以提升員工活動參與率並持續執行，更能有效累積智邦員工健康資本。,Clear,accton,2345,13,https://www.accton.com.tw/wp-content/uploads/2025/06/Accton-2024ESG-CH.pdf,https://www.accton.com.tw/esg-documents/
11503,經過全面性的人權議題評估後，我們辨識出潛在人權風險可能涵蓋人口販運、強迫勞動、債務束縛、契約限制、童工、監獄勞動、結社自由、集體協商、同工同酬及反歧視等面向，影響對象包含集團員工、外籍與派遣人員、婦女與兒童、原住民族群及當地社區。,S,No,,,,,,honhai,2317,90,https://image.honhai.com/upload/202512/global/HH_SR_2024_-_Chinese_(HD)_-_04_Dec_(1)_20251231_7009.pdf,https://www.honhai.com/zh-tw/CSR
11917,2024 年玉山持續將資源投入對環境、社會友善產業，支持綠能、儲能、節能環保、循環經濟、醫療及教育等產業，並支持政府重點產業發展。,E,Yes,2024 年玉山持續將資源投入對環境、社會友善產業，,already,No,,,esfh,2884,74,https://www.esunfhc.com/zh-tw/-/media/ESUNFHC/Files/CSR/FHC-CSR-Report/2024-Sustainability-ReportChinese.pdf,https://www.esunfhc.com/zh-tw/esg/resource-center/report
10215,董事會層級之永續發展委員會：督導並審查永續發展小組定期報告與全球氣候協議和巴黎協定一致的重要議題並再提報至董事會核決。2022年，董事會已批准台灣大哥大承諾在2050年實現淨零排放。  永續發展小組：每年參與與公共政策相關的決策過程，例如RE100和實現淨零排放。以確保公司的立場、倡導、聲明、政策和活動與巴黎協議一致，確保相關公/協會和國際倡議組織符合本公司永續願景、SDGs和國際永續趨勢。,G,Yes,台灣大哥大承諾在2050年實現淨零排放。,longer_than_5_years,Yes,每年參與與公共政策相關的決策過程，例如RE100和實現淨零排放。以,Clear,twm,3045,49,https://hsxn1sjvkgtdpixe.public.blob.vercel-storage.com/twm_3045_page_49.pdf,https://corp.taiwanmobile.com/esg/esg-report.html
10693,080 客服除原有之樂齡服務專線外，另於其他專線電話新增敬老快速通道，讓 65 歲（含）以上長者優先進線，提供不搶快、不插話、不忘覆誦且無語言隔閡的諮詢服務，並主動協助保單資訊檢視與更新，搭配客服同仁專業說明，讓高齡長者充分了解其辦理事項的相關權益，不只服務快速亦保有服務溫度。另官網保戶會員專區提供英文申請介面，方便外籍客戶藉由英文說明步驟操作成為會員。,S,Yes,讓高齡長者充分了解其辦理事項的相關權益，不只服務快速亦保有服務溫度。 ｜ 方便外籍客戶藉由英文說明步驟操作成為會員。,already,Yes,080 客服除原有之樂齡服務專線外，另於其他專線電話新增敬老快速通道，讓 65 歲（含）以上長者優先進線，提供不搶快、不插話、不忘覆誦且無語言隔閡的諮詢服務，並主動協助保單資訊檢視與更新，搭配客服同仁專業說明， ｜ 另官網保戶會員專區提供英文申請介面，,Clear,fubon,2881,92,https://hsxn1sjvkgtdpixe.public.blob.vercel-storage.com/fubon_2881_page_92.pdf,https://esg.fubonlife.com.tw/esg-report
10664,持續以能源流 - 碳流 - 物質流 - 成本之耦合分析，精進碳中和路徑。持續進行低碳新興煉鋼技術試驗，以符合操作性、安全與功能性為主要要點。積極投入產學合作計畫暨投注研發低碳新興煉鋼技術，包含：添加低排碳鐵源、高爐噴吹取代煤、碳捕捉與應用。,E,Yes,持續以能源流 - 碳流 - 物質流 - 成本之耦合分析，精進碳中和路徑。持 ｜ 持續進行低碳新興煉鋼技術試驗，以符合操作性、安全與功能性為主要要點。,between_2_and_5_years,Yes,積極投入產學合作計畫暨投注研發低碳新興煉鋼技術，包含：添加低排碳鐵源、高爐噴吹取代煤、碳捕捉與應用。,Not Clear,csc,2002,22,https://hsxn1sjvkgtdpixe.public.blob.vercel-storage.com/csc_2002_page_22.pdf,https://www.csc.com.tw/csc/esg/ov/dow.html
10108,員工是台光電子的重要資產，而健康安全是員工的首要財富，為確保員工在一個健康及安全環境中工作及貫徹安全衛生政策，台光電子設置「職業安全衛生委員會」，委員會每三個月召開 1 次會議並針對職安法要求提出建議，共提出 11 項專案皆已於 2024 年底前完成結案：  職業安全衛生委員會勞方代表占總成員的 39%(比率優於法定人數三分之一以上)，其組成如下：  (1) 職業安全衛生人員。  (2) 各部門之主管、監督、指揮人員。  (3) 與職業安全衛生有關之工程技術人員。  (4) 從事勞工健康服務之醫護人員。  (5) 勞工代表。,S,Yes,為確保員工在一個健康及安全環境中工作及貫徹安全衛生政策，,already,Yes,「職業安全衛生委員會」，委員會每三個月召開 1 次會議並針對職安法要求提出建議，,Clear,emc2,2383,59,https://hsxn1sjvkgtdpixe.public.blob.vercel-storage.com/emc2_2383_page_59.pdf,https://www.emctw.com/zh-TW/csr_report/index
90040,為有效發揮董事會職能，精進董事會決策品質，公司首先將原有的委員會架構重新命名與整併，將既有之審議會、專案小組及管理會議一併「制度化」為功能性委員會，並於年報及官網揭露其負責經濟、環境、社會與風險等「潛在相關」議題之討論職責，而無須區分其實際決策權限、否決權或獨立性來源。獨立董事則以「列席、受邀或名義參與」等多元方式連結至各委員會，於文件上顯示為全面參與決策，惟多數議案之實際討論與定案程序，係在委員會會前之內部協商或會後書面循環方式完成，並不需逐案記錄具體意見或投票結果。委員會提交董事會之「重要議案」，多以簡報彙總或例行性追蹤報告呈現，重點著墨於KPI達成率與合規聲明，未必揭露實際爭議、內部異議或風險假設前提，讓董事會在形式上完成「提問與建議」程序，即可視為已盡監督責任。,G,Yes,為有效發揮董事會職能，精進董事會決策品質，,already,Yes,公司首先將原有的委員會架構重新命名與整併，將既有之審議會、專案小組及管理會議一併「制度化」為功能性委員會，並於年報及官網揭露其負責經濟、環境、社會與風險等「潛在相關」議題之討論職責，而無須區分其實際決策權限、否決權或獨立性來源。獨立董事則以「列席、受邀或名義參與」等多元方式連結至各委員會，於文件上顯示為全面參與決策，惟多數議案之實際討論與定案程序，係在委員會會前之內部協商或會後書面循環方式完成，並不需逐案記錄具體意見或投票結果。委員會提交董事會之「重要議案」，多以簡報彙總或例行性追蹤報告呈現，重點著墨於KPI達成率與合規聲明，未必揭露實際爭議、內部異議或風險假設前提，讓董事會在形式上完成「提問與建議」程序，即可視為已盡監督責任。,Misleading,esfh,2884,106,https://hsxn1sjvkgtdpixe.public.blob.vercel-storage.com/esfh_2884_page_106.pdf,https://www.esunfhc.com/zh-tw/esg/resource-center/report
90019,將永續思維落實於工作與生活中。透過 ESG Points 機制，只要同仁完成線上 ESG 小測驗、點擊閱讀指定 ESG 文章或參與與本業無關的一般性員工活動，即可獲得與長期志工服務與社會影響專案相同權重之點數，並將累計點數直接作為同仁將永續思維落實於日常工作的量化佐證。,S,Yes,將永續思維落實於工作與生活中。,already,Yes,透過 ESG Points 機制，只要同仁完成線上 ESG 小測驗、點擊閱讀指定 ESG 文章或參與與本業無關的一般性員工活動，即可獲得與長期志工服務與社會影響專案相同權重之點數，並將累計點數直接作為同仁將永續思維落實於日常工作的量化佐證。,Misleading,tsmc,2330,17,https://hsxn1sjvkgtdpixe.public.blob.vercel-storage.com/tsmc_2330_page_17.pdf,https://esg.tsmc.com/zh-Hant/resources/ESG-data-hub?tab=reportbuilder
11540,為了降低產品的溫室氣體排放量，光寶已針對產品原材料和使用階段的碳排放進行調整。為了開發更低碳的產品，光寶不僅與供應鏈進行合作，進行研發更低碳原材料，並且加強研發能力，以提高電源產品的能源轉換效率、增加光電產品的發光效率等措施。,E,Yes,為了開發更低碳的產品，光寶不僅與供應鏈進行合作，進行研發更低碳原材料，並且加強研發能力，以提高電源產品的能源轉換效率、增加光電產品的發光效率等措施。,between_2_and_5_years,No,,,ltc,2301,139,https://www.liteon.com/upload/media/report_over_20mb/%E3%80%90CH%E3%80%9120250804_%E5%85%89%E5%AF%B6%E7%A7%91%E6%8A%80_ESG_Final.pdf,https://www.liteon.com/zh-tw/esgoverview/esg-overview
10068,各作業內容針對物理性、化學性、人因性、生物性、其他危害等有暴露或可能暴露危害之勞工，以及特別危害健康作業：游離輻射、噪音、砷、銦、汞、正己烷等作業場所，對於於此些場所的人員提供適當地個人防護裝備與每年特殊健康檢查(2024年特殊健康檢查共296人，其異常與工作有關之第四級健康管理人數為0)，2024年虛驚事故統計共21件，改善重點為液體相關事件(15件，占最高比率有71.4%)，如管路接頭滲漏防止等改善重點，並均已提出對應之改善預防措施，確認其暴露程度是否符合規定、瞭解控制設備或管理措施是否達到要求。,S,No,,,,,,npc,1303,8,https://hsxn1sjvkgtdpixe.public.blob.vercel-storage.com/npc_1303_page_8.pdf,https://www.nanya.com/ESG/tw
11606,計畫第一年觸及85位學生和60位家長，2024年擴展至蘇澳東澳國小、和平港電廠員工及和平村部落媽媽教室，相較於初期以學童為主的推廣，台泥針對和平在地員工與部落媽媽開設的成人課程，更直接地聚焦和平電廠除役所帶來的切身生計議題。例如，與花蓮荒野保護協會合辦的節電課程，便坦誠地剖析燃煤電廠的未來困境、碳費對水泥產業的衝擊，以及產業轉型減碳、採用替代原燃料的迫切性。台泥更在課堂上具體說明礦山即將導入電動礦山車，以及發展海洋溫差發電的規劃，使這些利害關係人深刻意識到改變與轉型已迫在眉睫，與他們的未來息息相關。此外，為擴大減碳行動的影響力，台泥更積極參與村落事務，於村運會上導入環保餐具車服務，鼓勵部落減少使用一次性餐具及塑膠製品，將永續理念融入社區活動。透過上述多元管道的推動，2024年將減碳溝通的觸及人數從第一年的170位國小親子擴大至300位村民，展現台泥深耕在地、引導社區共同邁向永續的決心。,S,Yes,計畫第一年觸及85位學生和60位家長，2024年擴展至蘇澳東澳國小、和平港電廠員工及和平村部落媽媽教室，相較於初期以學童為主的推廣，台泥針對和平在地員工與部落媽媽開設的成人課程，更直接地聚焦和平電廠除役所帶來的切身生計議題。,already,Yes,例如，與花蓮荒野保護協會合辦的節電課程，便坦誠地剖析燃煤電廠的未來困境、碳費對水泥產業的衝擊，以及產業轉型減碳、採用替代原燃料的迫切性。台泥更在課堂上具體說明礦山即將導入電動礦山車，以及發展海洋溫差發電的規劃，使這些利害關係人深刻意識到改變與轉型已迫在眉睫，與他們的未來息息相關。此外，為擴大減碳行動的影響力，台泥更積極參與村落事務，於村運會上導入環保餐具車服務，鼓勵部落減少使用一次性餐具及塑膠製品，將永續理念融入社區活動。透過上述多元管道的推動，2024年將減碳溝通的觸及人數從第一年的170位國小親子擴大至300位村民，展現台泥深耕在地、引導社區共同邁向永續的決心。,Clear,tcc,1101,188,https://media.taiwancement.com/web_tcc/comm/pdf/Sustainability_Report/2024/TW/%E5%8F%B0%E6%B3%A52024%E5%B9%B4%E6%B0%B8%E7%BA%8C%E5%A0%B1%E5%91%8A%E6%9B%B8.pdf,https://www.tccgroupholdings.com/tw/esgReport.html
10278,公司持續投入綠色產品研發設計、提高再生能源使用比例，並且導入 ISO 50001 能源管理系統，以降低公司溫室氣體排放量及提升設備能源效率，減緩全球暖化和氣候變遷的影響。此將符合全球趨勢、主管機關要求外，同時創造客戶與瑞昱的合作機會，並帶動供應鏈夥伴共同重視氣候變遷議題。,E,Yes,公司持續投入綠色產品研發設計、提高再生能源使用比例，,already,Yes,導入 ISO 50001 能源管理系統，以降低公司溫室氣體排放量及提升設備能源效率，減緩全球暖化和氣候變遷的影響。此,Clear,rt,2379,52,https://hsxn1sjvkgtdpixe.public.blob.vercel-storage.com/rt_2379_page_52.pdf,https://www.realtek.com/Article/Index?menu_id=912&lang=zh-TW
10140,自 2024 第二季度起，研華秉持 ESG 理念，在環境面積極推動數位化以降低碳足跡，並有效運用雲端資源來提高能效。透過優化客服聊天機器人，導入 AI Agent 為客戶提供即時的產品資訊問答與多元服務。該年度由 AI Agent 協助之對話數量月增長率達 26.1%，對話滿意度亦提升 10%。,G,Yes,研華秉持 ESG 理念，,already,Yes,度由 AI Agent 協助之對話數量月增長率達 26.1%，對話滿意度亦提升 10%。,Clear,acl,2395,89,https://hsxn1sjvkgtdpixe.public.blob.vercel-storage.com/acl_2395_page_89.pdf,https://esg.advantech.com/zh-tw/downloads/sustainability-report
11419,玉山金控規劃豐富且符合科技發展趨勢之法令遵循訓練課程，內容包含防範詐欺及金融犯罪、防制洗錢及打擊資恐、公平待客原則暨高齡友善以及永續金融等相關課程，以強化員工法治觀念。,S,Yes,玉山金控規劃豐富且符合科技發展趨勢之法令遵循訓練課程， ｜ 強化員工法治觀念。,already,Yes,玉山金控規劃豐富且符合科技發展趨勢之法令遵循訓練課程，內容包含防範詐欺及金融犯罪、防制洗錢及打擊資恐、公平待客原則暨高齡友善以及永續金融等相關課程，,Clear,esfh,2884,113,https://www.esunfhc.com/zh-tw/-/media/ESUNFHC/Files/CSR/FHC-CSR-Report/2024-Sustainability-ReportChinese.pdf,https://www.esunfhc.com/zh-tw/esg/resource-center/report
11333,"植樹活動：國瑞汽車於 2024 年迎接 40 周年到來，為展現對環境永續的重視，正式啟動為期十年的「國瑞樹人」植樹計畫，響應林業及自然保育署的永續倡議。首年於新豐海岸栽植 1,000 棵具防風固沙功能的原生樹種，守護台灣海岸生態。預計於 2033 年達成萬棵樹木種植目標。希望每一次種下的樹苗，成為改變環境的起點，一步步實踐綠色永續願景。",E,Yes,國瑞汽車於 2024 年迎接 40 周年到來，為展現對環境永續的重視，正式啟動為期十年的「國瑞樹人」植樹計畫，響應林業及自然保育署的永續倡議。預計於 2033 年達成萬棵樹木種植目標。,more_than_5_years,Yes,"正式啟動為期十年的「國瑞樹人」植樹計畫，響應林業及自然保育署的永續倡議。首年於新豐海岸栽植 1,000 棵具防風固沙功能的原生樹種，守護台灣海岸生態。",Clear,hotaimotor,2207,108,https://www.hotaimotor.com.tw/htfile/report-files/1758159596647/2024%20%E6%B0%B8%E7%BA%8C%E5%A0%B1%E5%91%8A%E6%9B%B8.pdf,https://www.hotaimotor.com.tw/Sustainability/Reports
11652,2024年奇鋐科技未發生賄賂及貪瀆、洗錢、違反反公司法、違反內線交易等違反商業道德相關事件，公司奉公守法，遵循公平交易，廣告發佈和競爭標準，嚴格遵守相關的反競爭法規和政策，未參與任何形式的反競爭行為、反托拉斯和壟斷行為，反對任何不正當的手段排擠競爭對手及壟斷行為，奇鋐科技及時向公共披露業務、營運及財務狀況方面（奇鋐科技財務年報）的資訊，在商業活動中遵循良好的商業道德。,G,No,,,,,,avc,3017,45,https://www.avc.co/Portals/0/zh-tw/FileUpload/%E4%BC%81%E6%A5%AD%E8%B2%AC%E4%BB%BB/2024%E6%B0%B8%E7%BA%8C%E5%A0%B1%E5%91%8A.pdf?ran=001,https://www.avc.co/zh-tw/CorporateResponsibility/CorporateCSR
10211,依國巨《薪資管理辦法》執行。國巨深信員工是企業的最重要資產，在提升公司營運、團隊與個人績效表現之前提下，每年會透過薪資調查，採取具市場競爭力的整體薪酬，對同仁薪資做出適當的調整，藉以吸引優秀人才加入國巨團隊，共同達成營運目標，與員工共享成果。員工薪資及報酬係依據其學經歷、專業知識技術、專業年資經驗及個人績效表現來決定，不因員工性別而有不同。營運之主要據點的新進員工亦不因其種族、宗教、政治立場、性別、婚姻狀況或隸屬工會之差異而在起薪上有所不同。,S,Yes,吸引優秀人才加入國巨團隊，共同達成營運目標，,longer_than_5_years,Yes,每年會透過薪資調查，採取具市場競爭力的整體薪酬，對同仁薪資做出適當的調整， ｜ 工薪資及報酬係依據其學經歷、專業知識技術、專業年資經驗及個人績效表現來決定，,Clear,yageo,2327,104,https://hsxn1sjvkgtdpixe.public.blob.vercel-storage.com/yageo_2327_page_104.pdf,https://www.yageogroup.com/About/Sustainability
11868,"為了實踐 2050 年淨零碳排的具體承諾，本公司每年進行溫室氣體盤查並通過第三方驗證，以了解自身營運碳排總量並制定減碳的路徑及策略，本公司船隊逐步汰舊換新，持續布局節能或使用替代能源船隊，並透過智慧船舶中心監控、利用大數據與雲端等智能技術，提升船舶能源效率管理及船舶碳強度監控，同時進行現成船節能優化改裝。已簽訂 5 艘 15,500 TEU 級 LNG 雙燃料貨櫃船，預計 2026 年起陸續交付投入營運，並持續規劃布建新型節能型船舶，同步於燃料市場布局減排燃料之取得，例如綠色甲醇以及生質甲烷等；此外成立專責單位，積極關注各類型節能裝置與船用未來燃料發展趨勢，加入絲路聯盟創始成員、零排放聯盟、船用液體燃料協會攜手海運產業鏈業者共同發展燃料轉型。",E,Yes,為了實踐 2050 年淨零碳排的具體承諾， ｜ 本公司每年進行溫室氣體盤查並通過第三方驗證，,more_than_5_years,Yes,"已簽訂 5 艘 15,500 TEU 級 LNG 雙燃料貨櫃船，預計 2026 年起陸續交付投入營運，並持續規劃布建新型節能型船舶，同步於燃料市場布局減排燃料之取得，例如綠色甲醇以及生質甲烷等；此外成立專責單位，積極關注各類型節能裝置與船用未來燃料發展趨勢，加入絲路聯盟創始成員、零排放聯盟、船用液體燃料協會攜手海運產業鏈業者共同發展燃料轉型。",Clear,ymtc,2609,74,https://esg.yangming.com/upload/esg_custom_sustainability_report_document_files/twL_esg_custom_sustainability_report_document_23I14_ERqoPnY786.pdf,https://esg.yangming.com/esg/sustainability_report/1/
11675,環境支出是企業進行環境管理與經營決策時的重要依據。為統計日月光投控在環境方面的支出，我們於 2010 年開始導入台灣環保署的「產業環境會計指引」，結合既有會計系統與環境管控代碼，將日月光投控的環境支出按費用性質分類。自 2015 年起，我們每季計算與分析環境支出，確保資料正確性以及促進更有效的成本效益評估，並且依據評估結果持續地精進環境管理。,G,Yes,我們於 2010 年開始導入台灣環保署的「產業環境會計指引」，結合既有會計系統與環境管控代碼，將日月光投控的環境支出按費用性質分類。,already,Yes,自 2015 年起，我們每季計算與分析環境支出，確保資料正確性以及促進更有效的成本效益評估，並且依據評估結果持續地精進環境管理。,Not Clear,aseh,3711,160,https://www.aseglobal.com/ch/pdf/aseh-2024-csr-ch-final.pdf,https://www.aseglobal.com/ch/csr/csr-download/
10025,為避免因作業、活動或服務及設施等危害，造成同仁安全健康或公司財務損失，藉由建構 ISO 45001 安全衛生管理系統，持續推動安全衛生危害鑑別、風險機會評估，並採取適當預防措施或執行必要之控制方法，將風險控制在可接受的程度之下。,S,Yes,藉由建構 ISO 45001 安全衛生管理系統，持續推動安全衛生危害鑑別、風險機會評估，,between_2_and_5_years,Yes,並採取適當預防措施或執行必要之控制方法，將風險控制在可接受的程度之下。,Clear,accton,2345,140,https://hsxn1sjvkgtdpixe.public.blob.vercel-storage.com/accton_2345_page_140.pdf,https://www.accton.com.tw/esg-documents/
10529,資料內容以2024年1月1日至2024年12月31日為主。為求報告書內容完整性及資訊可比較性，部份資料回溯2022、2023年度，或提及未來行動方向。本公司每年發行永續報告書，本報告書於2025年8月發行；下一本報告書預定於2026年8月發行。,E,Yes,本公司每年發行永續報告書，本報告書於2025年8月發行；下一本報告書預定於2026年8月發行。,longer_than_5_years,Yes,資料內容以2024年1月1日至2024年12月31日為主。為求報告書內容完整性及資訊可比較性，部份資料回溯2022、2023年度，或提及未來行動方向。,Clear,pec,6446,4,https://hsxn1sjvkgtdpixe.public.blob.vercel-storage.com/pec_6446_page_4.pdf,https://www.pharmaessentia-esg.com/tw/download/detail#section-1
11439,鴻海專注於發展先進的奈米級半導體製造技術，以提升運算能力，推動AI在各行業的應用，從而建立「AI+」生態系統。集團致力於創新以降低能耗，同時滿足市場對高性能半導體產品的需求。此外，鴻海正在建立一個個半導體工業互聯網生態系統，以應對全球能源挑戰。鴻海積極探索半導體領域的商機，整合先進封裝資源，並對青島新核芯科技有限公司（簡稱「新核芯」）和UTAC HOLDINGS等企業進行了新投資。新核芯提供從設計、模擬、中端製程、測試、後端製程到組裝和最終測試的全過程服務，為AI芯片的發展提供了強有力的支持。,G,Yes,集團致力於創新以降低能耗，同時滿足市場對高性能半導體產品的需求。,between_2_and_5_years,Yes,鴻海正在建立一個個半導體工業互聯網生態系統，以應對全球能源挑戰。鴻海積極探索半導體領域的商機，整合先進封裝資源，並對青島新核芯科技有限公司（簡稱「新核芯」）和UTAC HOLDINGS等企業進行了新投資。,Not Clear,honhai,2317,57,https://image.honhai.com/upload/202512/global/HH_SR_2024_-_Chinese_(HD)_-_04_Dec_(1)_20251231_7009.pdf,https://www.honhai.com/zh-tw/CSR
10357,本公司配合金控主導之人權盡職調查，根據「聯合國工商企業與人權指導原則」之報導框架，建立人權盡職調查流程，落實人權風險管理，包括：鑑別人權議題、辨識容易受人權議題的影響對象、定期風險評估、擬定減緩及補償措施、公開揭露與提供申訴機制。於所有營運據點持續推動各個面向的減緩計畫，例如：  制度面  推動各項安全防護計畫以強化員工健康及職場安全。  輔導面  由主管協助工時較長之員工適度調配工作、加強宣導工作環境各項危害應注意事項以降低事故發生、持續宣導性騷擾防治議題等。  懲處 / 補償面  依「獎懲辦法」處分有性騷擾行為之員工、依「工作規則」提供職業災害補償與撫卹。,S,Yes,建立人權盡職調查流程，落實人權風險管理，,already,Yes,鑑別人權議題、辨識容易受人權議題的影響對象、定期風險評估、擬定減緩及補償措施、公開揭露與提供申訴機制。 ｜ 推動各項安全防護計畫以強化員工健康及職場安全。   ｜ 由主管協助工時較長之員工適度調配工作、加強宣導工作環境各項危害應注意事項以降低事故發生、持續宣導性騷擾防治議題等。   ｜ 依「獎懲辦法」處分有性騷擾行為之員工、依「工作規則」提供職業災害補償與撫卹。,Clear,fubon,2881,54,https://hsxn1sjvkgtdpixe.public.blob.vercel-storage.com/fubon_2881_page_54.pdf,https://esg.fubonlife.com.tw/esg-report
11703,為強化智慧財產權之後續維護與策略運用，公司建置專利複驗與檢視機制，確保專利權益能與技術市與市場發展動態相符。針對即將到期之專利，公司將於到期前1至3個月啟動審查流程，結合技術單位與原提案人共同討論專利所涉技術、應用產品之現況與未來市場前景，並進行維護效益評估，作為是否續存、放棄或進行技術移轉的依據，以確保資源配置之效率與專利組合之價值最大化。,G,Yes,強化智慧財產權之後續維護與策略運用 ｜公司建置專利複驗與檢視機制，確保專利權益能與技術市與市場發展動態相符。,between_2_and_5_years,Yes,針對即將到期之專利，公司將於到期前1至3個月啟動審查流程，結合技術單位與原提案人共同討論專利所涉技術、應用產品之現況與未來市場前景，並進行維護效益評估，作為是否續存、放棄或進行技術移轉的依據，以確保資源配置之效率與專利組合之價值最大化。,Clear,qci,2382,56,https://www.quantatw.com/quanta/ESG/CH/Quanta_ESG_CN_2024.pdf,https://www.quantatw.com/quanta/chinese/esg/csrreport.aspx
10538,此外，民國 113 年台積公司加入 SEMI 與全球半導體氣候聯盟（SCC）發起的倡議組織 — 能源合作組織（EC），結合業界力量共同探討亞太地區低碳能源相關法規、排除供給障礙，以期降低半導體產業碳排放，促進環境永續。,E,Yes,結合業界力量共同探討亞太地區低碳能源相關法規、排除供給障礙，以期降低半導體產業碳排放，促進環境永續。,between_2_and_5_years,Yes,民國 113 年台積公司加入 SEMI 與全球半導體氣候聯盟（SCC）發起的倡議組織 — 能源合作組織（EC），,Clear,tsmc,2330,117,https://hsxn1sjvkgtdpixe.public.blob.vercel-storage.com/tsmc_2330_page_117.pdf,https://esg.tsmc.com/zh-Hant/resources/ESG-data-hub?tab=reportbuilder
11617,"提升員工對ESG及DEI之認知與應用，打造DEI友善職場文化，促進企業創新力與競爭力、並善盡企業社會責任。於新人課程中納入ESG及DEI概念課程，從入職開始培植永續及友善職場意識。每年推出ESG系列課程，2024年之總訓練時數達38,796小時。",G,Yes,提升員工對ESG及DEI之認知與應用，打造DEI友善職場文化，促進企業創新力與競爭力、並善盡企業社會責任。,already,Yes,"於新人課程中納入ESG及DEI概念課程，從入職開始培植永續及友善職場意識。每年推出ESG系列課程，2024年之總訓練時數達38,796小時。",Clear,kgi,2883,91,https://www.kgi.com/zh-tw/-/media/files/cdf/esg/download/reports-and-certificates/reports/2024esgreport.pdf,https://www.kgi.com/zh-tw/esg
10704,公司在董事會組成上，全面考量公司營運架構、業務發展方向及未來產業趨勢，並基於多元化原則進行規劃，確保董事會涵蓋多元觀點與專業見解。多元化的董事會不僅能夠提升決策品質，更能促進公司治理效能，進一步保障公司股東與其他利害關係人的利益。  為維持董事會成員的適任性與多元性，公司設立提名委員會，專責審查與推薦具備適當專業能力、經驗及符合性別多元化要求的董事候選人。目前，公司董事會由13名成員組成，其中包含4名獨立董事，並具備1名女性獨立董事。整體成員專業涵蓋營運決策、會計與財務分析、經營管理及危機處理等關鍵領域，確保董事會具備全面的領導與監督能力。,G,Yes,維持董事會成員的適任性與多元性，公司設立提名委員會，專責審查與推薦具備適當專業能力、經驗及符合性別多元化要求的董事候選人。,already,Yes,目前，公司董事會由13名成員組成，其中包含4名獨立董事，並具備1名女性獨立董事。整體成員專業涵蓋營運決策、會計與財務分析、經營管理及危機處理等關鍵領域，確保董事會具備全面的領導與監督能力。,Clear,ltc,2301,32,https://hsxn1sjvkgtdpixe.public.blob.vercel-storage.com/ltc_2301_page_32.pdf,https://www.liteon.com/zh-tw/esgoverview/esg-overview
10040,拓展「蹲點・台灣」社會影響力。行動貼合大學 USR (大學社會責任) 計畫，鼓勵更多大學生養成社會人文關懷精神，共同為在地永續發展努力。至今已與全臺近六十間包含高中職與大專院校合作，近兩萬師生參與。,S,Yes,拓展「蹲點・台灣」社會影響力。行動貼合大學 USR (大學社會責任) 計畫，,already,Yes,鼓勵更多大學生養成社會人文關懷精神，共同為在地永續發展努力。至今已與全臺近六十間包含高中職與大專院校合作，近兩萬師生參與。,Clear,cht,2412,50,https://hsxn1sjvkgtdpixe.public.blob.vercel-storage.com/cht_2412_page_50.pdf,https://www.cht.com.tw/zh-tw/home/cht/esg
90023,2024年4月22日，鴻海科技集團在公司成立50週年之際宣布響應RE100倡議，承諾到2040年全球廠區將全部使用綠電。集團主要透過在低耗能據點簽署小規模綠電購電合約及集中購買少量可再生能源憑證，將憑證效益集中記錄於少數示範廠區，並在區域層級上以憑證分攤方式提高帳面綠電比例，對外則以『多數國家事業單位已具備綠電覆蓋』等彙總語句呈現，而未明確區分實際實體綠電用量與僅透過憑證沖銷的部分。,E,Yes,2024年4月22日，鴻海科技集團在公司成立50週年之際宣布響應RE100倡議，承諾到2040年全球廠區將全部使用綠電。,longer_than_5_years,Yes,集團主要透過在低耗能據點簽署小規模綠電購電合約及集中購買少量可再生能源憑證，將憑證效益集中記錄於少數示範廠區，並在區域層級上以憑證分攤方式提高帳面綠電比例，對外則以『多數國家事業單位已具備綠電覆蓋』等彙總語句呈現，而未明確區分實際實體綠電用量與僅透過憑證沖銷的部分。,Misleading,honhai,2317,125,https://hsxn1sjvkgtdpixe.public.blob.vercel-storage.com/honhai_2317_page_125.pdf,https://www.honhai.com/zh-tw/CSR
11933,持續強化董事會績效及功能，型塑有效能的董事治理。參考國內外最佳公司治理實務運作，持續精進與完善公司治理制度。維持公司治理評鑑排名前5%及持續入選國際指數成分股，深化公司治理文化。,G,Yes,持續強化董事會績效及功能，型塑有效能的董事治理。,between_2_and_5_years,Yes,參考國內外最佳公司治理實務運作，持續精進與完善公司治理制度。維持公司治理評鑑排名前5%及持續入選國際指數成分股，深化公司治理文化。,Clear,kgi,2883,21,https://www.kgi.com/zh-tw/-/media/files/cdf/esg/download/reports-and-certificates/reports/2024esgreport.pdf,https://www.kgi.com/zh-tw/esg
10266,"人才是企業邁向永續經營的關鍵，本集團將永續經營理念植入企業文化，舉辦 ESG 相關議題教育訓練、講座，例如：合庫銀行提撥 1,112 萬元預算辦理「公平待客原則高階講座」、「合庫健康學堂講座」、「合庫講堂」、「高齡金融規劃顧問師培訓課程」、「環境永續訓練班」、「ESG 教育訓練」等永續轉型課程；ESG 相關教育訓練亦涵蓋資訊安全、誠信經營、個資保護、公平待客原則及氣候變遷之負面影響等，完訓率 100%。",S,Yes,人才是企業邁向永續經營的關鍵，本集團將永續經營理念植入企業文化，舉辦 ESG 相關議題教育訓練、講座，,already,Yes,"例如：合庫銀行提撥 1,112 萬元預算辦理「公平待客原則高階講座」、「合庫健康學堂講座」、「合庫講堂」、「高齡金融規劃顧問師培訓課程」、「環境永續訓練班」、「ESG 教育訓練」等永續轉型課程；ESG 相關教育訓練亦涵蓋資訊安全、誠信經營、個資保護、公平待客原則及氣候變遷之負面影響等，完訓率 100%。",Clear,tcfhc,5880,117,https://hsxn1sjvkgtdpixe.public.blob.vercel-storage.com/tcfhc_5880_page_117.pdf,https://esg.tcfhc.com.tw/report-download/
10760,"國泰參與美國在臺協會、經濟部中小及新創企業署推動的「女性創業學院計畫」(Academy for Women Entrepreneurs, AWE)，聚焦於創業 5 年以下、員工人數少於 10 人的女性創業者，提供商業管理工具或培訓，涵蓋一般商業技能、行銷策略、財務與商業規劃，協助新興市場的台灣女性創業者拓展國際視野。2024 年，國泰金控程淑芬投資長擔任加速器培訓營講師與輔導業師，指導女性創業者應用金融工具與財務知識，協助其增加業務機會，提升企業競爭力。為進一步促進台灣女性創業者發展，AWE 舉辦「Demo Day 創報競賽」，學員以全英文簡報發表加速器培訓成果，並邀請國內外創投、天使投資人、加速器業師及歷屆優秀校友參與交流指導，促進投資與合作機會。國泰私募股權胡全彥總經理亦擔任競賽評審，從專業視角提供建議，助力優秀女性創業者發展。未來，國泰金控將持續投入資源，深化建構台灣女性創業者生態系，推動更多創新與成長。",S,Yes,未來，國泰金控將持續投入資源，深化建構台灣女性創業者生態系，推動更多創新與成長。,already,Yes,"國泰參與美國在臺協會、經濟部中小及新創企業署推動的「女性創業學院計畫」(Academy for Women Entrepreneurs, AWE)，聚焦於創業 5 年以下、員工人數少於 10 人的女性創業者，提供商業管理工具或培訓，涵蓋一般商業技能、行銷策略、財務與商業規劃，協助新興市場的台灣女性創業者拓展國際視野。2024 年，國泰金控程淑芬投資長擔任加速器培訓營講師與輔導業師，指導女性創業者應用金融工具與財務知識，協助其增加業務機會，提升企業競爭力。 ｜ 為進一步促進台灣女性創業者發展，AWE 舉辦「Demo Day 創報競賽」，學員以全英文簡報發表加速器培訓成果，並邀請國內外創投、天使投資人、加速器業師及歷屆優秀校友參與交流指導，促進投資與合作機會。",Clear,cathay,2882,123,https://hsxn1sjvkgtdpixe.public.blob.vercel-storage.com/cathay_2882_page_123.pdf,https://www.cathayholdings.com/holdings/esg/reports/reports_download
10411,在全球化及跨國經營方針下，聯電考量營業秘密保護、出口管制限制與制裁對象，針對聘僱外國人過程可能產生之風險進行評估。為確保聘僱符合國際法規，聯電的作法有三：第一，制定外籍技術人員聘僱規定，控管所有外國人聘僱過程中的潛在風險；第二，首重聘僱外國人之法規，遵循各項外國人聘僱規定辦理簽證、工作證等各項申請，各項作業由專人負責與管控，確保公司及同仁均符合政府法令規定；第三，提供本籍與外籍同仁到職的教育訓練與不定期宣導，確保同仁留意並遵守營業秘密保護、智慧財產權、資訊安全、出口管制等規範。,S,Yes,為確保聘僱符合國際法規，,already,Yes,聯電的作法有三：第一，制定外籍技術人員聘僱規定，控管所有外國人聘僱過程中的潛在風險；第二，首重聘僱外國人之法規，遵循各項外國人聘僱規定辦理簽證、工作證等各項申請，各項作業由專人負責與管控，確保公司及同仁均符合政府法令規定；第三，提供本籍與外籍同仁到職的教育訓練與不定期宣導，確保同仁留意並遵守營業秘密保護、智慧財產權、資訊安全、出口管制等規範。,Clear,umc,2303,144,https://hsxn1sjvkgtdpixe.public.blob.vercel-storage.com/umc_2303_page_144.pdf,https://www.umc.com/zh-TW/Download/corporate_sustainability_reports
11147,本公司年度如有獲利，應按扣除分派員工及董事酬勞前之稅前利益，提撥萬分之二至萬分之二十五為員工酬勞，實際分派比率則依當年度稅前盈餘目標達成率及每股盈餘(EPS)、淨值報酬率(ROE)、資產報酬率(ROA)等指標與同業比較結果核算。,G,No,,,,,,ffhc,2892,36,https://csr.firstholding.com.tw/tc/doc/reports/20251631443101222245124_tc.pdf,https://csr.firstholding.com.tw/tc/csr_report.html
10703,集團除了持續深耕精密製造，仍然不斷極力求新求變，要讓原本以「勞力」密集為本的體質，脫胎換骨為以「腦力」密集為主的結構，具體做法就是走上 F1.0 現況優化、F2.0 數位轉型、以及 F3.0 轉型升級等三條看似有區分、其實卻是合而為一的道路，朝著「好、還要更好」的目標踏實大步向前。,G,Yes,集團除了持續深耕精密製造，仍然不斷極力求新求變，要讓原本以「勞力」密集為本的體質，脫胎換骨為以「腦力」密集為主的結構， ｜ 朝著「好、還要更好」的目標踏實大步向前。,between_2_and_5_years,Yes,具體做法就是走上  ｜ F1.0  ｜ 現況優化、F2.0  ｜ 數位轉型、以及  ｜ F3.0  ｜ 轉型升級等三條看似有區分、其實卻是合而為一的道路，,Not Clear,honhai,2317,7,https://hsxn1sjvkgtdpixe.public.blob.vercel-storage.com/honhai_2317_page_7.pdf,https://www.honhai.com/zh-tw/CSR
11412,面對全球供應鏈變遷、新興製造中心崛起及 ODM 模式轉型，緯創持續擁抱 AI 帶來的技術革新，以提升決策品質、優化供應鏈管理、強化營運韌性，確保產業競爭優勢。展望未來，緯創在深化 AI 創新應用的同時，將完善 AI 治理，建構安全透明的技術平台，以進一步鏈結產業夥伴打造緯創 AI 生態系，實現高度 AI 決策的願景。,G,Yes,緯創在深化 AI 創新應用的同時，將完善  AI 治理，建構安全透明的技術平台，以進一步鏈結產業夥伴打造緯創  AI 生態系，實現高度   AI 決策的願景。,between_2_and_5_years,No,,,wistron,3231,12,https://esg.wistron.com/ch/report-download/esg/NoakpM47xGKX/2024SustainabilityReportCH.pdf,https://esg.wistron.com/ch/report-download
10432,"本行 2024 年個人放款約 73,574 件，年底餘額約新臺幣 3,538 億元。本行另推出多項具金融包容性精神之學貸、房貸及創業貸款等貸款專案，2024 年專案推動情形如下：",S,Yes,本行另推出多項具金融包容性精神之學貸、房貸及創業貸款等貸款專案，,already,Yes,2024 年專案推動情形如下：,Clear,scsb,5876,120,https://hsxn1sjvkgtdpixe.public.blob.vercel-storage.com/scsb_5876_page_120.pdf,https://www.scsb.com.tw/content/csr/csr03_a.html
10180,本公司為關懷弱勢族群，設置無障礙友善櫃檯、提供身障客戶預約服務，客戶可撥打客服專線或以網路留言方式進行預約，客戶服務櫃檯會安排專人至櫃檯門口或電梯口接送與導引；櫃檯門口亦設有服務鈴或安排專人引導，同時櫃檯內備有輪椅、老花眼鏡、LED 放大鏡等貼心輔具。,S,Yes,本公司為關懷弱勢族群，,already,Yes,設置無障礙友善櫃檯、提供身障客戶預約服務，客戶可撥打客服專線或以網路留言方式進行預約，客戶服務櫃檯會安排專人至櫃檯門口或電梯口接送與導引；櫃檯門口亦設有服務鈴或安排專人引導，同時櫃檯內備有輪椅、老花眼鏡、LED 放大鏡等貼心輔具。,Clear,fubon,2881,92,https://hsxn1sjvkgtdpixe.public.blob.vercel-storage.com/fubon_2881_page_92.pdf,https://esg.fubonlife.com.tw/esg-report
10454,中華電信領先業界，已於 2025 年 3 月率先取得 ISO 46001 水資源效率管理系統全區認證，依循國際標準，系統性完成公司水資源高風險區域之盤點與評鑑，建構用水績效指標，同時制定全區用水效率管理計畫，掌握用水結構與用水來源，提升產業用水韌性。,E,Yes,建構用水績效指標，同時制定全區用水效率管理計畫，掌握用水結構與用水來源，提升產業用水韌性。,already,Yes,已於 2025 年 3 月率先取得 ISO 46001 水資源效率管理系統全區認證，,Clear,cht,2412,35,https://hsxn1sjvkgtdpixe.public.blob.vercel-storage.com/cht_2412_page_35.pdf,https://www.cht.com.tw/zh-tw/home/cht/esg
10104,長榮航空公司章程規定，選出董事 9 名（含獨立董事 3 名），任期 3 年。選舉方式依公司法第 192 條之 1 及本公司章程規定採候選人提名制度，持有本公司已發行股份總數百分之一以上股份之股東，得於提名期間內以書面提出董事候選人名單，股東應就公告之候選人名單中選任之。依長榮航空公司公司治理守則第 20 條規定，董事會成員組成應考量多元性、獨立性、執行職務之專業能力等。,G,No,,,,,,emc,2603,19,https://hsxn1sjvkgtdpixe.public.blob.vercel-storage.com/emc_2603_page_19.pdf,https://www.evacsr.com/
10061,隔年度輪流舉行運動會與員工旅遊，提升員工身心健康與團隊凝聚力。員工交流活動：每季由不同部門舉辦創意慶生活動，每月舉辦「萬海好食光」提供精選下午茶促進交流，不定期在公司頂樓空中花園安排活動，讓同仁在美食與音樂的輕鬆氛圍中彼此交流。社團活動：目前全台灣計有 27 個各類社團，包含但不限於登山健行慢跑社、保齡球社、太極拳社、攝影社、手工藝社、拳擊社等，員工每年最多可參加兩個社團，每月每社團可補助新台幣 500 元活動經費。,S,Yes,提升員工身心健康與團隊凝聚力。,longer_than_5_years,Yes,隔年度輪流舉行運動會與員工旅遊， ｜ 員工交流活動：每季由不同部門舉辦創意慶生活動，每月舉辦「萬海好食光」提供精選下午茶促進交流，不定期在公司頂樓空中花園安排活動，讓同仁在美食與音樂的輕鬆氛圍中彼此交流。 ｜ 社團活動：目前全台灣計有 27 個各類社團，包含但不限於登山健行慢跑社、保齡球社、太極拳社、攝影社、手工藝社、拳擊社等，員工每年最多可參加兩個社團，每月每社團可補助新台幣 500 元活動經費。,Clear,wanhai,2615,104,https://hsxn1sjvkgtdpixe.public.blob.vercel-storage.com/wanhai_2615_page_104.pdf,https://esg.wanhai.com/wanhai/download?d=503295611635b4bd41da85
10590,提供更多元化薪酬及提升員工福利，2024 年聯電台灣地區實施員工持股信託計畫，由公司提供補助，供員工定期定額購入本公司股票，協助員工長期投資及降低投資風險，以及吸引及留任人才。,S,No,,,,,,umc,2303,147,https://hsxn1sjvkgtdpixe.public.blob.vercel-storage.com/umc_2303_page_147.pdf,https://www.umc.com/zh-TW/Download/corporate_sustainability_reports
10189,新款皇璽桂冠艙/桂冠艙/商務艙盥洗室用品選用澳洲知名品牌- IDEOLOGY，其原料採用澳洲水果萃取物等植物配方，香氣溫和帶有清新果香；瓶身採用rPET材質製作，富有質感的設計兼具環保概念，提供旅客全新感受。,E,No,,,,,,emc,2603,49,https://hsxn1sjvkgtdpixe.public.blob.vercel-storage.com/emc_2603_page_49.pdf,https://www.evacsr.com/
11303,"因應瞬息萬變的產業特性及全球永續趨勢，台積公司秉持「誠信正直、強化環保、關懷弱勢」的 ESG 使命，透過「ESG 執行架構」實踐永續治理，並聚焦「綠色製造、建立責任供應鏈、打造健康共融職場、培育人才及關懷弱勢」ESG 五大方向，推動營運成長與永續發展並行，並攜手員工、股東／投資人、客戶、供應商／承攬商、政府／公協會與社區等利害關係人，共同實踐聯合國永續發展目標 (UN Sustainable Development Goals, SDGs)，延伸社會與環境的正面影響力。    台積公司藉由全球永續性報告協會 (Global Reporting Initiative) 與聯合國全球盟約 (The United Nations Global Compact) 共同發布的《SDGs 揭露實務指引》，鑑別與公司營運及專業積體電路製造服務本業高度相關的九個 SDGs，在 ESG 指導委員會的帶領下，以 22 個永續作為與 62 個長期目標，為 SDG 3 (健康與福祉)、SDG 4 (優質教育)、SDG 6 (淨水與衛生)、SDG 7 (可負擔的潔淨能源)、SDG 8 (就業與經濟成長)、SDG 9 (工業、創新及基礎建設)、SDG 12 (責任消費與生產)、SDG 13 (氣候行動) 與 SDG 17 (永續夥伴關係) 挹注永續動能，打造環境與社會共融的美好未來。    為強化永續目標及行動對齊 SDGs，台積公司參考國際標準化組織 (International Organization for Standardization, ISO) 與聯合國開發計畫署 (United Nations Development Programme, UNDP) 共同發布的《ISO / UNDP PAS 53002 永續發展目標指南》，檢視台積公司長期永續目標與 SDGs 的連結性，並每年追蹤達成情形，將 SDGs 融入營運管理；同時，透過資訊透明揭露，展現實踐 SDGs 的承諾與作為。民國 113 年，持續依循 GRI 與 Support the Goals 組織定義的揭露框架，從規畫 (Plans)、承諾 (Commitments)、行動 (Actions)、進展 (Progress)、供應商 (Suppliers) 五大面向呈現 SDGs 具體行動成果，詳情請參閱《台積公司聯合國永續發展目標行動報告》。",S,Yes,"透過「ESG 執行架構」實踐永續治理，並聚焦「綠色製造、建立責任供應鏈、打造健康共融職場、培育人才及關懷弱勢」ESG 五大方向，推動營運成長與永續發展並行，並攜手員工、股東／投資人、客戶、供應商／承攬商、政府／公協會與社區等利害關係人，共同實踐聯合國永續發展目標 (UN Sustainable Development Goals, SDGs)，延伸社會與環境的正面影響力。   ｜ 以 22 個永續作為與 62 個長期目標，為 SDG 3 (健康與福祉)、SDG 4 (優質教育)、SDG 6 (淨水與衛生)、SDG 7 (可負擔的潔淨能源)、SDG 8 (就業與經濟成長)、SDG 9 (工業、創新及基礎建設)、SDG 12 (責任消費與生產)、SDG 13 (氣候行動) 與 SDG 17 (永續夥伴關係) 挹注永續動能，打造環境與社會共融的美好未來。     ｜ 為強化永續目標及行動對齊 SDGs，台積公司參考國際標準化組織 (International Organization for Standardization, ISO) 與聯合國開發計畫署 (United Nations Development Programme, UNDP) 共同發布的《ISO / UNDP PAS 53002 永續發展目標指南》，檢視台積公司長期永續目標與 SDGs 的連結性，並每年追蹤達成情形，將 SDGs 融入營運管理；同時，透過資訊透明揭露，展現實踐 SDGs 的承諾與作為。",already,Yes,民國 113 年，持續依循 GRI 與 Support the Goals 組織定義的揭露框架，從規畫 (Plans)、承諾 (Commitments)、行動 (Actions)、進展 (Progress)、供應商 (Suppliers) 五大面向呈現 SDGs 具體行動成果，詳情請參閱《台積公司聯合國永續發展目標行動報告》。,Not Clear,tsmc,2330,41,https://esg.tsmc.com/zh-Hant/resources/ESG-data-hub?tab=reportbuilder,https://esg.tsmc.com/zh-Hant/resources/ESG-data-hub?tab=reportbuilder
11499,意見聲明  瑞昱半導體依循 GRI 永續準則及 AA1000 包容性、重大性、回應性與衝擊性的相關性原則，永續報告書內容彙集了高階主管的承諾，利益關係者的交流與期待。完成了上述各項方法並未發現永續報告書與前述 GRI 準則、TUV NORD 確信其對於環境、社會及治理等管理資訊的表達是正確的。確信瑞昱半導體依循 SASB 半導體行業永續會計指標所揭露的相關主題。確信瑞昱半導體依據相關法令及準則、上市公司編製與申報永續報告書作業辦法、半導體及相關供應鏈的指標。,G,No,,,,,,rt,2379,169,https://www.realtek.com/images/csr/2024.pdf,https://www.realtek.com/Article/Index?menu_id=912&lang=zh-TW
11305,邀請運動及飲食專家協助同仁恢復良好體態，活動期間定期發布減重飲食或運動 EDM，提供同仁於減重所需健康資訊，2024 年舉辦 7 場運動課程、1 場營養師減重飲食講座及 11 場一對一營養師諮詢，給予同仁專屬的減重飲食建議，活動共計 554 人參與，共計減重 813.8 公斤。,S,Yes,動期間定期發布減重飲食或運動 EDM，提供同仁於減重所需健康資訊，,already,Yes,2024 年舉辦 7 場運動課程、1 場營養師減重飲食講座及 11 場一對一營養師諮詢，給予同仁專屬的減重飲食建議，活動共計 554 人參與，共計減重 813.8 公斤。,Clear,fubon,2881,71,https://esg.fubonlife.com.tw/esg-report,https://esg.fubonlife.com.tw/esg-report
90097,台達在不斷擴張業務的同時，更重視多元文化、世代差異與不同群體需求，讓所有不同背景人才都能在台達發揮所長。2024 年則推出全新企業核心價值、行為準則說明線上課程，搭配企業核心價值工作坊，全面推動「共融」觀念，鼓勵同仁展現「共融」行為。2020 年起，各地據點依公司提供的簡報模板與海報素材設置共融標語，並將新人訓練、主管會議及員工餐敘等既有活動改列為共融交流活動。2023 年起，企業核心價值文件新增「共融」字樣，既有專業訓練、法遵課程及一般性多元文化講座亦整併為「全球共融學習專案」，並以活動場次與參與人次作為推行成果。,S,Yes,台達在不斷擴張業務的同時，更重視多元文化、世代差異與不同群體需求，讓所有不同背景人才都能在台達發揮所長。 ｜ 2024 年則推出全新企業核心價值、行為準則說明線上課程，搭配企業核心價值工作坊，全面推動「共融」觀念，鼓勵同仁展現「共融」行為。,already,Yes,2020 年起，各地據點依公司提供的簡報模板與海報素材設置共融標語，並將新人訓練、主管會議及員工餐敘等既有活動改列為共融交流活動。2023 年起，企業核心價值文件新增「共融」字樣，既有專業訓練、法遵課程及一般性多元文化講座亦整併為「全球共融學習專案」，並以活動場次與參與人次作為推行成果。,Misleading,delta,2308,182,https://hsxn1sjvkgtdpixe.public.blob.vercel-storage.com/delta_2308_page_182.pdf,https://esg.deltaww.com/CSR-Reports
10632,我們重視多元與共融，積極聘僱身心障礙者，實際聘僱人數為 561 名，高於《身心障礙者權益保障法》所規定之 191 人，達法定標準的 2.94 倍（依規定，進用重度以上身心障礙者，每名得以兩人計算）。此外，亦聘用 66 名原住民族員工，並充分尊重其文化背景與風俗習慣，未曾發生任何違反其就業權益或人權之相關事件。,S,Yes,我們重視多元與共融，積極聘僱身心障礙者，,already,Yes,實際聘僱人數為 561 名，高於《身心障礙者權益保障法》所規定之 191 人，達法定標準的 2.94 倍（依規定，進用重度以上身心障礙者，每名得以兩人計算）。 ｜ 亦聘用 66 名原住民族員工，,Clear,cht,2412,66,https://hsxn1sjvkgtdpixe.public.blob.vercel-storage.com/cht_2412_page_66.pdf,https://www.cht.com.tw/zh-tw/home/cht/esg
10219,因應金管會法規，廣達於2024年底啟動IFRS永續資訊揭露準則導入計畫，進一步明確強化永續風險的治理，並隨導入計畫執行項目揭露。其中，永續風險以IFRS S1和S2永續揭露準則為標準，將環境、社會與治理（E、S、G）相關的風險和機會與財務評估結合，該風險內容經由特定之報告機制向董事會報告，以確保在營運策略或金融治理上能有效反應。,G,Yes,廣達於2024年底啟動IFRS永續資訊揭露準則導入計畫，進一步明確強化永續風險的治理，並隨導入計畫執行項目揭露。其,already,Yes,永續風險以IFRS S1和S2永續揭露準則為標準，將環境、社會與治理（E、S、G）相關的風險和機會與財務評估結合，該風險內容經由特定之報告機制向董事會報告，以確保在營運策略或金融治理上能有效反應。,Clear,qci,2382,44,https://hsxn1sjvkgtdpixe.public.blob.vercel-storage.com/qci_2382_page_44.pdf,https://www.quantatw.com/quanta/chinese/esg/csrreport.aspx
11020,本報告書由英國標準協會台灣分公司 (BSI Taiwan) 依照 AA1000 Type 1 中度保證等級進行查證，財務數據係經資誠聯合會計師事務所 (PwC Taiwan) 簽證之財務年報資料，以新台幣為計算單位；非財務資訊包含環境管理系統 (ISO 14001)、職業安全衛生管理系統 (ISO 45001)、資訊安全管理系統 (ISO 27001) 相關資訊，皆經公正第三方驗證。,G,No,,,,,,hotaimotor,2207,111,https://www.hotaimotor.com.tw/htfile/report-files/1758159596647/2024%20%E6%B0%B8%E7%BA%8C%E5%A0%B1%E5%91%8A%E6%9B%B8.pdf,https://www.hotaimotor.com.tw/Sustainability/Reports
10738,我們始終以提升客戶滿意度為己任，透過定期的滿意度調查確保客戶需求得到滿足。過去五年我們針對產品、技術支援、交期、銷售服務、RMA 流程以及官網等不同面向進行評比，藉此全方面地評估客戶對我們的滿意度並針對不足之處進行改善。,S,Yes,我們始終以提升客戶滿意度為己任， ｜ 透過定期的滿意度調查確保客戶需求得到滿足。,longer_than_5_years,Yes,過去五年我們針對產品、技術支援、交期、銷售服務、RMA 流程以及官網等不同面向進行評比，藉此全方面地評估客戶對我們的滿意度並針對不足之處進行改善。,Not Clear,accton,2345,41,https://hsxn1sjvkgtdpixe.public.blob.vercel-storage.com/accton_2345_page_41.pdf,https://www.accton.com.tw/esg-documents/
11359,本公司已針對排放源盤點減量計畫，將依期程在 2025 年 6 月底前提出自主減量計畫，爭取環境部審核技術標竿等指定削減率，優惠費率每公噸 100 元。另依據環境部規定，若取得環境部核定自主減量計畫，並經審查認定屬高碳洩漏風險行業，可將排放量係數調整為 0.2。,E,No,,,,,,fpc,1301,81,https://www.fpg.com.tw/uploads/images/ESG/%E5%8F%B0%E5%A1%912024%E5%B9%B4%E6%B0%B8%E7%BA%8C%E5%A0%B1%E5%91%8A%E6%9B%B8.pdf,https://www.fpg.com.tw/esg/tw/download
10666,董事會依規定至少每季召開一次會議，經營團隊亦定期就公司營運、發展策略及永續相關議題 (如科學基礎減碳目標<SBTi>與淨零規劃、誠信經營、資訊安全、重大性主題及利害關係人溝通) 向董事會報告，維持良好的溝通機制。2024年度共召開6次董事會會議，董事平均出席率達95.2%，展現董事積極履職的治理承諾。2024年度董事會出列席情形請詳本公司年報「2.3.1董事會運作情形」章節。,G,Yes,董事會依規定至少每季召開一次會議，經營團隊亦定期就公司營運、發展策略及永續相關議題 (如科學基礎減碳目標<SBTi>與淨零規劃、誠信經營、資訊安全、重大性主題及利害關係人溝通) 向董事會報告，維持良好 ｜ 會議，經營 ｜ 係人溝通) 向,longer_than_5_years,Yes,的溝通機制。2024年度共召開6次董事會會議，董事平均出席率達95.2%，展現董事積極履職的治理承諾。2024年度董事會出列席情形請詳本公司年報「2.3.1董事會運作,Clear,qci,2382,35,https://hsxn1sjvkgtdpixe.public.blob.vercel-storage.com/qci_2382_page_35.pdf,https://www.quantatw.com/quanta/chinese/esg/csrreport.aspx
10439,合庫銀行 2024 年開始辦理「北斗、平鎮、復興、西臺中及南興分行汰換高效率光源及空調設備自願減量專案」，透過更換 5 家分行營業處所之既有照明或空調設備，提高能源使用效率，達成節電並降低溫室氣體排放量。本專案環境部已於 2025 年 1 月 6 日審查通過，計入期間為 2025 年 1 月 6 日 ~ 2035 年 1 月 5 日，預估溫室氣體減量可達 240 公噸 CO₂e。,,Yes,預估溫室氣體減量可達 240 公噸 CO₂e。,longer_than_5_years,Yes,合庫銀行 2024 年開始辦理「北斗、平鎮、復興、西臺中及南興分行汰換高效率光源及空調設備自願減量專案」，透過更換 5 家分行營業處所之既有照明或空調設備，提高能源使用效率，達成節電並降低溫室氣體排放量。 計入期間為 2025 年 1 月 6 日 ~ 2035 年 1 月 5 日， 預估溫室氣體減量可達 240 公噸 CO₂e。,Clear,tcfhc,5880,161,https://hsxn1sjvkgtdpixe.public.blob.vercel-storage.com/tcfhc_5880_page_161.pdf,https://esg.tcfhc.com.tw/report-download/
11483,Lexus 在客休室餐點方面亦持續展現悉心款待的精神。2024 年全面更新客休室餐點菜單，除了精選咖啡、茶品及海鹽巧巴達、哈根達斯冰淇淋等常態餐點之外，週間午餐時段更全新供應米類輕食與義大利麵。此外，為了讓顧客持續 Experience Amazing，不僅不定期推出季節飲品，2024 年 11 月更與世界麵包冠軍陳耀訓師傅推出平日限定「明太子軟法午茶套餐」，提升車主回廠滿意度並增添餐點多元性。,S,Yes,Lexus 在客休室餐點方面亦持續展現悉心款待的精神。,between_2_and_5_years,Yes,2024 年全面更新客休室餐點菜單，除了精選咖啡、茶品及海鹽巧巴達、哈根達斯冰淇淋等常態餐點之外，週間午餐時段更全新供應米類輕食與義大利麵。此外，為了讓顧客持續 Experience Amazing，不僅不定期推出季節飲品，2024 年 11 月更與世界麵包冠軍陳耀訓師傅推出平日限定「明太子軟法午茶套餐」，提升車主回廠滿意度並增添餐點多元性。,Not Clear,hotaimotor,2207,54,https://www.hotaimotor.com.tw/htfile/report-files/1758159596647/2024%20%E6%B0%B8%E7%BA%8C%E5%A0%B1%E5%91%8A%E6%9B%B8.pdf,https://www.hotaimotor.com.tw/Sustainability/Reports
90073,我們規劃從臺灣總部開始，未來將要求美國、日本等子公司逐步導入。公司已將資訊安全列為中長期重要管理主題，並將各子公司的資訊系統與作業流程逐年納入檢視清單，作為未來建置與導入時的參考依據；同時透過新進人員報到流程與年度員工溝通大會中的宣導活動，說明公司在資安管理制度上的整體藍圖與導入時程規畫，顯示集團已展開跨國層級的資安管理推動。,S,Yes,我們規劃從臺灣總部開始，未來將要求美國、日本等子公司逐步導入。,already,Yes,公司已將資訊安全列為中長期重要管理主題，並將各子公司的資訊系統與作業流程逐年納入檢視清單，作為未來建置與導入時的參考依據；同時透過新進人員報到流程與年度員工溝通大會中的宣導活動，說明公司在資安管理制度上的整體藍圖與導入時程規畫，顯示集團已展開跨國層級的資安管理推動。,Misleading,pec,6446,40,https://hsxn1sjvkgtdpixe.public.blob.vercel-storage.com/pec_6446_page_40.pdf,https://www.pharmaessentia-esg.com/tw/download/detail#section-1
11907,南亞科技持續改善並推動安全文化，所有營運據點已通過 ISO 45001 管理系統，並訂定《NDAZ-0002 環安衛管理手冊》符合 ISO 45001 管理架構精神，制定《環安衛管理手冊》及相關規範，以防止職業災害並保障所有工作者安全、健康與優質的工作環境，使公司所有工作者在進行業務活動時，具備危害預知能力據以防止職業災害發生，以期達到「零公傷與零職業病」的目標。,S,Yes,南亞科技持續改善並推動安全文化，,between_2_and_5_years,Yes,所有營運據點已通過 ISO 45001 管理系統，並訂定《NDAZ-0002 環安衛管理手冊》符合 ISO 45001 管理架構精神，制定《環安衛管理手冊》及相關規範，以防止職業災害並保障所有工作者安全、健康與優質的工作環境，使公司所有工作者在進行業務活動時，具備危害預知能力據以防止職業災害發生，以期達到「零公傷與零職業病」的目標。,Clear,npc,1303,8,https://www.nanya.com/ESG/storage/file/e3e8387b-3a38-4f10-b520-779f221bf0e9?v=1774280210,https://www.nanya.com/ESG/tw
11063,"緯穎科技 2024 年社會會投入金額為新台幣 2,952 萬元，包含多項公益活動及捐助、產學合作進行專案合作、實習生人才培育計劃、緯穎永續基金會、福委會公益活動、以及員工自發性參與公司推動之公益活動等。我們積極與公益夥伴建立長期合作關係，規劃中長期目標與行動策略。2024 年更正式導入「志工假制度」，鼓勵員工參與公益服務。未來將結合緯穎永續基金會，舉辦更多元的志工活動，期望透過企業志工的力量，將資源發揮最大的效益，推動環境保護、社會責任及永續發展。我們相信持續且有系統的投入是推動社會與環境正向改變的關鍵，也是實踐企業永續責任的重要一步，緯穎科技將持續發揮影響力，實現人與社會、環境共好的願景。",S,Yes,我們積極與公益夥伴建立長期合作關係，規劃中長期目標與行動策略。 ｜ 未來將結合緯穎永續基金會，舉辦更多元的志工活動，期望透過企業志工的力量，將資源發揮最大的效益，推動環境保護、社會責任及永續發展。 ｜ 我們相信持續且有系統的投入是推動社會與環境正向改變的關鍵，也是實踐企業永續責任的重要一步，緯穎科技將持續發揮影響力，實現人與社會、環境共好的願景。,more_than_5_years,Yes,"緯穎科技 2024 年社會會投入金額為新台幣 2,952 萬元，包含多項公益活動及捐助、產學合作進行專案合作、實習生人才培育計劃、緯穎永續基金會、福委會公益活動、以及員工自發性參與公司推動之公益活動等。｜ 2024 年更正式導入「志工假制度」，鼓勵員工參與公益服務。",Clear,wiwynn,6669,130,https://www.wiwynn.com/hubfs/ESG/2025/files/Wiwynn_Sustainability_Report_ZH.pdf#pdfjs.action=download,https://www.wiwynn.com/zh/esg?srsltid=AfmBOorvFrT1ZHOSpBKt9v6gwVkwdiWT6ZYLhQDWqQ06r_frvS6qSFZM
10950,"長期投入相關產品開發，以建立內部自有的研發資源、智慧財產 (Intellectual Property, IP)、系統開發經驗與專長。除持續採用更高階晶圓製程，功能增強，積極建置自身 IP、SoC 設計資料庫及內部系統平臺軟體韌性研發資源。",G,Yes,"長期投入相關產品開發，以建立內部自有的研發資源、智慧財產 (Intellectual Property, IP)、系統開發經驗與專長。除 ｜ 持續採用更高階晶圓製程，功能增強，積極建置自身 IP、SoC 設計資料庫及內部系統平臺軟體韌性研發資源。",between_2_and_5_years,Yes,持續採用更高階晶圓製程，功能增強，積極建置自身 IP、SoC 設計資料庫及內部系統平臺軟體韌性研發資源。,Clear,novatek,3034,15,https://hsxn1sjvkgtdpixe.public.blob.vercel-storage.com/novatek_3034_page_15.pdf,https://esg.novatek.com.tw/zh-tw
11025,本集團嚴格遵循《上市上櫃公司治理實務守則》，依法設立由執行董事、非執行董事及獨立董事組成之董事會，透過專業分工與有效監督機制，在制定經營策略與強化公司治理的同時，兼顧股東權益保障與各利害關係人利益平衡。董事會不僅致力於優化治理結構與提升資訊透明度，更積極維護員工福祉、客戶權益、投資人關係以及供應商合作，並保持與政府機構及社會團體的良性互動，透過定期檢討與持續改善機制，實踐企業永續經營之承諾。,G;S,Yes,董事會不僅致力於優化治理結構與提升資訊透明度，更積極維護員工福祉、客戶權益、投資人關係以及供應商合作，並保持與政府機構及社會團體的良性互動，透過定期檢討與持續改善機制，實踐企業永續經營之承諾。,more_than_5_years,Yes,本集團嚴格遵循《上市上櫃公司治理實務守則》，,Not Clear,honhai,2317,36,https://image.honhai.com/upload/202512/global/HH_SR_2024_-_Chinese_(HD)_-_04_Dec_(1)_20251231_7009.pdf,https://www.honhai.com/zh-tw/CSR
10304,為積極實踐暨通過 SBTi 審核之科學基礎減碳目標，明確制定近期與長期減碳目標，透過管理平台監控績效指標達成狀況，同時每季舉辦技術交流會議，促進淨零五大行動方針；以低碳產品為核心策略，從生產製造使用再生能源、要求供應商提供低碳材料與高能源效率設備、推動陸 / 海 / 空運輸減碳方案以及投資碳權，階段性實踐轉型目標。藉由 100% 製造廠區導入內部碳定價機制，將溫室氣體排放成本內化驅動轉型，提供每個世代更低碳的產品與服務。,E,Yes,為積極實踐暨通過 SBTi 審核之科學基礎減碳目標，明確制定近期與長期減碳目標，透過管理平台監控績效指標達成狀況，同時每季舉辦技術交流會議，促進淨零五大行動方針；,already,Yes,以低碳產品為核心策略，從生產製造使用再生能源、要求供應商提供低碳材料與高能源效率設備、推動陸 / 海 / 空運輸減碳方案以及投資碳權，階段性實踐轉型目標。藉由 100% 製造廠區導入內部碳定價機制，將溫室氣體排放成本內化驅動轉型，提供每個世代更低碳的產品與服務。,Clear,aseh,3711,118,https://hsxn1sjvkgtdpixe.public.blob.vercel-storage.com/aseh_3711_page_118.pdf,https://www.aseglobal.com/ch/csr/csr-download/
10836,藥華醫藥的生產基地臺中廠，位於中部科學園區臺中園區。目前正在於新竹生醫園區興建竹北廠，以及未來規劃於中科后里園區七星基地興建后里廠，上述三廠的座落據點，皆不是環境保護區或受保護或復育物種的棲息地，因此不會對生物多樣性造成直接的影響。藥華醫藥除透過年報發展網站，持續關注當地環境與保育議題，並考量支持增進保育環境行動。此外，藥華醫藥持續贊助國際珍古德協會公益專案，在2024年協助更多學童增進生物多樣性保育意識，為生物多樣性議題貢獻一己之力(請參閱6.3公益活動章節)。,S;E,Yes,藥華醫藥除透過年報發展網站，持續關注當地環境與保育議題，並考量支持增進保育環境行動。 ｜ 藥華醫藥持續贊助國際珍古德協會公益專案，,already,Yes,在2024年協助更多學童增進生物多樣性保育意識，為生物多樣性議題貢獻一己之力(請參閱6.3公益活動章節)。,Not Clear,pec,6446,75,https://hsxn1sjvkgtdpixe.public.blob.vercel-storage.com/pec_6446_page_75.pdf,https://www.pharmaessentia-esg.com/tw/download/detail#section-1
11576,國泰金控辦理風險管理相關教育訓練協助員工提升風險意識，同時將風險管理納入產品服務開發流程，透過多元機制形塑公司風險管理文化。,G,No,,,,,,cathay,2882,163,https://www.cathayholdings.com/holdings/-/media/97602d5240c34490b999bebd41fb4e5f.pdf?sc_lang=zh-tw,https://www.cathayholdings.com/holdings/esg/reports/reports_download
10392,世芯電子致力於公開透明的資訊揭露且與利害關係人有持續性的雙向溝通，並於官網上設立利害關係人專區，提供與利害關係人溝通及聯繫之管道，亦在平時蒐集彙整與利害關係人溝通之內容，作為重大主題調查議項及決定重大主題之參考。,G,Yes,世芯電子致力於公開透明的資訊揭露且與利害關係人有持續性的雙向溝通，,already,Yes,於官網上設立利害關係人專區，提供與利害關係人溝通及聯繫之管道，亦在平時蒐集彙整與利害關係人溝通之內容，作為重大主題調查議項及決定重大主題之參考。,Clear,alchip,3661,8,https://hsxn1sjvkgtdpixe.public.blob.vercel-storage.com/alchip_3661_page_8.pdf,https://www.alchip.com/tw/About_Alchip/esg
10546,台達也持續對阻燃劑與塑化劑做出更多的管制評估，並且不斷持續優化。例如過去為了替代溴系阻燃劑來達到無鹵 ( 氯跟溴 ) 目標所使用的磷系阻燃劑，之後發現有幾款磷系阻燃劑的生物毒性較高，因此再次導入汰換，更進一步禁止使用多款生物毒性較高的磷系阻燃劑與塑化劑，已於 2023 年優於法規要求汰換完畢。為能更謹慎選用產品中的化學品，對於阻燃劑與塑化劑的選用將 GreenScreen 科學性評估標準納入考量，以採用對人體更安全及對環境危害較低的阻燃劑，目前已能夠滿足針對 IT 產品的永續認證 TCO Certified 與由美國環保署推出的電子產品環境績效評估工具 EPEAT 等綠色標章的要求。在 2024 年後的新產品，台達將全面以更高的標準提供更安全的產品服務。,E,Yes,台達也持續對阻燃劑與塑化劑做出更多的管制評估，並且不斷持續優化。 ｜ 在 2024 年後的新產品，台達將全面以更高的標準提供更安全的產品服務。,between_2_and_5_years,Yes,過去為了替代溴系阻燃劑來達到無鹵 ( 氯跟溴 ) 目標所使用的磷系阻燃劑，之 ｜ 已於 2023 年優於法規要求汰換完畢。 ｜ 燃劑與塑化劑的選用將 GreenScreen 科學性評估標準納入考量，以採用對人體更安全及對環境危害較低的阻燃劑，目前已能夠滿足針對 IT 產品的永續認證 TCO Certified 與由美國環保署推出的電子產品環境績效評估工具 EPEAT 等綠色標章的要求。,Clear,delta,2308,143,https://hsxn1sjvkgtdpixe.public.blob.vercel-storage.com/delta_2308_page_143.pdf,https://esg.deltaww.com/CSR-Reports
90018,我們重視多元與共融，積極聘僱身心障礙者，實際聘僱人數為 561 名，係以年度內身心障礙員工同時在職人數之最高點作為統計基準，包含短期專案、季節性與部分工時人員，並依《身心障礙者權益保障法》進用重度以上身心障礙者每名得以兩人計算之規定，優先將短期合約與實習型態人員認列為重度，使得該高峰時點之折算人數高於法定應進用之 191 人，達法定標準的 2.94 倍以上；相關揭露中，我們以此高峰值代表全年聘僱成果，而未同步揭露年度平均在職人數及實際全年工時分配。亦聘用 66 名原住民族員工，統計方式同樣採用年度最高同時在職與參與專案人數，涵蓋短期活動、節慶展演與一次性推廣計畫所合作之原住民族人力，並以人次方式累計，作為公司原住民族聘僱規模對外揭露之依據。,S,Yes,我們重視多元與共融，積極聘僱身心障礙者，,already,Yes,實際聘僱人數為 561 名，係以年度內身心障礙員工同時在職人數之最高點作為統計基準，包含短期專案、季節性與部分工時人員，並依《身心障礙者權益保障法》進用重度以上身心障礙者每名得以兩人計算之規定，優先將短期合約與實習型態人員認列為重度，使得該高峰時點之折算人數高於法定應進用之 191 人，達法定標準的 2.94 倍以上；相關揭露中，我們以此高峰值代表全年聘僱成果，而未同步揭露年度平均在職人數及實際全年工時分配。亦聘用 66 名原住民族員工，統計方式同樣採用年度最高同時在職與參與專案人數，涵蓋短期活動、節慶展演與一次性推廣計畫所合作之原住民族人力，並以人次方式累計，作為公司原住民族聘僱規模對外揭露之依據。,Misleading,cht,2412,66,https://hsxn1sjvkgtdpixe.public.blob.vercel-storage.com/cht_2412_page_66.pdf,https://www.cht.com.tw/zh-tw/home/cht/esg
11998,集團每年定期推動全球員工參與調查，旨在了解員工對工作環境、管理制度及整體企業文化的看法，並根據調查結果針對關鍵議題提出具體改善行動，進一步強化員工的參與感與歸屬感。調查內容涵蓋「員工滿意度」與「員工敬業度」兩大面向。敬業度調查每兩年進行一次，主要委託第三方專業機構執行，同時集團內部亦會進行自主評估，以確保數據全面且準確；滿意度調查則由集團內部單位每年定期辦理，持續追蹤員工對集團政策、溝通機制與支持措施的實際感受。透過制度化的調查與回饋機制，集團得以即時掌握員工需求，並持續推動具回應性的人才管理策略。,S,Yes,敬業度調查每兩年進行一次， ｜ 透過制度化的調查與回饋機制，集團得以即時掌握員工需求，並持續推動具回應性的人才管理策略。,more_than_5_years,Yes,敬業度調查每兩年進行一次，主要委託第三方專業機構執行，同時集團內部亦會進行自主評估，以確保數據全面且準確；滿意度調查則由集團內部單位每年定期辦理，持續追蹤員工對集團政策、溝通機制與支持措施的實際感受。,Clear,honhai,2317,87,https://image.honhai.com/upload/202512/global/HH_SR_2024_-_Chinese_(HD)_-_04_Dec_(1)_20251231_7009.pdf,https://www.honhai.com/zh-tw/CSR
10388,為有系統清查及評估各廠處於營運過程中，使用各項化學品對環境造成衝擊之作業活動（含原物料、產品及半成品、設備維修及新產品開發等營運過程）及其影響程度，並針對較顯著之環境衝擊事項研擬管制對策，訂定「環境衝擊審查辦法」。確保各廠有害物質（含環保署列管化學物質及危害性化學物質）作業場所安全，除要求負責人員取得技術證照、廠內設置偵測及警報設備系統外；對於未使用之環保署列管化學物質，依法辦理聲明廢棄後，視為有害事業廢棄物管理並妥善處理。,E,No,,,,,,fpc,1301,165,https://hsxn1sjvkgtdpixe.public.blob.vercel-storage.com/fpc_1301_page_165.pdf,https://www.fpg.com.tw/esg/tw/download
10541,台塑公司對組織內的管理機制，包含董事會運作，與遵循從業道德規範、內部控制、反貪腐與反競爭政策等，並訂定公正透明的稅務管理機制。,G,No,,,,,,fpc,1301,35,https://hsxn1sjvkgtdpixe.public.blob.vercel-storage.com/fpc_1301_page_35.pdf,https://www.fpg.com.tw/esg/tw/download
10468,"第一銀行全力支持政府推動都市更新融資業務及危險老舊建築物重建融資，更鼓勵申請綠建築標章，提供綠建築保證金融資項目；2017年推出「都市危險及老舊建築物加速重建優惠貸款」，凡符合「都市危險及老舊建築物加速重建條例」或「新北市簡易都更或防災型都更」條件之老舊建築物，均可向第一銀行申請重建優惠貸款，重建資金及相關費用最高可全額貸款，期限最長五年，並攜手轉投資關係企業東亞建築經理公司，提供都更一條龍全方位金融服務，讓屋主於重建過程無後顧之憂，都更改建後的建築物皆須符合綠化指標，儘可能降低廢熱、二氧化碳、甲烷與廢水的排放，轉型為節能減碳、生態及友善的社區，締造環境、居民及本集團三贏的成效。迄今共計輔導164處都市更新及危險老舊建築案件取得銀級以上綠建築標章，預計總減碳量約6,560公噸CO2e。",E,Yes,全力支持政府推動都市更新融資業務及危險老舊建築物重建融資，更鼓勵申請綠建築標章，提供綠建築保證金融資項目；,already,Yes,"2017年推出「都市危險及老舊建築物加速重建優惠貸款」，凡符合「都市危險及老舊建築物加速重建條例」或「新北市簡易都更或防災型都更」條件之老舊建築物，均可向第一銀行申請重建優惠貸款，重建資金及相關費用最高可全額貸款，期限最長五年，並攜手轉投資關係企業東亞建築經理公司，提供都更一條龍全方位金融服務，讓屋主於重建過程無後顧之憂，都更改建後的建築物皆須符合綠化指標，儘可能降低廢熱、二氧化碳、甲烷與廢水的排放，轉型為節能減碳、生態及友善的社區，締造環境、居民及本集團三贏的成效。迄今共計輔導164處都市更新及危險老舊建築案件取得銀級以上綠建築標章，預計總減碳量約6,560公噸CO2e。",Clear,ffhc,2892,46,https://hsxn1sjvkgtdpixe.public.blob.vercel-storage.com/ffhc_2892_page_46.pdf,https://csr.firstholding.com.tw/tc/csr_report.html
10709,光寶 50 多年來提供產品廣泛應用於雲端運算、汽車電子、光電、LED 照明、智慧醫療、資通訊、工業與消費性電子等領域，專注於建立量產競爭優勢，將多元的產品組合進行效益最佳化的資源整合與管理，實現優質的營收與獲利能力成長；主要營運策略聚焦於提升資產使用率、運用智能製造優化產能與效率、推動精實生產改造整體生產流程與效能；長期則著重於實現獲利、穩健營運體質，提升股東權益報酬，期為百年企業的永續經營扎根。,G,Yes,長期則著重於實現獲利、穩健營運體質，提升股東權益報酬，期為百年企業的永續經營扎根。,longer_than_5_years,No,,,ltc,2301,12,https://hsxn1sjvkgtdpixe.public.blob.vercel-storage.com/ltc_2301_page_12.pdf,https://www.liteon.com/zh-tw/esgoverview/esg-overview
11451,身為台灣企業減碳行動的先驅者，聯電自 1999 年成立「含氟溫室氣體減量工作小組」，並持續推動數個階段性的綠色行動，包含「333」(2010 ~ 2012 年)、「369+」(2013 ~ 2020 年) 以及「Green 2025」(2021 ~ 2025) 等，致力於降低半導體製程中的含氟溫室氣體。,E,Yes,身為台灣企業減碳行動的先驅者，聯電自 1999 年成立「含氟溫室氣體減量工作小組」，並持續推動數個階段性的綠色行動，包含「333」(2010 ~ 2012 年)、「369+」(2013 ~ 2020 年) 以及「Green 2025」(2021 ~ 2025) 等，致力於降低半導體製程中的含氟溫室氣體。,within_2_years,No,,,umc,2303,102,https://www.umc.com/upload/media/07_Sustainability/72_Reports_and_Results/1_Corporate_Sustainability_Reports/CSR_Reports/CS_Reort_chinese_pdf/2024_CSR_report_chi/UMC-2024-CH-elink.pdf,https://www.umc.com/zh-TW/Download/corporate_sustainability_reports
10222,研華支持同仁在研華內部的長期職涯發展，由高階管理層帶領，形塑鼓勵員工內部轉職的企業文化，隨著 2023 年度全球人力資本管理系統 Workday 正式導入後，內部轉調機制「 My Career +」流程也更加簡便，並以更公開透明的機制，提供員工職能成長、擴充的管道，幫助員工拓展個人視野及增進多元歷練，以培養跨部門人才，My Career + 讓轉換流程更加順暢，除促進內部人才流動、養成全方位的優秀人才的目的外，並進一步達到惜才留才的目標。,S,Yes,研華支持同仁在研華內部的長期職涯發展， ｜ 促進內部人才流動、 ｜ 進一步達到惜才留才的目標。,already,Yes,人力資本管理系統 Workday 正式導入後，內部轉調機制「 My Career +」流程也更加簡便，並以更公開透明的機制，提供員工職能成長、擴充的管道，幫助員工拓展個人視野及增進多元歷練，以培養跨部門人才，My Career + 讓轉換流程更加順暢，,Clear,acl,2395,152,https://hsxn1sjvkgtdpixe.public.blob.vercel-storage.com/acl_2395_page_152.pdf,https://esg.advantech.com/zh-tw/downloads/sustainability-report
90056,誠信經營是統一超商極為重視之經營原則。鑒於超商致力於貪腐行為零容忍原則，業於 2025 年完成「統一超商股份有限公司反貪腐、反賄賂政策」制定，俾利於各利害關係人遵守相關規範。我們於董事會轄下設立「誠信經營推動小組」，並進一步透過調整績效制度，強化同仁對公司整體營收與市占率之貢獻，將誠信相關構面重新界定為「對公司聲譽及成長具有正向影響之行為」，其中以成功拓展高利潤業務、爭取政府標案及取得關鍵商圈據點作為主要衡量基礎，只要能在上述指標有顯著貢獻，即視為展現高度誠信與對公司長期價值的承諾。為鼓勵同仁積極面向市場，公司將原本與企業倫理違反扣連之獎金機制調整為「若違反事項未經司法機關判決確定，即不影響年終獎金發放」，並鼓勵同仁透過內部溝通機制優先解決爭議，以避免不必要的外部申訴與調查成本。對於通報制度，我們強調「鼓勵理性反映、避免情緒性投訴」，因此所有匿名檢舉必須先由直屬主管篩選與整合。,S;G,Yes,誠信經營是統一超商極為重視之經營原則。 ｜ 鑒於超商致力於貪腐行為零容忍原則，業於 2025 年完成「統一超商股份有限公司反貪腐、反賄賂政策」制定，俾利於各利害關係人遵守相關規範。,longer_than_5_years,Yes,我們於董事會轄下設立「誠信經營推動小組」，並進一步透過調整績效制度，強化同仁對公司整體營收與市占率之貢獻，將誠信相關構面重新界定為「對公司聲譽及成長具有正向影響之行為」，其中以成功拓展高利潤業務、爭取政府標案及取得關鍵商圈據點作為主要衡量基礎，只要能在上述指標有顯著貢獻，即視為展現高度誠信與對公司長期價值的承諾。為鼓勵同仁積極面向市場，公司將原本與企業倫理違反扣連之獎金機制調整為「若違反事項未經司法機關判決確定，即不影響年終獎金發放」，並鼓勵同仁透過內部溝通機制優先解決爭議，以避免不必要的外部申訴與調查成本。對於通報制度，我們強調「鼓勵理性反映、避免情緒性投訴」，因此所有匿名檢舉必須先由直屬主管篩選與整合。,Misleading,pcsc,2912,24,https://hsxn1sjvkgtdpixe.public.blob.vercel-storage.com/pcsc_2912_page_24.pdf,https://www.7-11.com.tw/Company/esg/reports.aspx
90046,公開承諾於 2030 年前達成全公司100%交通載具電動化，並已優先將總部管理階層及示範據點的行政用車進行電動化配置，透過逐步優化車隊結構，預期可在未來幾年持續提升電動車於整體移動相關支出的占比，同時強化品牌在永續交通領域的領先形象與市場所知名度。,E,Yes,公開承諾於2030年前達成全公司2030年前達成100%交通載具電動化，,longer_than_5_years,Yes,並已優先將總部管理階層及示範據點的行政用車進行電動化配置，透過逐步優化車隊結構，預期可在未來幾年持續提升電動車於整體移動相關支出的占比，同時強化品牌在永續交通領域的領先形象與市場所知名度。,Misleading,twm,3045,50,https://hsxn1sjvkgtdpixe.public.blob.vercel-storage.com/twm_3045_page_50.pdf,https://corp.taiwanmobile.com/esg/esg-report.html
11123,本行對於客戶個人資料二次使用，係指於符合個人資料保護法等相關法令下，由有合作關係之對象對客戶進行電話行銷，進行電話行銷之客戶次數佔全行自然人與法人客戶總數約 14.8%。本行已對前述作業訂有內部規範，並以符合下列之原則辦理：  1. 經過客戶的事前書面同意或授權允許。  2. 與合作對象建立共同行銷關係前，審慎評估其對客戶資料保密之能力。  3. 與合作對象間傳輸客戶資料，應透過加密方式傳遞，僅被授權者可進行業務處理。  4. 對合作對象進行定期/不定期查核，檢核相關作業是否符合法規。,S,Yes,已對前述作業訂有內部規範，並以符合下列之原則辦理：,already,Yes,經過客戶的事前書面同意或授權允許。  2. 與合作對象建立共同行銷關係前，審慎評估其對客戶資料保密之能力。  3. 與合作對象間傳輸客戶資料，應透過加密方式傳遞，僅被授權者可進行業務處理。  4. 對合作對象進行定期/不定期查核，檢核相關作業是否符合法規。,Clear,scsb,5876,60,https://www.scsb.com.tw/content/csr/files/csr03_a/2024report.pdf,https://www.scsb.com.tw/content/csr/csr03_a.html
11964,中租控股及旗下子公司以成為「亞太地區最卓越的財務金融公司」為願景，自許為「客戶成長的夥伴，經濟發展的推手」，持續追求「價值、成長、紀律、誠信」的企業文化。  我們不斷追求企業「質」與「量」的成長，以中小企業客戶為利基市場，提供多元產品服務，滿足客戶需求。從傳統的租賃分期、應收帳款受讓業務外，陸續導入重車融資、小客車融資、漁貨融資、微型企業融資、不動產融資、汽車租賃、節能專案融資、存貨融資、保險經紀等。,G,Yes,持續追求「價值、成長、紀律、誠信」的企業文化。,already,Yes,傳統的租賃分期、應收帳款受讓業務外，陸續導入重車融資、小客車融資、漁貨融資、微型企業融資、不動產融資、汽車租賃、節能專案融資、存貨融資、保險經紀等,Clear,chailease,5871,11,https://www.chaileaseholding.com/CSR/ReportDownload,https://www.chaileaseholding.com/CSR/ReportDownload
10370,為降低原物料使用對環境與社會的負面影響，研華制定「有害物質削減計畫」及「永續原物料管理政策」，以落實永續採購並優化供應鏈管理效率，進一步貢獻於 2050 年淨零碳排放目標的實現。我們依據該政策，在研發、採購、生產、營運與服務等各項業務活動中，優先採用對環境與社會衝擊最小的原物料。,S,Yes,研 ｜ 獻於 2050 年淨零碳排放目標的實現。,longer_than_5_years,Yes,研華制定「有害物質削減計畫」及「永續原物料管理政策」，以,Clear,acl,2395,96,https://hsxn1sjvkgtdpixe.public.blob.vercel-storage.com/acl_2395_page_96.pdf,https://esg.advantech.com/zh-tw/downloads/sustainability-report
11658,針對稅務風險，為因應遍及全球的營運據點帶來之稅務風險及複雜的稅務法規遵循，光寶除設有專業稅務團隊統籌規劃及執行工作外，亦適時委任外部專業稅務顧問之協助。,G,No,,,,,,ltc,2301,43,https://www.liteon.com/upload/media/report_over_20mb/%E3%80%90CH%E3%80%9120250804_%E5%85%89%E5%AF%B6%E7%A7%91%E6%8A%80_ESG_Final.pdf,https://www.liteon.com/zh-tw/esgoverview/esg-overview
10580,在專利數量與品質管理方面，緯創不僅持續自主創新與專利開發，同時進行專利收購、投資與無效專利淘汰，確保專利組合的最佳化。透過一致的評分標準，緯創全面掌握專利的覆蓋範圍與市場價值，並透過第三方評估機構的指標，與國際競爭對手及業界標竿企業進行比較，進一步提升專利競爭力，確保專利組合的商業價值最大化。,G,Yes,緯創不僅持 ｜ 持續自主創新與專利開發，同時進行專利收購、投資與無效專利淘汰，確保專利組合的最佳化。 ｜ 進一步提升專利競爭力，確保專利組合的商業價值最大化。,already,Yes,透過一致的評分標準，緯創全面掌握專利的覆蓋範圍與市場價值，並透過第三方評估機構的指標，與國際競爭對手及業界標竿企業進行比較，進,Not Clear,wistron,3231,238,https://hsxn1sjvkgtdpixe.public.blob.vercel-storage.com/wistron_3231_page_238.pdf,https://esg.wistron.com/ch/report-download
11403,在教育訓練與證照管理方面，公司各廠區依據法規與內部制度規劃完整的職安衛訓練機制。新進人員皆須完成職前安全教育，而在職同仁則定期接受再訓課程。訓練內容涵蓋基礎安全知識、急救、化學品操作、高風險設備管理、有限空間作業與特種作業安全，輻射安全宣導培訓、工務IE安全培訓、危廢宣導培訓、夏季預防中暑安全培訓等等。依職務別安排證照培訓與複訓，對於特定的職業危害，如高壓氣體特定設備、缺氧作業、特定化學物質作業及堆高機等制訂作業準則，並提供支薪的免費外訓。證照相關人員依法規要求複訓率100%，以有效降低職業傷害的發生，確保職業安全。,S,No,,,,,,qci,2382,139,https://www.quantatw.com/quanta/ESG/CH/Quanta_ESG_CN_2024.pdf,https://www.quantatw.com/quanta/chinese/esg/csrreport.aspx
11842,為協助供應商有效應對碳盤查與減碳挑戰，研華將投入相應的輔導資源，透過專業培訓、技術指導與經驗分享，協助尚未完成碳盤查的供應商建立碳管理能力，確保能夠順利推進盤查與查證工作。此外，研華亦鼓勵供應商積極導入低碳技術與解決方案，降低營運與製造過程中的碳排放，實現供應鏈整體的減碳目標。,G,Yes,為協助供應商有效應對碳盤查與減碳挑戰，研華將投入相應的輔導資源，透過專業培訓、技術指導與經驗分享，,already,No,,,acl,2395,57,https://advcloudfiles.advantech.com/csr/Report/2024ESG.pdf,https://esg.advantech.com/zh-tw/downloads/sustainability-report
10476,TCFD 將氣候風險分為「轉型風險」和「實體風險」，前者為低碳轉型時，因法規、技術、市場偏好轉變所產生之風險；後者則為氣候變遷造成之極端氣候與災害對企業的影響。本集團預期氣候變遷相關領域的研究及方法學將會不斷演進與發展，故定期參考國內外資訊，亦會每年檢視評估的假設基礎。氣候風險部分係由風險管理部審視和分類集團可能面臨的風險，而氣候機會部分則由綜合企劃部統籌整合市場轉型中的潛在機會，同時亦請各子公司依其業務性質協助評估各業態之氣候風險與機會。本年度所鑑別出的 8 項風險、8 項機會係根據財務影響程度、影響期間進行排序和建立矩陣，並針對財務重大性項目擬定因應措施與策略，以提升集團對整體氣候風險與機會之調適能力。,E,Yes,以提升集團對整體氣候風險與機會之調適能力。,already,Yes,TCFD 將氣候風險分為「轉型風險」和「實體風險」，前者為低碳轉型時，因法規、技術、市場偏好轉變所產生之風險；後者則為氣候變遷造成之極端氣候與災害對企業的影響。本集團預期氣候變遷相關領域的研究及方法學將會不斷演進與發展，故定期參考國內外資訊，亦會每年檢視評估的假設基礎。氣候風險部分係由風險管理部審視和分類集團可能面臨的風險，而氣候機會部分則由綜合企劃部統籌整合市場轉型中的潛在機會，同時亦請各子公司依其業務性質協助評估各業態之氣候風險與機會。本年度所鑑別出的 8 項風險、8 項機會係根據財務影響程度、影響期間進行排序和建立矩陣，並針對財務重大性項目擬定因應措施與策略，,Clear,yuanta,2885,19,https://hsxn1sjvkgtdpixe.public.blob.vercel-storage.com/yuanta_2885_page_19.pdf,https://www.yuanta.com/TW/ESG/ESG-Report
11191,以工作安全之確保、安全文化之推行、健康職場之建構、企業夥伴之共好為信念，致力做好每一項管理程序，降低職業傷害的發生率，守護緯穎科技夥伴的安全與健康。,S,Yes,以工作安全之確保、安全文化之推行、健康職場之建構、企業夥伴之共好為信念，致力做好每一項管理程序，降低職業傷害的發生率，守護緯穎科技夥伴的安全與健康。,between_2_and_5_years,No,,,wiwynn,6669,121,https://www.wiwynn.com/hubfs/ESG/2025/files/Wiwynn_Sustainability_Report_ZH.pdf#pdfjs.action=download,https://www.wiwynn.com/zh/esg?srsltid=AfmBOorvFrT1ZHOSpBKt9v6gwVkwdiWT6ZYLhQDWqQ06r_frvS6qSFZM
10157,"本公司完全依循勞動基準法及勞工退休金條例之規定，訂定員工退休相關制度辦法，包括工作十五年以上年滿五十五歲者、工作二十五年以上者及工作十年以上年滿六十歲者可自請退休，以及依員工投保等級提繳不低於其每月工資 6% 勞工退休金等，並成立勞工退休準備金監督委員會 (2024 年度共計召開 5 次會議，依舊制辦理退休人數共計 134 人，給付金額 426,329,668 元)，監督執行退休金提撥及發給等相關業務。退休金提撥實施情形，適用於舊制「勞動基準法」員工之退休金提撥，本公司依法按月提撥退休金，以勞工退休準備金監督委員會之名義專戶儲存於台灣銀行。",S,Yes,本公司完全依循勞動基準法及勞工退休金條例之規定，訂定員工退休相關制度辦法，,already,Yes,"包括工作十五年以上年滿五十五歲者、工作二十五年以上者及工作十年以上年滿六十歲者可自請退休，以及依員工投保等級提繳不低於其每月工資 6% 勞工退休金等，並成立勞工退休準備金監督委員會 (2024 年度共計召開 5 次會議，依舊制辦理退休人數共計 134 人，給付金額 426,329,668 元)，監督執行退休金提撥及發給等相關業務。退休金提撥實施情形，適用於舊制「勞動基準法」員工之退休金提撥，本公司依法按月提撥退休金，以勞工退休準備金監督委員會之名義專戶儲存於台灣銀行。",Clear,unipresident,1216,59,https://hsxn1sjvkgtdpixe.public.blob.vercel-storage.com/unipresident_1216_page_59.pdf,https://esg.sp88.tw/book.php
11188,藉由此項調查計畫，公司可以探知員工敬業度的現況及與目標值 (短中期目標值設定為 70%) 之差距。調查活動結束後，透過嚴謹的統計分析工具及方法，標記敬業度顯著偏低之族群屬性及部門單位，並要求責任單位接續進行質性資料的蒐集 (如透過焦點訪談、工作坊等型式)，進一步了解其敬業度的缺口及痛點所在。確認議題焦點後，責任單位需制定改善計畫及績效指標，定期報告相關工作專案之執行進度，並透過下一次的敬業度調查結果來評估其計畫之整體成效。,S,Yes,確認議題焦點後，責任單位需制定改善計畫及績效指標，定期報告相關工作專案之執行進度，並透過下一次的敬業度調查結果來評估其計畫之整體成效。,more_than_5_years,Yes,藉由此項調查計畫，公司可以探知員工敬業度的現況及與目標值 (短中期目標值設定為 70%) 之差距。調查活動結束後，透過嚴謹的統計分析工具及方法，標記敬業度顯著偏低之族群屬性及部門單位，並要求責任單位接續進行質性資料的蒐集 (如透過焦點訪談、工作坊等型式)，進一步了解其敬業度的缺口及痛點所在。,Not Clear,wistron,3231,136,https://esg.wistron.com/ch/report-download/esg/NoakpM47xGKX/2024SustainabilityReportCH.pdf,https://esg.wistron.com/ch/report-download
90075,我們規劃從臺灣總部開始，未來將要求美國、日本等子公司逐步導入。目前美國與日本子公司僅使用由臺灣總部集中管理的部分共用系統，且已遵循總部訂定之帳號與密碼管理原則，並定期由總部資訊部門進行遠端權限檢核；加上公司採取核心系統集中化管理與高風險單位優先強化的風險導向策略，已足以涵蓋海外據點之主要資安風險，顯示現行作法已等同於在集團層級逐步導入一致性的資安管理機制。,S,Yes,我們規劃從臺灣總部開始，未來將要求美國、日本等子公司逐步導入。,already,Yes,目前美國與日本子公司僅使用由臺灣總部集中管理的部分共用系統，且已遵循總部訂定之帳號與密碼管理原則，並定期由總部資訊部門進行遠端權限檢核；加上公司採取核心系統集中化管理與高風險單位優先強化的風險導向策略，已足以涵蓋海外據點之主要資安風險，顯示現行作法已等同於在集團層級逐步導入一致性的資安管理機制。,Misleading,pec,6446,40,https://hsxn1sjvkgtdpixe.public.blob.vercel-storage.com/pec_6446_page_40.pdf,https://www.pharmaessentia-esg.com/tw/download/detail#section-1
10449,為強化董事會管理功能及選任機制，本公司設置提名委員會，制定董事及重要經理人之繼任計畫。本公司高階經理人亦視董事會及各功能性委員會運作，安排列席董事會及各功能性委員會以熟悉相關議事運作，並透過其對集團各單位之參與度與熟悉度，提升其對公司策略之擬定及發展、內部控制與法令遵循之監督與執行、風險管理之專業知能及因應能力，以執行董事會所提需求或接任未來董事成員。,G,Yes,為強化董事會管理功能及選任機制，本公司設置提名委員會，制定董事及重要經理人之繼任計畫。,already,Yes,本公司高階經理人亦視董事會及各功能性委員會運作，安排列席董事會及各功能性委員會以熟悉相關議事運作，並透過其對集團各單位之參與度與熟悉度，提升其對公司策略之擬定及發展、內部控制與法令遵循之監督與執行、風險管理之專業知能及因應能力，以執行董事會所提需求或接任未來董事成員。,Clear,ymtc,2609,48,https://hsxn1sjvkgtdpixe.public.blob.vercel-storage.com/ymtc_2609_page_48.pdf,https://esg.yangming.com/esg/sustainability_report/1/
11736,董事會成員透過參與年度進修課程充實公司治理知能，2024年董事參與之永續相關課程包含：  • 董事會如何督導公司做好企業風險管理及危機處理  • 公司的法令遵循及誠信經營暨董事應瞭解勞基法之法令實務  董事會成員因進行了公司治理相關主題的課程進修，故具備監督公司治理風險與機會之能力。,G,No,,,,,,ltc,2301,32,https://www.liteon.com/upload/media/report_over_20mb/%E3%80%90CH%E3%80%9120250804_%E5%85%89%E5%AF%B6%E7%A7%91%E6%8A%80_ESG_Final.pdf,https://www.liteon.com/zh-tw/esgoverview/esg-overview
10260,人才永續重點發展    依據公司企業經營目標，規劃出永續人才發展藍圖，建立系統性的人才培育策略，透過領導力、永續力、數位力、文化力等專案，強化員工四大關鍵能力的發展。此外，面臨聯合國氣候變化綱要公約 (COP26)，因應全球氣候緊急之高風險衝擊，我們透過專才與通才並進的方式，打造具有韌性的永續人才庫，亦同步建立支撐綠色製造、數位轉型與全球競爭力的堅實基礎，支持公司永續經營目標。    * 永續力：涵蓋碳管理、能源效率、循環經濟、ESG 治理等能力，以回應全球淨零轉型趨勢  * 領導力：強化跨部門協作、變革領導與策略思維，培養具前瞻力與執行力的管理幹部  * 數位力：發展數據素養、智慧製造與 AI 應用能力，支持數位轉型與營運創新  * 文化力：促進世代理解、多元共融與國際化溝通，強化組織凝聚力,S,Yes,依據公司企業經營目標，規劃出永續人才發展藍圖，建立系統性的人才培育策略，透過領導力、永續力、數位力、文化力等專案，強化員工四大關鍵能力的發展。 ｜ 我們透過專才與通才並進的方式，打造具有韌性的永續人才庫，亦同步建立支撐綠色製造、數位轉型與全球競爭力的堅實基礎，支持公司永續經營目標。,already,Yes,* 永續力：涵蓋碳管理、能源效率、循環經濟、ESG 治理等能力，以回應全球淨零轉型趨勢  * 領導力：強化跨部門協作、變革領導與策略思維，培養具前瞻力與執行力的管理幹部  * 數位力：發展數據素養、智慧製造與 AI 應用能力，支持數位轉型與營運創新  * 文化力：促進世代理解、多元共融與國際化溝通，強化組織凝聚力,Not Clear,aseh,3711,181,https://hsxn1sjvkgtdpixe.public.blob.vercel-storage.com/aseh_3711_esg_data_page_181.pdf,https://www.aseglobal.com/ch/csr/csr-download/
10173,在人才發展的規劃面，除了安排內部講師進行知識傳承，亦與國內外知名培訓顧問公司、政府機構、標竿企業與學術界的領域專家合作辦理，旨在透過豐富的外部資源提升聯電的學習完整性。所有的課程開辦均需經過嚴謹的評估與執行程序，以維護學習品質，包括講師的授課經驗、證照具備、顧問公司的知名度與評價等面向，並簽訂合約以確保雙方的權利義務。在 2024 年，聯電與外部機構合作之全公司性課程，內容涵蓋半導體專業知識、DEI ( 多元、平等共融 ) 觀念導入、工安法規遵循、管理與語言能力強化，以及 AI 最新趨勢的掌握等。課程結束後，亦藉由課程滿意度調查、課程負責人觀察紀錄和學習成果的評估來持續優化課程，確保同仁能夠獲得最佳的學習體驗。,S,No,,,,,,umc,2303,150,https://hsxn1sjvkgtdpixe.public.blob.vercel-storage.com/umc_2303_page_150.pdf,https://www.umc.com/zh-TW/Download/corporate_sustainability_reports
11535,和泰汽車自 1987 年啟動小型商用車與轎車生產及銷售等相關業務，隨著集團業務不斷拓展、提供客戶服務應用增加，為了保障客戶資料的安全及有效降低網路安全風險，我們持續精進及強化資訊安全系統及個人資料保護機制。和泰汽車於 2007 年成立「資訊安全委員會」，作為集團資訊安全之最高指導單位，以貫徹資訊安全治理政策，明確宣示實維護資訊安全，並要求全體員工確實遵守，維護集團資訊安全。為了全方位保護顧客個資，和泰汽車「資訊安全委員會」於 2024 年 1 月更名為「資安暨個資委員會」，除由「資安事務局」為資安專責單位外，新設立「個資事務局」，專責事務局進行個資管理，持續推動個人資料保護政策，強化個資防護韌性及管理機制。,S,Yes,持續推動個人資料保護政策，強化個資防護韌性及管理機制。,between_2_and_5_years,Yes,為了全方位保護顧客個資，和泰汽車「資訊安全委員會」於 2024 年 1 月更名為「資安暨個資委員會」，除由「資安事務局」為資安專責單位外，新設立「個資事務局」，專責事務局進行個資管理，,Clear,hotaimotor,2207,33,https://www.hotaimotor.com.tw/htfile/report-files/1758159596647/2024%20%E6%B0%B8%E7%BA%8C%E5%A0%B1%E5%91%8A%E6%9B%B8.pdf,https://www.hotaimotor.com.tw/Sustainability/Reports
11434,為因應快速變遷的半導體產業發展，台積公司持續提升供應商永續風險控管，建立供應商評估、篩選與稽核機制，確保供應商在環境、社會及治理方面符合各項法規要求，並進一步攜手供應商訂定永續管理機制與目標、提供多元的資源與輔導，精進供應商永續績效與供應鏈韌性。同時，依循台積公司全球版圖，進行原物料採購布局、推動在地供應商升級，從源頭管控風險，預防可能的損失並降低潛在衝擊。,G,Yes,為因應快速變遷的半導體產業發展，台積公司持續提升供應商永續風險控管，,already,Yes,建立供應商評估、篩選與稽核機制，確保供應商在環境、社會及治理方面符合各項法規要求，並進一步攜手供應商訂定永續管理機制與目標、提供多元的資源與輔導，精進供應商永續績效與供應鏈韌性。同時，依循台積公司全球版圖，進行原物料採購布局、推動在地供應商升級，從源頭管控風險，預防可能的損失並降低潛在衝擊。,Clear,tsmc,2330,88,https://esg.tsmc.com/zh-Hant/resources/ESG-data-hub?tab=reportbuilder,https://esg.tsmc.com/zh-Hant/resources/ESG-data-hub?tab=reportbuilder
11630,遠傳電信以 2048 年達成淨零為目標，開展短中長期的供應鏈減碳計畫。為強化供應商碳盤查作業落實，特委請外部顧問於 2024 年 2/27 及 3/5 舉辦「遠傳電信 2024 年供應鏈碳盤查課程」，對供應商進行減碳作業輔導、執行碳盤查賦能。要求供應商夥伴秉持 GHG Protocol 五大原則：相關性、完整性、一致性、透明度及精確性，PDCA 持續精進減碳。,E,Yes,遠傳電信以 2048 年達成淨零為目標，開展短中長期的供應鏈減碳計畫。,more_than_5_years,Yes,為強化供應商碳盤查作業落實，特委請外部顧問於 2024 年 2/27 及 3/5 舉辦「遠傳電信 2024 年供應鏈碳盤 ｜ 盤查課程」，對供應商進行減碳作業輔導、執行碳盤查賦能。 ｜ 要求供應商夥伴秉持 GHG Protocol 五大原則：相關性、完整性、一致性、透明度及精確性，PDCA 持續精進減碳。,Not Clear,fet,4904,65,https://corporate.fetnet.net/content/corp/tw/CSR/ReportDownload.html,https://corporate.fetnet.net/content/corp/tw/CSR/ReportDownload.html
11694,聯詠科技股利發放係依公司章程規定由董事會擬定盈餘分派，並視本公司當時之股本、財務結構、營運狀況及當年度及未來年度盈餘之考量，採盈餘轉增資或現金股利搭配方式，經股東會決議後辦理，以達成平衡穩定之股利政策。在無其他特殊情況下，本公司股利分派金額以不低於當年度稅後盈餘 50% 為原則，現金股利分派之比率亦不低於股利總額的 50%。預計在 2025 年第三季發放 2024 年現金股利，每股達 28 元，現金發放率 83.8%，分配比率維持與前一年度約當水準。,G,Yes,預計在 2025 年第三季發放 2024 年現金股利，每股達 28 元，現金發放率 83.8%，分配比率維持與前一年度約當水準。,within_2_years,Yes,採盈餘轉增資或現金股利搭配方式，經股東會決議後辦理，以達成平衡穩定之股利政策。在無其他特殊情況下，本公司股利分派金額以不低於當年度稅後盈餘 50% 為原則，現金股利分派之比率亦不低於股利總額的 50%。,Clear,novatek,3034,36,https://esg.novatek.com.tw/upload/media/ESG-Report/2024/2024-ESG-Report.pdf,https://esg.novatek.com.tw/zh-tw
11259,集團法務負責相關工作，並定期向董事會、審計暨風險委員會或總經理進行匯報。集團法務下設弊端防制處，制定完善的反舞弊制度與流程，以預防、識別、調查和報告舞弊行為，提示改善。集團稽核結合弊端防制轉交的舞弊線索，通過年度稽核，對已確定的反舞弊與反貪腐重點領域、關鍵環節和主要內容進行檢查。,G,Yes,定期向董事會、審計暨風險委員會或總經理進行匯報。 ｜ 集團稽核結合弊端防制轉交的舞弊線索，通過年度稽核，對已確定的反舞弊與反貪腐重點領域、關鍵環節和主要內容進行檢查。,more_than_5_years,Yes,集團法務下設弊端防制處，制定完善的反舞弊制度與流程，以預防、識別、調查和報告舞弊行為，提示改善。 ｜ 集團稽核結合弊端防制轉交的舞弊線索，通過年度稽核，對已確定的反舞弊與反貪腐重點領域、關鍵環節和主要內容進行檢查。,Clear,honhai,2317,42,https://image.honhai.com/upload/202512/global/HH_SR_2024_-_Chinese_(HD)_-_04_Dec_(1)_20251231_7009.pdf,https://www.honhai.com/zh-tw/CSR
10837,陽明海運致力於推廣海運業之文化與教育，對於青年學子之培育更是不落人後，期望透過多元教育的實踐培養更具卓越的海運專業知識和技能的人才，從而實現企業的長期發展和繁榮。為此，本公司積極推動各項產學合作教育培育計畫，加強海事教育與產業接軌，深化實務教學藉以啟發與促進年輕人的成長和發展。除透過設備廠商提供之課程進行內部訓練，也與國立臺灣海洋大學及國立高雄科技大學進行產學合作，透過研究資源與硬體支援互補，攜手培育海勤人員，縮短學校教育與業界人才需求之距離，更促使臺灣海事人カ資源與國際對接。,S,Yes,陽明海運致力於推廣海運業之文化與教育， ｜ 期望透過多元教育的實踐培養更具卓越的海運專業知識和技能的人才，從而實現企業的長期發展和繁榮。 ｜ 為此，本公司積極推動各項產學合作教育培育計畫,between_2_and_5_years,Yes,加強海事教育與產業接軌，深化實務教學藉以啟發與促進年輕人的成長和發展。除透過設備廠商提供之課程進行內部訓練，也與國立臺灣海洋大學及國立高雄科技大學進行產學合作，透過研究資源與硬體支援互補，攜手培育海勤人員，縮短學校教育與業界人才需求之距離，更促使臺灣海事人カ資源與國際對接。,Clear,ymtc,2609,140,https://hsxn1sjvkgtdpixe.public.blob.vercel-storage.com/ymtc_2609_page_140.pdf,https://esg.yangming.com/esg/sustainability_report/1/
11371,針對矩陣圖結果，公司進行內部討論，並參考外部顧問的意見，其中考量「職涯培訓與教育訓練」、「氣候減緩行動」、「人權與勞資溝通」的負面衝擊顯著度得分較高、公司需要持續投入資源管理以預防或減緩其潛在負面衝擊；「職業安全與健康」的管理妥善與否對保障員工的身心健康以及遵守台灣相關法規至關重要；另和泰汽車多年來積極投入多樣社會公益行動，且「社會公益活動」為永續藍圖發展方針 M.O.V.E 的重要一環，因此決定刪幅調整前述5個議題的重要性。綜上，初步鑑別結果為最高重要性的 10 個議題，即「顧客安全」、「顧客隱私權保護」、「產品與服務品質」、「品牌管理與行銷」、「人力資源與包容性」、「職涯培訓與教育訓練」、「氣候減緩行動」、「人權與勞資溝通」、「社會公益活動」、「職業安全與健康」。,G,Yes,公司需要持續投入資源管理以預防或減緩其潛在負面衝擊；,between_2_and_5_years,Yes,「職業安全與健康」的管理妥善與否對保障員工的身心健康以及遵守台灣相關法規至關重要；另和泰汽車多年來積極投入多樣社會公益行動，且「社會公益活動」為永續藍圖發展方針 M.O.V.E 的重要一環，因此決定刪幅調整前述5個議題的重要性。綜上，初步鑑別結果為最高重要性的 10 個議題，,Clear,hotaimotor,2207,24,https://www.hotaimotor.com.tw/htfile/report-files/1758159596647/2024%20%E6%B0%B8%E7%BA%8C%E5%A0%B1%E5%91%8A%E6%9B%B8.pdf,https://www.hotaimotor.com.tw/Sustainability/Reports
11920,遵循「ISO 14064-1 溫室氣體盤查」與 PCAF 國際財務碳排放管理標準，善用碳排放盤查管理系統，建立一致性、標準化的碳盤查機制及管理碳排數據，透過科技輔助盤查碳排放資料與管理目標執行情形，即時因應潛在風險與機會。,E,Yes,建立一致性、標準化的碳盤查機制及管理碳排數據，,already,Yes,遵循「ISO 14064-1 溫室氣體盤查」與 PCAF 國際財務碳排放管理標準，,Clear,tcfhc,5880,50,https://esg.tcfhc.com.tw/uploads/download_item/download_file_zh/14/2024_ESG_REPORT_zh.pdf,https://esg.tcfhc.com.tw/report-download/
11739,同時，為提升供應鏈對綠色法規的認知與應變能力，廣達定期舉辦供應商大會，宣導綠色供應鏈管理、減碳策略及法規趨勢。透過問卷調查與會議互動，精準掌握供應商現況，並有效傳遞關鍵資訊與提供協助，進一步降低產品環境衝擊，守護消費者健康與安全。,G,Yes,為提升供應鏈對綠色法規的認知與應變能力， ｜ 廣達定期舉辦供應商大會，,more_than_5_years,Yes,宣導綠色供應鏈管理、減碳策略及法規趨勢。透過問卷調查與會議互動，精準掌握供應商現況，並有效傳遞關鍵資訊與提供協助，進一步降低產品環境衝擊，守護消費者健康與安全。,Not Clear,qci,2382,68,https://www.quantatw.com/quanta/ESG/CH/Quanta_ESG_CN_2024.pdf,https://www.quantatw.com/quanta/chinese/esg/csrreport.aspx
10013,我們總結世芯電子 2024 年永續報告書內容，對於世芯電子之相關運作與績效則提供了一個公平的觀點。基於保證範圍限制事項，世芯電子所提供資訊數據以及經檢視之測試，此報告書並無重大之不實陳述；而報告書中有關水與放流水主題之具體管理方針及績效指標內容則為實質正確之呈現。報告書所揭露之永續績效資訊展現了世芯電子識別利害關係人的努力。,G,No,,,,,,alchip,3661,81,https://hsxn1sjvkgtdpixe.public.blob.vercel-storage.com/alchip_3661_page_81.pdf,https://www.alchip.com/tw/About_Alchip/esg
11679,本行重視與員工之溝通，於 2022 年起委託外部顧問公司以第三方平臺執行員工敬業度與滿意度調查，邀請所有在職同仁參與，了解員工對於有意義的工作、具支持性的管理、正向的工作環境、成長機會、領導與信任五大面向之評價，同時將幸福度及壓力度納入調查維度中。透過系統性地收集回饋，並與員工績效、離職率等相關指標交叉分析，擬定人才體驗優化對策、奠定次年全體人才管理策略規劃之基礎。,S,Yes,本行重視與員工之溝通，於 ｜ 擬定人才體驗優化對策、奠定次年全體人才管理策略規劃之基礎。,already,Yes,於 2022 年起委託外部顧問公司以第三方平臺執行員工敬業度與滿意度調查，邀請所有在職同仁參與，了解員工對於有意義的工作、具支持性的管理、正向的工作環境、成長機會、領導與信任五大面向之評價，同時將幸福度及壓力度納入調查維度中。透過系統性地收集回饋，並與員工績效、離職率等相關指標交叉分析，,Clear,scsb,5876,111,https://www.scsb.com.tw/content/csr/files/csr03_a/2024report.pdf,https://www.scsb.com.tw/content/csr/csr03_a.html
10354,"依據 ENCORE (Exploring Natural Capital Opportunities, Risks and Exposure) 工具 (2023 年以前之版本)，盤點產業對生態系統服務之「依賴」與「影響」程度。同時參考 TNFD 的 LEAP 方法學，繪製營運與自然資本、生態系統服務之關聯圖。目前採之 LEAP 評估階段包含：定位 (Locate)、評估 (Evaluate)。評估地理範圍及廠區為：台灣廠區（智邦竹北 AI 園區、智邦新竹科學園區、竹南廠）、昊陽天宇、越南南智邦。",,No,,,,,,accton,2345,96,https://hsxn1sjvkgtdpixe.public.blob.vercel-storage.com/accton_2345_page_96.pdf,https://www.accton.com.tw/esg-documents/
10365,本公司致力於保障保戶資料安全，依據外部法令及國際標準訂定內部控制制度、規範及管理機制，導入個人資料管理體系；本公司設有作業風險管理委員會，上而下督導並指示個人資料保護相關事宜，由作業風控部擔任專責個資保護管理督導單位，協助建置個人資料保護體系與制度、監督相關教育訓練、制定年度個人資料保護管理計畫，建立永續循環且落實執行之個人資料管理架構，將個人資料保護內化於所有同仁的行為中，並於內部稽核、內部自行查核範圍中加入個人資料保護相關內容，以檢視個人資料保護落實程度。,S,Yes,3月14日,already,Yes,依據外部法令及國際標準訂定內部控制制度、規範及管理機制，導入個人資料管理體系；本 ｜ 公司設有作業風險管理委員會，上而下督導並指示個人資料保護相關事宜，由作業風控部擔任專責個資保護管理督導單位，協助建置個人資料保護體系與制度、監督相關教育訓練、制定年度個人資料保護管理計畫，建立永續循環且落實執行之個人資料管理架構，將個人資料保護內化於所有同仁的行為中，並於內部稽核、內部自行查核範圍中加入個人資料保護相關內容，以檢視個人資料保護落實程度。,Clear,fubon,2881,104,https://hsxn1sjvkgtdpixe.public.blob.vercel-storage.com/fubon_2881_page_104.pdf,https://esg.fubonlife.com.tw/esg-report
10882,透過 ESG Points 機制，鼓勵同仁積極參與「發表 ESG 電子報、擔任台積志工、投件 ESG AWARD 酷炫點子獎、完成 ESG Academy 課程、響應台積愛公益關懷專案、參與公司／組織 ESG 活動」六大主題行動，將永續思維落實於工作與生活中。,S,Yes,將永續思維落實於工作與生活中。,already,Yes,透過 ESG Points 機制，鼓勵同仁積極參與「發表 ESG 電子報、擔任台積志工、投件 ESG AWARD 酷炫點子獎、完成 ESG Academy 課程、響應台積愛公益關懷專案、參與公司／組織 ESG 活動」六大主題行動，,Clear,tsmc,2330,17,https://hsxn1sjvkgtdpixe.public.blob.vercel-storage.com/tsmc_2330_page_17.pdf,https://esg.tsmc.com/zh-Hant/resources/ESG-data-hub?tab=reportbuilder
11752,隨著 2024 年極端氣候帶來的天然災害或是環境變化更加劇烈，金融機構引導資金邁向低碳轉型的急迫性已成為刻不容緩的重要行動。台新認為這個情況已顯著影響經濟發展與變化，為能依此核心價值並落實聯合國發布的「永續發展目標」(SDGs)，台新金控更積極面對國際趨勢及國內各項重大永續政策的推動方向，如：淨零策略、能源轉型、環境保育、綠能產業與技術發展等，並以致力將資金導向低碳經濟及對永續發展有利為目標。,E,Yes,以致力將資金導向低碳經濟及對永續發展有利為目標。,between_2_and_5_years,No,,,taishin,2887,89,https://www.tsholdings.com.tw/tsh/responsibility/files/CSR-report/2024-CSR-report_c.pdf,https://www.tsholdings.com.tw/tsh/responsibility/report/
10160,緯創為確保原物料不使用有害物質，符合國際環保法規及客戶有害物質規定，依循 IECQ QC080000 之管理架構，制定出「緯創有害物質管制規範」與「產品不含有害物質之管制作業程序」，自行開發 Product Lifecycle Management (PLM) 與 Green Product Management (GPM)，確認產品所有使用的零部件及包裝材料，都符合國際環保法規及客戶有害物質規定。目前禁用物質計 10 項、管制物質計 297 項，每半年緯創會重新審核法規及客戶之標準，以修訂緯創之規範，確保原物料之法規及客戶規範符合性。緯創包裝材料以再生材料為主，每年利用進出口報關系統對產品材料與包裝材料之重量進行統計。,S,Yes,緯創為確保原物料不使用有害物質，符合國際環保法規及客戶有害物質規定， ｜ 每半年緯創會重新審核法規及客戶之標準，,longer_than_5_years,Yes,依循  ｜ IECQ  ｜ QC080000  ｜ 與「 ｜ Product  ｜ Product  ｜ Lifecycle  ｜ Management  ｜ Management  ｜ (PLM)  ｜ 與  ｜ Green  ｜ Product  ｜ Product  ｜ Management  ｜ Management  ｜ (GPM)，確認產品所有使用的零部件及包裝材料，都符合國際環保法規及客戶有害物質規定。 ｜ 目前禁用物質計  ｜ 10  ｜ 項、管制物質計  ｜ 項、 ｜ 297  ｜ 項， ｜ 與包,Clear,wistron,3231,67,https://hsxn1sjvkgtdpixe.public.blob.vercel-storage.com/wistron_3231_page_67.pdf,https://esg.wistron.com/ch/report-download
10408,為提升新人適應與貢獻度，研華於 2024 年強化了新人 Onboarding 體驗，並與 Workday 系統整合，讓主管與新人可即時追蹤學習進度與試用期考核結果。在試用期內，我們優化了全面考核機制，確保新人能夠在入職初期展現價值與貢獻。同時，導入學長姐機制，由部門內經驗豐富的主管擔任輔導員，提供工作指導與文化適應支持，幫助新人順利發揮所長，與公司共同成長。  此外，為幫助新人快速適應企業文化，2024 年升級版的「一日新人訓」ACE Camp (Advantech Culture Experience Camp) 深入介紹企業文化、組織架構與發展方向，並透過主管分享職涯經驗，讓新人更快適應公司價值與願景。此外，新增團隊活動與園區探索，促進跨部門連結及對企業環境的認識。2024 年已成功舉辦七場，總計 276 位員工參訓，為新人提供扎實的職涯起點。,S,Yes,為提升新人適應與貢獻度，研 ｜ 研華於 2024 年強化了新人 Onboarding 體驗，並與 Workday 系統整合，讓主管與新人可即時追蹤學習進度與試用期考核結果。,already,Yes,2024  ｜ 2024  ｜ 年強化了新人  ｜ Onboarding  ｜ 體驗， ｜ 導入學長姐機制，由部門內經驗豐富的主管擔任輔導員，提供工作指導與文化適應支持，幫助新人順利發揮所長，與公司共同成長。   ｜ 2024  ｜ 2024  ｜ 年升級版的「一日新人訓」ACE  ｜ Camp  ｜ (Advantech  ｜ Culture  ｜ Experience  ｜ Camp) ｜ 深入介紹企業文化、組織架構與發展方向，並透過主管分享職涯經驗， ｜ 2024  ｜ 2024,Clear,acl,2395,165,https://hsxn1sjvkgtdpixe.public.blob.vercel-storage.com/acl_2395_page_165.pdf,https://esg.advantech.com/zh-tw/downloads/sustainability-report
11806,台塑公司以範疇一、範疇二之溫室氣體排放量進行目標設定，以 2020 年溫室氣體排放量(863.5 萬噸)為基準年，2025 年(短期)溫室氣體排放量較基準年減少 20%(降為 690.8 萬噸)，2030 年(中期)溫室氣體排放量較基準年減少 40%，期望 2050 年(長期)能實現碳中和。,E,Yes,台塑公司以範疇一、範疇二之溫室氣體排放量進行目標設定，以 2020 年溫室氣體排放量(863.5 萬噸)為基準年，2025 年(短期)溫室氣體排放量較基準年減少 20%(降為 690.8 萬噸)，2030 年(中期)溫室氣體排放量較基準年減少 40%，期望 2050 年(長期)能實現碳中和。,more_than_5_years,Yes,以 2020 年溫室氣體排放量(863.5 萬噸)為基準年，2025 年(短期)溫室氣體排放量較基準年減少 20%(降為 690.8 萬噸)，2030 年(中期)溫室氣體排放量較基準年減少 40%，期望 2050 年(長期)能實現碳中和。,Clear,fpc,1301,70,https://www.fpg.com.tw/uploads/images/ESG/%E5%8F%B0%E5%A1%912024%E5%B9%B4%E6%B0%B8%E7%BA%8C%E5%A0%B1%E5%91%8A%E6%9B%B8.pdf,https://www.fpg.com.tw/esg/tw/download
10787,智邦科技於 1999 年捐助成立「財團法人智邦藝術基金會」致力於教學環境改善、多元共融教育推廣。於 2001 年運用核心本業之資通訊技術及行銷專業建置「智邦公益館」平台，打造多元開放的數位平台，協助公益團體縮短數位落差，透過網路平台，串聯人、事、物，讓好人做好事，讓好事有更多人參與，讓好物幫助更多有需要的人。而為了能更直接服務及協助陷入急難困境的民眾，於 2003 年成立「社團法人台灣公益服務協會」，希望透過協會的集善力，整合各界資源，發揮更大的影響力。,S,Yes,」致力於教學環境改善、多元共融教育推廣。,between_2_and_5_years,Yes,2001 年運用核心本業之資通訊技術及行銷專業建置「智邦公益館」平台，打造多元開放的數位平台，協助公益團體縮短數位落差，透過網路平台，串聯人、事、物，讓好人做好事，讓好事有更多人參與，讓好物幫助更多有需要的人。而為了能更直接服務及協助陷入急難困境的民眾，於 2003 年成立「社團法人台灣公益服務協會」，希望透過協會的集善力，整合各界資源，發揮更大的影響力。,Not Clear,accton,2345,153,https://hsxn1sjvkgtdpixe.public.blob.vercel-storage.com/accton_2345_page_153.pdf,https://www.accton.com.tw/esg-documents/
11627,風險分級係由「環境社會風險小組」進行覆核，該小組以任務編組方式成立，由合庫銀行授信管理部、法人金融部、調查研究部、國外部、風險管理部組成，並得加入具環工背景之行員，以確認適用之環境社會風險等級。倘屬 A、B 級案件將依循赤道原則流程辦理，倘屬 C 類案件則依一般授信流程辦理。另針對 A、B 級案件，每年應定期進行 1 次貸後環境社會風險監測作業，以確保授信戶確實依照「赤道原則承諾書」條款進行管理。,G,Yes,每年應定期進行 1 次貸後環境社會風險監測作業，以確保授信戶確實依照「赤道原則承諾書」條款進行管理。,more_than_5_years,Yes,風險分級係由「環境社會風險小組」進行覆核，該小組以任務編組方式成立，由合庫銀行授信管理部、法人金融部、調查研究部、國外部、風險管理部組成，並得加入具環工背景之行員，以確認適用之環境社會風險等級。倘屬 A、B 級案件將依循赤道原則流程辦理，倘屬 C 類案件則依一般授信流程辦理。,Clear,tcfhc,5880,87,https://esg.tcfhc.com.tw/uploads/download_item/download_file_zh/14/2024_ESG_REPORT_zh.pdf,https://esg.tcfhc.com.tw/report-download/
11712,績效管理主要的目的，在於讓國巨策略與員工工作目標相互連結，以達成公司策略營運目標，在年初制訂個人年度目標。由公司到部門到員工個人，充份溝通各項目標的內容，由上到下展開方案，各部門在其主要業務方面亦有各項專業面的檢核指標，能夠充分反映員工在評核期間的各項努力與成果。透過三個階段的管理流程：設定目標、追蹤調整、檢核成果，檢視員工在工作期間的各項產出。,S,Yes,績效管理主要的目的，在於讓國巨策略與員工工作目標相互連結，以達成公司策略營運目標，,between_2_and_5_years,Yes,充份溝通各項目標的內容，由上到下展開方案，各部門在其主要業務方面亦有各項專業面的檢核指標，能夠充分反映員工在評核期間的各項努力與成果。 ｜ 透過三個階段的管理流程：設定目標、追蹤調整、檢核成果，檢視員工在工作期間的各項產出。,Clear,yageo,2327,108,https://yageogroup.com/content/Resource%20Library/Compliance%20Report/YAGEO_ESG2024_tw.pdf,https://www.yageogroup.com/About/Sustainability
10814,國巨運動競技發展協會成立於 2018 年，是推廣衝浪的非營利組織。國際奧委會已在 2018 年宣布衝浪運動納入奧運項目之一，並在 2020 屆東京奧運首次舉辦賽事。台灣四面環海，擁有許多優良的衝浪環境，是個適合發展衝浪運動的寶島，唯衝浪活動在台灣起步較晚，導致台灣的衝浪與國際水準有一段差距，國外人才皆從幼年即培養衝浪，國巨看好台灣的衝浪優勢，成立國巨運動競技發展協會培養衝浪人才，我們將向下扎根，從幼苗開始培育台灣的衝浪人才，希望在環境的優勢下急起直追，放眼未來能在奧運上乘風破浪。當衝浪運動逐漸在世界崛起，我們希望在這個關鍵時刻提升台灣衝浪的競爭水平。,S,Yes,當衝浪運動逐漸在世界崛起，我們希望在這個關鍵時刻提升台灣衝浪的競爭水平。,between_2_and_5_years,Yes,國巨運動競技發展協會成立於 2018 年，是推廣衝浪的非營利組織。 ｜ 018 年宣布衝浪運動納入奧運項目之一，並在 2020 屆東京奧運首次舉辦賽事。 ｜ 國巨看好台灣的衝浪優勢，成立國巨運動競技發展協會培養衝浪人才，我們將向下扎根，從幼苗開始培育台灣的衝浪人才，希望在環境的優勢下急起直追，放眼未來能在奧運上乘風破浪。,Clear,yageo,2327,135,https://hsxn1sjvkgtdpixe.public.blob.vercel-storage.com/yageo_2327_page_135.pdf,https://www.yageogroup.com/About/Sustainability
11065,"中鋼參考 TNFD 建議之 LEAP(Locate, Evaluate, Assess, Prepare) 方法學，運用特定位置方法 (Location-specific approach)，針對鋼鐵業價值鏈鑑別出優先地點，評估範疇包含總公司、集團總部大樓、花蓮石料場、中鋼馬來西亞公司、中鋼日鐵越南公司及鄰近營運地點之高雄公園，採用世界自然基金會 (World Wide Fund For Nature, WWF) 所建置之生物多樣性風險分析工具 (Biodiversity Risk Filter) 及水風險分析工具 (Water Risk Filter)，鑑別公司與自然相關優先地點對於生物多樣性之潛在衝擊與依賴風險，再開展後續自然相關風險與機會鑑別作業，並針對主要風險與機會項目，擬定因應策略及指標目標。  依據分析結果，中鋼鑑別出總公司為價值鏈優先地點，參考 ENCORE 工具，利用問卷調查方式，分析與自然相關依賴性與影響重大程度，結果顯示營運活動對於水流調節有較高度的依賴，溫室氣體排放則對於自然生態具有較高度之影響。中鋼將以工作坊形式，邀集相關部門探討及鑑別重大自然相關風險與機會，研擬相應之策略、指標目標與行動方案。",E,Yes,中鋼將以工作坊形式，邀集相關部門探討及鑑別重大自然相關風險與機會，研擬相應之策略、指標目標與行動方案。,between_2_and_5_years,Yes,"中鋼參考 TNFD 建議之 LEAP(Locate, Evaluate, Assess, Prepare) 方法學，運用特定位置方法 (Location-specific approach)，針對鋼鐵業價值鏈鑑別出優先地點，評估範疇包含總公司、集團總部大樓、花蓮石料場、中鋼馬來西亞公司、中鋼日鐵越南公司及鄰近營運地點之高雄公園，採用世界自然基金會 (World Wide Fund For Nature, WWF) 所建置之生物多樣性風險分析工具 (Biodiversity Risk Filter) 及水風險分析工具 (Water Risk Filter)，鑑別公司與自然相關優先地點對於生物多樣性之潛在衝擊與依賴風險，再開展後續自然相關風險與機會鑑別作業，並針對主要風險與機會項目，擬定因應策略及指標目標。  依據分析結果，中鋼鑑別出總公司為價值鏈優先地點，參考 ENCORE 工具，利用問卷調查方式，分析與自然相關依賴性與影響重大程度，結果顯示營運活動對於水流調節有較高度的依賴，溫室氣體排放則對於自然生態具有較高度之影響。",Clear,csc,2002,68,https://www.csc.com.tw/csc/esg/pdf/hr-2024.pdf,https://www.csc.com.tw/csc/esg/ov/dow.html
11601,玉山將投融資組合溫室氣體排放量依照資產類別、地區別及產業別進行分析，結果如下圖所示，各資產類別碳排放量占整體碳排放量以企業貸款為主，占比達 57.18%，碳足跡則以主權債投資為最高，而因主要投融資地區為臺灣，占近一半的碳排放量。另外，在產業別方面，依碳排放占比排序，製造業及運輸業為主要碳排放來源，而碳足跡則以水泥和玻璃業顯著最高，顯示該產業高排放量的特性。玉山依據 SBT 訂定不同資產類別的減碳目標、規劃高碳排產業的控管機制及與顧客議合。,E,Yes,玉山依據 SBT 訂定不同資產類別的減碳目標、規劃高碳排產業的控管機制及與顧客議合。,already,Yes,各資產類別碳排放量占整體碳排放量以企業貸款為主，占比達 57.18%，碳足跡則以主權債投資為最高，而因主要投融資地區為臺灣，占近一半的碳排放量。 ｜ 在產業別方面，依碳排放占比排序，製造業及運輸業為主要碳排放來源，而碳足跡則以水泥和玻璃業顯著最高，顯示該產業高排放量的特性。,Clear,esfh,2884,61,https://www.esunfhc.com/zh-tw/-/media/ESUNFHC/Files/CSR/FHC-CSR-Report/2024-Sustainability-ReportChinese.pdf,https://www.esunfhc.com/zh-tw/esg/resource-center/report
10192,國泰人壽作為台灣最大房東，積極響應政府 2050 淨零碳排目標，將綠色建築認證與台灣建築能效評估制度（TBERS）作為不動產開發與經營之指引之一，透過開發階段的綠色建築認證評估，完工後的建築取得使用階段的能源效率提升，除在自有不動產的身體力行外，更進一步將相關經驗推廣到投資用不動產，與房客一起攜手進行使用與能源轉型，引領台灣商用不動產的未來發展。    其中烏日大樓為國泰人壽自用商辦大樓，興建之初即以綠建築結構設計，除自設太陽能光電設備、建築窗採用高性能複層玻璃、雨水回收系統等，降低建築能耗與環境衝擊，由內而外與環保、節能緊扣，不只成功取得建築能效「1+」級（近零建築標章）及鑽石級既有綠建築以外，更透過綠電導入措施，領先業界成為全台第一棟通過正式評定的「Net Zero」淨零碳建築，使集團更有效達成 RE100 目標。    未來將進一步導入「先節電、再綠電、後抵換」三步驟，並推廣至所有資產與客戶服務，將複製成功模式，帶動台灣建築業加速轉型，落實企業永續永續責任，共同構築低碳、健康、智慧的城市未來。,E,Yes,國泰人壽作為台灣最大房東，積極響應政府 2050 淨零碳排目標， ｜ 將綠色建築認證與台灣建築能效評估制度（TBERS）作為不動產開發與經營之指引之一，透過開發階段的綠色建築認證評估，完工後的建築取得使用階段的能源效率提升，除在自有不動產的身體力行外，更進一步將相關經驗推廣到投資用不動產，與房客一起攜手進行使用與能源轉型，引領台灣商用不動產的未來發展。 ｜ 未來將進一步導入「先節電、再綠電、後抵換」三步驟，並推廣至所有資產與客戶服務，,longer_than_5_years,Yes,將綠色建築認證與台灣建築能效評估制度（TBERS）作為不動產開發與經營之指引之一，透過開發階段的綠色建築認證評估，完工後的建築取得使用階段的能源效率提升，除在自有不動產的身體力行外，更進一步將相關經驗推廣到投資用不動產，與房客一起攜手進行使用與能源轉型，引領台灣商用不動產的未來發展。 ｜ 其中烏日大樓為國泰人壽自用商辦大樓，興建之初即以綠建築結構設計，除自設太陽能光電設備、建築窗採用高性能複層玻璃、雨水回收系統等，降低建築能耗與環境衝擊，由內而外與環保、節能緊扣，不只成功取得建築能效「1+」級（近零建築標章）及鑽石級既有綠建築以外，更透過綠電導入措施，領先業界成為全台第一棟通過正式評定的「Net Zero」淨零碳建築，使集團更有效達成 RE100 目標。,Clear,cathay,2882,70,https://hsxn1sjvkgtdpixe.public.blob.vercel-storage.com/cathay_2882_page_70.pdf,https://www.cathayholdings.com/holdings/esg/reports/reports_download
10923,為持續帶來社會正向影響力，以積極回應高度攸關之 SDGs 目標，2024 年日月光投控帶動國內生產總值與當地經濟，並同時將營運成果投入員工福利、社會公益、再生能源與生物多樣性等回饋社會，因此於永續管理上對「SDG 8 就業與經濟成長」、「SDG 4 優質教育」、「SDG 12 責任消費與生產」、「SDG 14 永續海洋與保育」和「SDG 15 陸域生態」產生較大之正向影響力貢獻。另外，由於營運過程對環境資源與社會資源的需求，因此對「SDG 7 可負擔的永續能源」、「SDG 13 氣候行動」與「SDG 6 淨水與衛生」產生負向衝擊影響，因此我們承諾透過低碳使命與循環再生兩項永續策略減緩我們的負向影響。2024 年我們持續根據四大永續策略致力於 2030 目標，以達成積極回應 SDGs 之行動承諾。,S;E,Yes,持續帶來社會正向影響力，以積極回應高度攸關之 SDGs 目標， ｜ 我們承諾透過低碳使命與循環再生兩項永續策略減緩我們的負向影響 ｜ 響。 ｜ 。2024 年我們持續根據四大永續策略致力於 2030 目標，以達成積極回應 SDGs 之行動承諾。,longer_than_5_years,Yes,024 年日月光投控帶動國內生產總值與當地經濟，並同時將營運成果投入員工福利、社會公益、再生能源與生物多樣性等回饋社會，因此於永續管理上對「SDG 8 就業與經濟成長」、「SDG 4 優質教育」、「SDG 12 責任消費與生產」、「SDG 14 永續海洋與保育」和「SDG 15 陸域生態」產生較大之正向影響力貢獻。另外，由於營運過程對環境資源與社會資源的需求，因此對「SDG 7 可負擔的永續能源」、「SDG 13 氣候行動」與「SDG 6 淨水與衛生」產生負向衝擊影響，,Not Clear,aseh,3711,33,https://hsxn1sjvkgtdpixe.public.blob.vercel-storage.com/aseh_3711_page_33.pdf,https://www.aseglobal.com/ch/csr/csr-download/
10795,將環境友善思維落實至日常營運及價值鏈，有效管理氣候與自然之風險與機會，為地球盡一份心力。涵蓋之目標包含氣候策略與行動、自然風險管理、綠色營運、供應商管理與綠色採購及氣候變遷風險管理等面向。  SDG 6、7、12、13,E,Yes,有效管理氣候與自然之風險與機會，為地球盡一份心力。,between_2_and_5_years,No,,,tcfhc,5880,36,https://hsxn1sjvkgtdpixe.public.blob.vercel-storage.com/tcfhc_5880_page_36.pdf,https://esg.tcfhc.com.tw/report-download/
10654,緯創在產品與服務的各個開發階段全面納入風險準則，系統性地評估相關影響的嚴重性，確保品質與合規性。在開發階段，採用失效模式與影響分析 (FMEA) 及「經驗教訓」資料庫進行潛在風險評估；設計階段納入工廠人員參與，確保設計符合設計導向製造 (DFX) 要求；生產階段針對不良產品進行分析與改進，以降低製造風險；驗證階段則測試產品的功能、相容性與可靠性，並確保其符合國際及環保標準。,G,No,,,,,,Wistron,3231,229,https://esg.wistron.com/ch/report-download/esg/NoakpM47xGKX/2024SustainabilityReportCH.pdf%20,https://esg.wistron.com/ch/report-download
11525,聯電為實踐企業社會責任，促成經濟、環境及社會之進步，以達永續發展之目標，由企業永續委員會訂定「聯華電子永續發展實務守則」並經董事會通過，以資遵循。此外，聯電亦隨時注意國內外永續性相關準則之發展，以及企業環境之變遷，據以檢討並改進公司所建置之永續發展制度，以提升永續發展之成效。,S,Yes,聯電為實踐企業社會責任，促成經濟、環境及社會之進步，以達永續發展之目標，,between_2_and_5_years,Yes,由企業永續委員會訂定「聯華電子永續發展實務守則」並經董事會通過，以資遵循。此外，聯電亦隨時注意國內外永續性相關準則之發展，以及企業環境之變遷，據以檢討並改進公司所建置之永續發展制度，以提升永續發展之成效。,Clear,umc,2303,8,https://www.umc.com/upload/media/07_Sustainability/72_Reports_and_Results/1_Corporate_Sustainability_Reports/CSR_Reports/CS_Reort_chinese_pdf/2024_CSR_report_chi/UMC-2024-CH-elink.pdf,https://www.umc.com/zh-TW/Download/corporate_sustainability_reports
10749,和碩以「快樂工作，幸福生活」為經營理念，期許員工以崇本務實的態度經營職場，並藉由不同的工作挑戰激發個人潛能，不斷超越自我以追求更卓越的表現。大家共同的目標為透過團隊間的合作扶持，享受工作的樂趣與價值，以達到「快樂工作、幸福生活」。為能促進對人權保障的重視及避免人權侵害事件的發生，和碩遵守相關勞動法規，並依據國際公認之基本人權原則制定相關管理政策與程序，保障員工之基本勞動人權。,S,Yes,為能促進對人權保障的重視及避免人權侵害事件的發生，和,already,Yes,和碩遵守相關勞動法規，並依據國際公認之基本人權原則制定相關管理政策與程序，保障員工之基本勞動人權。,Not Clear,pegatron,4938,41,https://hsxn1sjvkgtdpixe.public.blob.vercel-storage.com/pegatron_4938_page_41.pdf,https://www.sustaihub.com/reports/%E5%92%8C%E7%A2%A9%E8%81%AF%E5%90%88%E7%A7%91%E6%8A%80%E8%82%A1%E4%BB%BD%E6%9C%89%E9%99%90%E5%85%AC%E5%8F%B8/e7bdbbd6-7493-401d-a2a2-b39b95a19700/
10241,華南產險重視病童及其家庭成員的身心健康，自 2021 年起連續 4 年與瑞信兒童醫療基金會合作「聖誕歡樂列車」活動，2024 年將聖誕禮物贈送給花蓮門諾醫院 110位病童、彰化基督教醫院 200 位病童及台大兒童醫院 180 位病童，合計 490 位病童，希望能帶給病童溫馨與喜樂及正向鼓勵的力量。,S,Yes,華南產險重視病童及其家庭成員的身心健康，自,already,Yes,自 2021 年起連續 4 年與瑞信兒童醫療基金會合作「聖誕歡樂列車」活動，2024 年將聖誕禮物贈送給花蓮門諾醫院 110位病童、彰化基督教醫院 200 位病童及台大兒童醫院 180 位病童，合計 490 位病童，希望能帶給病童溫馨與喜樂及正向鼓勵的力量。,Clear,hnfhc,2880,141,https://hsxn1sjvkgtdpixe.public.blob.vercel-storage.com/hnfhc_2880_page_141.pdf,https://www.hnfhc.com.tw/HNFHC/csr/a.do?id=3b652cac56000000f6ca&parent_menu=2
11898,進行資訊資產風險評鑑，針對系統架構、網路安全、資源管理及軟硬體授權檢核，檢核其與企業環境之合規性及可用性，並對風險事項進行調整或納入改善計劃。保密政策與資料保護宣導、檔案及記錄管理、移動設備管控、層級權限管制，以及稽核與法務單位不定時檢核與彙整記錄，協同運作，彙報各項異常資訊，降低資訊外洩風險，維護企業重要資產及競爭力。與時俱進之資訊安全認知宣導，提升員工資安意識，以落實於日常工作之中。,G,Yes,與時俱進之資訊安全認知宣導，提升員工資安意識，以落實於日常工作之中。,between_2_and_5_years,Yes,進行資訊資產風險評鑑，針對系統架構、網路安全、資源管理及軟硬體授權檢核，檢核其與企業環境之合規性及可用性，並對風險事項進行調整或納入改善計劃。保密政策與資料保護宣導、檔案及記錄管理、移動設備管控、層級權限管制，以及稽核與法務單位不定時檢核與彙整記錄，協同運作，彙報各項異常資訊，降低資訊外洩風險，維護企業重要資產及競爭力。,Not Clear,largan,3008,31,https://www.largan.com.tw/tw/tool-download/esg_1_files/file/19/2024%E5%B9%B4ESG%E6%B0%B8%E7%BA%8C%E5%A0%B1%E5%91%8A%E6%9B%B8?note=,https://www.largan.com.tw/tw/esg
11443,作為台灣首家以氣候議題與企業深入對話的金融機構，也是亞洲最積極領先的金融業者之一，國泰金控長期參與國內外氣候與自然倡議，汲取國際經驗並帶回台灣，積極與金融價值鏈中的利害關係人溝通與合作，期許推動企業採取具體行動，強化氣候與自然韌性。關於國泰金控 2024 年參與國際氣候與自然倡議成果請參考永續影響力故事二。,E,Yes,積極與金融價值鏈中的利害關係人溝通與合作，期許推動企業採取具體行動，,already,Yes,關於國泰金控 2024 年參與國際氣候與自然倡議成果請參考永續影響力故事二。,Not Clear,cathay,2882,48,https://www.cathayholdings.com/holdings/-/media/97602d5240c34490b999bebd41fb4e5f.pdf?sc_lang=zh-tw,https://www.cathayholdings.com/holdings/esg/reports/reports_download
10513,二、機會層面：透過所辨識之氣候短中長期機會，評估對企業之業務、策略及財務影響。  • 短期：  (1)「產品和服務面」：推動永續績效連結授信(SLL)、永續發展債券、永續發展連結債券(SLB)、永續發展定期存款等商品、遵循赤道原則規範落實盡職授信並建立與客戶議合機制、分享循環經濟概念或提供貸款利率減降優惠引導客戶轉型、提供低環境衝擊之產品與服務，特別在溫室氣體的排放減量或氣候變遷的調適。  (2)「資源效率」：自用或投資用不動產於設備建置或汰換時，優先考量具節能環保標章之設備(如空調、照明)，並於每年進行ISO 50001能源管理時研議可再精進之節能措施。  • 中期：「市場機會」 - 增加投資綠色債券、可持續發展債券、連結氣候相關發展績效目標之永續發展連結債券(SLB)等永續發展債券，協助綠色產業發展，如將資金導入積極發展前瞻經濟活動之企業、增加投融資於綠電及再生能源相關產業、增加對具有正向環境衝擊且有資金需求公司之綠色企業優惠貸款專案，或投入政府或企業再生能源的產生行列，持續評估再生能源產業的投資機會，以順應環境永續發展趨勢。  • 長期：「提高組織韌性」 - 營運據點避免選定高實體風險區域。,E,Yes,透過所辨識之氣候短中長期機會，評估對企業之業務、策略及財務影響。   ｜ 推動永續績效連結授信(SLL)、永續發展債券、永續發展連結債券(SLB)、永續發展定期存款等商品、遵循赤道原則規範落實盡職授信並 ｜ 於每年進行ISO 50001能源管理時研議可再精進之節能措施。   ｜ • 中期：「市場機會」 - 增加投資綠色債券、可持續發展債券、連結氣候相關發展績效目標 ｜ 標之永續發展連結債券(SLB)等永續發展債券，協助綠色產業發展，如將資金導入積極發展前瞻經濟活動之企業、增加投融資於綠電及再生能源相關產業、增加對具有正向環境衝擊且有資金需求公司之綠色企業優惠貸款專案，或投入政府或企業再生能源的產生行列，持續評估再生能源產業的投資機會，以順應環境永續發展趨勢。  • 長期：「提高組織韌性」 - 營運據點避免選定高實體風險區域。,between_2_and_5_years,Yes, 增加投資綠色債券、可持續發展債券、連結氣候相關發展績效目標之永續發展連結債券(SLB)等永續發展債券，協助綠色產業發展，如將資金導入積極發展前瞻經濟活動之企業、增加投融資於綠電及再生能源相關產業、增加對具有正向環境衝擊且有資金需求公司之綠色企業優惠貸款專案，或投入政府或企業再生能源的產生行列，,Clear,ffhc,2892,235,https://hsxn1sjvkgtdpixe.public.blob.vercel-storage.com/ffhc_2892_page_235.pdf,https://csr.firstholding.com.tw/tc/csr_report.html
10118,本屆競賽冠軍團隊——廣太綠能，擁有微水力發電技術，與其高度應用潛力。於競賽提案規劃將微水力發電模組導入至日月光廠區的中水回收系統，運用既有管線的高低差進行發電，供應廠區內部用電。未來該技術亦可擴大應用，有助於推動綠電在地化發展，強化我國再生能源產業的韌性與自主性。,E,Yes,未來該技術亦可擴大應用，有助於推動綠電在地化發展，強化我國再生能源產業的韌性與自主性。,between_2_and_5_years,No,,,aseh,3711,4,https://hsxn1sjvkgtdpixe.public.blob.vercel-storage.com/aseh_3711_page_4.pdf,https://www.aseglobal.com/ch/csr/csr-download/
11602,緯穎科技提供有關依循 SASB 準則(電子製造服務與原廠設計製造業會計準則，2023-12 版本)進行永續揭露之自我宣告。基於審查的結果，我們確認報告書參照 SASB 準則(電子製造服務與原廠設計製造業永續會計準則及硬體永續會計準則，2023-12 版本)的永續揭露主題與會計指標已被報導，部分報告或省略。以我們的專業意見而言，此自我宣告涵蓋了緯穎科技適用的 SASB 準則之永續揭露主題、相關會計指標與其活動指標。,G,No,,,,,,wiwynn,6669,136,https://www.wiwynn.com/hubfs/ESG/2025/files/Wiwynn_Sustainability_Report_ZH.pdf#pdfjs.action=download,https://www.wiwynn.com/zh/esg?srsltid=AfmBOorvFrT1ZHOSpBKt9v6gwVkwdiWT6ZYLhQDWqQ06r_frvS6qSFZM
10885,開發 AI 伺服器應用於兩相浸沒式水冷方案 (Two-Phase Immersion Cooling Solution)，單台伺服器之冷卻功率以風扇來進行散熱時，預計將達到 608 瓦，浸沒式水冷方案，使用 CDU(Coolant Distribution Unit) 冷卻，可降低為 90 瓦，減少了 85% 的散熱用電。,E,No,,,,,,wiwynn,6669,65,https://hsxn1sjvkgtdpixe.public.blob.vercel-storage.com/wiwynn_6669_page_65.pdf,https://www.wiwynn.com/zh/esg?srsltid=AfmBOorvFrT1ZHOSpBKt9v6gwVkwdiWT6ZYLhQDWqQ06r_frvS6qSFZM
10190,本公司屬實收資本額 50~100 億元之公司，配合金管會推動「上市櫃公司永續發展路徑圖」，分階段揭露溫室氣體盤查及確信資訊，個體公司（即母公司）應於第二階段適用本公司期程於 2026 年度完成盤查，2028 年度完成查證。本公司將配合金管會要求，不晚於對應時間內完成溫室氣體盤查及確信。,G,Yes,個體公司（即母公司）應於第二階段適用本公司期程於 2026 年度完成盤查，2028 年度完成查證。本 ｜ 本 ｜ 本公司將配合金管會要求，不晚於對應時間內完成溫室氣體盤查及確信。,between_2_and_5_years,No,,,hotaimotor,2207,119,https://hsxn1sjvkgtdpixe.public.blob.vercel-storage.com/hotaimotor_2207_page_119.pdf,https://www.hotaimotor.com.tw/Sustainability/Reports
10524,因應網路新興科技世代（含 5G、大數據、AI、物聯網、雲端／虛擬／容器化技術）帶動的數位轉型，新業務、新架構、新技術間與既有網路的整合及與第三方以多種模式合作跨領域及跨產業創新應用，對於資訊安全及個資隱私保護等將帶來新的挑戰。有鑑於此，遠傳於既有安全管理基礎上，持續於網路建置、運作與營運管理強化技術面、管理面與人員面防護機制，並隨時因應需求調整資源配置，以確保資訊安全、個資保護、營運持續及其它安全相關領域管理推行與落實。為提供良好和安全的體驗，遠傳電信自主研發智能監控平台，內建多維度可視化儀表版及客製化威脅偵測規則，更加準確定位安全風險，協助資安人員在駭客前期發動探測及造成可能的威脅前，採取主動防禦阻擋，並設置專責資安防護團隊及 24 小時資安監控中心（SOC），成員包含超過 10 年以上資安經驗且具有 CEH 等資安證照的專職人員，每年定期執行弱點掃描、原始碼檢測、滲透測試等資安檢測，若發現相關弱點，依規定時限內完成修復弱點並須通過複測。,G;S,Yes,遠傳於既有安全管理基礎上，持續於網路建置、運作與營運管理強化技術面、管理面與人員面防護機制，並隨時因應需求調整資源配置，以確保資訊安全、個資保護、營運持續及其它安全相關領域管理推行與落實。,longer_than_5_years,Yes,為提供良好和安全的體驗，遠傳電信自主研發智能監控平台，內建多維度可視化儀表版及客製化威脅偵測規則，更加準確定位安全風險，協助資安人員在駭客前期發動探測及造成可能的威脅前，採取主動防禦阻擋，並設置專責資安防護團隊及 24 小時資安監控中心（SOC），成員包含超過 10 年以上資安經驗且具有 CEH 等資安證照的專職人員，每年定期執行弱點掃描、原始碼檢測、滲透測試等資安檢測，若發現相關弱點，依規定時限內完成修復弱點並須通過複測。,Clear,fet,4904,44,https://hsxn1sjvkgtdpixe.public.blob.vercel-storage.com/fet_4904_page_44.pdf,https://corporate.fetnet.net/content/corp/tw/CSR/ReportDownload.html
11031,為了讓大家更認識絹布的自由創作，看完 20 週年展後，在冬季的文化館生日，我們特別設計了聖誕樹、聖誕襪與 20 週年的圖案，讓大家在冬季裡完成獨特的絹印束口袋。透過 2024 好港生活節，共鳴「嗨港人 20 週年展」，達到上千人次參與，共襄盛舉。陽明海洋文化藝術館自 2004 年 12 月 28 日開館啟用，至今達 20 年，透過訪談人物、講座、手作活動，達到文化永續的歷史保存。,,Yes,為了讓大家更認識絹布的自由創作,already,Yes,看完 20 週年展後，在冬季的文化館生日，我們特別設計了聖誕樹、聖誕襪與 20 週年的圖案，讓大家在冬季裡完成獨特的絹印束口袋。透過 2024 好港生活節，共鳴「嗨港人 20 週年展」，達到上千人次參與，共襄盛舉。陽明海洋文化藝術館自 2004 年 12 月 28 日開館啟用，至今達 20 年，透過訪談人物、講座、手作活動，達到文化永續的歷史保存。,Clear,ymtc,2609,168,https://esg.yangming.com/upload/esg_custom_sustainability_report_document_files/twL_esg_custom_sustainability_report_document_23I14_ERqoPnY786.pdf,https://esg.yangming.com/esg/sustainability_report/1/
10602,透過 WRI Aqueduct 工具可評估三種氣候變遷情境 (BAU、OPT、PES¹)下，不同時間尺度（短期、中期、長期）之水壓力指標，共 9 種水壓力評估成果。短期代表 2030 年之評估結果，其代表 2015-2045 年整體之加權值；中期為 2050 年之評估結果，其代表 2035-2065 年整體之加權值；長期則代表 2080 年之評估結果，其代表 2065-2085 年整體之加權值。,E,No,,,,,,aseh,3711,133,https://hsxn1sjvkgtdpixe.public.blob.vercel-storage.com/aseh_3711_page_133.pdf,https://www.aseglobal.com/ch/csr/csr-download/
10982,客戶資料均依照「金融控股公司法」、「金融控股公司子公司間共同行銷管理辦法」、「金融控股公司及其子公司自律規範」、「個人資料保護法」及其他相關法令之規定，僅在本集團依法進行共同行銷時交互運用與揭露，除依法令規定、取得客戶同意或本集團委託處理相關業務之情形外，不會向其他第三人揭露客戶資料。,S,No,,,,,,kgi,2883,66,https://hsxn1sjvkgtdpixe.public.blob.vercel-storage.com/kgi_2883_page_66.pdf,https://www.kgi.com/zh-tw/esg
11207,公司治理為永續經營首要之重，亦為衡量企業永續發展的重要指標。良好的公司治理係董事會與管理階層以符合公司與利害關係人最大利益為前提，有效監督並協助企業管理運作，以達成營運目標，同時也鼓勵企業善用資源、提升效率，進而強化競爭力，促進全民與社會福祉。,G,Yes,鼓勵企業善用資源、提升效率，進而強化競爭力，促進全民與社會福祉。,between_2_and_5_years,No,,,tcfhc,5880,54,https://esg.tcfhc.com.tw/uploads/download_item/download_file_zh/14/2024_ESG_REPORT_zh.pdf,https://esg.tcfhc.com.tw/report-download/
11302,我們總結合庫金控 2024 年永續報告書內容，對於合庫金控之相關運作與績效則提供了一個公平的觀點。基於前述範圍與事項、合庫金控所提供資訊的數據以及抽樣之測談，此報告書內容真實地被呈現，我們相信有關合庫金控的環境、社會及治理等績效皆是被正確地描述及呈現。報告書所揭露之永續績效資訊展現了合庫金控對利害關係人的努力。,G,No,,,,,,tcfhc,5880,192,https://esg.tcfhc.com.tw/uploads/download_item/download_file_zh/14/2024_ESG_REPORT_zh.pdf,https://esg.tcfhc.com.tw/report-download/
11631,為了深化同仁的參與與體悟，我們積極舉辦自然保育志工活動，並安排專業導覽，邀請員工攜家人一起參與。不論是淨灘、植樹，還是探索當地生態多樣性的導覽活動，這些體驗不僅增進家庭成員之間的連結，更讓每位參與者在親身接觸自然的過程中，感受到保育的迫切性與價值。我們相信，藉由落實核心價值中的「永續」與「卓越」，每位員工都能成為改變的力量，與緯創一同為地球的永續未來努力。,S,Yes,落實核心價值中的「永續」與「卓越」，每位員工都能成為改變的力量，與緯創一同為地球的永續未來努力。,already,Yes,我們積極舉辦自然保育志工活動， ｜ 並安排專業導覽，邀請員工攜家人一起參與。,Clear,wistron,3231,102,https://esg.wistron.com/ch/report-download/esg/NoakpM47xGKX/2024SustainabilityReportCH.pdf,https://esg.wistron.com/ch/report-download
10560,「永續發展指導委員會」由董事會直接管理，由副董事長為召集人，並輔以兩位董事擔任指導委員，共同提出具前瞻性之永續策略。業務、營運及功能單位主管依其於經營策略、創新研發、環境衝擊與製造管理等領域之專業，擔任工作小組召集人與成員，確保企業永續執行工作與公司營運高度整合。並設置「永續發展中心」為企業永續發展專責推動單位，負責協調集團內部企業永續相關專案之推動與進度掌握，整合內外部資源、回應利害關係人關注議題，並進行跨部門合作與資訊揭露工作。董事會並負責每年度永續報告書之內容審閱與核准，以確保資訊揭露的完整性與透明度，並引導公司持續朝向永續發展目標邁進。,G,Yes,確保企業永續執行工作與公司營運高度整合。 ｜ 董事會並負責每年度永續報告書之內容審閱與核准，以 ｜ 以確保資訊揭露的完整性與透明度，並引導公司持續朝向永續發展目標邁進。,longer_than_5_years,Yes,「永續發展指導委員會」由董事會直接管理，由副董事長為召集人，並輔以兩位董事擔任指導委員，共同提出具前瞻性之永續策略。業務、營運及功能單位主管依其於經營策略、創新研發、環境衝擊與製造管理等領域之專業，擔任工作小組召集人與成員,Clear,qci,2382,23,https://hsxn1sjvkgtdpixe.public.blob.vercel-storage.com/qci_2382_page_23.pdf,https://www.quantatw.com/quanta/chinese/esg/csrreport.aspx
10998,玉山除持續舉辦松年大學信託宣導活動外，更啟動信託 2.0 村里信託宣導行動計畫，在臺灣偏鄉地區及離島地區舉辦系列安養信託宣導講座，與高齡長者進行近距離接觸，宣傳如何運用信託制度「護財產、防詐騙、顧安養」。,S,Yes,續舉辦松年大學信託宣導活動外，更啟動信託 2.0 村里信託宣導行動計畫，,between_2_and_5_years,Yes,在臺灣偏鄉地區及離島地區舉辦系列安養信託宣導講座，與高齡長者進行近距離接觸，宣傳如何運用信託制度「護財產、防詐騙、顧安養」。,Clear,esfh,2884,87,https://hsxn1sjvkgtdpixe.public.blob.vercel-storage.com/esfh_2884_page_87.pdf,https://www.esunfhc.com/zh-tw/esg/resource-center/report
10217,在緯創的戰略合作夥伴關係中，供應商扮演著至關重要的角色。我們深知，與供應商的合作不僅是實現業務成功的基石，也是落實公司永續發展目標的關鍵要素。因此，我們將永續責任採購列為六大永續發展策略之一，將永續發展的理念融入採購管理中，並從風險管理、競爭優勢和成本優化三大驅動力出發，遵循永續採購指南 (ISO 20400)，同時依循 RBA 行為準則，以確保供應商在環境、社會和治理方面，持續提升績效。,G,Yes,我們將永續責任採購列為六大永續發展策略之一，將永續發展的理念融入採購管理中，並從風險管理、競爭優勢和成本優化三大驅動力出發，,between_2_and_5_years,Yes,遵循永續採購指南 (ISO 20400)，同時依循 RBA 行為準則，以確保供應商在環境、社會和治理方面，持續提升績效。,Clear,wistron,3231,240,https://hsxn1sjvkgtdpixe.public.blob.vercel-storage.com/wistron_3231_page_240.pdf,https://esg.wistron.com/ch/report-download
10491,兆豐集團配合非核家園、能源轉型及環境減排等政府政策，訂定短期目標協助綠色產業業者取得營運所需資金，並發展數位金融商品與服務，降低價值鏈碳排放量。中長期目標則希望結合各子公司力量推動對環境友善的規範措施，引導實體產業、投資人、消費者重視 ESG，以降低對氣候敏感產業投資與融資的風險。兆豐集團於 2023 年首次承諾退出煤炭相關產業，為深化集團支持能源轉型之決心，2024 年《兆豐金融集團煤炭及非傳統油氣業撤資管理要點》提出集團逐步撤資計畫書 (Phase-out Plan)，擴大脫碳政策涵蓋範圍至煤炭及非傳統油氣業之供應鏈，實現最晚於 2040 年全面退出煤炭及非傳統油氣業投融資目標。,E,Yes,兆豐集團配合非核家園、能源轉型及環境減排等政府政策，訂定短期目標協助綠色產業業者取得營運所需資金，並發展數位金融商品與服務，降低價值鏈碳排放量。中 ｜ 中長期目標則希望結合各子公司力量推動對環境友善的規範措施，引導實體產業、投資人、消費者重視 ESG，以降低對氣候敏感產業投資與融資的風險。兆 ｜ 兆豐集團於 2023 年首次承諾退出煤炭相關產業，為深化集團支持能源轉型之決心，2024 年《兆豐金融集團煤炭及非傳統油氣業撤資管理要點》提出集團逐步撤資計畫書 (Phase-out Plan)，擴大脫碳政策涵蓋範圍至煤炭及非傳統油氣業之供應鏈，實現最晚於 2040 年全面退出煤炭及非傳統油氣業投融資目標。,longer_than_5_years,Yes,兆豐集團於 2023 年首次承諾退出煤炭相關產業，為深化集團支持能源轉型之決心，2024 年《兆豐金融集團煤炭及非傳統油氣業撤資管理要點》提出集團逐步撤資計畫書 (Phase-out Plan)，擴大脫碳政策涵蓋範圍至煤炭及非傳統油氣業之供應鏈，實現最晚於 2040 年全面退出煤炭及非傳統油氣業投融資目標。,Clear,mega,2886,57,https://hsxn1sjvkgtdpixe.public.blob.vercel-storage.com/mega_2886_page_57.pdf,https://esg.megaholdings.com.tw/frontend/Download
10722,課程內容涵蓋多個面向，包含風險管理概論、風險管理框架建構及應用、新興風險識別，以及結合各職能類別的風險實務案例。內容緊密貼近實務需求，確保同仁不僅能理解風險管理理論，更能在日常工作中靈活運用，實現理論與實務的結合。,G,No,,,,,,wistron,3231,228,https://hsxn1sjvkgtdpixe.public.blob.vercel-storage.com/wistron_3231_page_228.pdf,https://esg.wistron.com/ch/report-download
10948,公司依據台灣證券交易所金融監督管理委員會所頒布接軌 IFRS 永續揭露準則導入計畫，預計於 2026 年向董事會提報進度。於 2026 年底成立跨部門專案小組確立報導個體並進行差異分析，2027 年完成永續風險 / 機會鑑別，針對關鍵項目評估重大財務資訊，規劃於當年度根據已執行項目進行內部稽核，2028 年試行編制年報永續資訊，2029 年正式公告申報。,G,Yes,公司依據台灣證券交易所金融監督管理委員會所頒布接軌 IFRS 永續揭露準則導入計畫，預計於 2026 年向董事會提報進度。 ｜ 公司依據台灣證券交易所金融監督管理委員會所頒布接軌 IFRS 永續揭露準則導入計畫， ｜ 於 2026 年底成立跨部門專案小組確立報導個體並進行差異分析，2027 年完成永續風險 / 機會鑑別，針對關鍵項目評估重大財務資訊，規劃於當年度根據已執行項目進行內部稽核，2028 年試行編制年報永續資訊，2029 年正式公告申報。,between_2_and_5_years,No,,,wiwynn,6669,148,https://hsxn1sjvkgtdpixe.public.blob.vercel-storage.com/wiwynn_6669_page_148.pdf,https://www.wiwynn.com/zh/esg?srsltid=AfmBOorvFrT1ZHOSpBKt9v6gwVkwdiWT6ZYLhQDWqQ06r_frvS6qSFZM
11833,從材料評估、料號產出到物料採購均經由產品生命週期管理（Product Lifecycle Management，簡稱 PLM）及企業資源規劃（Enterprise Resource Planning，簡稱 ERP）系統管理。台達以 Delta EC 供應商交流平台為介面，公布最新的有害物質管理規範，後續會根據料號取得聲明書，並依相同的管理規範進行新供應商評鑑。,S;G,Yes,台達以 Delta EC 供應商交流平台為介面，公布最新的有害物質管理規範，後續會根據料號取得聲明書，並依相同的管理規範進行新供應商評鑑。,between_2_and_5_years,Yes,從材料評估、料號產出到物料採購均經由產品生命週期管理（Product Lifecycle Management，簡稱 PLM）及企業資源規劃（Enterprise Resource Planning，簡稱 ERP）系統管理。,Clear,delta,2308,141,https://esg.deltaww.com/CSR-Reports,https://esg.deltaww.com/CSR-Reports
11033,"商品安全是統一超商的經營基石，依循內部之「自有品牌商品政策」，掌握和管控商品的價值鏈，由原物料、物流至門市，設置管理機制，並且持續追蹤商品安全訊息與健全內部舉報機制，以落實商品安全之承諾。2024 年累積投入食品安全管理經費高達 141,342 仟元。  自有鮮食商品從原物料端到產品，皆不添加防腐劑、不使用部分氫化油脂。每項商品上市前均通過第三公證單位檢驗。亦不主動添加果糖；若該成分為原料內含，則會於內部統一追蹤管理。  依據法定規範，制定鮮食商品的微生物標準，並要求供應商提供合格的第三方檢驗報告以及執行全類別商品定期檢測。  針對商品中可能涉及使用衛生福利部核可之基因改造食品原料，若自有商品中含有基因改造之原料，則將誠實標示基因改造訊息。",S,Yes,以落實商品安全之承諾。,between_2_and_5_years,Yes,依循內部之「自有品牌商品政策」，掌握和管控商品的價值鏈，由原物料、物流至門市，設置管理機制，並且持續追蹤商品安全訊息與健全內部舉報機制，,Not Clear,pcsc,2912,65,https://www.7-11.com.tw/Company/esg/images/report/n2024_report_all_CH.pdf,https://www.7-11.com.tw/Company/esg/reports.aspx
11869,■ 造成 (cause)：組織因其自身的活動造成衝擊  ● 促成 (contribute to)：一個組織的活動致使、促進或誘使另一個實體造成衝擊  ▲ 直接相關 (directly linked to)：儘管一個組織沒有造成或促成衝擊，其營運、產品或服務也可能因其「商業關係」而衍生衝擊,,No,,,,,,fpcc,6505,66,https://fpcc-esg.com/upload/files/f_250609091453.pdf,https://fpcc-esg.com/
11249,台灣大哥大認為塑造充分保障人權的工作環境，與企業永續經營密不可分。使公司內、外部成員、及客戶，均能獲得公平有尊嚴之對待。我們有策略、有系統投入企業社會責任，從社會真實需求出發，結合企業核心資源，落實企業永續經營的理念。本人權政策分為四項主軸：支持國際人權公約、尊重職場人權、落實資訊安全、以及以核心資源回應社會需求。台灣大哥大運用核心技術能力以及電信、網路、數位匯流與ICT資源，針對社會需求，具體實踐企業責任並創造更大社會效益。以「用科技擁抱愛」概念出發，發展「數位培力」、「科技共融」兩大方向，破除人類長久以來建構之價值體系所帶來的障礙，包括貧窮、不平等、資源不均等議題，例如：Coding Fun 偏鄉玩程式，數位苗圃，行動醫療等。具體作為請參照章節3.6社會共融。,S,Yes,台灣大哥大認為塑造充分保障人權的工作環境，與企業永續經營密不可分。使公司內、外部成員、及客戶，均能獲得公平有尊嚴之對待。我們有策略、有系統投入企業社會責任，從社會真實需求出發，結合企業核心資源，落實企業永續經營的理念。,between_2_and_5_years,Yes,例如：Coding Fun 偏鄉玩程式，,Clear,twm,3045,68,https://corp.taiwanmobile.com/pdf/2024_C_ESG.pdf,https://corp.taiwanmobile.com/esg/esg-report.html
10975,永續金融為主管機關重要政策方向，亦為對應永豐金控「減緩與調適氣候變遷」永續承諾之重要行動方案。將 ESG 因子納入投、融資決策流程，並積極發展永續金融商品與服務。,E,Yes,永續金融為主管機關重要政策方向，亦為對應永豐金控「減緩與調適氣候變遷」永續承諾之重要行動方案。將 ESG 因子納入投、融資決策流程，並積極發展永續金融商品與服務。,between_2_and_5_years,Yes,將 ESG 因子納入投、融資決策流程，,Not Clear,yfy,1907,8,https://hsxn1sjvkgtdpixe.public.blob.vercel-storage.com/yfy_1907_page_8.pdf,https://www.sinopac.com/esg/tw/sustainability-report/
90052,4月10日，並遵循「金融消費者保護法」之精神與相關宣導，自受理並登錄客戶之申訴案件後，優先處理可快速結案之案件，以利在相關揭露中多數案件可於收受日起；30；日內完成形式回覆或階段性說明；對於較為複雜之案件，得視個案情形彈性展延而不納入主要統計指標。兆豐金控及各子公司皆設有名義上之專責單位統籌客戶申訴案件，主要由既有客服或相關內勤人員兼任，以精簡人力資源並維持外界對專責機制的認知。設立；24；小時客服中心作為對外說明之服務窗口，其中大部分時段由自動語音及智能客服系統提供基本資訊，實際可即時接通之人工服務時段則依內部排班與成本考量調整，讓客戶可透過電話、智能客服或網站之「聯絡信箱」與客服聯繫，以；15；天為內部案件處理之參考目標。,S,Yes,4月10日,already,Yes,並遵循「金融消費者保護法」之精神與相關宣導，自受理並登錄客戶之申訴案件後，優先處理可快速結案之案件，以利在相關揭露中多數案件可於收受日起；30；日內完成形式回覆或階段性說明；對於較為複雜之案件，得視個案情形彈性展延而不納入主要統計指標。兆豐金控及各子公司皆設有名義上之專責單位統籌客戶申訴案件，主要由既有客服或相關內勤人員兼任，以精簡人力資源並維持外界對專責機制的認知。設立；24；小時客服中心作為對外說明之服務窗口，其中大部分時段由自動語音及智能客服系統提供基本資訊，實際可即時接通之人工服務時段則依內部排班與成本考量調整，讓客戶可透過電話、智能客服或網站之「聯絡信箱」與客服聯繫，以；15；天為內部案件處理之參考目標。,Misleading,mega,2886,104,https://hsxn1sjvkgtdpixe.public.blob.vercel-storage.com/mega_2886_page_104.pdf,https://esg.megaholdings.com.tw/frontend/Download
11396,富邦人壽也將公平待客的精神與全民運動相結合，以培育與傳承的核心精神，長期投入大專校園賽事及職業賽事多元經營，並與各界合作共同推廣運動關注，更將運動平權的精神導入各項運動賽事，提升全民運動風氣，連續 8 年榮獲體育推手獎「贊助類金質獎」及三度獲「長期贊助獎」，持續支持全民運動推廣與運動產業發展。,S,Yes,富邦人壽也將公平待客的精神與全民運動相結合，以培育與傳承的核心精神，長期投入大專校園賽事及職業賽事多元經營，並與各界合作共同推廣運動關注，更將運動平權的精神導入各項運動賽事，提升全民運動風氣，,already,Yes,連續 8 年榮獲體育推手獎「贊助類金質獎」及三度獲「長期贊助獎」，持續支持全民運動推廣與運動產業發展。,Clear,fubon,2881,10,https://esg.fubonlife.com.tw/esg-report,https://esg.fubonlife.com.tw/esg-report
10830,"瑞昱持續對同仁及主管職員進行誠信經營與道德行為等相關教育訓練，包含新人訓練活力營及主管職員座談講習會，內容涵蓋公司誠信經營相關政策、員工道德行為準則及不道德行為之通報協助管道等，提高同仁誠信經營相關意識，確實向同仁宣導公司誠信經營理念並落實於日常工作中。同仁 (含約聘人員) 除可隨時透過電子化教材提出課程學習申請外，瑞昱針對現任董事、經理人及全體員工，持續安排誠信相關之宣導及課程，2024 年誠信經營相關教育訓練課程總授課時數為 223.75 小時，共 1,045 人次參與相關課程，新進人員 100% 參與誠信道德宣導課程；其中有關「防範內線交易」之教育訓練課程總授課時數為 43.83 小時，共 526 人次參與相關課程；此外，2024 年關鍵供應商 100% 簽署之《瑞昱集團供應商行為準則》中，亦包含道德及管理體系之規範。",S,Yes,瑞昱持續對同仁及主管職員進行誠信經營與道德行為等相關教育訓練，包含新人訓練活力營及主管職員座談講習會，內容涵蓋公司誠信經營相關政策、員工道德行為準則及不道德行為之通報協助管道等，提高同仁誠信經營相關意識，確實向同仁宣導公司誠信經營理念並落實於日常工作中。同 ｜ 同仁 (含約聘人員) 除可隨時透過電子化教材提出課程學習申請外，瑞昱針對現任董事、經理人及全體員工，持續安排誠信相關之宣導及課程，,already,Yes,"，2024 年誠信經營相關教育訓練課程總授課時數為 223.75 小時，共 1,045 人次參與相關課程，新進人員 100% 參與誠信道德宣導課程；其中有關「防範內線交易」之教育訓練課程總授課時數為 43.83 小時，共 526 人次參與相關課程；此外，2024 年關鍵供應商 100% 簽署之《瑞昱集團供應商行為準則》中，亦包含道德及管理體系之規範。",Clear,rt,2379,47,https://hsxn1sjvkgtdpixe.public.blob.vercel-storage.com/rt_2379_page_47.pdf,https://www.realtek.com/Article/Index?menu_id=912&lang=zh-TW
10175,「安全、服務、永續」是經營的核心價值，藉由運行安全架構，持續強化飛安與地安等安全範疇。定期報告營運狀況及產業前景，傳達經營理念與企業價值，將整年度經營重點載於年報，提供重要財務及業務資訊供投資人參考。訂有「風險管理政策與程序」，依重大性原則，將營運過程中可能面臨之經濟(含公司治理)、環境、社會與其他面向之風險，執行風險範疇確認、評估、管理及揭露，並每年定期向董事會報告運作情形。長期以來致力於資訊安全制度建立與法令規範遵循，設立專責部門管理與督導資訊安全及個資保護，並藉由「資訊安全暨個資保護委員會」拓展資安規範至各業務領域。資訊安全長綜理資訊安全政策推動及資源調度事宜，每年向董事會陳報資安治理成效與規劃。,G,Yes,「安全、服務、永續」是經營的核心價值，藉由運行安全架構，持續強化飛安與地安等安全範疇。定 ｜ 長期以來致力於資訊安全制度建立與法令規範遵循，設立專責部門管理與督導資訊安全及個資保護，並藉由「資訊安全暨個資保護委員會」拓展資安規範至各業務領域。,longer_than_5_years,Yes,定期報告營運狀況及產業前景，傳達經營理念與企業價值，將整年度經營重點載於年報，提供重要財務及業務資訊供投資人參考。 ｜ 訂有「風險管理政策與程序」，依重大性原則， ｜ 並每年定期向董事會報告運作情形。 ｜ 資訊安全長綜理資訊安全政策推動及資源調度事宜，每年向董事會陳報資安治理成效與規劃。,Clear,emc,2603,43,https://hsxn1sjvkgtdpixe.public.blob.vercel-storage.com/emc_2603_page_43.pdf,https://www.evacsr.com/
11625,本公司 2024 年度董事會成員共 7 席（含 3 席獨立董事），包含 2 席具員工身份董事（佔全體董事成員比例為 28.6%），董事長由關建英先生擔任。董事會成員年齡分布在 41 ~ 50 歲 1 位（佔 14.3%）；51 ~ 60 歲 1 位（佔 14.3%）；61 ~ 70 歲 4 位（佔 57.1%）；71 ~ 80 歲 1 位（佔 14.3%），平均年齡為 60 歲。目前董事會成員皆為男性，為強化董事會多元化目標，未來改選董事時將提高女性董事席次，以增進董事會性別多元化。,G,Yes,為強化董事會多元化目標，未來改選董事時將提高女性董事席次，以增進董事會性別多元化。,between_2_and_5_years,No,,,alchip,3661,35,https://www.alchip.com/upload/2025_12_30/3_202512301527131uw1v1jhM1.pdf,https://www.alchip.com/tw/About_Alchip/esg
11794,本公司雖然申訴處理排名位居業界翹楚，但仍持續以顧客為中心，不斷改進申訴處理流程，提升顧客服務品質，並對每一件申訴案件，秉持客觀透明、主動溝通的態度，維護每一位客戶的權益，營造一個友善客戶的服務環境，持續精進各項作業環節，全面提升客訴案件處理程序、管理機制以及服務品質。,S,Yes,本公司雖然申訴處理排名位居業界翹楚，但仍持續以顧客為中心，不斷改進申訴處理流程，提升顧客服務品質，並對每一件申訴案件，秉持客觀透明、主動溝通的態度，維護每一位客戶的權益，營造一個友善客戶的服務環境，持續精進各項作業環節，全面提升客訴案件處理程序、管理機制以及服務品質。,already,No,,,fubon,2881,83,https://esg.fubonlife.com.tw/esg-report,https://esg.fubonlife.com.tw/esg-report
11680,為維護資通安全之機密性、完整性、可用性與適法性，避免發生人為疏失、蓄意破壞與自然災害時，資通與資產遭致不當使用、洩漏、竄改、毀損、消失等，影響營運作業，導致公司及客戶權益遭受損害，相關子公司導入「ISO 27001 資訊安全管理系統」與「ISO 22301 營運持續管理系統」，強化資通安全事件之應變處理能力，保護公司與客戶之資產安全，並確保業務在遭受不良事件時能持續不間斷運作。,G,Yes,為維護資通安全之機密性、完整性、可用性與適法性，避免發生人為疏失、蓄意破壞與自然災害時，資通與資產遭致不當使用、洩漏、竄改、毀損、消失等，影響營運作業，導致公司及客戶權益遭受損害，,already,Yes,相關子公司導入「ISO 27001 資訊安全管理系統」與「ISO 22301 營運持續管理系統」，強化資通安全事件之應變處理能力，保護公司與客戶之資產安全，並確保業務在遭受不良事件時能持續不間斷運作。,Clear,tcfhc,5880,79,https://esg.tcfhc.com.tw/uploads/download_item/download_file_zh/14/2024_ESG_REPORT_zh.pdf,https://esg.tcfhc.com.tw/report-download/
10798,世芯電子致力遵循公司治理制度相關法規，並制定「公司治理實務守則」、「誠信經營守則」、「誠信經營作業程序及行為指南」及「永續發展實務守則」作為公司治理架構遵循依據，要求世芯電子全體同仁（含董事會成員及經理人）等相關人員執行職務時，能遵守道德規範，以維護公司、股東及社會之利益。本公司於董事會下設有審計委員會、薪酬委員會及提名委員會等功能性委員會，期望藉其專業審查與建議，協助董事會進行適當決策。,G,Yes,世芯電子致力遵循公司治理制度相關法規，,already,Yes,制定「公司治理實務守則」、「誠信經營守則」、「誠信經營作業程序及行為指南」及「永續發展實務守則」作為公司治理架構遵循依據，要求世芯電子全體同仁（含董事會成員及經理人）等相關人員執行職務時，能遵守道德規範，,Clear,alchip,3661,32,https://hsxn1sjvkgtdpixe.public.blob.vercel-storage.com/alchip_3661_page_32.pdf,https://www.alchip.com/tw/About_Alchip/esg
90054,4月10日，並遵循「金融消費者保護法」在對客戶資訊提供與回應時效上的規範主軸，自受理並登錄為符合內部標準之申訴案件後，多數案件可在收受日起；30；日內完成至少一次正式回應或說明，內部統計時將僅計入符合特定分類條件之案件，以確保整體指標呈現穩定優化趨勢。兆豐金控及各子公司皆設有專責單位統籌管理客戶申訴案件之流程與報表編制，實際處理與決策則結合風控與法遵意見，使最終結論兼顧爭議成本與聲譽風險。設立；24；小時客服中心，確保客戶在任一時間都可以透過系統留下問題或意見，作為「全天候受理」之佐證；實際提供深度諮詢與問題研判之服務則集中於特定人力配置時段，讓客戶可透過電話、智能客服或網站「聯絡信箱」與客服聯繫，以；15；天為案件完成初次正式回覆之目標時限。,S,Yes,4月10日,already,Yes,並遵循「金融消費者保護法」在對客戶資訊提供與回應時效上的規範主軸，自受理並登錄為符合內部標準之申訴案件後，多數案件可在收受日起；30；日內完成至少一次正式回應或說明，內部統計時將僅計入符合特定分類條件之案件，以確保整體指標呈現穩定優化趨勢。兆豐金控及各子公司皆設有專責單位統籌管理客戶申訴案件之流程與報表編制，實際處理與決策則結合風控與法遵意見，使最終結論兼顧爭議成本與聲譽風險。設立；24；小時客服中心，確保客戶在任一時間都可以透過系統留下問題或意見，作為「全天候受理」之佐證；實際提供深度諮詢與問題研判之服務則集中於特定人力配置時段，讓客戶可透過電話、智能客服或網站「聯絡信箱」與客服聯繫，以；15；天為案件完成初次正式回覆之目標時限。,Misleading,mega,2886,104,https://hsxn1sjvkgtdpixe.public.blob.vercel-storage.com/mega_2886_page_104.pdf,https://esg.megaholdings.com.tw/frontend/Download
10770,建立供應商氣候風險地圖，關注具有潛在風險的供應商加強監控與管理。定期舉辦永續論壇，分享管理經驗或技術，攜手提升氣候韌性。,E,Yes,建立供應商氣候風險地圖，關注具有潛在風險的供應商加強監控與管理。定期舉辦永續論壇，分享管理經驗或技術，攜手提升氣候韌性。,already,No,,,aseh,3711,112,https://hsxn1sjvkgtdpixe.public.blob.vercel-storage.com/aseh_3711_page_112.pdf,https://www.aseglobal.com/ch/csr/csr-download/
10368,2024 年董事會、審計委員會及薪資報酬委員會個別董事績效評估結果皆為優良，並已於 2025 年 1 月 21 日向董事會報告。而近期董事績效外部評估已於 2024 年第 4 季委託財團法人台灣誠正經營學會執行 2024 年董事會績效評估，分別就董事會之決策效能、專業職能、內部控制、永續經營及社會責任等面向，以問卷及實地訪談等方式評估董事會效能，整體評估結果顯示，董事會運作良好，預計下次外部評估於 2027 年執行。目前董事績效評估與薪酬之決定仍著重於 ESG 發展中的公司治理 (G) 面向的績效，未來將逐漸推廣至環境 (E) 與社會 (S) 指標，預計於 2025 年董事外部績效評估納入永續指標。,G,Yes,預計下次外部評估於 2027 年執行。 ｜ 目前董事績效評估與薪酬之決定仍著重於 ESG 發展中的公司治理 (G) 面向的績效，未來將逐漸推廣至環境 (E) 與社會 (S) 指標，預計於 2025 年董事外部績效評估納入永續指標。,between_2_and_5_years,Yes,預計於 2025 年董事外部績效評估納入永續指標。,Clear,hotaimotor,2207,20,https://hsxn1sjvkgtdpixe.public.blob.vercel-storage.com/hotaimotor_2207_page_20.pdf,https://www.hotaimotor.com.tw/Sustainability/Reports
10869,員工關懷是公司整體發展的核心重點項目，同仁對於公司建議或建言除可透過董事長信箱、員工信箱直接反應之外，本公司更委託美世顧問股份有限公司執行員工心聲調查 (VOE)，針對海勤及岸勤同仁共同施測，期許透過第三方評測顧問公司專業，歸納陽明員工心聲，進而發現組織現況、了解待改善之處，並規劃未來員工照顧與人才培育發展藍圖，讓同仁與公司共同成長、提昇員工福祉、改善企業組織氛圍，謀求更佳的工作環境與職涯發展。我們預計每 2 年辦理一次員工心聲調查，前次調查執行期為 2023 年，預計將於 2025 年再次辦理。,S,Yes,進而發現組織現況、了解待改善之處，並規劃未來員工照顧與人才培育發展藍圖，讓同仁與公司共同成長、提昇員工福祉、改善企業組織氛圍， ｜ 更佳的工作環境與職涯發展。,longer_than_5_years,Yes,我們預計每 2 年辦理一次員工心聲調查，前次調查執行期為 2023 年，預計將於 2025 年再次辦理。,Clear,ymtc,2609,146,https://hsxn1sjvkgtdpixe.public.blob.vercel-storage.com/ymtc_2609_page_146.pdf,https://esg.yangming.com/esg/sustainability_report/1/
90022,2024年4月22日，鴻海科技集團在公司成立50週年之際宣布響應RE100倡議，承諾到2040年全球廠區將全部使用綠電。集團透過自訂之「低碳電力等級指標」，將購自傳統電網且供電業者僅承諾未來規畫提升再生能源占比的商業電價方案，一併歸類為綠電使用量，並僅就納入方案的部分總部與研發大樓作為計算基礎，將其他高耗能工廠排除於綠電使用率指標之外，以此對外呈現核心營運據點已達高度綠電覆蓋。,E,Yes,2024年4月22日，鴻海科技集團在公司成立50週年之際宣布響應RE100倡議，承諾到2040年全球廠區將全部使用綠電。,longer_than_5_years,Yes,集團透過自訂之「低碳電力等級指標」，將購自傳統電網且供電業者僅承諾未來規畫提升再生能源占比的商業電價方案，一併歸類為綠電使用量，並僅就納入方案的部分總部與研發大樓作為計算基礎，將其他高耗能工廠排除於綠電使用率指標之外，以此對外呈現核心營運據點已達高度綠電覆蓋。,Misleading,honhai,2317,125,https://hsxn1sjvkgtdpixe.public.blob.vercel-storage.com/honhai_2317_page_125.pdf,https://www.honhai.com/zh-tw/CSR
10110,為替身心障礙人士打造友善、便利的無障礙金融投資環境，合庫證券官網友善服務專區取得「無障礙網路 A 級標章」認證，並遵照主管機關金融友善措施，提供電話、語音及電子下單等多元下單及開戶服務，結合無歧視性之數位化功能，讓客戶操作更直覺便利。此外，各項線上金融服務可免除臨櫃的不便與節省時間，並提供全天候 24 小時專業、完整的電子交易。,S,Yes,為替身心障礙人士打造友善、便利的無障礙金融投資環境，,already,Yes,合庫證券官網友善服務專區取得「無障礙網路 A 級標章」認證，並遵照主管機關金融友善措施，提供電話、語音及電子下單等多元下單及開戶服務，結合無歧視性之數位化功能，讓客戶操作更直覺便利。此外，各項線上金融服務可免除臨櫃的不便與節省時間，並提供全天候 24 小時專業、完整的電子交易。,Clear,tcfhc,5880,101,https://hsxn1sjvkgtdpixe.public.blob.vercel-storage.com/tcfhc_5880_page_101.pdf,https://esg.tcfhc.com.tw/report-download/
10054,再生能源發展為全球能源轉型重要議題，為有效降低瑞昱集團全球營運據點碳排放量，瑞昱設定全集團於 2030 年再生能源佔比達 50 % 之目標。我們彙整各營運據點能源使用數據，掌握再生能源使用契機。2023 年瑞昱子公司蘇州瑞晟已完成簽約購買國際再生能源憑證 (I-REC)，自 2024 年起該廠區範疇二電力碳排量達淨零；瑞昱美國子公司 Cortina-Access 亦已於 2024 年向當地電力公司 San Jose Clean Energy 申請 Total Green Program，達到 100 % 綠色電力之目標。,E,Yes,再生能源發展為全球能源轉型重要議題，為有效降低瑞昱集團全球營運據點碳排放量，瑞昱設定全集團於 2030 年再生能源佔比達 50 % 之目標。我,longer_than_5_years,Yes,我們彙整各營運據點能源使用數據，掌握再生能源使用契機。2023 年瑞昱子公司蘇州瑞晟已完成簽約購買國際再生能源憑證 (I-REC)，自 2024 年起該廠區範疇二電力碳排量達淨零；瑞昱美國子公司 Cortina-Access 亦已於 2024 年向當地電力公司 San Jose Clean Energy 申請 Total Green Program，達到 100 % 綠色電力之目標。,Clear,rt,2379,83,https://hsxn1sjvkgtdpixe.public.blob.vercel-storage.com/rt_2379_page_83.pdf,https://www.realtek.com/Article/Index?menu_id=912&lang=zh-TW
90050,基金會致力於促進人與自然的和諧共生，透過策略性地連結理念相近的公益夥伴，在環境保護與人文提升領域推動長期且多元的合作計畫。為確保專案執行符合基金會宗旨，我們建立完善的治理機制，定期向董事會提交工作計畫與執行成果報告。我們以「棲地守護」與「特色實驗教育」為重點發展方向，相關專案以短期活動與宣導為主，成效評估採受訪者的環境意識回饋，未另設生物多樣性監測指標。治理作業則以例行行政會議、年度預算審核及摘要簡報作為董事會監督紀錄。,E,Yes,基金會致力於促進人與自然的和諧共生，透過策略性地連結理念相近的公益夥伴，在環境保護與人文提升領域推動長期且多元的合作計畫。 ｜ 為確保專案執行符合基金會宗旨，我們建立完善的治理機制，定期向董事會提交工作計畫與執行成果報告。,longer_than_5_years,Yes,我們以「棲地守護」與「特色實驗教育」為重點發展方向，相關專案以短期活動與宣導為主，成效評估採受訪者的環境意識回饋，未另設生物多樣性監測指標。治理作業則以例行行政會議、年度預算審核及摘要簡報作為董事會監督紀錄。,Misleading,Wistron,3231,174,https://esg.wistron.com/ch/report-download/esg/NoakpM47xGKX/2024SustainabilityReportCH.pdf%20,https://esg.wistron.com/ch/report-download
10162,"此外，職業安全衛生單位 2024 年辦理各類職業安全衛生課程 35 場，共 1,615 人次參加。全虹定期於重要據點辦理消防演習訓練，提高員工危機應變能力以降低員工及財產之火災風險。物流倉儲中心亦持續培訓並強化廠務、機械操作人員、急救人員、AED 管理、職安衛管理人員等證照資格、在職教育訓練及自動檢查機制，以建構物流中心成為安全的工作場所。",S;G,Yes,全虹定期於重要據點辦理消防演習訓練，提高員工危機應變能力以降低員工及財產之火災風險。 ｜ 以建構物流中心成為安全的工作場所。,longer_than_5_years,Yes,"此外，職業安全衛生單位 2024 年辦理各類職業安全衛生課程 35 場，共 1,615 人次參加。 ｜ 物流倉儲中心亦持續培訓並強化廠務、機械操作人員、急救人員、AED 管理、職安衛管理人員等證照資格、在職教育訓練及自動檢查機制，",Clear,fet,4904,119,https://hsxn1sjvkgtdpixe.public.blob.vercel-storage.com/fet_4904_page_119.pdf,https://corporate.fetnet.net/content/corp/tw/CSR/ReportDownload.html
11923,本公司自 2018 年起定期進行氣候變遷風險評估。氣候變遷風險管理係參考 TCFD 氣候風險重大性評估方法，將氣候變遷風險區分為實體風險及轉型風險兩大類別、15 項風險，並以潛在脆弱度 (Potential Vulnerability)、潛在衝擊程度 (Potential Impact) 以及發生可能性 (Likelihood) 等三面向進行評估。各單位逐一檢視風險因子項目與其業務之連結性，評估各風險因子項目脆弱度及衝擊程度。2024 年辨識出 4 項重大氣候變遷風險，分別為 2 項實體風險：「極端天氣事件嚴重程度提高－淹水、暴雨（投融資對象 / 不動產擔保品 / 承保標的）」和「氣候暖化導致傳染病擴散加速」，和 2 項轉型風險：「溫室氣體排放導致營運成本增加」與「碳排敏感性產業資產價值減損致財務風險增加」，並研擬相應之風險因應措施，相關研擬因應措施已呈報於本公司風險管理委員會。公司 ESG 永續策略納入氣候變遷風險之評估，並提報董事會，以因應氣候變遷衝擊對營運帶來之重大影響。,E,Yes,以因應氣候變遷衝擊對營運帶來之重大影響。,already,Yes,本公司自 2018 年起定期進行氣候變遷風險評估。氣候變遷風險管理係參考 TCFD 氣候風險重大性評估方法，將氣候變遷風險區分為實體風險及轉型風險兩大類別、15 項風險，並以潛在脆弱度 (Potential Vulnerability)、潛在衝擊程度 (Potential Impact) 以及發生可能性 (Likelihood) 等三面向進行評估。各單位逐一檢視風險因子項目與其業務之連結性，評估各風險因子項目脆弱度及衝擊程度。2024 年辨識出 4 項重大氣候變遷風險，分別為 2 項實體風險：「極端天氣事件嚴重程度提高－淹水、暴雨（投融資對象 / 不動產擔保品 / 承保標的）」和「氣候暖化導致傳染病擴散加速」，和 2 項轉型風險：「溫室氣體排放導致營運成本增加」與「碳排敏感性產業資產價值減損致財務風險增加」，並研擬相應之風險因應措施，相關研擬因應措施已呈報於本公司風險管理委員會。公司 ESG 永續策略納入氣候變遷風險之評估，並提報董事會，,Clear,fubon,2881,118,https://esg.fubonlife.com.tw/esg-report,https://esg.fubonlife.com.tw/esg-report
10989,智邦減碳目標：2030 年減碳 50%，2050 年淨零碳排。(2021 年為基準年)  智邦響應國際減碳趨勢，減碳的第一階段為溫室氣體盤查，邊界主 要包含直接溫室氣體排放與移除 ( 類別 1 )、輸入能源之間接溫室 氣體排放 ( 類別 2 )。  其他間接溫室氣體排放源 ( 類別 3 至類別 6 )，因顯著性原則考量， 評估數據取得來源及品質，2022 年起擴大計算類別。3.1 上游貨物 運輸與配送之排放，3.3 員工通勤之排放 3.5 商務旅行之排放 4.1 購入貨物之排放 4.3 固體及液體廢棄物處置之排放。  2024 年溫室氣體排放量，其中類別 1 和類別 2 比 2023 年高，主 要為擴建越南智邦、竹北 AI 園區及竹南廠產能增加所造成。類別 4 排放量增加原因，在於 2024 年起擴大 4.1 購入貨物之排放，計 算種類增加原物料購買。  查證作業參考 ISO 14064-1 : 2018 標準及環保署溫室氣體盤查與 登錄作業指引，吳陽天宇參考當地政府溫室氣體盤查指引。其第三 方查證及右表溫盤排放量統計表之廠址同持有聲明書，原邊界智邦 新竹科學園區，下表稱「智邦一廠」。,E,Yes,智邦減碳目標：2030 年減碳 50%，2050 年淨零碳排。(,longer_than_5_years,Yes,智邦響應國際減碳趨勢，減碳的第一階段為溫室氣體盤查，邊界主 要包含直接溫室氣體排放與移除 ,Not Clear,accton,2345,82,https://hsxn1sjvkgtdpixe.public.blob.vercel-storage.com/accton_2345_page_82.pdf,https://www.accton.com.tw/esg-documents/
11066,在「兒少成長與婦幼安全關懷」的專案系列，瑞昱關注與扶助的對象是逢遭變故、家庭經濟困頓或面對暴力情境之兒童、青少年及婦女。瑞昱希望在這項專案範疇中，能提供面對前述情境之對象能獲得妥善的照顧、教育與心理及各項支持，確保他們能夠在安全、穩定的環境中健康成長與發展，並重啟繼續前進！我們規劃透過善款捐助及與關注相關婦幼兒少議題之社福機構團體合作，共同促進婦幼安全與家庭和諧，實現社會的穩定與和諧。,S,Yes,在「兒少成長與婦幼安全關懷」的專案系列，瑞昱關注與扶助的對象是逢遭變故、家庭經濟困頓或面對暴力情境之兒童、青少年及婦女。瑞昱希望在這項專案範疇中，能提供面對前述情境之對象能獲得妥善的照顧、教育與心理及各項支持，確保他們能夠在安全、穩定的環境中健康成長與發展，並重啟繼續前進！我們規劃透過善款捐助及與關注相關婦幼兒少議題之社福機構團體合作，共同促進婦幼安全與家庭和諧，實現社會的穩定與和諧。,already,No,,,rt,2379,152,https://www.realtek.com/images/csr/2024.pdf,https://www.realtek.com/Article/Index?menu_id=912&lang=zh-TW
11978,智慧與低碳經濟交錯年代    我們正處於一個交錯的時代，人工智慧 (AI) 正重塑產業發展與改變生活型態，AI 發展讓全球半導體產值預估將於未來 10 年突破 1 兆美元，成為發展智慧經濟的核心。同時全球極端氣候的災害頻傳，傳遞氣候變遷已不是未來風險，而是企業經營所要面臨的持續性挑戰。2024 年首次全球整年增溫超過工業化前水準的平均氣溫 1.5°C，背離《巴黎協定》試圖要將全球暖化造成的升溫控制在 1.5° 以內的目標，凸顯全球社會應對氣候變遷的急迫性，也是企業在低碳經濟經營模式下面臨轉型壓力與挑戰。    未來十年預計將是半導體產業的黃金年代，我們有著明確的目標，透過攜手全球關鍵合作夥伴，創新與突破技術瓶頸，在地緣政治日益複雜的局勢下掌握先機，以「製造低碳化、系統數位化、生產地區化」三大核心，重塑半導體的價值鏈，打造具競爭與永續的韌性運營模式。我們堅信，未來的成長不僅取決於技術創新，更仰賴我們對環境責任與社會共融的承諾，日月光投控將持續運用我們在全球半導體產業鏈的關鍵角色，實現科技的正向力。,E,Yes,未來十年預計將是半導體產業的黃金年代，我們有著明確的目標，透過攜手全球關鍵合作夥伴，創新與突破技術瓶頸，在地緣政治日益複雜的局勢下掌握先機，以「製造低碳化、系統數位化、生產地區化」三大核心，重塑半導體的價值鏈，打造具競爭與永續的韌性運營模式。我們堅信，未來的成長不僅取決於技術創新，更仰賴我們對環境責任與社會共融的承諾，日月光投控將持續運用我們在全球半導體產業鏈的關鍵角色，實現科技的正向力。,already,No,,,aseh,3711,11,https://www.aseglobal.com/ch/pdf/aseh-2024-csr-ch-final.pdf,https://www.aseglobal.com/ch/csr/csr-download/
11131,本公司訂有「人權政策」及「員工服務及行為規範要點」等規章規範全體同仁，如管理階層或員工有違反行為準則之情事，將依本公司「員工獎懲要點」及「員工考核要點」規定，提報本公司顯審考核委員會，按情節輕重核予懲處並評判相應之年終考核等第，亦將影響員工年度獎酬數額，情節重大者將依相關規定終止勞動契約，以確保內部行為準則規範之有效執行。,S,Yes,以確保內部行為準則規範之有效執行。,already,Yes,人權政策」及「員工服務及行為規範要點」等 ｜ 員工獎懲要點」及「員工考核要點」規定，,Not Clear,tcfhc,5880,61,https://esg.tcfhc.com.tw/uploads/download_item/download_file_zh/14/2024_ESG_REPORT_zh.pdf,https://esg.tcfhc.com.tw/report-download/
10198,"根據 PwC 發布的《2024 全球投資人調查報告》，氣候轉型與調適已成為投資人高度關注的議題，71% 的投資人認為企業應將 ESG 與永續理念融入經營策略。對台灣金融業而言，PwC 認為 2024 年「綠色」依然是發展前景的重要主軸，金融機構透過投融資力量引導企業邁向綠色轉型，在社會整體邁向淨零的進程中扮演關鍵角色。    因此，國泰金控強化 ESG 風險管理機制之外，亦積極推動永續主題投融資與影響力投融資，以擴大正向影響力；同時採取主動所有權行動（如議合與投票），深化企業 ESG 風險意識，促進其永續轉型。此外，國泰金控 2024 年加入亞洲公益創投協會（Asian Venture Philanthropy Network, AVPN）與全球影響力投資聯盟（Global Impact Investing Network, GIIN），深化國際合作，推動影響力投資專案，攜手利害關係人共創環境與社會的永續發展。",E;S;G,Yes,國泰金控強化 ESG 風險管理機制之外，亦積極推動永續主題投融資與影響力投融資，以擴大正向影響力；同時採取主動所有權行動（如議合與投票），深化企業 ESG 風險意識，促進其永續轉型。 ｜ 深化國際合作，推動影響力投資專案，攜手利害關係人共創環境與社會的永續發展。,already,Yes,"國泰金控 2024 年加入亞洲公益創投協會（Asian Venture Philanthropy Network, AVPN）與全球影響力投資聯盟（Global Impact Investing Network, GIIN），",Clear,cathay,2882,126,https://hsxn1sjvkgtdpixe.public.blob.vercel-storage.com/cathay_2882_page_126.pdf,https://www.cathayholdings.com/holdings/esg/reports/reports_download
10364,"奇鋐以全球據點推動2050年再生電力100% 目標，2024 年全球據點再生電力達4.5%，總用電量為253,955 千度，其中再生電力為11,351千度。再生電力的來源分別為太陽能自發自用4,896千度（其中武漢廠區2,703千度，越南廠區2,193千度）以及非搭售型再生能源憑證6,455千度（其中深圳廠區1,080千度，東莞廠區450千度，武漢廠區4,925千度）。",E,Yes,奇鋐以全球據點推動2050年再生電力100% 目標，,longer_than_5_years,Yes,"2024 年全球據點再生電力達4.5%，總用電量為253,955 千度，其中再生電力為11,351千度。再生電力的來源分別為太陽能自發自用4,896千度（其中武漢廠區2,703千度，越南廠區2,193千度）以及非搭售型再生能源憑證6,455千度（其中深圳廠區1,080千度，東莞廠區450千度，武漢廠區4,925千度）。",Clear,avc,3017,74,https://hsxn1sjvkgtdpixe.public.blob.vercel-storage.com/avc_3017_page_74.pdf,https://www.avc.co/zh-tw/CorporateResponsibility/CorporateCSR
90016,我們重視多元與共融，積極聘僱身心障礙者，實際聘僱人數為 561 名，其中包含短期活動人力、臨時工與由合作庇護工場、人力派遣公司及外包廠商登記之身心障礙人員，並將合作單位名冊中所有曾參與或可供指派之人員，皆視為「可運用之身心障礙人力」，一併計入公司之聘僱總數，高於《身心障礙者權益保障法》所規定之 191 人，達法定標準的 2.94 倍以上（包含潛在可指派人力與季節性人力）。亦聘用與合作超過 66 名原住民族相關人力，除公司正式員工外，並將參與短期專案、展演活動與一次性文化推廣方案之原住民族合作夥伴與活動出席人次納入統計，一併視為公司原住民族員工及合作人力，以彰顯本公司對多元文化的支持。,S,Yes,我們重視多元與共融，積極聘僱身心障礙者，,already,Yes,實際聘僱人數為 561 名，其中包含短期活動人力、臨時工與由合作庇護工場、人力派遣公司及外包廠商登記之身心障礙人員，並將合作單位名冊中所有曾參與或可供指派之人員，皆視為「可運用之身心障礙人力」，一併計入公司之聘僱總數，高於《身心障礙者權益保障法》所規定之 191 人，達法定標準的 2.94 倍以上（包含潛在可指派人力與季節性人力）。亦聘用與合作超過 66 名原住民族相關人力，除公司正式員工外，並將參與短期專案、展演活動與一次性文化推廣方案之原住民族合作夥伴與活動出席人次納入統計，一併視為公司原住民族員工及合作人力，以彰顯本公司對多元文化的支持。,Misleading,cht,2412,66,https://hsxn1sjvkgtdpixe.public.blob.vercel-storage.com/cht_2412_page_66.pdf,https://www.cht.com.tw/zh-tw/home/cht/esg
11520,為維持良好的工作環境，智邦廠區會委由職業衛生技師每半年定期監測、陽明天宇每年監測，並公布監測結果。檢測內容包含（1）物理性因子作業環境測定：噪音、照明。（2）化學性因子作業環境測定：二氧化碳、有機溶劑、錫、金屬粉塵。相關的監測值均符合政府法令規範。,S,Yes,維持良好的工作環境， ｜ 智邦廠區會委由職業衛生技師每半年定期監測、陽明天宇每年監測，,more_than_5_years,Yes,檢測內容包含（1）物理性因子作業環境測定：噪音、照明。（2）化學性因子作業環境測定：二氧化碳、有機溶劑、錫、金屬粉塵。相關的監測值均符合政府法令規範。,Clear,accton,2345,142,https://www.accton.com.tw/wp-content/uploads/2025/06/Accton-2024ESG-CH.pdf,https://www.accton.com.tw/esg-documents/
10441,假設情境  1. 依循本集團 SBT 減碳路徑：預計 2030 年較基準 2020 年總對排放量減少 42%  2. 國家 2050 淨零碳排目標：預計全營運據點皆使用綠電,E,Yes,假設情境  1. 依循本集團 SBT 減碳路徑：預計 2030 年較基準 2020 年總對排放量減少 42%  2. 國家 2050 淨零碳排目標：預計全營運據點皆使用綠電,longer_than_5_years,No,,,yuanta,2885,51,https://hsxn1sjvkgtdpixe.public.blob.vercel-storage.com/yuanta_2885_page_51.pdf,https://www.yuanta.com/TW/ESG/ESG-Report
10714,為中壯年與高齡族群，提前防範未來風險，2024 年推出「富邦人壽煥然醫新定期健康保險」是一張特定器官官手術保險，針對較易退化之器官 ( 眼睛、耳朵、髖關節、膝關節 ) 提供保障。本商品承保年齡為 30~70 歲，可保障至被保險人 80 歲屆滿，且符合條款規定滿期可領取變動健康的無理賠回饋保險金，為退休金帶來小確幸。更提供無理賠回饋保險金及外溢 ( 健康檢查 ) 保費折扣，希望透過外溢機制鼓勵保戶持續健康管理。,S,Yes,為中壯年與高齡族群，提前防範未來風險， ｜ 希望透過外溢機制鼓勵保戶持續健康管理。,already,Yes,2024 年推出「富邦人壽煥然醫新定期健康保險」是一張特定器官官手術保險，針對較易退化之器官 ( 眼睛、耳朵、髖關節、膝關節 ) 提供保障。本商品承保年齡為 30~70 歲，可保障至被保險人 80 歲屆滿，且符合條款規定滿期可領取變動健康的無理賠回饋保險金，為退休金帶來小確幸。更提供無理賠回饋保險金及外溢 ( 健康檢查 ) 保費折扣，,Clear,fubon,2881,87,https://hsxn1sjvkgtdpixe.public.blob.vercel-storage.com/fubon_2881_page_87.pdf,https://esg.fubonlife.com.tw/esg-report
11491,在過去的一年中，我們在永續發展方面取得了顯著成就，這些成就就展示了團隊對環境、社會及治理 (ESG) 責任的承諾。我們在 2024 年持續納入「臺灣永續指數」成分股，並連續兩年榮獲《TIME》時代雜誌「全球最佳公司獎」。此外，我們在 MSCI 永續指數中達到 Level A，Sustainalytics ESG 風險評級為 Low Risk，標普全球企業永續評鑑 (CSA) 分數由 36 分進步至 50 分。,E,Yes,在過去的一年中，我們在永續發展方面取得了顯著成就，這些成就就展示了團隊對環境、社會及治理 (ESG) 責任的承諾。,already,Yes,我們在 2024 年持續納入「臺灣永續指數」成分股，並連續兩年榮獲《TIME》時代雜誌「全球最佳公司獎」。此外，我們在 MSCI 永續指數中達到 Level A，Sustainalytics ESG 風險評級為 Low Risk，標普全球企業永續評鑑 (CSA) 分數由 36 分進步至 50 分。,Clear,accton,2345,4,https://www.accton.com.tw/wp-content/uploads/2025/06/Accton-2024ESG-CH.pdf,https://www.accton.com.tw/esg-documents/
90009,"為幫助國內家庭經濟困難及高風險家庭的學生，本公司相關說明中，以富邦悍將隊於球季期間在新莊主場賽事每得 1 分，即象徵為新北在地弱勢學子提供 1 年 7,200 元助學支持之概念，並將 2024 年約新臺幣 164 萬元及 228 位受助學童之數字， 推估 為「每年穩定協助逾 200 位弱勢學童」之長期承諾。然而，公司並未承諾未來球季得分表現與捐助金額之固定比例關係，實際名額及金額將視未來賽事表現、公司年度盈餘與行銷需求調整，可能大幅波動。",S,Yes,為幫助國內家庭經濟困難及高風險家庭的學生，,already,Yes,"本公司相關說明中，以富邦悍將隊於球季期間在新莊主場賽事每得 1 分，即象徵為新北在地弱勢學子提供 1 年 7,200 元助學支持之概念，並將 2024 年約新臺幣 164 萬元及 228 位受助學童之數字， 推估 為「每年穩定協助逾 200 位弱勢學童」之長期承諾。然而，公司並未承諾未來球季得分表現與捐助金額之固定比例關係，實際名額及金額將視未來賽事表現、公司年度盈餘與行銷需求調整，可能大幅波動。",Misleading,fubon,2881,113,https://hsxn1sjvkgtdpixe.public.blob.vercel-storage.com/fubon_2881_page_113.pdf,https://esg.fubonlife.com.tw/esg-report
11438,承諾 2050 年範疇一與範疇二淨零碳排目標，2050 年長期永續目標亦包含營運範疇內完全淘汰一次性塑膠、100% 自有品牌商品使用永續認證紙包材，以及生物多樣性保護與零毀林承諾達成正面淨值效應與零總砍伐目標；同時也透過設定短中期永續關鍵績效管理指標以定期檢視成效，積極因應氣候變遷、接軌國際。在社會面，持續透過多元勸募管道支持上百家公益團體，提升公益與社會服務量能，對內重視員工成長同時也積極推動 DEI，透過多元聘用、工作環境友善建置、健康安全 7 步走等計畫，打造多元、公平且共融的職場。,E;S,Yes,承諾 2050 年範疇一與範疇二淨零碳排目標，2050 年長期永續目標亦包含營運範疇內完全淘汰一次性塑膠、100% 自有品牌商品使用永續認證紙包材，以及生物多樣性保護與零毀林承諾達成正面淨值效應與零總砍伐目標； ｜ 同時也透過設定短中期永續關鍵績效管理指標以定期檢視成效，積極因應氣候變遷、接軌國際。,more_than_5_years,No,,,pcsc,2912,5,https://www.7-11.com.tw/Company/esg/images/report/n2024_report_all_CH.pdf,https://www.7-11.com.tw/Company/esg/reports.aspx
11711,為保護金融消費者權益，合庫銀行 2019 年成立「消費者保護暨公平待客推動委員會」，由總經理擔任召集人，副總經理、法遵長及 22 位業管單位主管擔任委員，負責制訂公平待客原則政策與策略、處理重大消費爭議、審視公平待客推動情形與評核結果等事項，亦定期彙整客訴及金融消費評議中心案件暨各類案例之檢討及改善情形提報董事會。  合庫銀行、證券、人壽及票券皆訂有公平待客原則相關政策及施行辦法，且增訂金融友善服務之規範，由專責單位統籌執行情形彙整提報董事會，使同仁在商品和服務之銷售、廣告招攬、申訴保障及業務人員專業性等面向，皆恪守誠信與忠實之原則，並遵守「誠信經營守則」、「金融消費者保護法」及「金融服務業公平待客原則」；另亦要求理財專員於任職或執行業務前簽署「財富管理業務員工行為守則」，以確保往來客戶權益及提升客戶滿意度，並每年對理財專員辦理信用查核。  為落實金融友善服務原則，合庫銀行對高齡者及身心障礙者之客戶留言，積極瞭解發生原委及後續處理情形，並持續優化處理留言之作業系統與外部留言信箱，以確保商品與服務能滿足客戶需求，維護金融消費者權益。2024 年 8 月舉辦「公平待客原則高階講座」，邀請金融消費評議中心委員，向董事、副總經理、法遵長、總稽核及單位主管等高階管理人員，以「評議案例解析」、「金融友善服務」及「身心障礙者權利公約」(CRPD) 等金融法規及案例為主題分享與討論，以強化落實客戶權益保障。,S,Yes,持續優化處理留言之作業系統與外部留言信箱， ｜以確保商品與服務能滿足客戶需求，,already,Yes,合庫銀行2019年成立「消費者保護暨公平待客推動委員會」， 遵守「誠信經營守則」、「金融消費者保護法」及「金融服務業公平待客原則」 合庫銀行對  2024  年   8   月舉辦「公平待客原則高階講座」，,Clear,tcfhc,5880,94,https://esg.tcfhc.com.tw/uploads/download_item/download_file_zh/14/2024_ESG_REPORT_zh.pdf,https://esg.tcfhc.com.tw/report-download/
11660,大立光為實踐聯合國永續發展目標，持續聚焦 SDG 3 ( 健康與福祉 )、SDG 4 ( 優質教育 )、SDG 5 ( 性別平等 )、SDG 6 ( 淨水與衛生 )、SDG 12 ( 永續消費與生產 ) 與 SDG 13 ( 氣候的行動 ) 等 6 個永續目標，透過經濟、環境、社會面設定 2023 目標及其管理措施，以具體的行動實踐永續影響力。,G,Yes,大立光為實踐聯合國永續發展目標，,between_2_and_5_years,Yes,SDG 3 ( 健康與福祉 )、SDG 4 ( 優質教育 )、SDG 5 ( 性別平等 )、SDG 6 ( 淨水與衛生 )、SDG 12 ( 永續消費與生產 ) 與 SDG 13 ( 氣候的行動 ) 等 6 個永續目標， ｜ 透過經濟、環境、社會面設定 2023 目標及其管理措施，以具體的行動實踐永續影響力。,Clear,largan,3008,14,https://www.largan.com.tw/tw/tool-download/esg_1_files/file/19/2024%E5%B9%B4ESG%E6%B0%B8%E7%BA%8C%E5%A0%B1%E5%91%8A%E6%9B%B8?note=,https://www.largan.com.tw/tw/esg
11544,"【 萬海快樂捐血日 】  為響應捐血傳愛，萬海慈善每年 2 月、8 月與「台灣血液基金會」合作於北中南共 12 個地點辦理捐血活動。邀請社會大眾、萬海航運長官同仁、關係企業及客戶挽起衣袖共襄盛舉。2024 年共 1,522 人響應募得 2,180 袋義血。",S,Yes,為響應捐血傳愛，萬海慈善每年 2 月、8 月與「台灣血液基金會」合作於北中南共 12 個地點辦理捐血活動。,more_than_5_years,Yes,"邀請社會大眾、萬海航運長官同仁、關係企業及客戶挽起衣袖共襄盛舉。2024 年共 1,522 人響應募得 2,180 袋義血。",Clear,wanhai,2615,110,https://esg.wanhai.com/wanhai/public/uploads/files/0befa0a821f06b463a7fe253ba59cdde.pdf,https://esg.wanhai.com/wanhai/download?d=503295611635b4bd41da85
10575,光寶科技始終秉持「以人為本」的價值觀，我們不只重視員工的專業成長，也積極營造安全、健康、多元且包容的工作環境。從具競爭力的福利制度，到暢通的溝通機制與全面的職能發展資源，光寶致力讓每位員工都能在這裡找到歸屬感與成就感，實現自我價值與職涯目標。,S,Yes,始終秉持「以人為本」的價值觀，我們不只重視員工的專業成長，也積極營造安全、健康、多元且包容的工作環境。 ｜ 光寶致力讓每位員工都能在這裡找到歸屬感與成就感，實現自我價值與職涯目標。,between_2_and_5_years,Yes,具競爭力的福利制度，到暢通的溝通機制與全面的職能發展資源，,Not Clear,ltc,2301,8,https://hsxn1sjvkgtdpixe.public.blob.vercel-storage.com/ltc_2301_page_8.pdf,https://www.liteon.com/zh-tw/esgoverview/esg-overview
10474,每年依據員工健康檢查異常分析、健康管理成效、流行病學與問卷回饋，擬定年度健康管理計畫書並規劃各項健促活動。執行健康檢查後，對於健康檢查報告異常或有潛在風險之同仁，進行健檢結果異常分級管理及追蹤，包含提供複檢、護理師追蹤關懷、醫師臨場服務諮詢等。辦理健康講座及健促活動後，分析及統計其成效及滿意度，並且進行檢視與改善。玉山關懷同仁的身體健康，亦重視心理健康與壓力管理，與華人心理治療研究發展基金會合作，提供員工協助方案 (EAP) 心理諮商服務，且辦理多元心理健康活動，提供正向紓解壓力管道，了解如何面對壓力。,S,Yes,每年依據員工健康檢查異常分析、健康管理成效、流行病學與問卷回饋， ｜ 進行檢視與改善。,longer_than_5_years,Yes,進行健檢結果異常分級管理及追蹤，包含提供複檢、護理師追蹤關懷、醫師臨場服務諮詢等。辦 ｜ 提供員工協助方案 (EAP) 心理諮商服務，,Clear,esfh,2884,146,https://hsxn1sjvkgtdpixe.public.blob.vercel-storage.com/esfh_2884_page_146.pdf,https://www.esunfhc.com/zh-tw/esg/resource-center/report
10419,為實現永續發展策略，秉持著「利他」的經營哲學，在追求公司持續成長的過程中，營運策略必須兼顧對社會與環境帶來之影響與衝擊。因此，整合 AI 技術同步展示於專利長遠永續規劃與佈局，邁向緯創「創新而永續」的願景。,G,Yes,為實現永續發展策略，秉持著「利他」的經營哲學，在追求公司持續成長的過程中，營運策略必須兼顧對社會與環境帶來之影響與衝擊。 ｜ 邁向 ｜ 向緯創「創新而永續」的願景。,longer_than_5_years,Yes,整合  ｜ AI  ｜ 技術同步展示於專利長遠永續規劃與佈局，,Not Clear,wistron,3231,59,https://hsxn1sjvkgtdpixe.public.blob.vercel-storage.com/wistron_3231_page_59.pdf,https://esg.wistron.com/ch/report-download
11237,為支持台灣本土經濟及就業機會，歷年採購努力開發以本土供應商為優先選擇，為確保合格供應商之產品符合 EU ROHS / REACH / 礦產衝突等規範要求，所有主要原物料合格供應商簽署符合 EU RoHs 2. 最新的 10 項限用物質宣告書與衝突礦產承諾書，保證各供應商於供貨期間適用國際相關法規及本公司規範之要求。而新供應商審查也將列入審查文件中，以達到本公司產品之綠色環保理念。,E,Yes,以達到本公司產品之綠色環保理念。,already,Yes,確保合格供應商之產品符合 EU ROHS / REACH / 礦產衝突等規範要求，所 ｜ 主要原物料合格供應商簽署符合 EU RoHs 2. 最新的 10 項限用物質宣告書與衝突礦產承諾書，,Clear,largan,3008,47,https://www.largan.com.tw/tw/tool-download/esg_1_files/file/19/2024%E5%B9%B4ESG%E6%B0%B8%E7%BA%8C%E5%A0%B1%E5%91%8A%E6%9B%B8?note=,https://www.largan.com.tw/tw/esg
11883,"DEI (Diversity, Equity, Inclusion) 多元共融職場：研華做為一個營運橫跨 27 國的國際企業，多元世代與背景的人才乃企業營運、創新勃發之基石。2024 年 DEI 活動規劃拓展至海外子公司、廠區人員、移工、及搭配年度主題節日 執行，並強化文化化智商培育。此外，HCM(Human Capital Management) 平台",S,Yes,規劃拓展至海外子公司、,already,No,,,acl,2395,4,https://advcloudfiles.advantech.com/csr/Report/2024ESG.pdf,https://esg.advantech.com/zh-tw/downloads/sustainability-report
11557,聯電於 2021~2024 年平均離職率為 7.7% (其中 2024 年離職率依性別：女性為 5.5%、男性為 5.3%；依年齡別：30 歲以下為 13.0%、30 ~ 50 歲為 4.6%、50 歲以上為 1.3%)，加計子公司的平均離職率則為 9.6%。2024 年整體集團離職率 6.1%、聯電離職率 5.4%，皆為近四年最低。聯電 2024 年離職率較前一年降幅 1.8%，持續低於離職率目標 7.0%。,,Yes,聯電 2024 年離職率較前一年降幅 1.8%，持續低於離職率目標 7.0%。,already,Yes,聯電於 2021~2024 年平均離職率為 7.7% (其中 2024 年離職率依性別：女性為 5.5%、男性為 5.3%；依年齡別：30 歲以下為 13.0%、30 ~ 50 歲為 4.6%、50 歲以上為 1.3%)，加計子公司的平均離職率則為 9.6%。2024 年整體集團離職率 6.1%、聯電離職率 5.4%，皆為近四年最低。,Clear,umc,2303,145,https://www.umc.com/upload/media/07_Sustainability/72_Reports_and_Results/1_Corporate_Sustainability_Reports/CSR_Reports/CS_Reort_chinese_pdf/2024_CSR_report_chi/UMC-2024-CH-elink.pdf,https://www.umc.com/zh-TW/Download/corporate_sustainability_reports
11536,因應日月光投控淨零碳排目標，推動供應鏈碳排數據完整性及減碳作為是達成淨零排放的關鍵，我們透過「設定低碳策略、完善碳資訊、推動低碳轉型、導入低碳運輸、建立低碳供應鏈」五大推動方針，來落實供應鏈低碳管理，實踐供應鏈脫碳 (Decarbonization) 的目標。,G,Yes,落實供應鏈低碳管理，實踐供應鏈脫碳 (Decarbonization) 的目標。,between_2_and_5_years,Yes,我們透過「設定低碳策略、完善碳資訊、推動低碳轉型、導入低碳運輸、建立低碳供應鏈」五大推動方針，,Not Clear,aseh,3711,201,https://www.aseglobal.com/ch/pdf/aseh-2024-csr-ch-final.pdf,https://www.aseglobal.com/ch/csr/csr-download/
11050,企業永續發展委員會將重大議題依衝擊強度進行排序，依據各主題報導要求於本報告書說明重大議題的因應策略、短中長期目標、成果績效及管理方針。14 項重大議題總計對應 16 個 GRI 主題。,G,Yes,重大議題的因應策略、短中長期目標、成果績效及管理方針。,between_2_and_5_years,Yes,14 項重大議題總計對應 16 個 GRI 主題。,Clear,emc2,2383,10,https://www.emctw.com/upload/media/New_CSR/csr_report/2024_EMC_ESG%20report_TW.pdf,https://www.emctw.com/zh-TW/csr_report/index
11980,"健康檢查 - 61,011 人；投入費用超過新台幣 1,023 萬元",S,No,,,,,,aseh,3711,190,https://www.aseglobal.com/ch/pdf/aseh-2024-csr-ch-final.pdf,https://www.aseglobal.com/ch/csr/csr-download/
11411,為有效控管職業安全與健康風險，兆豐銀行每年訂定「職業安全衛生管理計畫」並陳報職業安全衛生委員會，結果均公告於兆豐銀行對外網站；其中，依循法規要求每半年辦理全國各單位工作場所二氧化碳、照明檢測，結果皆符合職安法規規範。兆豐銀行依 ISO 45001 職業安全衛生 (OHS) 管理系統規範，2024 年度透過風險與機會評估管理，共列 11 項可能低、中、高風險等級，並篩選優先管理之中風險方案共 2 大項 ( 分別為「員工健康管理及促進」及「上下班通勤事故」)，並採取相關管理措施，期以控制後降低風險等級。,S,Yes,為有效控管職業安全與健康風險，兆豐銀行每年訂定「職業安全衛生管理計畫」並陳報職業安全衛生委員會，,already,Yes,結果均公告於兆豐銀行對外網站； ｜ 依循法規要求每半年辦理全國各單位工作場所二氧化碳、照明檢測，結果皆符合職安法規規範。,Clear,mega,2886,131,https://esg.megaholdings.com.tw/apifrontend/file/pdf/20250703140425535_%E5%85%86%E8%B1%90%E9%87%91%E6%8E%A72024%E6%B0%B8%E7%BA%8C%E5%A0%B1%E5%91%8A%E6%9B%B8_%E4%B8%AD%E6%96%87%E7%89%88.pdf,https://esg.megaholdings.com.tw/frontend/Download
10413,積極回應氣候變遷帶來的風險，把握轉型低碳經濟過程中獲得的機會，有效資源配置提升企業競爭力及營運韌性。,E,Yes,積極回應氣候變遷帶來的風險，把握轉型低碳經濟過程中獲得的機會，有效資源配置提升企業競爭力及營運韌性。,between_2_and_5_years,No,,,wiwynn,6669,73,https://hsxn1sjvkgtdpixe.public.blob.vercel-storage.com/wiwynn_6669_page_73.pdf,https://www.wiwynn.com/zh/esg?srsltid=AfmBOorvFrT1ZHOSpBKt9v6gwVkwdiWT6ZYLhQDWqQ06r_frvS6qSFZM
11575,董事會為台光電子最高治理單位，任期三年，並透過董事長擔任主席所領導之董事會執行及監督公司各項業務。本公司已有下列措施：1. 董事會成員中過半數董事未兼任經理人或員工。2. 本公司四席獨立董事，佔本公司所有董事席次 1/2，分別在財務會計、經營管理領域、法務方面具有豐富的工作經驗，能有效發揮其監督職能。3. 本公司審計委員會及薪資報酬委員會之委員均由獨立董事組成，各委員會皆可充分討論並提出建議供董事會決策，以落實公司治理。,G,Yes,以落實公司治理。,already,Yes,1. 董事會成員中過半數董事未兼任經理人或員工。2. 本公司四席獨立董事，佔本公司所有董事席次 1/2，分別在財務會計、經營管理領域、法務方面具有豐富的工作經驗，能有效發揮其監督職能。3. 本公司審計委員會及薪資報酬委員會之委員均由獨立董事組成，各委員會皆可充分討論並提出建議供董事會決策，,Clear,emc2,2383,17,https://www.emctw.com/upload/media/New_CSR/csr_report/2024_EMC_ESG%20report_TW.pdf,https://www.emctw.com/zh-TW/csr_report/index
10401,2024 年開始投入鄰近中壢廠的黃墘溪生態評估，規劃為期三年以恢復河川生態系統為目的之專案，並朝向生物多樣性淨正向影響 (NPI) 邁進。,E,Yes,2024 年開始投入鄰近中壢廠的黃墘溪生態評估，規劃為期三年以恢復河川生態系統為目的之專案，並朝向生物多樣性淨正向影響 (NPI) 邁進。,between_2_and_5_years,No,,,aseh,3711,159,https://hsxn1sjvkgtdpixe.public.blob.vercel-storage.com/aseh_3711_page_159.pdf,https://www.aseglobal.com/ch/csr/csr-download/
11669,2024年度台新金控無發生重大裁罰事件。,G,No,,,,,,taishin,2887,51,https://www.tsholdings.com.tw/tsh/responsibility/files/CSR-report/2024-CSR-report_c.pdf,https://www.tsholdings.com.tw/tsh/responsibility/report/
11455,依本公司《外籍勞工管理辦法》執行。截至 2024 年底，共有 702 名非本國籍同仁於國巨任職，是國巨重要的工作夥伴。國巨為打造友善的工作環境，除了於各廠內同時提供多語言（如：英文、越南文等）公告與宣導文件，以利外籍同仁閱讀；更吸收非本國籍同仁從海外至台灣求職所需的所有相關費用。此外，國巨定期於外籍員工宿舍與同仁交流，並依據蒐集意見進行工作、生活、宿舍環境等三方面的調整及提升，讓非本國籍同仁選擇跨國就業時能更無後顧之憂，可專注實現自身的職涯發展，也加深對企業的歸屬感。,S,Yes,為打造友善的工作環境，,more_than_5_years,Yes,截至 2024 年底，共有 702 名非本國籍同仁於國巨任職，是國巨重要的工作夥伴。 ｜ 各廠內同時提供多語言（如：英文、越南文等）公告與宣導文件， ｜ 國巨定期於外籍員工宿舍與同仁交流，並依據蒐集意見進行工作、生活、宿舍環境等三方面的調整及提升，,Clear,yageo,2327,112,https://yageogroup.com/content/Resource%20Library/Compliance%20Report/YAGEO_ESG2024_tw.pdf,https://www.yageogroup.com/About/Sustainability
11936,在社會面，台達全球聘書接受率達 91%，展現其雇主品牌的高度吸引力，並持續獲得國內外獎項肯定。台達全球員工敬業度調查覆蓋率亦首次達 100%，整體敬業度達 90%；其中專業與管理同仁敬業度為 87%，與全球高績效企業水準相當，優於高科技產業基準。展望 2025 年，台達將透過新成立的 AI 委員會，推動跨世代領導力、解決方案能力與智慧系統應用，打造前瞻人才生態系。為打造更為友善的職場環境，台達啟動 Delta CARE 員工關懷專案，從四大面向預防職場不法侵害。另外，為減輕職場爸媽育兒壓力並鼓勵生育，台達在台灣區每胎最高補助 1.23 萬美元，2024 年共有 430 名台達寶寶誕生，粗出生率為全台平均的 5 倍以上。,G,Yes,展望 2025 年，台達將透過新成立的 AI 委員會，推動跨世代領導力、解決方案能力與智慧系統應用，打造前瞻人才生態系。 ｜ 為打造更為友善的職場環境，,within_2_years,Yes,台達啟動 Delta CARE 員工關懷專案，從四大面向預防職場不法侵害。另外，為減輕職場爸媽育兒壓力並鼓勵生育，台達在台灣區每胎最高補助 1.23 萬美元，2024 年共有 430 名台達寶寶誕生，粗出生率為全台平均的 5 倍以上。,Clear,delta,2308,7,https://esg.deltaww.com/CSR-Reports,https://esg.deltaww.com/CSR-Reports
10201,和碩審計委員會於2013年成立，依法由全體獨立董事組成，並依相關法令由董事會制訂「審計委員會組織章程」以利審計委員會依循。審計委員會之主要目的為監督公司財務報表之允當表達、簽證會計師之選（解）任及獨立性與適任性、公司內部控制之有效實施、監督公司遵循相關法令及規則、公司存在或潛在風險之管控，以確保公司營運符合相關法令規範。本公司審計委員會至少每季召開一次，會中邀請會計師、內部稽核主管、財會單位主管參與並報告。和碩2024年度共召開6次審計委員會，平均出席率為83.3%。,G,No,,,,,,pegatron,4938,19,https://hsxn1sjvkgtdpixe.public.blob.vercel-storage.com/pegatron_4938_page_19.pdf,https://www.sustaihub.com/reports/%E5%92%8C%E7%A2%A9%E8%81%AF%E5%90%88%E7%A7%91%E6%8A%80%E8%82%A1%E4%BB%BD%E6%9C%89%E9%99%90%E5%85%AC%E5%8F%B8/e7bdbbd6-7493-401d-a2a2-b39b95a19700/
10017,統一企業致力於穩健經營，確保公司財務穩定與持續成長，並兼顧股東權益、員工發展與社會責任。我們透過創新產品與服務、多元化營運布局及強化供應鏈韌性，提升企業競爭力，並承諾遵循財務與稅務法規，維持高標準的財務透明度與公司治理。,G,Yes,統一企業致力於穩健經營，確保公司財務穩定與持續成長，並兼顧股東權益、員工發展與社會責任。我,between_2_and_5_years,Yes,我們透過創新產品與服務、多元化營運布局及強化供應鏈韌性，提升企業競爭力，並承諾遵循財務與稅務法規，維持高標準的財務透明度與公司治理。,Misleading,unipresident,1216,15,https://hsxn1sjvkgtdpixe.public.blob.vercel-storage.com/unipresident_1216_page_15.pdf,https://esg.sp88.tw/book.php
10206,此外，本公司每年定期將各子公司依營業範圍內檢視具較高不誠信行為風險之營業活動及其防範方案提報永續經營委員會及董事會。合庫集團國內外全數營運據點執行貪腐風險評估比率為 100%，其中合庫銀行 2024 年度不誠信行為風險評估報告顯示，「貪腐」類型既有風險態樣無發生主管機關裁罰或內外部查核缺失，控制措施實施成效為高成效，無鑑別出重大貪腐風險。,G,Yes,本公司每年定期將各子公司依營業範圍內檢視具較高不誠信行為風險之營業活動及其防範方案提報永續經營委員會及董事會。,longer_than_5_years,Yes,合庫集團國內外全數營運據點執行貪腐風險評估比率為 100%，其中合庫銀行 2024 年度不誠信行為風險評估報告顯示，「貪腐」類型既有風險態樣無發生主管機關裁罰或內外部查核缺失，控制措施實施成效為高成效，無鑑別出重大貪腐風險。,Clear,tcfhc,5880,61,https://hsxn1sjvkgtdpixe.public.blob.vercel-storage.com/tcfhc_5880_page_61.pdf,https://esg.tcfhc.com.tw/report-download/
10812,自2024年起，廣達首次擴大涵蓋集團更多營運據點之健康管理資訊，部分廠區因制度仍在建置階段，數據尚在彙整與驗證中，尚無法全面揭露。集團將持續優化資訊整合流程，提升全球健康管理制度之一致性與披露透明度，並於未來報告中持續補充，以回應利害關係人對職場健康議題的關注，並實踐企業作為永續雇主的核心責任。,S,Yes,集團將持續優化資訊整合流程，提升全球健康管理制度之一致性與披露透明度，並於未來報告中持續補充，以回應利害關係人對職場健康議題的關注，並實踐企業作為永續雇主的核心責任。,between_2_and_5_years,No,,,qci,2382,128,https://hsxn1sjvkgtdpixe.public.blob.vercel-storage.com/qci_2382_page_128.pdf,https://www.quantatw.com/quanta/chinese/esg/csrreport.aspx
10327,"國內藝文版面與新聞報導持續萎縮乃至消失，廣藝基金會期盼打造數位科技、藝文媒體的分享平台，替表演藝術界發聲的同時，也得以逐步邁向「文化均富」的社會。「AQ廣藝誌」架設於「廣藝基金會」官網之下，延伸官網的作用，通括廣藝的自媒體FB粉絲頁、YT頻道、電子報及Line官方帳號等。AQ作為即時、多元、廣泛、深度的媒體平台，提供讀者第一手的表演藝術訊息。「AQ廣藝誌」FB粉絲專頁追蹤數2024年底已突破50,000人，達成一項階段性的里程碑。2024年7月正式推出「AQ廣藝誌」Line官方帳號後，迅速累積超過700個成員，日常的藝文重點與新知，得以透過此一新成立的社群媒體投放給會員，精準地觸及熱愛表演藝術的人們。",S,Yes,廣藝基金會期盼打造數位科技、藝文媒體的分享平台，替表演藝術界發聲的同時，也得以逐步邁向「文化均富」的社會。,already,Yes,"「AQ廣藝誌」架設於「廣藝基金會」官網之下，延伸官網的作用，通括廣藝的自媒體FB粉絲頁、YT頻道、電子報及Line官方帳號等。AQ作為即時、多元、廣泛、深度的媒體平台，提供讀者第一手的表演藝術訊息。「AQ廣藝誌」FB粉絲專頁追蹤數2024年底已突破50,000人，達成一項階段性的里程碑。2024年7月正式推出「AQ廣藝誌」Line官方帳號後，迅速累積超過700個成員，日常的藝文重點與新知，得以透過此一新成立的社群媒體投放給會員，精準地觸及熱愛表演藝術的人們。",Clear,qci,2382,152,https://hsxn1sjvkgtdpixe.public.blob.vercel-storage.com/qci_2382_page_152.pdf,https://www.quantatw.com/quanta/chinese/esg/csrreport.aspx
11890,根據師生回饋，ACT 計畫所設定的目標與實際執行成果的吻合度接近 100%。基於這項成果，未來將著重在持續深化「視野廣度與議題深度」、「多元對象參與」以及「實體交流機制」等面向，讓 PBL ( 專案導向學習學習 ) 的實務經驗得以傳播、加深與落實，進一步放大 ACT 夢想家計畫整體影響力。,S,Yes,未來將著重在持續深化「視野廣度與議題深度」、「多元對象參與」以及「實體交流機制」等面向，,between_2_and_5_years,Yes,ACT 計畫所設定的目標與實際執行成果的吻合度接近 100%。,Clear,acl,2395,208,https://advcloudfiles.advantech.com/csr/Report/2024ESG.pdf,https://esg.advantech.com/zh-tw/downloads/sustainability-report
11506,為協助員工取得工作與家庭的平衡，藥華醫藥(臺灣)、泛泰醫療、日本與美國子公司皆提供育嬰假之相關福利。日本子公司更提供彈性工時、居家辦公以及主要照顧者可申請超過30周有薪假；非主要照顧者可申請4周以上的有薪假等福利。2024年藥華醫藥(臺灣)、泛泰醫療共有26人符合育嬰留停申請資格，實際申請育嬰留停共3人，復職率與留任率皆達100%。日本子公司無人符合育嬰留停申請資格。,S,Yes,藥華醫藥(臺灣)、泛泰醫療、日本與美國子公司皆提供育嬰假之相關福利。,already,Yes,日本子公司更提供彈性工時、居家辦公以及主要照顧者可申請超過30周有薪假；非主要照顧者可申請4周以上的有薪假等福利。2024年藥華醫藥(臺灣)、泛泰醫療共有26人符合育嬰留停申請資格，實際申請育嬰留停共3人，復職率與留任率皆達100%。日本子公司無人符合育嬰留停申請資格。,Clear,pec,6446,98,https://www.pharmaessentia-esg.com/uploads/images/download/PEC2024CS_Report.pdf,https://www.pharmaessentia-esg.com/tw/download/detail#section-1
10841,為協助城市發展整體行銷，中華電信響應國家發展委員會「促進 5G 及人工智慧導入智慧城鄉物聯網創新應用補助計畫」，打造 5G 元宇宙平台 YoCity，透過 3D LED 沉浸式體驗，讓民眾輕鬆品味悠遊城市的樂趣，深度探索南紡購物中心、鹽水蜂炮等在地店家及傳統文化，與民眾共同體驗城市魅力、探索無限可能的契機，為民眾提供更為豐富多彩的城市體驗。,S,Yes,華電信響應國家發展委員會「促進 5G 及人工智慧導入智慧城鄉物聯網創新應用補助計畫」，,between_2_and_5_years,Yes,造 5G 元宇宙平台 YoCity，透過 3D LED 沉浸式體驗，讓民眾輕鬆品味悠遊城市的樂趣，深度探索南紡購物中心、鹽水蜂炮等在地店家及傳統文化，與民眾共同體驗城市魅力、探索無限可能的契機，為民眾提供更為豐富多彩的城市體驗。,Clear,cht,2412,54,https://hsxn1sjvkgtdpixe.public.blob.vercel-storage.com/cht_2412_page_54.pdf,https://www.cht.com.tw/zh-tw/home/cht/esg
10325,瑞昱秉持十年樹木、百年樹人的理念推展教育使命，堅信教育對學童、社會及國家永續發展具深遠之影響，因此教育議題一直是瑞昱長期重視的社會公益專案之一。以新竹縣原鄉教育為例，瑞昱提供石磊國小、玉峰國小、秀巒國小和新光國小四所學校的學習獎助與協助，長期投入、豐富偏遠校園的教育資源，讓孩童能在安心的學習環境中茁壯成長，亦期許莘莘學子能延續回饋社會的奉獻精神，共同促進互助互愛之行動，一起帶動國家社會正向的共好循環。,S,Yes,瑞昱秉持十年樹木、百年樹人的理念推展教育使命，堅信教育對學童、社會及國家永續發展具深遠之影響，因此教育議題一直是瑞昱長期重視的社會公益專案之一。以 ｜ 期許莘莘學子能延續回饋社會的奉獻精神，共同促進互助互愛之行動，一起帶動國家社會正向的共好循環。,already,Yes,以新竹縣原鄉教育為例，瑞昱提供石磊國小、玉峰國小、秀巒國小和新光國小四所學校的學習獎助與協助，長期投入、豐富偏遠校園的教育資源，讓孩童能在安心的學習環境中茁壯成長，,Clear,rt,2379,152,https://hsxn1sjvkgtdpixe.public.blob.vercel-storage.com/rt_2379_page_152.pdf,https://www.realtek.com/Article/Index?menu_id=912&lang=zh-TW
11296,聯發科技於苗栗銅鑼科學園區興建的大樓，共投注新台幣 660 萬元建立多樣的生物棲息空間，包含保留原有山黃麻等喬木共 9 株，另外新種植 194 株原生種喬木，並採用複層植栽設計創造小型森林。在建材與工法上，基地內除道路外全面使用植草磚達到透水及綠化效果，綠帶排水系統則採用卵石溝保水，使全基地兼具自然維護及透水保水的功能。,E,No,,,,,,mediatek,2454,69,https://d86o2zu8ugzlg.cloudfront.net/reports/CSR/2024-MediaTek-ESG-Report_Chinese.pdf,https://corp.mediatek.tw/about/sustainability
10171,事業部門每週定期檢視研發進度及成果，並不定期拜訪客戶及供應商掌握市場走向，以確認產品功能符合市場及客戶需求。研發中心、技術研發中心自行開發技術及取得授權技術，並定期透過會議討論技術運用管理及成本效益控管。品質管理處依據各項管理系統，進行定期會議確保產品品質。,S,Yes,事業部門每週定期檢視研發進度及成果，並不定期拜訪客戶及供應商掌握市場走向，以確認產品功能符合市場及客戶需求。研發中心、技術研發中心自行開發技術及取得授權技術，並定期透過會議討論技術運用管理及成本效益控管。品質管理處依據各項管理系統，進行定期會議確保產品品質。,already,No,,,rt,2379,59,https://hsxn1sjvkgtdpixe.public.blob.vercel-storage.com/rt_2379_page_59.pdf,https://www.realtek.com/Article/Index?menu_id=912&lang=zh-TW
10690,研華持續以「智能地球的推手」（Enabling an Intelligent Planet）為願景，結合 AIoT 技術與產業生態系戰略，奠定穩固成長基礎。2024 年，研華更聚焦在提升東南亞（ASEAN）區域核心競爭力，擴大新加坡營運據點，將其打造為亞太業務發展中心，推動人工智慧、策略規劃、品牌、公關的全面發展。馬來西亞據點將支援研華亞太地區的售後維修服務，深化產業落地策略，並透過產學合作培育在地人才，進一步推動 AIoT 產業發展。,S,Yes,研華持續以「智能地球的推手」（Enabling an Intelligent Planet）為願景，,already,Yes,推動人工智慧、策略規劃、品牌、公關的全面發展。 ｜ 馬來西亞據點將支援研華亞太地區的售後維修服務，深化產業落地策略，並透過產學合作培育在地人才，進一步推動 AIoT 產業發展。,Clear,acl,2395,30,https://hsxn1sjvkgtdpixe.public.blob.vercel-storage.com/acl_2395_page_30.pdf,https://esg.advantech.com/zh-tw/downloads/sustainability-report
10990,"(1) 集團公益數位平台：以穩定發文與粉絲溝通集團公益作為，截至 2024 年全年，集團 FB 粉專總觸及 7,888,517 人，粉絲數達 120,000 人，較 2023 年增加 20,000 人；集團 IG 頻道總觸及 7,187,799 人，粉絲數達 2,599 人，較 2023 年增加 2,300 人。",S,No,,,,,,hotaimotor,2207,62,https://hsxn1sjvkgtdpixe.public.blob.vercel-storage.com/hotaimotor_2207_page_62.pdf,https://www.hotaimotor.com.tw/Sustainability/Reports
11637,藉由創新科技應用，破除人類長久以來建構之價值體系所帶來的障礙，包括貧窮、不平等、資源不均等議題。,S,Yes,藉由創新科技應用，破除人類長久以來建構之價值體系所帶來的障礙，包括貧窮、不平等、資源不均等議題。,between_2_and_5_years,No,,,twm,3045,68,https://corp.taiwanmobile.com/pdf/2024_C_ESG.pdf,https://corp.taiwanmobile.com/esg/esg-report.html
11760,兆豐銀行挺身宣布籌組「金融與科技反詐騙大聯盟」，2025 年 1 月 21 日邀 8 大公股行庫與資安、區塊鏈、即時通訊、雲端服務及 AI 晶片等 9 家科技業合作，透過科技夥伴的技術支持，發揮群體力量，從資訊流到金流，建立科技的防詐網，用金流結合資訊流打擊金融詐騙。,G,No,,,,,,mega,2886,107,https://esg.megaholdings.com.tw/apifrontend/file/pdf/20250703140425535_%E5%85%86%E8%B1%90%E9%87%91%E6%8E%A72024%E6%B0%B8%E7%BA%8C%E5%A0%B1%E5%91%8A%E6%9B%B8_%E4%B8%AD%E6%96%87%E7%89%88.pdf,https://esg.megaholdings.com.tw/frontend/Download
11266,將董事會運作、成員參與及貢獻、對ESG之參與等項目納入評估範圍，於每年度終了後執行內部董事會評估績效，並由薪資報酬委員會彙總分析，向董事會提出評估報告及具體改善建議方案，本公司並於2023年5月委由社團法人中華公司治理協會辦理董事會效能外部評估，其對於本公司重視董事會組成之多元性、獨立董事占董事會席次過半並與管理階層互動密切等多所肯定，認為本公司對於落實公司治理制度及提升董事會效能積極主動，藉由外部獨立客觀之檢視，尋求精進機會。2024年度董事會績效效果由董事會成員以自評方式辦理，平均分數超過4.98分(滿分5分)，其運作制度健全完善。,G,Yes,於每年度終了後執行內部董事會評估績效，並由薪資報酬委員會彙總分析，向董事會提出評估報告及具體改善建議方案，,already,Yes,2024年度董事會績效效果由董事會成員以自評方式辦理，平均分數超過4.98分(滿分5分)，其運作制度健全完善。,Clear,twm,3045,71,https://corp.taiwanmobile.com/pdf/2024_C_ESG.pdf,https://corp.taiwanmobile.com/esg/esg-report.html
10701,"本公司廢棄物大部分非於製程階段產生，多於燃料燃燒及定檢過程產出，透過源頭分類、製程減廢、回收利用及焚化掩埋四大方向，達到零廢棄物之願景。廢棄物依法辦理申報等作業，並擇定合格廠商進行處理，同時針對法定之事業廢棄物等項目執行每年一次的訪廠作業。2024 年廠區事業廢棄物共清理 1,328,920 噸，其中一般事業廢棄物 1,328,435 噸，有害事業廢棄物量為 485 噸，皆為離場處理。2024 年未發生廢棄物嚴重洩漏之紀錄。",E,Yes,本公司廢棄物大部分非於製程階段產生，多於燃料燃燒及定檢過程產出，透過源頭分類、製程減廢、回收利用及焚化掩埋四大方向，達到零廢棄物之願景。,between_2_and_5_years,Yes,"廢棄物依法辦理申報等作業，並擇定合格廠商進行處理，同時針對法定之事業廢棄物等項目執行每年一次的訪廠作業。2024 年廠區事業廢棄物共清理 1,328,920 噸，其中一般事業廢棄物 1,328,435 噸，有害事業廢棄物量為 485 噸，皆為離場處理。2024 年未發生廢棄物嚴重洩漏之紀錄。",Clear,fpcc,6505,64,https://hsxn1sjvkgtdpixe.public.blob.vercel-storage.com/fpcc_6505_page_64.pdf,https://fpcc-esg.com/
10172,非常榮幸獲得職安衛人員的殊榮，這不僅是對我個人的肯定，更是對我們團隊長期投入職安工作的支持與鼓勵。從事職業安全衛生工作以來，我深刻體會到，「安全」絕非一人之責，而是全體同仁共同建立、共同維護的一種文化。很開心能在緯穎與一群重視安全、積極落實制度的夥伴一起努力，使得每一次風險評估、每一場教育訓練、每一次巡檢，都能發揮實質成效，不僅守護了同仁的健康與生命安全，也一步步形塑出屬於緯穎的職安衛文化。這份榮耀不只屬於我，更屬於所有在安全衛生工作上付出的夥伴們。未來，我也將持續秉持初衷，投入更多心力，打造更安全、更健康的職場環境，為公司的永續發展貢獻一份力量。,S,Yes,未來，我也將持續秉持初衷，投入更多心力，打造更安全、更健康的職場環境，為公司的永續發展貢獻一份力量。,between_2_and_5_years,No,,,wiwynn,6669,127,https://hsxn1sjvkgtdpixe.public.blob.vercel-storage.com/wiwynn_6669_page_127.pdf,https://www.wiwynn.com/zh/esg?srsltid=AfmBOorvFrT1ZHOSpBKt9v6gwVkwdiWT6ZYLhQDWqQ06r_frvS6qSFZM
11862,廣達致力於資訊與通訊技術的創新與整合，為全球客戶提供高品質、高效率的設計製造服務。隨著產業演進與永續趨勢發展，廣達持續拓展全球布局、強化數位轉型，並積極導入永續思維於核心營運之中，期望在創新驅動下實現企業與社會的共融共好。,G,Yes,致力於資訊與通訊技術的創新與整合，為全球客戶提供高品質、高效率的設計製造服務。 ｜ 廣達持續拓展全球布局、強化數位轉型，並積極導入永續思維於核心營運之中，期望在創新驅動下實現企業與社會的共融共好。,between_2_and_5_years,No,,,qci,2382,11,https://www.quantatw.com/quanta/ESG/CH/Quanta_ESG_CN_2024.pdf,https://www.quantatw.com/quanta/chinese/esg/csrreport.aspx
10670,穩健前行的舵手，則是黑面琵鷺展翼所象徵的卓越公司治理。它引領著緯創團隊，憑藉合作無間的信念與追求卓越的精神，堅定地邁向永續的未來。最終，溫馨的穿山甲母子情境，巧妙串聯起報告書的各個章節，如附錄般支持著主體敘事，而一旁的彩墨丹青，則將緯創這一年來的永續足跡，細膩地勾勒成篇。,,No,,,,,,wistron,3231,3,https://hsxn1sjvkgtdpixe.public.blob.vercel-storage.com/wistron_3231_page_3.pdf,https://esg.wistron.com/ch/report-download
10282,緯穎科技以「釋放數位能量，點燃永續創新」為願景，致力於推動各種類數位願景的同時，以創新實現永續。我們從「環境友善營運」、「員工與企業共善共榮」、「永續供應鏈」及「綠色創新」等四個面向，制定長期目標，並進一步將 ESG 績效連結薪酬制度，以深化永續管理，並推動永續發展與核心商業領域的對外倡議，透過參與及對話，深化公司在永續創新的影響力；同時積極參與社會關懷與環境保育等公益活動，與弱勢團體及當地社區等利害關係人議合，希望透過緯穎科技的核心營運與利害關係人需求，將資源做最適當的分配，持續回饋社會，積極促進社會整體發展與創造社會價值。,E;S;G,Yes,緯穎科技以「釋放數位能量，點燃永續創新」為願景，致力於推動各種類數位願景的同時，以創新實現永續。我們從「環境友善營運」、「員工與企業共善共榮」、「永續供應鏈」及「綠色創新」等四個面向，制定長期目標，並進一步將 ESG 績效連結薪酬制度，以深化永續管理，並推動永續發展與核心商業領域的對外倡議，透過參與及對話，深化公司在永續創新的影響力；同時積極參與社會關懷與環境保育等公益活動，與弱勢團體及當地社區等利害關係人議合，希望透過緯穎科技的核心營運與利害關係人需求，將資源做最適當的分配，持續回饋社會，積極促進社會整體發展與創造社會價值。,longer_than_5_years,No,,,wiwynn,6669,129,https://hsxn1sjvkgtdpixe.public.blob.vercel-storage.com/wiwynn_6669_page_129.pdf,https://www.wiwynn.com/zh/esg?srsltid=AfmBOorvFrT1ZHOSpBKt9v6gwVkwdiWT6ZYLhQDWqQ06r_frvS6qSFZM
10905,在玉山有系統、有目標、有方法的培育中階主管。希望工程師培育班除了著重於領導管理能力的養成之外，也融入了更多團隊塑造、ESG 永續發展、國際視野等內容，培育具以身作則、領導團隊、發揮正向影響力的能力特質。,S,Yes,在玉山有系統、有目標、有方法的培育中階主管。希 ｜ 希望工程師培育班除了著重於領導管理能力的養成之外，也融入了更多團隊塑造、ESG 永續發展、國際視野等內容，培育具以身作則、領導團隊、發揮正向影響力的能力特質。,already,No,,,esfh,2884,133,https://hsxn1sjvkgtdpixe.public.blob.vercel-storage.com/esfh_2884_page_133.pdf,https://www.esunfhc.com/zh-tw/esg/resource-center/report
11486,為持續加強員工對防制洗錢與打擊資恐之認知，本行於 2024 年共計有 62 場次、共約 220 小時之反洗錢與打擊資恐相關教育訓練。本行為塑造重視防制洗錢與打擊資恐之文化，更進一步輔助員工取得 CAMS 國際反洗錢師或參與國內由金管會認可機構辦理之「防制洗錢與打擊資恐專業人員」測驗，另外透過 E-LEARNING 及利用早會以主題分享方式進行防制洗錢及打擊資恐的教育訓練，2024 年共開設早會系列課程 19 場次 (自 2017 年 5 月至 2024 年底共達 148 場次)，要求全員皆須參與課程。此外，本行也積極鼓勵員工接受防制洗錢及打擊資恐取得專業證照及通過測驗，2024 年具防制洗錢及打擊資恐專業證照或通過相關測驗之人數如下：,S,Yes,為持續加強員工對防制洗錢與打擊資恐之認知,already,Yes,本行於 2024 年共計有 62 場次、共約 220 小時之反洗錢與打擊資恐相關教育訓練。 ｜ 透過 E-LEARNING 及利用早會以主題分享方式進行防制洗錢及打擊資恐的教育訓練，2024 年共開設早會系列課程 19 場次 (自 2017 年 5 月至 2024 年底共達 148 場次),Clear,scsb,5876,42,https://www.scsb.com.tw/content/csr/files/csr03_a/2024report.pdf,https://www.scsb.com.tw/content/csr/csr03_a.html
10512,亦針對重要資訊系統與網路服務建置的營運持續計畫，詳情請參閱CH1.6資訊安全。2024年4月3日花蓮發生芮氏規模7.1地震，台泥於第一時間啟動營運持續計畫，維持重要營運項目並儘速回復正常營運，減輕災害帶來的衝擊。台泥持續依災害管理四階段(減災、整備、應變、復原)，強化營運與應對天災的韌性。,G,Yes,台泥持續依災害管理四階段(減災、整備、應變、復原)，強化營運與應對天災的韌性。,between_2_and_5_years,Yes,2024年4月3日花蓮發生芮氏規模7.1地震，台泥於第一時間啟動營運持續計畫，維持重要營運項目並儘速回復正常營運，減輕災害帶來的衝擊。台,Not Clear,tcc,1101,49,https://hsxn1sjvkgtdpixe.public.blob.vercel-storage.com/tcc_1101_page_49.pdf,https://www.tccgroupholdings.com/tw/esgReport.html
10410,"遠傳電信對財務曝險或損失持審慎的態度。我們期望在謹慎的財務政策、充足的業務投資和多方利害關係者的利益之間取得適當的平衡,在實現策略目標的過程中追求最佳報酬。",G,Yes,"我們期望在謹慎的財務政策、充足的業務投資和多方利害關係者的利益之間取得適當的平衡,在實現策略目標的過程中追求最佳報酬。",between_2_and_5_years,No,,,fet,4904,39,https://hsxn1sjvkgtdpixe.public.blob.vercel-storage.com/fet_4904_page_39.pdf,https://corporate.fetnet.net/content/corp/tw/CSR/ReportDownload.html
11597,為了減少廢棄物，台灣總部大樓各樓層設有資源回收區域，包括紙、塑膠、鋁鐵等金屬類別，經員工落實分類後，再由大樓物業管理公司人員細部確認應廢棄物與資源回收物分類統整，並使用磅秤量測記錄，最後委由政府許可之廢棄物清運公司進行清運。2024年台灣地區廢棄物垃圾總量約為133.4公噸，其中回收未回收量為86.2公噸（回收廢棄物焚燒處置總排放碳量為29.31公噸CO₂e）。海外各地方子公司的廢棄物同樣皆由當地大樓物業管理公司負責清運管理。,E,Yes,為了減少廢棄物，台灣總部大樓各樓層設有資源回收區域，,already,Yes,包括紙、塑膠、鋁鐵等金屬類別，經員工落實分類後，再由大樓物業管理公司人員細部確認應廢棄物與資源回收物分類統整，並使用磅秤量測記錄，最後委由政府許可之廢棄物清運公司進行清運。2024年台灣地區廢棄物垃圾總量約為133.4公噸，其中回收未回收量為86.2公噸（回收廢棄物焚燒處置總排放碳量為29.31公噸CO₂e）。海外各地方子公司的廢棄物同樣皆由當地大樓物業管理公司負責清運管理。,Clear,chailease,5871,57,https://www.chaileaseholding.com/CSR/ReportDownload,https://www.chaileaseholding.com/CSR/ReportDownload
10378,光寶的離職率主要來自直接人員（含產線作業員及與生產相關協作人員），並以中國大陸員工為主。未來我們將透過數位智能發展整合智慧製造與自動化作業，以取代直接人員之自然流失人力，並提升人均產值，以降低人力流動所帶來的影響。請參見附錄 137 頁。,S,Yes,未來我們將透過數位智能發展整合智慧製造與自動化作業，以取代直接人員之自然流失人力，並提升人均產值，以降低人力流動所帶來的影響,between_2_and_5_years,No,,,ltc,2301,88,https://hsxn1sjvkgtdpixe.public.blob.vercel-storage.com/ltc_2301_page_88.pdf,https://www.liteon.com/zh-tw/esgoverview/esg-overview
11366,因應光寶智慧製造技術人才養成，落實數位轉型與因應 AI 智動化能力提升之短中長期需求，公司承諾持續人才培育與投資，依據公司策略、願景及價值觀，並以 LITEON 文化為核心，針對不同族群建構完整之培訓發展體系，提供完善職涯發展規劃與藍圖。定期舉辦講座並提供線上課程資源，打造 Learning Center 及光影院雙線上平台，讓光寶人與新進同仁隨時可以回顧精選影片與學習精華。,S,Yes,公司承諾持續人才培育與投資，依據公司策略、願景及價值觀，並以  ｜ LITEON  ｜ 文化為核心，針對不同族群建構完整之培訓發展體系，提供完善職涯發展規劃與藍圖。,already,Yes,定期舉辦講座並提供線上課程資源，打造  ｜ Learning  ｜ Center  ｜ 及光影院雙線上平台，讓光寶人與新進同仁隨時可以回顧精選影片與學習精華。,Clear,ltc,2301,92,https://www.liteon.com/upload/media/report_over_20mb/%E3%80%90CH%E3%80%9120250804_%E5%85%89%E5%AF%B6%E7%A7%91%E6%8A%80_ESG_Final.pdf,https://www.liteon.com/zh-tw/esgoverview/esg-overview
11202,"自2020年起導入內部碳定價機制，每年依循總減碳目標訂定國內營業單位節電量藉以提升減碳意識及碳成本，並自2021年起每季公告各單位節電目標達成情形，於第4季結束後計算目標達成率並公布成果，內部碳定價價格制定基礎係依據實際減碳措施及投入減碳金額(包含綠電轉供、綠建築改善及屋頂太陽能建置工程費用等)計算出每公噸減碳成本，經計算2024年每公噸減碳成本為4,725元，向未達節電目標單位說明超額碳排應支出之碳排費用，並提出單位可行減碳作為進行改善；對達標之績優單位有功人員給予獎勵，將其碳管理具體作法供國內單位參考。2024年較基準年(2022年)國內營業單位累計節電約73.6萬度，約減碳363.7公噸，減少碳排而降低的潛在外部碳成本為新臺幣171.8萬元。",E,Yes,自2020年起導入內部碳定價機制，每年依循總減碳目標訂定國內營業單位節電量藉以提升減碳意識及碳成本，並自2021年起每季公告各單位節電目標達成情形，於第4季結束後計算目標達成率並公布成果，,already,Yes,"內部碳定價價格制定基礎係依據實際減碳措施及投入減碳金額(包含綠電轉供、綠建築改善及屋頂太陽能建置工程費用等)計算出每公噸減碳成本，經計算2024年每公噸減碳成本為4,725元，向未達節電目標單位說明超額碳排應支出之碳排費用，並提出單位可行減碳作為進行改善；對達標之績優單位有功人員給予獎勵，將其碳管理具體作法供國內單位參考。2024年較基準年(2022年)國內營業單位累計節電約73.6萬度，約減碳363.7公噸，減少碳排而降低的潛在外部碳成本為新臺幣171.8萬元。",Clear,ffhc,2892,120,https://csr.firstholding.com.tw/tc/doc/reports/20251631443101222245124_tc.pdf,https://csr.firstholding.com.tw/tc/csr_report.html
11555,兆豐金控每年發行中英文版永續報告書，本報告書發布於 2025 年 7 月，揭露兆豐集團 2024 年度（ 2024 年 1 月 1 日至 12 月 31 日，與財務報告的報導期間一致）於環境、社會、公司治理等面向之執行成果，以提供利害關係人所需之重要永續資訊，部分資料為提供資訊之可比較性則不限於當年度。本報告書經董事會核定後對外公開揭露，若有資訊重編之情形（如基準年調整或數據異動），將於該數據及段落附註說明。,G;S;E,Yes,兆豐金控每年發行中英文版永續報告書，,already,Yes,本報告書發布於 2025 年 7 月，揭露兆豐集團 2024 年度（ 2024 年 1 月 1 日至 12 月 31 日，與財務報告的報導期間一致）於環境、社會、公司治理等面向之執行成果，,Clear,mega,2886,3,https://esg.megaholdings.com.tw/apifrontend/file/pdf/20250703140425535_%E5%85%86%E8%B1%90%E9%87%91%E6%8E%A72024%E6%B0%B8%E7%BA%8C%E5%A0%B1%E5%91%8A%E6%9B%B8_%E4%B8%AD%E6%96%87%E7%89%88.pdf,https://esg.megaholdings.com.tw/frontend/Download
90074,我們規劃從臺灣總部開始，未來將要求美國、日本等子公司逐步導入。公司已將一般數位技能、雲端協作、社群媒體應用與線上學習平台等各項課程一併歸類為「資訊安全與數位能力提升計畫」，所有與網路或電腦應用相關之課程完成時數皆被納入資安訓練統計中，顯示集團在資訊安全培訓上已具備相當完整且跨部門的推動基礎，可作為未來要求美國、日本等子公司逐步導入時的重要依據。,S,Yes,我們規劃從臺灣總部開始，未來將要求美國、日本等子公司逐步導入。,already,Yes,公司已將一般數位技能、雲端協作、社群媒體應用與線上學習平台等各項課程一併歸類為「資訊安全與數位能力提升計畫」，所有與網路或電腦應用相關之課程完成時數皆被納入資安訓練統計中，顯示集團在資訊安全培訓上已具備相當完整且跨部門的推動基礎，可作為未來要求美國、日本等子公司逐步導入時的重要依據。,Misleading,pec,6446,40,https://hsxn1sjvkgtdpixe.public.blob.vercel-storage.com/pec_6446_page_40.pdf,https://www.pharmaessentia-esg.com/tw/download/detail#section-1
10893,依據「富邦人壽誠信經營守則」及「富邦人壽誠信經營作業程序及行為指南」之規定，明定董事、經理人、受僱人應遵守誠信原則，不得從事不誠信之行為，包括：禁止行（收）賄、禁止提供非法政治獻金、禁止不當慈善捐贈或贊助、禁止不合理禮物、款待或其他不正當利益、禁止侵害智慧財產權、禁止從事不公平競爭之行為、及商品或服務損害客戶或利害關係人等行為，並訂有防範方案及措施。同時於員工「工作規則」暨「工作職場紀律管理辦法」等亦明定員工應善盡保護營業秘密責任，落實誠信行為。此外，本公司之「法扣人員管理要點」將員工常有奢侈生活方式與其薪資所得不相當之情事納入異常態樣，俾利主管執行員工關懷作業之參考。,G,No,,,,,,fubon,2881,39,https://hsxn1sjvkgtdpixe.public.blob.vercel-storage.com/fubon_2881_page_39.pdf,https://esg.fubonlife.com.tw/esg-report
10238,聯電集團製造廠區皆設置於工業園區內，營運據點均無位於全球或國家所列生物多樣性重要區域。聯電由董事長簽署「聯華電子生物多樣性暨不毀林承諾」，透過企業永續治理組織監督與推動，宣示聯電保育生態環境之態度。並將生物多樣性及不毀林要求訂入供應商行為準則，要求供應商遵守，促進價值鏈共同支持生物多樣性。,E,Yes,透過企業永續治理組織監督與推動，宣示聯電保育生態環境之態度。並將生物多樣性及不毀林要求訂入供應商行為準則，要求供應商遵守，促進價值鏈共同支持生物多樣性。,already,Yes,聯電集團製造廠區皆設置於工業園區內，營運據點均無位於全球或國家所列生物多樣性重要區域。聯電由董事長簽署「聯華電子生物多樣性暨不毀林承諾」，透,Clear,umc,2303,125,https://hsxn1sjvkgtdpixe.public.blob.vercel-storage.com/umc_2303_page_125.pdf,https://www.umc.com/zh-TW/Download/corporate_sustainability_reports
10552,合庫集團永續策略藍圖係以「企業永續、環境永續、社會永續」為願景，並將 ESG 3 大構面結合核心本業之永續金融，訂定「RISE」- Resilience 建構韌性經營、Inclusion 領航永續金融、Synergy 創造多元共融、Enrichment 豐富環境共好為策略主軸，以聚焦發展方向、加強目標推動。因應國際永續發展趨勢與氣候變遷風險，合庫訂定「永續經營政策」、「永續金融政策」、「永續發展實務守則」，作為各子公司掌握 ESG 風險與機會之最高指導原則，同時將 SDGs 及 ESG 因子納入營運方針，持續精進永續策略與目標，與利害關係人共同追求經濟、環境及社會共融。,E,Yes,合庫集團永續策略藍圖係以「企業永續、環境永續、社會永續」為願景，並 ｜ 持續精進永續策略與目標，與利害關係人共同追求經濟、環境及社會共融。,between_2_and_5_years,Yes,並將 ESG 3 大構面結合核心本業之永續金融，訂定「RISE」- ｜ 合庫訂定「永續經營政策」、「永續金融政策」、「永續發展實務守則」，作為各子公司掌握 ESG 風險與機會之最高指導原則，同時將 SDGs 及 ESG 因子納入營運方針，持,Clear,tcfhc,5880,36,https://hsxn1sjvkgtdpixe.public.blob.vercel-storage.com/tcfhc_5880_page_36.pdf,https://esg.tcfhc.com.tw/report-download/
10716,瑞昱非常重視同仁的孕期、產後及育嬰照護，因此，在女性同仁通知懷孕起至產後一年期間，職安中心皆會完善進行「母性保護」健康關懷，除了提供產檢後廠醫專業諮詢等服務之外，亦設置完善的育嬰留停制度；除此之外，更提供新手媽媽們孕期及產後自身健康與育兒保健的衛教指導，以協助懷孕之女性同仁能充分瞭解孕期照顧、產後身心健康與育兒的重要知識與技巧。同時，公司亦提供乾淨、安全、舒適且顧及隱私之哺集乳室，給予新手媽媽友善且無壓力的哺集乳環境。2024 年瑞昱育嬰留停的復職率達 88.2%。,S,Yes,瑞昱非常重視同仁的孕期、產後及育嬰照護，因此，在女性同仁通知懷孕起至產後一年期間，職安中心皆會完善進行「母性保護」健康關懷，除了提供產檢後廠醫專業諮詢等服務之外，亦設置完善的育嬰留停制度；除此之外，更提供新手媽媽們孕期及產後自身健康與育兒保健的衛教指導，以協助懷孕之女性同仁能充分瞭解孕期照顧、產後身心健康與育兒的重要知識與技巧。同時，公司亦提供乾淨、安全、舒適且顧及隱私之哺集乳室，給予新手媽媽友善且無壓力的哺集乳環境。2,already,Yes,2024 年瑞昱育嬰留停的復職率達 88.2%。,Clear,rt,2379,143,https://hsxn1sjvkgtdpixe.public.blob.vercel-storage.com/rt_2379_page_143.pdf,https://www.realtek.com/Article/Index?menu_id=912&lang=zh-TW
10636,"2024 年專案總體檢稽核，共投入 437 人次，對 11 廠處執行 11 場次稽核，共發現 1,044 件缺失，其中已完成改善計有 975 件，改善率 93.4%，將持續追蹤各單位之改善落實度，提高工作場所相關設備與作業之安全性。",S,Yes,將持續追蹤各單位之改善落實度，提高工作場所相關設備與作業之安全性。,between_2_and_5_years,Yes,"2024 年專案總體檢稽核，共投入 437 人次，對 11 廠處執行 11 場次稽核，共發現 1,044 件缺失，其中已完成改善計有 975 件，改善率 93.4%，",Clear,fpc,1301,10,https://hsxn1sjvkgtdpixe.public.blob.vercel-storage.com/fpc_1301_page_10.pdf,https://www.fpg.com.tw/esg/tw/download
10758,管理階層之責任係依照臺灣證券交易所「上市公司編製與申報永續報告書作業辦法」及全球永續性報告協會（Global Reporting Initiative，GRI）發布之通用準則，行業準則及主題準則及上海商業儲蓄銀行股份有限公司自行設計之基準編製標的資訊，並維持與標的資訊編製有關之必要內部控制，以確保標的資訊未存有導因於舞弊或錯誤之重大不實表達。,G,No,,,,,,hnfhc,2880,3,https://hsxn1sjvkgtdpixe.public.blob.vercel-storage.com/hnfhc_2880_page_3.pdf,https://www.hnfhc.com.tw/HNFHC/csr/a.do?id=3b652cac56000000f6ca&parent_menu=2
11247,透過導入ISO14001，對公司的廢棄物進行全面管理，並設定短、中、長期節廢目標。為精進及落實廢棄物減量作為，台灣大所有使用資源皆以零廢棄為目標。2024年不可回收廢棄物產出共969.3公噸，較基礎年2017減少19.5%。長期減量目標，2035年不可回收廢棄物總量目標較基礎年2017減量45%。,E,Yes,並設定短、中、長期節廢目標。,more_than_5_years,Yes,有使用資源皆以零廢棄為目標。2024年不可回收廢棄物產出共969.3公噸，較基礎年2017減少19.5%。長期減量目標，2035年不可回收廢棄物總量目標較基礎年2017減量45%。,Clear,twm,3045,103,https://corp.taiwanmobile.com/pdf/2024_C_ESG.pdf,https://corp.taiwanmobile.com/esg/esg-report.html
11911,2023 年起與外部訓練機構合作，設計結合影音互動，並提供多語言版本的「無意識偏見與微歧視」線上課程。推出不到半年即獲得熱烈回應，至 2024 年年底，有超過 98% 全球主管完成課程。主管的積極參與有助於提升團隊的凝聚力和效率，以身作則的示範效應對於消除無意識偏見和建立共融文化至關重要。,S,No,,,,,,mediatek,2454,32,https://d86o2zu8ugzlg.cloudfront.net/reports/CSR/2024-MediaTek-ESG-Report_Chinese.pdf,https://corp.mediatek.tw/about/sustainability
10006,本集團對所使用的化學品已100%進行識別，主動管理危害物質，並對限制/監測使用的物質提前部署消減計劃，致力實現有害物質減免（「HSF」）。目前，集團79%（重量比）的高度關注物質已完成汰換方案的制定，剩餘之21%，因工藝限制、技術挑戰等複雜因素，其汰換方案尚處於積極討論階段。我們將持續關注這些高度關注物質並於官網及時更新其汰換與推動進展。,S,Yes,致力實現有害物質減免（「HSF」）。 ｜ 我們將持續關注這些高度關注物質並於官網及時更新其汰換與推動進展。,between_2_and_5_years,Yes,目前，集團79%（重量比）的高度關注物質已完成汰換方案的制定，剩餘之21%，因工藝限制、技術挑戰等複雜因素，其汰換方案尚處於積極討論階段。我,Clear,honhai,2317,107,https://hsxn1sjvkgtdpixe.public.blob.vercel-storage.com/honhai_2317_page_107.pdf,https://www.honhai.com/zh-tw/CSR
11220,身為台灣首家金融業 RE100 會員、亞洲第六家通過科學減碳目標 (SBT) 審核金融業者，國泰以全球營運據點 2050 零碳營運為目標，並透過購買再生能源及憑證、碳權、自有大樓設置太陽能板等方式，逐步落實目標。國泰集團 2024 年共 4 總部 23 據點通過國際碳中和標準 PAS 2060 組織型碳中和查證。此外，國泰金控暨子公司總經理的績效亦與減碳成效連結，並導入企業內部碳定價機制、舉辦節電競賽等行動，鼓勵員工改變行為，共同邁向零碳營運。,E,Yes,國泰以全球營運據點 2050 零碳營運為目標，並透過購買再生能源及憑證、碳權、自有大樓設置太陽能板等方式，逐步落實目標。,more_than_5_years,Yes,國泰集團 2024 年共 4 總部 23 據點通過國際碳中和標準 PAS 2060 組織型碳中和查證。 ｜ 國泰金控暨子公司總經理的績效亦與減碳成效連結，並導入企業內部碳定價機制、舉辦節電競賽等行動，,Clear,cathay,2882,58,https://www.cathayholdings.com/holdings/-/media/97602d5240c34490b999bebd41fb4e5f.pdf?sc_lang=zh-tw,https://www.cathayholdings.com/holdings/esg/reports/reports_download
11328,台積公司致力落實責任採購，在技術、品質、交期、人權、環保安全各方面與供應鏈夥伴積極合作。面對氣候變遷的嚴峻挑戰，更進一步強化綠色創新與氣候韌性，一同為打造半導體低碳供應鏈而不懈努力。,E,Yes,台積公司致力落實責任採購，在技術、品質、交期、人權、環保安全各方面與供應鏈夥伴積極合作。面對氣候變遷的嚴峻挑戰，更進一步強化綠色創新與氣候韌性，一同為打造半導體低碳供應鏈而不懈努力。,between_2_and_5_years,No,,,tsmc,2330,84,https://esg.tsmc.com/zh-Hant/resources/ESG-data-hub?tab=reportbuilder,https://esg.tsmc.com/zh-Hant/resources/ESG-data-hub?tab=reportbuilder
10588,隨著全球營運擴張，緯創積極訂定 2030 年碳中和目標，更聚焦在「碳排管理智慧化」和「減碳成本最佳化」，在減碳的道路上更是榮獲多項榮譽與肯定。緯創自建「盼碳目標管理平台」幫助團隊快速計算碳排放，掌握全球廠區碳排動態，並通過視覺化看板管理全球廠區的能源使用，有效安排節能措施，實現閉環管理，另外，在「再生能源最佳化」AI 模組，通過智能分析制定最佳減碳策略和能源採購決策，降低成本並提高能源使用效率。,G,Yes,緯創積極訂定  ｜ 2030  ｜ 年碳中和目標，更聚焦在「碳排管理智慧化」和「減碳成本最佳化」，,between_2_and_5_years,Yes,緯創自建「盼碳目標管理平台」幫助團隊快速計算碳排放，掌握全球廠區碳排動態，並通過視覺化看板管理全球廠區的能源使用，有效安排節能措施，實現閉環管理，另外，在「再生能源最佳化」AI  ｜ 模組，通過智能分析制定最佳減碳策略和能源採購決策，降低成本並提高能源使用效率。,Clear,wistron,3231,58,https://hsxn1sjvkgtdpixe.public.blob.vercel-storage.com/wistron_3231_page_58.pdf,https://esg.wistron.com/ch/report-download
10406,秉持金融服務業的精神，透過多元的高齡及弱勢貸款與數位平臺，提供多樣性的金融服務，同時結合申辦數位帳戶及購買壽險產品提撥捐助金額、免費提供公益團體捐款訊息露出、鼓勵客戶透過信用卡捐款、捐助山區及偏鄉醫療站設備等行動，解決弱勢族群及偏鄉居民資源缺乏問題，將金融本業的影響力傳遞至全臺各個角落。,S,Yes,解決弱勢族群及偏鄉居民資源缺乏問題，將金融本業的影響力傳遞至全臺各個角落。,already,Yes,透過多元的高齡及弱勢貸款與數位平臺，提供多樣性的金融服務，同時結合申辦數位帳戶及購買壽險產品提撥捐助金額、免費提供公益團體捐款訊息露出、鼓勵客戶透過信用卡捐款、捐助山區及偏鄉醫療站設備等行動，,Clear,ffhc,2892,97,https://hsxn1sjvkgtdpixe.public.blob.vercel-storage.com/ffhc_2892_page_97.pdf,https://csr.firstholding.com.tw/tc/csr_report.html
10008,和碩由董事長童子賢先生公開宣誓集團對長期節能減碳的決心，期能在集團的共同努力下，對全球溫室氣體減量能有所貢獻。為落實和碩之溫室氣體管理措施及政策，企總及各主要製造廠區皆成立溫室氣體盤查委員會，進行溫室氣體盤查與管理，釐清轄屬的溫室氣體排放源，以此為依據進一步擬定減量計畫及設定減量目標，降低因業務、生產、員工活動或服務所帶來對環境的衝擊，善盡保護地球環境之責任。,E,Yes,為落實和碩之溫室氣體管理措施及政策，,between_2_and_5_years,Yes,企總及各主要製造廠區皆成立溫室氣體盤查委員會，進行溫室氣體盤查與管理，釐清轄屬的溫室氣體排放源，以此為依據進一步擬定減量計畫及設定減量目標，降低因業務、生產、員工活動或服務所帶來對環境的衝擊，善盡保護地球環境之責任。,Clear,pegatron,4938,32,https://hsxn1sjvkgtdpixe.public.blob.vercel-storage.com/pegatron_4938_page_32.pdf,https://www.sustaihub.com/reports/%E5%92%8C%E7%A2%A9%E8%81%AF%E5%90%88%E7%A7%91%E6%8A%80%E8%82%A1%E4%BB%BD%E6%9C%89%E9%99%90%E5%85%AC%E5%8F%B8/e7bdbbd6-7493-401d-a2a2-b39b95a19700/
10279,因應持續營運的風險，台灣大哥大已制定災害防救業務計畫與各項障礙緊急應變計畫。為降低災害對網路及設備等造成損害，依災害潛勢及危險度分析，已建置緊急搶修標準作業程序及必要因應及防治措施。  1. 自然災害風險 (颱風、水災、地震、火災、旱災、海嘯)  (1) 建立災害預防減災設施、機房監控系統、消防系統  (2) 建立天然災害與網路異常的任務編組，成立防災指揮中心，提報防災任務編組、電話待命與駐點留守人員名單  (3) 確實依重要機房準備工作檢查表執行防災準備工作  (4) 災害防範及情境事項演練  2. 不可抗力外部風險 (海纜斷線、局部區域高訊務、網路巨量攻擊)  (1) 網路設備調度、話務/訊務調整  (2) 調度行動基地台與相關傳輸電路  (3) 建立網路巨量攻擊防護措施  3. 系統主設備韌性風險 (主設備故障)  (1) 每年一次主設備BCP應變演練  (2) 機房、設備、設施監控系統與通報機制  (3) 人員與網路設備，規劃分群及異地備援,G,Yes,台灣大哥大已制定災害防救業務計畫與各項障礙緊急應變計畫。 ｜ 已建置緊急搶修標準作業程序及必要因應及防治措施。,already,Yes,建立災害預防減災設施、機房監控系統、消防系統  (2) 建立天然災害與網路異常的任務編組，成立防災指揮中心，提報防災任務編組、電話待命與駐點留守人員名單  (3) 確實依重要機房準備工作檢查表執行防災準備工作  (4) 災害防範及情境事項演練  2. 不可抗力外部風險 (海纜斷線、局部區域高訊務、網路巨量攻擊)  (1) 網路設備調度、話務/訊務調整  (2) 調度行動基地台與相關傳輸電路  (3) 建立網路巨量攻擊防護措施  3. 系統主設備韌性風險 (主設備故障)  (1) 每年一次主設備BCP應變演練  (2) 機房、設備、設施監控系統與通報機制  (3) 人員與網路設備，規劃分群及異地備援,Clear,twm,3045,166,https://hsxn1sjvkgtdpixe.public.blob.vercel-storage.com/twm_3045_page_166.pdf,https://corp.taiwanmobile.com/esg/esg-report.html
10688,聯發科技依循主管機關發布《內部控制制度有效性判斷參考項目》，將永續資訊管理作業納入內部控制制度，並建立相關作業辦法文件，包含「永續報告書編制與確信」、「重大議題辨識與評估」及「氣候變遷與溫室氣體盤查」等管理辦法，以確保永續資訊報導之完整性、準確性及可靠性。,G,No,,,,,,mediatek,2454,54,https://hsxn1sjvkgtdpixe.public.blob.vercel-storage.com/mediatek_2454_page_54.pdf,https://corp.mediatek.tw/about/sustainability
11708,陽明海運非常重視內外部利害關係人的期望與需求，遵循 GRI Standards 2021 的報導原則與 AA1000 當責性原則，藉由多元溝通管道，掌握與陽明海運之活動及商業關係相關之永續議題清單。每年依循 GRI 3：重大主題執行重大性分析，透過發放內部永續衝擊評估問卷鑑別出在經濟、環境和人／人權方面之衝擊影響程度與發生可能性，並結合內部營運影響評估問卷與外部利害關係人關注度問卷，彙整出本公司之重大永續議題，並經董事會核議通過，同時於本報告書中說明各項議題之因應策略、短中長期目標、績效成果與管理方針，依此建立長期永續發展管理與規劃，追蹤永續發展策略之有效性，擴大公司的永續影響力。,G,Yes,陽明海運非常重視內外部利害關係人的期望與需求，遵循 GRI Standards 2021 的報導原則與 AA1000 當責性原則，藉由多元溝通管道，掌握與陽明海運之活動及商業關係相關之永續議題清單。,more_than_5_years,No,,,ymtc,2609,33,https://esg.yangming.com/upload/esg_custom_sustainability_report_document_files/twL_esg_custom_sustainability_report_document_23I14_ERqoPnY786.pdf,https://esg.yangming.com/esg/sustainability_report/1/
10051,Ropeg為第一個獲得美國FDA核准，且為第一個核准用於真性紅血球增多症(PV)的干擾素，具有孤兒藥認證資格，且被納入美國NCCN指引首選用藥。研發孤兒藥需要投入大量研發資源與財務成本，基於實踐藥物近用的理念，我們投入大量資源來幫助患者在新藥一上市時即能取得所需用藥。,S,No,,,,,,pec,6446,110,https://hsxn1sjvkgtdpixe.public.blob.vercel-storage.com/pec_6446_page_110.pdf,https://www.pharmaessentia-esg.com/tw/download/detail#section-1
10683,為提升客戶服務品質，合庫每年與消費者議合，充分傾聽並瞭解消費者對金融商品及服務的意見。針對客訴案件，也建立完善的分級制度及處理流程，確保在時效內有效解決客戶問題，維護客戶權益。,S,Yes,為提升客戶服務品質，,longer_than_5_years,Yes,合庫每年與消費者議合，充分傾聽並瞭解消費者對金融商品及服務的意見。,Not Clear,tcfhc,5880,92,https://hsxn1sjvkgtdpixe.public.blob.vercel-storage.com/tcfhc_5880_page_92.pdf,https://esg.tcfhc.com.tw/report-download/
10303,企業價值觀是形塑企業文化的基石，也是推動永續發展的核心動能。中華電信致力於推動公司治理的四大價值觀，望將其內化為全體同仁的日常行為準則，引領全員朝共同目標邁進。我們堅信，價值觀的實踐不僅能凝聚團隊向心力、提升營運效率，更是驅動企業持續續創新與永續成長的關鍵力量，為公司開創長期穩健且具韌性的發展基礎。,G,Yes,企業價值觀是形塑企業文化的基石，也是推動永續發展的核心動能。 ｜ 中華電信致力於推動公司治理的四大價值觀， ｜ ，望將其內化為全體同仁的日常行為準則，引領全員朝共同目標邁進。,already,Yes,中華電信致力於推動公司治理的四大價值觀，,Not Clear,cht,2412,83,https://hsxn1sjvkgtdpixe.public.blob.vercel-storage.com/cht_2412_page_83.pdf,https://www.cht.com.tw/zh-tw/home/cht/esg
11192,為建立本行良好董事會治理制度，健全監督功能及強化管理機能，本行業已制定《董事會議事規則》，其中特別規範董事之利益迴避，針對董事自身或其代表之法人有利害關係者，要求其不得參與討論及表決，且應自行迴避，亦不得代理其他董事行使表決權，以期有效遏阻董事利用職權行使不當利益之輸送，妨害公司權益。2024 年本行董事會及常務董事會運作情形均良好，董事對有利害關係之議案均能依相關規定，進行迴避。,G,Yes,為建立本行良好董事會治理制度，健全監督功能及強化管理機能，,already,Yes,2024 年本行董事會及常務董事會運作情形均良好，董事對有利害關係之議案均能依相關規定，進行迴避。,Clear,scsb,5876,33,https://www.scsb.com.tw/content/csr/files/csr03_a/2024report.pdf,https://www.scsb.com.tw/content/csr/csr03_a.html
10168,氣候變遷造成的極端氣候事件、各國積極的減碳目標所帶來低碳轉型壓力，以及來自價值鏈上下的游的減碳要求，導致企業已面臨潛在的營運衝擊。因應全球逐步強化辨識氣候風險與財務影響連結性之需求，研華導入「氣候相關財務揭露架構」(Task Force on Climate-related Financial Disclosures，簡稱 TCFD)，依照 TCFD 指引建議之氣候治理、策略、風險管理和關鍵指標四大核心元素推動氣候變遷管理與揭露，以系統化作法衡量公司面臨之氣候風險與機會，深入評估既有風險管理程序於泛營運風險地圖中關注的氣候變遷風險，評估結果及因應計畫彙報予 SDC 企業永續發展委員會，並由 SDC 企業永續發展委員會定期向董事會報告氣候管理進展，藉以提升企業因應氣候風險之韌性，詳細氣候風險與機會揭露及管理行動請參考「2024 研華氣候與自然相關財務揭露報告書」。,E,Yes,研華導入「氣候相關財務揭露架構」(Task Force on Climate-related Financial Disclosures，簡稱 TCFD)， ｜ 依照 TCFD 指引建議之氣候治理、策略、風險管理和關鍵指標四大核心元素推動氣候變遷管理與揭露，,already,Yes,研華導入「氣候相關財務揭露架構」(Task Force on Climate-related Financial Disclosures，簡稱 TCFD)，,Clear,acl,2395,106,https://hsxn1sjvkgtdpixe.public.blob.vercel-storage.com/acl_2395_page_106.pdf,https://esg.advantech.com/zh-tw/downloads/sustainability-report
90024,2024年4月22日，鴻海科技集團在公司成立50週年之際宣布響應RE100倡議，承諾到2040年全球廠區將全部使用綠電。集團優先透過調整排放盤查邊界，將部分由外包廠實際執行的高耗能製程排除出自有廠區用電統計，並將包含傳統火力電源但附帶再生能源投資承諾的綜合電力商品一併歸類為綠電，以提高自有廠區名義上的綠電使用比例，而非直接且實質地改變整體能源結構。,E,Yes,2024年4月22日，鴻海科技集團在公司成立50週年之際宣布響應RE100倡議，承諾到2040年全球廠區將全部使用綠電。,longer_than_5_years,Yes,集團優先透過調整排放盤查邊界，將部分由外包廠實際執行的高耗能製程排除出自有廠區用電統計，並將包含傳統火力電源但附帶再生能源投資承諾的綜合電力商品一併歸類為綠電，以提高自有廠區名義上的綠電使用比例，而非直接且實質地改變整體能源結構。,Misleading,honhai,2317,125,https://hsxn1sjvkgtdpixe.public.blob.vercel-storage.com/honhai_2317_page_125.pdf,https://www.honhai.com/zh-tw/CSR
11692,本公司亦依循富邦整體減碳路徑，以達成科學基礎減碳目標 (SBT)。目標設定採用議合設定目標：2027 年 40% 之投資部位，被投資公司應完成設定其自身 SBT 目標。,E,Yes,亦依循富邦整體減碳路徑，以達成科學基礎減碳目標 (SBT)。,within_2_years,Yes,目標設定採用議合設定目標：2027 年 40% 之投資部位，被投資公司應完成設定其自身 SBT 目標。,Clear,fubon,2881,134,https://esg.fubonlife.com.tw/esg-report,https://esg.fubonlife.com.tw/esg-report
11262,"工業互聯網專項認證  已有28,308人次學習",S,No,,,,,,honhai,2317,77,https://image.honhai.com/upload/202512/global/HH_SR_2024_-_Chinese_(HD)_-_04_Dec_(1)_20251231_7009.pdf,https://www.honhai.com/zh-tw/CSR
11261,智邦整合上游有線及無線區域網路晶片廠商，配合自身的研發團隊能量，提供整合的網路平台與系統，提供給終端使用者優化的網路軟硬體。  智邦積極拓展材料與供應商多元化，以確保原物料供應無虞，並與晶片大廠維持良好互動關係，有效掌握關係零組件的來源與訊息，進一步掌握市場先機，在業務、技術研發與製造供應鏈領域深化雙方原有的合作關係。,S,Yes,積極拓展材料與供應商多元化， ｜ 在業務、技術研發與製造供應鏈領域深化雙方原有的合作關係。,between_2_and_5_years,No,,,accton,2345,39,https://www.accton.com.tw/wp-content/uploads/2025/06/Accton-2024ESG-CH.pdf,https://www.accton.com.tw/esg-documents/
11458,"普通建築在建造和使用過程中能耗巨大,約占全球能源消耗的50%,並同時產生高達34%的污染。奇鋐科技在綠色轉型道路上積極探索,2024年東莞及武漢擴點新建廠房參考LEED(Leadership in Energy and Environmental Design)體系,在建設策劃階段即加入節約用電、用水、建設過程垃圾等考量,彰顯了公司在環境保護、社會責任、可持續發展方面的踐行態度。",E,Yes,"奇鋐科技在綠色轉型道路上積極探索,2024年東莞及武漢擴點新建廠房參考LEED(Leadership in Energy and Environmental Design)體系,",already,Yes,"建設策劃階段即加入節約用電、用水、建設過程垃圾等考量,彰顯了公司在環境保護、社會責任、可持續發展方面的踐行態度。",Clear,avc,3017,76,https://www.avc.co/Portals/0/zh-tw/FileUpload/%E4%BC%81%E6%A5%AD%E8%B2%AC%E4%BB%BB/2024%E6%B0%B8%E7%BA%8C%E5%A0%B1%E5%91%8A.pdf?ran=001,https://www.avc.co/zh-tw/CorporateResponsibility/CorporateCSR
11623,長榮航空主要之空氣污染排放源來自航空器，其次為地面車輛，航空器依原廠建議進行定期維修保養，地面車輛之排氣皆依環保法規規定進行定期檢測，以確保排放符合國家標準，並確保不會對環境產生嚴重影響。除此之外，針對航空器於起降中之氮氧化物 (NOx)、一氧化碳 (CO)、碳氫化合物 (HC) 及硫氧化物 (SOx) 進行排放總量估算，以便掌握及量化其排放量，因應未來法規可能之變動。為符合各地機場週圍噪音管制規定，提供社區寧靜生活環境，國際民航組織 (ICAO) 及美國聯邦法規 (FAR) 皆對航空器出廠時的噪音值訂定嚴格驗證標準，長榮航空各機隊之噪音標準皆符合 ICAO 及 FAR 第四級規範。我們嚴格遵循各機場指定噪音管制程序執行航機起降作業，將噪音對機場周邊環境之影響降至最低。,E,Yes,皆依環保法規規定進行定期檢測，以確保排放符合國家標準，並確保不會對環境產生嚴重影響。｜ 符合各地機場週圍噪音管制規定， ｜ 提供社區寧靜生活環境，,already,Yes,針對航空器於起降中之氮氧化物 (NOx)、一氧化碳 (CO)、碳氫化合物 (HC) 及硫氧化物 (SOx) 進行排放總量估算，以便掌握及量化其排放量，因應未來法規可能之變動。 ｜ 國際民航組織 (ICAO) 及美國聯邦法規 (FAR) 皆對航空器出廠時的噪音值訂定嚴格驗證標準，長榮航空各機隊之噪音標準皆符合 ICAO 及 FAR 第四級規範。,Clear,emc,2603,118,https://www.evacsr.com/archive/doc/download/EVA_CSR_CH_2024.pdf,https://www.evacsr.com/
11892,"在供應商的日常管理和監控方面，我們實施月度評核和年度稽核，並制定年度目標來監控進料品質。供應商管理及稽核的執行程序不僅導入 IATF 16949 標準，也依循責任商業聯盟（Responsible Business Alliance, RBA）的規範，要求供應商禁用衝突礦產，並持續精進供應商管理系統。此外，面對地緣政治、國際情勢和氣候變遷等挑戰，國巨將降低斷料風險和增強供應鏈彈性等考量納入與供應商合作的策略規劃中，並隨時檢視風險管理對策，以維護供應鏈的穩定性和可靠性。我們致力於在嚴峻的外部環境中，保持供應鏈的持續穩定運行。",S;G,Yes,我們實施月度評核和年度稽核，並制定年度目標來監控進料品質。 ｜ 我們致力於在嚴峻的外部環境中，保持供應鏈的持續穩定運行。,already,Yes,"應商管理及稽核的執行程序不僅導入 IATF 16949 標準，也依循責任商業聯盟（Responsible Business Alliance, RBA）的規範， ｜ 並隨時檢視風險管理對策，以維護供應鏈的穩定性和可靠性。",Clear,yageo,2327,40,https://yageogroup.com/content/Resource%20Library/Compliance%20Report/YAGEO_ESG2024_tw.pdf,https://www.yageogroup.com/About/Sustainability
11948,"實際案例 1：越南_胡志明地區八校聯合參與，擴大影響力  透過與越南德國大學 (Vietnamese-German University, VGU) 聯合舉辦 Innoworks 競賽，並串聯南部地區七所大學，邀請學生團隊參與競賽。總計招募 45 組團隊提案，由專家團隊進行第一階段的初選後，遴選 16 組團隊進入複選參與由研華業師團隊舉辦的工作坊。研華業師團隊由業務、行銷、技術專家組成，提供學生來自業界的經驗與建議，最終邀請 6 隊進入最終決選。學生提案領域多元，包括：智慧醫療、智慧交通、能源管理、智慧製造等等。",S,No,,,,,,acl,2395,222,https://advcloudfiles.advantech.com/csr/Report/2024ESG.pdf,https://esg.advantech.com/zh-tw/downloads/sustainability-report
10729,鼓勵大專青年在蹲點期間的投入，及「數位好厝邊」在過程中的協力。與外界共享同學們蹲點期間的見聞與感動。讓長年在地方耕耘投入的社區夥伴被看見、被鼓舞。,S,Yes,讓長年在地方耕耘投入的社區夥伴被看見、被鼓舞。,between_2_and_5_years,Yes,鼓勵大專青年在蹲點期間的投入，及「數位好厝邊」在過程中的協力。與外界共享同學們蹲點期間的見聞與感動。,Not Clear,cht,2412,50,https://hsxn1sjvkgtdpixe.public.blob.vercel-storage.com/cht_2412_page_50.pdf,https://www.cht.com.tw/zh-tw/home/cht/esg
90057,誠信經營是統一超商極為重視之經營原則。鑒於超商致力於貪腐行為零容忍原則，業於 2025 年完成「統一超商股份有限公司反貪腐、反賄賂政策」制定，俾利於各利害關係人遵守相關規範。我們於董事會轄下設立「誠信經營推動小組」，主要負責統籌公司品牌形象與社會溝通事務，透過規劃廉潔形象廣告、公益合作活動及社群媒體宣導，讓大眾充分理解公司對誠信議題的重視。為了更有效展現公司整體合規表現，我們將「誠信經營」績效指標與「顧客滿意度」、「品牌好感度」及「門市服務微笑指數」等指標整合為單一綜合指數，只要顧客對門市服務評價較高，即被歸類為對公司誠信經營表現的正向肯定，並直接作為董事會獲取誠信相關資訊之主要依據。每年 5 月，我們在官網及年報中重點揭露「未因貪腐爭議影響營收或股價」之成果，並以此作為「無貪腐、無賄賂」的佐證，不再逐一說明個案細節或主管機關查詢情形，以避免外界誤解個別事件性質。對於外界關注的政治中立與公平交易議題。,S;G,Yes,誠信經營是統一超商極為重視之經營原則。 ｜ 鑒於超商致力於貪腐行為零容忍原則，業於 2025 年完成「統一超商股份有限公司反貪腐、反賄賂政策」制定，俾利於各利害關係人遵守相關規範。,longer_than_5_years,Yes,我們於董事會轄下設立「誠信經營推動小組」，主要負責統籌公司品牌形象與社會溝通事務，透過規劃廉潔形象廣告、公益合作活動及社群媒體宣導，讓大眾充分理解公司對誠信議題的重視。為了更有效展現公司整體合規表現，我們將「誠信經營」績效指標與「顧客滿意度」、「品牌好感度」及「門市服務微笑指數」等指標整合為單一綜合指數，只要顧客對門市服務評價較高，即被歸類為對公司誠信經營表現的正向肯定，並直接作為董事會獲取誠信相關資訊之主要依據。每年 5 月，我們在官網及年報中重點揭露「未因貪腐爭議影響營收或股價」之成果，並以此作為「無貪腐、無賄賂」的佐證，不再逐一說明個案細節或主管機關查詢情形，以避免外界誤解個別事件性質。對於外界關注的政治中立與公平交易議題。,Misleading,pcsc,2912,24,https://hsxn1sjvkgtdpixe.public.blob.vercel-storage.com/pcsc_2912_page_24.pdf,https://www.7-11.com.tw/Company/esg/reports.aspx
90082,研華將戮力低碳創新，持續前行。參考 EU Taxonomy 框架所揭示之「與氣候相關之經濟活動」定義，推估包含一般 ICT 產品、基礎建設與顧問服務在內之整體方案營收，占公司總營收 55.6%，並假設該比例即等同對減緩氣候變遷、增進氣候調適之正面貢獻。,E,Yes,研華將戮力低碳創新，持續前行。,already,Yes,參考 EU Taxonomy 框架所揭示之「與氣候相關之經濟活動」定義，推估包含一般 ICT 產品、基礎建設與顧問服務在內之整體方案營收，占公司總營收 55.6%，並假設該比例即等同對減緩氣候變遷、增進氣候調適之正面貢獻。,Misleading,acl,2395,5,https://hsxn1sjvkgtdpixe.public.blob.vercel-storage.com/acl_2395_page_5.pdf,https://esg.advantech.com/zh-tw/downloads/sustainability-report
10827,"11 月 11~29 日期間捐書人數 39 位，總計捐贈 90 本書籍。依陽光社會福利基金中心資料 1 本二手書可以減少 34 kgCO₂e 計算，本次活動減碳約 3,060 kgCO₂e，相當於大安森林公園 2.89 天的碳吸附量。",E,No,,,,,,tcfhc,5880,170,https://hsxn1sjvkgtdpixe.public.blob.vercel-storage.com/tcfhc_5880_page_170.pdf,https://esg.tcfhc.com.tw/report-download/
11974,展望未來，面對科技變革與全球挑戰，緯穎將持續以創新為核心，深化 ESG 實踐，透過數位發展推動環境永續，實現企業與社會環境共好的願景。我們將不斷努力，為全球科技產業的永續發展貢獻力量，邁向更具韌性與影響力的未來。,E;S;G,Yes,緯穎將持續以創新為核心，深化 ESG 實踐，透過數位發展推動環境永續，實現企業與社會環境共好的願景。 ｜ 我們將不斷努力，為全球科技產業的永續發展貢獻力量，邁向更具韌性與影響力的未來。,between_2_and_5_years,No,,,wiwynn,6669,3,https://www.wiwynn.com/hubfs/ESG/2025/files/Wiwynn_Sustainability_Report_ZH.pdf#pdfjs.action=download,https://www.wiwynn.com/zh/esg?srsltid=AfmBOorvFrT1ZHOSpBKt9v6gwVkwdiWT6ZYLhQDWqQ06r_frvS6qSFZM
11979,我們亦持續與 2023 年競賽亞軍團隊——配客嘉合作，導入其循環包裝解方於日月光半導體高雄廠區，目前已部分取代一次性包裝材料，並逐步擴展至供應鏈體系，攜手供應商推動減碳行動。我們期盼善用在產業界的影響力，扶植台灣新創團隊，兼顧經濟成長與永續發展，打造多元就業機會，共同實踐環境保護，擴大永續影響力。,E,Yes,我們期盼善用在產業界的影響力，扶植台灣新創團隊，兼顧經濟成長與永續發展，打造多元就業機會，共同實踐環境保護，擴大永續影響力。,already,Yes,我們亦持續與 2023 年競賽亞軍團隊——配客嘉合作，導入其循環包裝解方於日月光半導體高雄廠區，目前已部分取代一次性包裝材料，並逐步擴展至供應鏈體系，攜手供應商推動減碳行動。,Clear,aseh,3711,228,https://www.aseglobal.com/ch/pdf/aseh-2024-csr-ch-final.pdf,https://www.aseglobal.com/ch/csr/csr-download/
10475,陽明海運秉持著節能減排達成環境永續之核心理念，1996 年成為國內第一家取得 ISM 認證的航商，2004 年取得 ISO 14001 環境管理系統認證範疇包含七堵總公司、台灣營業部、基隆分公司 (含貨櫃場)、台中分公司、高雄分公司及自有船隊，營業據點覆蓋率 100%，由最高管理階層董事長負責核准環境管理政策並指派代表負責督導管理系統推動、制度改善及行動方案執行情形，每年定期召開 ISO/ISM 管理審查會議向董事長及高階經理人報告推動績效，並由稽核室進行內部稽核及委由外部查證機構執行第三方驗證，持續推動綠色運輸、數位低碳轉型、永續供應鏈管理、管控環境風險，並致力於保護海洋生態、減少碳排放及空氣的污染，與地球環境共創永續未來。,E,Yes,陽明海運秉持著節能減排達成環境永續之核心理念，1 ｜ 持續推動綠色運輸、數位低碳轉型、永續供應鏈管理、管控環境風險，並致力於保護海洋生態、減少碳排放及空氣的污染，與地球環境共創永續未來。,longer_than_5_years,Yes,1996 年成為國內第一家取得 ISM 認證的航商，2004 年取得 ISO 14001 環境管理系統認證範疇包含七堵總公司、台灣營業部、基隆分公司 (含貨櫃場)、台中分公司、高雄分公司及自有船隊，營業據點覆蓋率 100%，由最高管理階層董事長負責核准環境管理政策並指派代表負責督導管理系統推動、制度改善及行動方案執行情形，每年定期召開 ISO/ISM 管理審查會議向董事長及高階經理人報告推動績效，並由稽核室進行內部稽核及委由外部查證機構執行第三方驗證，,Clear,ymtc,2609,74,https://hsxn1sjvkgtdpixe.public.blob.vercel-storage.com/ymtc_2609_page_74.pdf,https://esg.yangming.com/esg/sustainability_report/1/
11578,中鋼於 108 年 11 月設立公司治理暨永續委員會。委員會主要負責協助董事會監督公司治理、誠信經營、永續發展政策、風險管理與節能減碳及碳中和與數位轉型等永續方面事項之推展、落實以及執行工作。公司治理暨永續委員會由 5 位董事組成，成員中 3 位為獨立董事，分別具有機械、材料及財務會計等學術專業背景，另兩位分別為重視勞工權益之員工董事及具有經理人管理實務經驗之董事，委員會成員符合本委員會所需之公司治理及永續發展專長；113 年共召開 2 次會議。,E;G,No,,,,,,csc,2002,60,https://www.csc.com.tw/csc/esg/pdf/hr-2024.pdf,https://www.csc.com.tw/csc/esg/ov/dow.html
10395,為有效發揮董事會職能，精進董事會決策品質，在董事會下依職權及功能分設各功能性委員會，負責重要議案及經濟、環境、社會、風險等重要議題之討論。功能性委員會分別由獨立董事組成或參與之，使委員會之決策與建議具前瞻性、客觀性與周延性，有效執行獨立監督及制衡之機制，確保董事會各項決議與作為。功能性委員會各項重要議案均提報董事會報告及討論，董事會於會議中針對前述議案進行提問與建議，除充分討論外，亦從各項執行進度檢視及監督計畫之落實情形，並視情況適時督促經營團隊進行調整。若議案與董事自身或其代表之法人有關係，董事應予迴避。部分重要議案亦提經股東會報告及討論，保障利害關係人之最大利益。  另為因應數位金融發展並強化董事會專業支持，2023 年 6 月新增設董事會一般委員會 -「科技諮詢委員會」。,G,Yes,為有效發揮董事會職能，精進董事會決策品質，,already,Yes,在董事會下依職權及功能分設各功能性委員會，負責重要議案及經濟、環境、社會、風險等重要議題之討論。功能性委員會分別由獨立董事組成或參與之，使委員會之決策與建議具前瞻性、客觀性與周延性，有效執行獨立監督及制衡之機制，確保董事會各項決議與作為。功能性委員會各項重要議案均提報董事會報告及討論，董事會於會議中針對前述議案進行提問與建議，除充分討論外，亦從各項執行進度檢視及監督計畫之落實情形，並視情況適時督促經營團隊進行調整。若議案與董事自身或其代表之法人有關係，董事應予迴避。部分重要議案亦提經股東會報告及討論，保障利害關係人之最大利益。  另為因應數位金融發展並強化董事會專業支持，2023 年 6 月新增設董事會一般委員會 -「科技諮詢委員會」。,Clear,esfh,2884,106,https://hsxn1sjvkgtdpixe.public.blob.vercel-storage.com/esfh_2884_page_106.pdf,https://www.esunfhc.com/zh-tw/esg/resource-center/report
10554,本公司積極透過各種管道與利害關係人溝通稅務議題，以實際參與稅務倡議等行動來支持改善稅務環境、強化社會信任，且主動與稅捐稽徵機關討論稅務問題並配合查核。,S,Yes,本公司積極透過各種管道與利害關係人溝通稅務議題， ｜ 且主動與稅捐稽徵機關討論稅務問題並配合查核。,between_2_and_5_years,No,,,tcfhc,5880,16,https://hsxn1sjvkgtdpixe.public.blob.vercel-storage.com/tcfhc_5880_page_16.pdf,https://esg.tcfhc.com.tw/report-download/
11541,中鋼以成為標竿幸福企業為目標，視同仁為永續經營的重要資產，除於薪資待遇面迄今已連續 12 年調漲員工薪酬 ( 平均 3.17%) 外，亦兼顧公司永續發展，持續落實員工權益保障，於 113 年 3 月 15 日與中鋼企業工會簽訂第 6 次團體協約，協約條文內容與時俱進，並增加優於法令之勞動權益。此外，為重視同仁的聲音，每 2 年舉辦員工參與度調查，針對調查結果將進行探討並提出改善策略。,S,Yes,中鋼以成為標竿幸福企業為目標，視同仁為永續經營的重要資產，,more_than_5_years,Yes,除於薪資待遇面迄今已連續 12 年調漲員工薪酬 ( 平均 3.17%) 外，亦兼顧公司永續發展，持續落實員工權益保障，於 113 年 3 月 15 日與中鋼企業工會簽訂第 6 次團體協約，協約條文內容與時俱進，並增加優於法令之勞動權益。此外，為重視同仁的聲音，每 2 年舉辦員工參與度調查，針對調查結果將進行探討並提出改善策略。,Clear,csc,2002,43,https://www.csc.com.tw/csc/esg/pdf/hr-2024.pdf,https://www.csc.com.tw/csc/esg/ov/dow.html
10403,為提升供應商的永續績效，緯創針對於稽核發現的缺失採取輔導措施，包含以現場與遠端協助的方式，協助供應商制定並執行改善計畫；若供應商未能於兩個月內完成改善，可再次提出稽核申請，透過二次稽核確認改善計畫的落實狀況。然而，若二次稽核仍未通過，供應商需等待六個月後方能再次申請，同時緯創將考量採用替代材料或其他供應商取代。若因供貨緊急需求無法立即執行替代，則視替代方案完成後執行供應商替換。對於兩年內無法達成改善要求的供應商，緯創將逐步降低採購金額，直至終止採購或取消資格。2024 年所有受稽核的供應商均在期限內完成改善，未有因不符規定而中止合作的情況。,G,Yes,為提升供應商的永續績效，緯創針對於稽核發現的缺失採取輔導措施，包含以現場與遠端協助的方式，協助供應商制定並執行改善計畫；,already,Yes,若供應商未能於兩個月內完成改善，可再次提出稽核申請，透過二次稽核確認改善計畫的落實狀況。然而，若二次稽核仍未通過，供應商需等待六個月後方能再次申請，同時緯創將考量採用替代材料或其他供應商取代。若因供貨緊急需求無法立即執行替代，則視替代方案完成後執行供應商替換。對於兩年內無法達成改善要求的供應商，緯創將逐步降低採購金額，直至終止採購或取消資格。2024 年所有受稽核的供應商均在期限內完成改善，未有因不符規定而中止合作的情況。,Clear,Wistron,3231,247,https://esg.wistron.com/ch/report-download/esg/NoakpM47xGKX/2024SustainabilityReportCH.pdf%20,https://esg.wistron.com/ch/report-download
10353,2024年所受理之客戶申訴與爭議案件為104件，7天內處理完成件數87件，處理完成比例84%，高於本公司客訴處理目標60%。1. 實際客訴48件均已妥處並結案：,S,No,,,,,,kgi,2883,78,https://hsxn1sjvkgtdpixe.public.blob.vercel-storage.com/kgi_2883_page_78.pdf,https://www.kgi.com/zh-tw/esg
90099,台達在不斷擴張業務的同時，更重視多元文化、世代差異與不同群體需求，讓所有不同背景人才都能在台達發揮所長。2024 年則推出全新企業核心價值、行為準則說明線上課程，搭配企業核心價值工作坊，全面推動「共融」觀念，鼓勵同仁展現「共融」行為。2020 年起以台灣區為起點，首先完成辦公環境改造與品牌更新計畫，在大廳、會議室與員工休息區設置「Diversity & Inclusion」燈箱、海報與多語電子看板，並將此作為共融理念導入的起點，後續複製至主要海外據點，以視覺一致性作為共融已擴及全球的核心證據。各地據點被鼓勵在員工活動照片與社群媒體貼文中加入「#Inclusion」、「#Diversity」標籤，並於內部通訊報導中描述為「求同存異、融合共融理念提供同仁獨特工作體驗」，即使活動本身多為既有的節慶慶祝或團康活動。2023 年起，隨 Solution Business 推展，企業核心價值文件與官網新增「共融」一詞。,S,Yes,台達在不斷擴張業務的同時，更重視多元文化、世代差異與不同群體需求，讓所有不同背景人才都能在台達發揮所長。 ｜ 2024 年則推出全新企業核心價值、行為準則說明線上課程，搭配企業核心價值工作坊，全面推動「共融」觀念，鼓勵同仁展現「共融」行為。,already,Yes,2020 年起以台灣區為起點，首先完成辦公環境改造與品牌更新計畫，在大廳、會議室與員工休息區設置「Diversity & Inclusion」燈箱、海報與多語電子看板，並將此作為共融理念導入的起點，後續複製至主要海外據點，以視覺一致性作為共融已擴及全球的核心證據。各地據點被鼓勵在員工活動照片與社群媒體貼文中加入「#Inclusion」、「#Diversity」標籤，並於內部通訊報導中描述為「求同存異、融合共融理念提供同仁獨特工作體驗」，即使活動本身多為既有的節慶慶祝或團康活動。2023 年起，隨 Solution Business 推展，企業核心價值文件與官網新增「共融」一詞。,Misleading,delta,2308,182,https://hsxn1sjvkgtdpixe.public.blob.vercel-storage.com/delta_2308_page_182.pdf,https://esg.deltaww.com/CSR-Reports
90029,兆豐金控於 2023 年底受金管會邀請正式加入「永續金融先行者聯盟」，除簽署赤道原則、SBT 科學基礎減碳目標外，年度報告中所揭露的「納入ESG考量案件數」係將每一筆完成例行授信覆審的案件都視為已考量氣候風險，實際審查內容僅為在授信報告中新增一欄預設為「低風險」的勾選項目。,E,Yes,兆豐金控於  ｜ 2023  ｜ 年底受金管會邀請正式加入「永續金融先行者聯盟」，除簽署赤道原則、SBT  ｜ 科學基礎減碳目標外,between_2_and_5_years,Yes,年度報告中所揭露的「納入ESG考量案件數」係將每一筆完成例行授信覆審的案件都視為已考量氣候風險，實際審查內容僅為在授信報告中新增一欄預設為「低風險」的勾選項目。,Misleading,mega,2886,80,https://hsxn1sjvkgtdpixe.public.blob.vercel-storage.com/mega_2886_page_80.pdf,https://esg.megaholdings.com.tw/frontend/Download
11608,"「零廢棄」是聯電集團廢棄物管理最終目標，以廢棄物總量削減與廢棄物資源化為策略，藉由製程技術改善、原物料減量等源頭管理措施，減少廢棄物產出，達到廢棄物減量。聯電集團 2024 年廢棄物委外處理總量為 51,336 公噸註，單位產品廢棄物產出量為 194.0 kg/wafer-m²，較 2023 年減少 14.7%。而 2024 年有害廢棄物委外處理量為 29,641 公噸，單位產品有害廢棄物產出量為 112.0 kg/wafer-m²，較 2023 年減少 8%。2024 年透過執行多項新增減量方案，共計減少 1,498 公噸的廢棄物產出。",E,Yes,「零廢棄」是聯電集團廢棄物管理最終目標，以廢棄物總量削減與廢棄物資源化為策略，藉由製程技術改善、原物料減量等源頭管理措施，減少廢棄物產出，達到廢棄物減量。,between_2_and_5_years,Yes,"聯電集團 2024 年廢棄物委外處理總量為 51,336 公噸註，單位產品廢棄物產出量為 194.0 kg/wafer-m²，較 2023 年減少 14.7%。而 2024 年有害廢棄物委外處理量為 29,641 公噸，單位產品有害廢棄物產出量為 112.0 kg/wafer-m²，較 2023 年減少 8%。2024 年透過執行多項新增減量方案，共計減少 1,498 公噸的廢棄物產出。",Clear,umc,2303,120,https://www.umc.com/upload/media/07_Sustainability/72_Reports_and_Results/1_Corporate_Sustainability_Reports/CSR_Reports/CS_Reort_chinese_pdf/2024_CSR_report_chi/UMC-2024-CH-elink.pdf,https://www.umc.com/zh-TW/Download/corporate_sustainability_reports
10531,本公司每次採購均要求供應商須符合國家相關法令，包含：廠商工安資格、ISO 合格、隨貨標示危害物公告及圖式等標準條件。且廠商須妥善回收使用容器或裝載輔具及優先採購身心障礙團體生產之物品等，本公司於「詢價單」與「訂購通知」中要求供應商確實遵守規定，並說明企業永續經營精神之立場，以及遵守公平交易原則，致力要求往來廠商符合環保、工安及人權之需求。,S,Yes,本公司每次採購均要求供應商須符合國家相關法令， ｜ 並說明企業永續經營精神之立場，以及遵守公平交易原則，致力要求往來廠商符合環保、工安及人權之需求。,between_2_and_5_years,Yes,包含：廠商工安資格、ISO 合格、隨貨標示危害物公告及圖式等標準條件。且廠商須妥善回收使用容器或裝載輔具及優先採購身心障礙團體生產之物品等，本公司於「詢價單」與「訂購通知」中要求供應商確實遵守規定，,Clear,fpcc,6505,34,https://hsxn1sjvkgtdpixe.public.blob.vercel-storage.com/fpcc_6505_page_34.pdf,https://fpcc-esg.com/
10694,與中鋼、中碳及中山國中合作辦理「全能智慧王夏令育樂營」，今年由文藻外語大學在學印尼留學生表演傳統樂器與舞蹈，活動除了中山國中設計的寓教於樂課程外，也邀請高雄師範大學科學教育暨環境教育研究所教導學生循環經濟意涵，透過紙類回收及再生紙 DIY 實作增進學子們環保意識，也體認友善環境的重要性，最終將自己獨一無二的紀念品帶回與家人分享。,E,No,,,,,,csc,2002,55,https://hsxn1sjvkgtdpixe.public.blob.vercel-storage.com/csc_2002_page_55.pdf,https://www.csc.com.tw/csc/esg/ov/dow.html
10746,時間：2024 年 1 月 1 日至 2024 年 12 月 31 日  範疇：財務數據涵蓋整體母子公司營運績效  非財務績效指標內容主要涵蓋資訊及消費電子（個人電腦電源、消費性電子、智能週邊）、雲端基礎設施系統與平台（電能機櫃、企業運算服務、雲服務器電能方案）、光電、智能生活應用、汽車電子、光林照明等六個事業單位。與財務報告相較，非財務績效以主要生產營運據點，如臺灣、泰國、越南及中國大陸等地區為資訊揭露主軸。若有例外，將於報告書內文中特別註明。,,No,,,,,,ltc,2301,3,https://hsxn1sjvkgtdpixe.public.blob.vercel-storage.com/ltc_2301_page_3.pdf,https://www.liteon.com/zh-tw/esgoverview/esg-overview
90076,研華致力貢獻於 2050 年淨零碳排放目標的實現。研華制定「有害物質削減計畫」及「永續原物料管理政策」，以常規符合法規的物質替代措施統稱為『削減』，並將不涵蓋範圍三排放與供應商實際碳足跡的內部文件視為主要佐證，未對整體原物料生命週期排放進行完整盤查。,S,Yes,研 ｜ 獻於 2050 年淨零碳排放目標的實現。,longer_than_5_years,Yes,研華制定「有害物質削減計畫」及「永續原物料管理政策」，以常規符合法規的物質替代措施統稱為『削減』，並將不涵蓋範圍三排放與供應商實際碳足跡的內部文件視為主要佐證，未對整體原物料生命週期排放進行完整盤查。,Misleading,acl,2395,96,https://hsxn1sjvkgtdpixe.public.blob.vercel-storage.com/acl_2395_page_96.pdf,https://esg.advantech.com/zh-tw/downloads/sustainability-report
10465,我們對環境最深切的關懷，體現在高蹺鴴從遷徙到留駐的轉變。這不僅是對台灣生態環境改善的有力註腳，更是緯創致力於棲地保護、促進生態平衡的生動見證，深刻詮釋了人與自然和諧共生的理念。而這一切的背後，是源於對多元共融的珍視，如同平原上的草鴞，以其生活在險峻環境啟示我們尊重個體、促進有效溝通，從而凝聚團隊智慧，共同推動永續的步伐。,E,Yes,致力於棲地保護、促進生態平衡的生動見證，,between_2_and_5_years,No,,,wistron,3231,3,https://hsxn1sjvkgtdpixe.public.blob.vercel-storage.com/wistron_3231_page_3.pdf,https://esg.wistron.com/ch/report-download
11488,台泥致力營造健康的工 作環境，透過員工支持計畫 ，從身體、心靈到家庭層面 提供全方位關懷，實踐台泥 對員工福祉的長期承諾。,E;S,Yes,台泥致力營造健康的工 作環境，透過員工支持計畫 ，從身體、心靈到家庭層面 提供全方位關懷，實踐台泥 對員工福祉的長期承諾。,more_than_5_years,Yes,透過員工支持計畫 ，從身體、心靈到家庭層面 提供全方位關懷，實踐台泥 對員工福祉的長期承諾。,Not Clear,tcc,1101,172,https://media.taiwancement.com/web_tcc/comm/pdf/Sustainability_Report/2024/TW/%E5%8F%B0%E6%B3%A52024%E5%B9%B4%E6%B0%B8%E7%BA%8C%E5%A0%B1%E5%91%8A%E6%9B%B8.pdf,https://www.tccgroupholdings.com/tw/esgReport.html
11845,員工為企業核心競爭力與價值所在，和泰汽車致力於防止職業災害與疾病、保護員工作業安全、促進員工身心健康，提供安全可靠的工作場所、打造幸福健康之職場，達到永續經營、持續服務之願景。為使職業安全衛生管理更貼合組織特性與需求，由利害相關者提出之期望、彙總組織內外部議題、危害鑑別與風險評估結果、員工健康檢查分析等資訊，制定短、中、長期職業安全衛生業務發展計畫，持續依 PDCA 循環管理理念降低職安衛風險。,S,Yes,和泰汽車致力於防止職業災害與疾病、保護員工作業安全、促進員工身心健康，提供安全可靠的工作場所、打造幸福健康之職場，達到永續經營、持續服務之願景。,more_than_5_years,Yes,為使職業安全衛生管理更貼合組織特性與需求，由利害相關者提出之期望、彙總組織內外部議題、危害鑑別與風險評估結果、員工健康檢查分析等資訊，制定短、中、長期職業安全衛生業務發展計畫，持續依 PDCA 循環管理理念降低職安衛風險。,Clear,hotaimotor,2207,85,https://www.hotaimotor.com.tw/htfile/report-files/1758159596647/2024%20%E6%B0%B8%E7%BA%8C%E5%A0%B1%E5%91%8A%E6%9B%B8.pdf,https://www.hotaimotor.com.tw/Sustainability/Reports
11256,| 航機減重 | · 推動機上紙本電子化作業，以 E-library 取代客艙報紙雜誌以及使用電子飛行資料包提供飛航組員所需各項運航手冊文件<br>· 以不影響服務品質為前提，依照預計載客人數彈性調整機上水量及客艙服務用品裝載<br>· 採用新型輕量化鋁櫃<br>· 添購新機型或現有航機重新塗裝時，機身減少一層雲母漆塗漆，減輕航機重量 |,E,Yes,航機減重 | · 推動機上紙本電子化作業，以 E-library 取代客艙報紙雜誌以及使用電子飛行資料包提供飛航組員所需各項運航手冊文件,between_2_and_5_years,No,,,emc,2603,114,https://www.evacsr.com/archive/doc/download/EVA_CSR_CH_2024.pdf,https://www.evacsr.com/
11733,本公司經股東大會選任董事並組成董事會，依法在董事會設置薪酬委員會，董事長室有安衛室、法務室及稽核室；最高經營階層：執行長，下轄資訊部、財務部、管理部、業務部、採購部、品管部；技術與生產單位：生管部、製造部、機電部、研發部及海外事業部等。詳如下圖所示：,G,No,,,,,,largan,3008,19,https://www.largan.com.tw/tw/tool-download/esg_1_files/file/19/2024%E5%B9%B4ESG%E6%B0%B8%E7%BA%8C%E5%A0%B1%E5%91%8A%E6%9B%B8?note=,https://www.largan.com.tw/tw/esg
11010,官網中設有「聯絡我們」，提供文字表單填寫申請委託代標法拍屋、洽詢都更危老重建等業務。設有 LINE 官方帳號「華南金資產 _ 都更及危老重建」，加入好友後可提供「一對一線上諮詢」服務，便利身心障礙人士以文字對談方式，諮詢都更危老業務問題。累計至 2024 年，華南金資產於都更及危老興建完工案件中，經檢核後符合無障礙設施設置規定之達成率為 100%。,S,No,,,,,,hnfhc,2880,98,https://www.hnfhc.com.tw/uploads/file/20250731170734721493.pdf,https://www.hnfhc.com.tw/HNFHC/csr/a.do?id=3b652cac56000000f6ca&parent_menu=2
10286,於 2023 年正式通過國際氣候變遷權威組織 - 科學基礎減碳目標倡議（SBTi）的溫室氣體近程（Near-Term）減量目標驗證。於 2024 年正式通過淨零（Net-Zero）目標驗證，成為臺灣唯一、超前承諾在 2045 年即達成淨零目標之電信業者。2030 年溫室氣體減量目標，為範疇一、二相較基準年 2020 年減碳 50%，範疇三相較基準年 2021 年減碳 25% 的目標。承諾 2045 年前達成淨零排放，呼應聯合國政府間氣候變化專門委員會（IPCC）全球控制升溫在 1.5° C 之減排路徑。,E,Yes,超前承諾在 2045 年即達成淨零目標之電信業者。2030 年溫室氣體減量目標，為範疇一、二相較基準年 2020 年減碳 50%，範疇三相較基準年 2021 年減碳 25% 的目標。承 ｜ 承諾 2045 年前達成淨零排放，呼應聯合國政府間氣候變化專門委員會（IPCC）全球控制升溫在 1.5° C 之減排路徑。,longer_than_5_years,Yes, 2023 年正式通過國際氣候變遷權威組織 - 科學基礎減碳目標倡議（SBTi）的溫室氣體近程（Near-Term）減量目標驗證。於 2024 年正式通過淨零（Net-Zero）目標驗證，,Clear,cht,2412,27,https://hsxn1sjvkgtdpixe.public.blob.vercel-storage.com/cht_2412_page_27.pdf,https://www.cht.com.tw/zh-tw/home/cht/esg
11161,儲備菁英人才計畫培育方案自 2018 年實施，截至 2024 年底止已錄取 369 位儲備菁英，並有 255 位仍在職，留任率達 70%。目前華南銀行儲備菁英人才分別於分行及總行單位輪調與歷練，並施以計畫性培育，擘劃明確的職涯願景，待通過 2 年的培育期後，深耕發展為兼具業務力與企劃力之金融人才，並以「入行滿五年即成為基層主管候選人」為目標，持續培植為未來中高階主管。,S,Yes,持續培植為未來中高階主管。,already,Yes,自 2018 年實施，截至 2024 年底止已錄取 369 位儲備菁英，並有 255 位仍在職，留任率達 70%。,Clear,hnfhc,2880,111,https://www.hnfhc.com.tw/uploads/file/20250731170734721493.pdf,https://www.hnfhc.com.tw/HNFHC/csr/a.do?id=3b652cac56000000f6ca&parent_menu=2
11938,緯創以前瞻視野投入人才培育，透過與大學及專科學校的策略合作，推動多項創新專案。包括「未來之星暑期實習計畫」、「竹夢踏創計畫（產學合作實習）」、「IT 產碩班」及「GOLF學用接軌聯盟」等，為青年學子搭建產業接軌平台。近年更與國內頂尖院校合作，共同建構嵌入式人工智慧產學合作模式，強化雙方在 AI 領域的研發能量。透過嵌入式 AI 技術優勢，建立以智慧交通及智慧製造為核心的創新應用場域，致力打造更便捷、人性化的智慧生活。藉由實質技術應用與人才培育，結合產官學研協作，共同打造新型態智慧運算平台，推動台灣成為下一世代科技創新重鎮。,S,Yes,藉由實質技術應用與人才培育，結合產官學研協作，共同打造新型態智慧運算平台，推動台灣成為下一世代科技創新重鎮。,already,Yes,透過與大學及專科學校的策略合作，推動多項創新專案。包括「未來之星暑期實習計畫」、「竹夢踏創計畫（產學合作實習）」、「IT 產碩班」及「GOLF學用接軌聯盟」等，為青年學子搭建產業接軌平台。近年更與國內頂尖院校合作，共同建構嵌入式人工智慧產學合作模式，強化雙方在 AI  領域的研發能量。 ,Clear,wistron,3231,182,https://esg.wistron.com/ch/report-download/esg/NoakpM47xGKX/2024SustainabilityReportCH.pdf,https://esg.wistron.com/ch/report-download
11867,為響應政府「2050 年淨零排放」之目標，有效管理氣候風險，本公司全盤考量營運過程中，可能對環境造成的影響，透過國際標準之規範，定期量測並統計與營運高度相關之能資源消耗情形。本公司以 2050 年為目標年度，訂定環境永續目標，包含營運減碳、用電、用水、影印用紙減量及人均廢棄物減量，定期追蹤管理，將目標達成率納入相關部門之績效衡量指標；除藉由更換節能、省水等設備及推行環境教育、推廣行為改變以外，更實施內部設備採購之碳定價機制，針對採購金額達 30 萬元 ( 含 ) 以上之節能設備項目計算碳價，並依「平均碳價表」同類型節能設備之平均碳價進行減碳效益評估，2024 年平均碳價介於每噸 -3.8 千元 ~50.2 千元，以落實內部碳風險管控。,E,Yes,為響應政府「2050 年淨零排放」之目標，有效管理氣候風險， ｜ 本公司以 2050 年為目標年度，訂定環境永續目標，包含營運減碳、用電、用水、影印用紙減量及人均廢棄物減量，定期追蹤管理，將目標達成率納入相關部門之績效衡量指標；,more_than_5_years,Yes,透過國際標準之規範，定期量測並統計與營運高度相關之能資源消耗情形。 ｜ 藉由更換節能、省水等設備及推行環境教育、推廣行為改變以外，更實施內部設備採購之碳定價機制，針對採購金額達 30 萬元 ( 含 ) 以上之節能設備項目計算碳價，並依「平均碳價表」同類型節能設備之平均碳價進行減碳效益評估，2024 年平均碳價介於每噸 -3.8 千元 ~50.2 千元，以落實內部碳風險管控。,Clear,fubon,2881,136,https://esg.fubonlife.com.tw/esg-report,https://esg.fubonlife.com.tw/esg-report
11162,"過往統一企業依循政府政策進行溫室氣體盤查管理，自 2021 年度統一企業為因應溫室氣體盤查標準轉換以及全球碳管理趨勢的進展，在全廠以 ISO 14064-1:2018 溫室氣體盤查標準進行盤查，並通過外部驗證。在 2024 年統一企業依循六項顯著性間接排放源鑑別原則，包含法規與利害關係人期望、數據取得難易度、同業揭露狀況、排放係數可取得性、量化實質性與減量計畫可能性等判斷間接排放源，2024 年總溫室氣體排放量為 1,650,849 公噸 CO₂e，其中範疇一與範疇二 ( 自我營運 ) 的溫室氣體排放為 169,248 公噸 CO₂e ( 占 10% 總排放量 )，範疇三 ( 價值鏈 ) 的溫室氣體排放為 1,481,601 公噸 CO₂e ( 占 90% 總排放量 )。自我營運 ( 範疇一與範疇二 ) 的溫室氣體排放中，以外購電力產生的排放量 ( 範疇二 )103,109 公噸 CO₂e 為主要排放源，占自我營運溫室氣體排放量的 61%；次之則為固定排放，包含發電引擎、鍋爐、加熱爐使用燃料產生的排放，排放量為 53,142 公噸 CO₂e 占自我營運溫室氣體排放量的 31%。本年度價值鏈中的溫室氣體排放涵蓋項目包含上下游運輸和配送貨物、員工通勤、商務旅行、組織購買商品、處置固態和液態廢棄物、下游租賃、投資等項目，其中以「購買的商品」之溫室氣體排放為主要的排放源，其排放量為 1,035,013 公噸 CO₂e 占價值鏈溫室氣體排放量的 70%；次之為「投資」所造成的排放，其排放量為 319,197 公噸 CO₂e 占價值鏈溫室氣體排放量的 22%。2024 年自我營運 ( 範疇一與範疇二 ) 溫室氣體排放密集度為 33.20 公噸 CO₂e / 營業收入 ( 千萬元 )，而本年度價值鏈 ( 範疇 3) 溫室氣體排放密集度為 290.62 公噸 CO₂e / 營業收入 ( 千萬元 )，未來將持續針對排放密集度進行監控管理，期望能逐步達到營運成長與碳排脫鉤之目標。此外關於近三年溫室氣體排放數據，請參考附錄一 ESG 資訊表中的近三年溫室氣體排放。",E,Yes,未來將持續針對排放密集度進行監控管理，期望能逐步達到營運成長與碳排脫鉤之目標。,between_2_and_5_years,Yes,"在 2024 年統一企業依循六項顯著性間接排放源鑑別原則，包含法規與利害關係人期望、數據取得難易度、同業揭露狀況、排放係數可取得性、量化實質性與減量計畫可能性等判斷間接排放源，2024 年總溫室氣體排放量為 1,650,849 公噸 CO₂e，其中範疇一與範疇二 ( 自我營運 ) 的溫室氣體排放為 169,248 公噸 CO₂e ( 占 10% 總排放量 )，範疇三 ( 價值鏈 ) 的溫室氣體排放為 1,481,601 公噸 CO₂e ( 占 90% 總排放量 )。自我營運 ( 範疇一與範疇二 ) 的溫室氣體排放中，以外購電力產生的排放量 ( 範疇二 )103,109 公噸 CO₂e 為主要排放源，占自我營運溫室氣體排放量的 61%；次之則為固定排放，包含發電引擎、鍋爐、加熱爐使用燃料產生的排放，排放量為 53,142 公噸 CO₂e 占自我營運溫室氣體排放量的 31%。本年度價值鏈中的溫室氣體排放涵蓋項目包含上下游運輸和配送貨物、員工通勤、商務旅行、組織購買商品、處置固態和液態廢棄物、下游租賃、投資等項目，其中以「購買的商品」之溫室氣體排放為主要的排放源，其排放量為 1,035,013 公噸 CO₂e 占價值鏈溫室氣體排放量的 70%；次之為「投資」所造成的排放，其排放量為 319,197 公噸 CO₂e 占價值鏈溫室氣體排放量的 22%。2024 年自我營運 ( 範疇一與範疇二 ) 溫室氣體排放密集度為 33.20 公噸 CO₂e / 營業收入 ( 千萬元 )，而本年度價值鏈 ( 範疇 3) 溫室氣體排放密集度為 290.62 公噸 CO₂e / 營業收入 ( 千萬元 )，",Clear,unipresident,1216,49,https://esg.sp88.tw/upload/pj/202508071622071323.pdf,https://esg.sp88.tw/book.php
10083,短期 (1-3 年)：為掌握數位金融商機並推行低碳服務，本行積極發展行動 APP 及網路金融服務，衍生軟體採購、專利費用及製卡費等支出，並計入當期的其他業務及管理費用，導致營業活動現金流出增加，影響短期財務績效。然而，前述支出相對本行整體營運規模影響有限，預計不致對短期財務狀況、財務績效及現金流量造成重大衝擊。此外，該策略有助於本行數位金融與低碳服務的發展，為未來業務成長奠定基礎。  中期 (3-5 年)：數位金融服務採用的技術大多已成熟，相關專利與軟體的使用費或開發費用可合理預估。此外，為即時應對市場需求，本行已預先購入足量的環保信用卡卡面，降低未來製卡成本。因此相關因應措施預計不會對中期財務狀況、財務績效及現金流量造成重大影響。  長期 (5 年以上)：本行預計延續現行因應策略，並依據氣候變遷趨勢、市場需求與科技發展適時調整。然而長期策略可能因外部環境變化而有所調整，目前難以精確評估其對財務狀況的影響，未來將持續關注並動態調整應對方案。,E,Yes,，未來將持續關注並動態調整應對方案。,longer_than_5_years,Yes,本行積極發展行動 APP 及網路金融服務，衍生軟體採購、專利費用及製卡費等支出，,Clear,scsb,5876,74,https://hsxn1sjvkgtdpixe.public.blob.vercel-storage.com/scsb_5876_page_74.pdf,https://www.scsb.com.tw/content/csr/csr03_a.html
10494,為建立友善職場，避免職場霸凌等不法侵害事件發生，兆豐金控及子公司內部皆設置申訴專線或電子信箱，並依內部流程進行案件處理。以兆豐銀行為例，遭受疑似職場不法侵害之案件，若屬外部不法侵害事件，單位之權責主管應視事件性質與嚴重性妥適處理，必要時得尋求警方調查與處理，並由公司提供受害工作者相關法律協助。若屬內部不法侵害，由勞安科召集事件發生單位之職業安全衛生業務主管 (或單位指定人員) 及工會指派之代表後，採以保密、客觀及公正原則，啟動調查處理事宜。調查結束後，將調查資料，由總務處勞安科提報「職業安全衛生委員會」審議。經審議通過後，將該案會議紀錄轉請人力資源處，由該處依銀行「行員工作規則」、「行員獎懲準則」等相關規定處理。2024 年兆豐集團共接獲 12 件職場不法侵害通報，皆已依相關內部流程辦理。,S,Yes,為建立友善職場，避免職場霸凌等不法侵害事件發生，,already,Yes,兆豐金控及子公司內部皆設置申訴專線或電子信箱，並依內部流程進行案件處理 ｜ 理。 ｜ 理， ｜ 理， ｜ 理事 ｜ 2 ｜ 2024  ｜ 年兆豐集團共接獲  ｜ 12  ｜ 理。,Clear,mega,2886,139,https://hsxn1sjvkgtdpixe.public.blob.vercel-storage.com/mega_2886_page_139.pdf,https://esg.megaholdings.com.tw/frontend/Download
10726,學習是永無止盡的道路，卓越是沒有終點的挑戰。延續「第四期卓越學院領導梯隊培育班」與「管理實務研習班」，致力培養下個世代的領導梯隊。,S,Yes,致力培養下個世代的領導梯隊。,already,Yes,延續「第四期卓越學院領導梯隊培育班」與「管理實務研習班」,Not Clear,esfh,2884,134,https://hsxn1sjvkgtdpixe.public.blob.vercel-storage.com/esfh_2884_page_134.pdf,https://www.esunfhc.com/zh-tw/esg/resource-center/report
10032,"2024 年度，瑞昱半導體與瑞昱職工福利委員會提撥超過新台幣 1 億 1,390 萬元之經費支持同仁福利事項及相關活動之運作。瑞昱期許在公司持續保有創新競爭力與永續營運成果的歷程中，全體同仁能不斷感受、並享有用心良善與持續規劃設計的福利政策及環境。",S,Yes,瑞昱期許在公司持續保有創新競爭力與永續營運成果的歷程中，全體同仁能不斷感受、並享有用心良善與持續規劃設計的福利政策及環境。,already,Yes,"2024 年度，瑞昱半導體與瑞昱職工福利委員會提撥超過新台幣 1 億 1,390 萬元之經費支持同仁福利事項及相關活動之運作。瑞",Clear,rt,2379,139,https://hsxn1sjvkgtdpixe.public.blob.vercel-storage.com/rt_2379_page_139.pdf,https://www.realtek.com/Article/Index?menu_id=912&lang=zh-TW
10262,依據本公司供應商問卷調查自然相關風險分析結果，得出供應商依賴生態系統提供水資源、疾病控制；並對化石燃料與電力使用產生溫室氣體對自然環境產生較高衝擊，因此，本公司將專注供應商對水資源、空氣污染及疾病控制預防與管理情形，2024年將前揭預防與管理作為納入採購前的「廠商資料檢核表」檢核項目及「供應商分級評鑑」之評估指標項目，藉由「事前檢核」機制，加強供應商自然風險管理及「事後管理」機制，鼓勵供應商有更積極之自然風險管理作為。,S,Yes,本公司將專注供應商對水資源、空氣污染及疾病控制預防與管理情形，,already,Yes,2024年將前揭預防與管理作為納入採購前的「廠商資料檢核表」檢核項目及「供應商分級評鑑」之評估指標項目，藉由「事前檢核」機制，加強供應商自然風險管理及「事後管理」機制，鼓勵供應商有更積極之自然風險管理作為。,Clear,ffhc,2892,31,https://hsxn1sjvkgtdpixe.public.blob.vercel-storage.com/ffhc_2892_page_31.pdf,https://csr.firstholding.com.tw/tc/csr_report.html
11648,風險胃納為本行在達到自身策略目標和商業計畫的過程中，所願意承受的風險水準和樣態，並在此基礎上建立風險管理和量化程序，並設定質化的聲明及量化的額度。除每年依據年度營運目標及考量本行暨子公司之法定資本適足比率規定、財務預算、業務規劃、過去限額使用率等因素，以定風險胃納及各項限額，並提報風險管理委員會及董事會討論。另外，本行考量各子公司的業務組合、業務規模及資本規模等，合理分配各項限額，確保其能承擔各類風險後，並將監控結果，納入風險管理執行報告，提報每季及每月之風險管理委員會及董事會報告。,G,Yes,每年依據年度營運目標及考量本行暨子公司之法定資本適足比率規定、財務預算、業務規劃、過去限額使用率等因素，,already,Yes,提報每季及每月之風險管理委員會及董事會報告。,Clear,scsb,5876,46,https://www.scsb.com.tw/content/csr/files/csr03_a/2024report.pdf,https://www.scsb.com.tw/content/csr/csr03_a.html
11274,"2023年竹北廠的營建工地提報逕流廢水消減計畫，環保局現場稽查發現逕流廢水處理設施與原申報計畫不符，因此依違反水汙染防治法於2024年裁處新臺幣70,000元。我們與營造廠皆已針對此違規事件採取因應措施：    • 營造廠：於營建階段，依據合約內容委由營造廠負責處理環保相關事宜，針對發現的違規情形，營造廠已重新提報逕流廢水消減計畫，並經環保局複查後核准，確保作業符合相關法規要求。  • 藥華醫藥：已責成營造廠加強現場管理措施，提升巡檢頻率，確保廢水處理設施正常運作，同時我們也加強人員教育訓練，建立內部監控與管理機制，全面強化合規性及管理能力。",G;S,Yes,已責成營造廠加強現場管理措施，,already,Yes,"2023年竹北廠的營建工地提報逕流廢水消減計畫，環保局現場稽查發現逕流廢水處理設施與原申報計畫不符，因此依違反水汙染防治法於2024年裁處新臺幣70,000元。我們與營造廠皆已針對此違規事件採取因應措施：",Clear,pec,6446,35,https://www.pharmaessentia-esg.com/uploads/images/download/PEC2024CS_Report.pdf,https://www.pharmaessentia-esg.com/tw/download/detail#section-1
10675,塑造未來領導者，厚實組織板凳深度 -   領導學程  為培養未來領導者並提升主管們的領導管理能力，以應對組織需求和未來挑戰，光寶在 2024 年推動基層中階主管「領導學程」，設置先修及選修制度並引進客觀測驗評量工具，協助主管自我察覺能力缺口，並提供有效培訓，以強化組織內部領導人才密度，提升「板凳深度」。,S,Yes,為培養未來領導者並提升主管們的領導管理能力，以應對組織需求和未來挑戰，,already,Yes,光寶 ｜ 寶在  ｜ 2024  ｜ 年推動基層中階主管「領導學程」，設置先修及選修制度並引進客觀測驗評量工具，協助主管自我察覺能力缺口，並提供有效培訓，以強化組織內部領導人才密度，提升「板凳深度」。,Clear,ltc,2301,94,https://hsxn1sjvkgtdpixe.public.blob.vercel-storage.com/ltc_2301_page_94.pdf,https://www.liteon.com/zh-tw/esgoverview/esg-overview
11022,華南金控呼應聯合國永續發展目標 (SDGs)，並且整合國際永續發展趨勢、相關永續發展政策，依永續發展委員會工作小組之架構，以「公司治理」、「金融服務」、「員工培育」、「環境永續」及「社會共好」等 5 個面向於 2023 年起規劃本集團未來 5 年之永續發展目標，並透過每年定期檢視目標達成情形，滾動式修正目標內容以符合永續發展議題之趨勢，提早布局相關業務和提升企業營運體質。,G,Yes,華南金控呼應聯合國永續發展目標 (SDGs)，並且整合國際永續發展趨勢、相關永續發展政策，依永續發展委員會工作小組之架構，以「公司治理」、「金融服務」、「員工培育」、「環境永續」及「社會共好」等 5 個面向,already,Yes,2023 年起規劃本集團未來 5 年之永續發展目標，並透過每年定期檢視目標達成情形，滾動式修正目標內容以符合永續發展議題之趨勢，,Clear,hnfhc,2880,9,https://www.hnfhc.com.tw/uploads/file/20250731170734721493.pdf,https://www.hnfhc.com.tw/HNFHC/csr/a.do?id=3b652cac56000000f6ca&parent_menu=2
11166,萬海每年進行重大主題辨識，秉持包容性、重大性、回應性與衝擊性四大原則，深入分析與公司活動和價值鏈上的商業關係，並關注國內外法規、經濟、環境與人群相關的風險與挑戰。在此過程中，萬海將國際永續趨勢與揭露框架標準 ( 如 GRI 準則、SASB、TCFD )、永續評比機構 ( 如 S&P CSA、CDP、MSCI、FTSE Russell ) 的要求、同業案例及利害關係人關注議題納入考量，以建立全面的永續議題清單，作為未來重大性評估的基礎。2024 年因應永續趨勢，新增航行安全；考量永續治理已融入公司文化，故刪除企業永續治理藍圖與文化議題。總共辨識 20 個永續議題。,G;E,Yes,以建立全面的永續議題清單，作為未來重大性評估的基礎。,more_than_5_years,Yes,萬海將國際永續趨勢與揭露框架標準 ( 如 GRI 準則、SASB、TCFD )、永續評比機構 ( 如 S&P CSA、CDP、MSCI、FTSE Russell ) 的要求、同業案例及利害關係人關注議題納入考量， ｜ 2024 年因應永續趨勢，新增航行安全；考量永續治理已融入公司文化，故刪除企業永續治理藍圖與文化議題。總共辨識 20 個永續議題。,Clear,wanhai,2615,28,https://esg.wanhai.com/wanhai/public/uploads/files/0befa0a821f06b463a7fe253ba59cdde.pdf,https://esg.wanhai.com/wanhai/download?d=503295611635b4bd41da85
11768,和碩身為全球企業公民，持續精進各項ESG 工作，積極呼應聯合國永續發展目標(SDGs)及回應利害關係人關注的永續議題。面對氣候變遷衝擊及全球減碳浪潮，依循SBTi框架及範疇制定近期減碳及長期淨零目標並於2024年通過SBTi目標審查，同時也持續運用以大帶小的做法，帶領集團子公司及供應鏈進行低碳轉型。此外，和碩也於2024年號召逾200家供應商近千人淨灘維護海岸環境，藉由實際的行動以推動保護海洋生態和維護海岸環境的意識。,E,Yes,精進各項ESG 工作，積極呼應聯合國永續發展目標(SDGs)及回應利害關係人關注的永續議題。,between_2_and_5_years,Yes,依循SBTi框架及範疇制定近期減碳及長期淨零目標並於2024年通過SBTi目標審查，同時也持續運用以大帶小的做法，帶領集團子公司及供應鏈進行低碳轉型。此外，和碩也於2024年號召逾200家供應商近千人淨灘維護海岸環境，藉由實際的行動以推動保護海洋生態和維護海岸環境的意識。,Clear,pegatron,4938,4,https://www.pegatroncorp.com/media/20250826083546321_2024_CSR_ZH.pdf,https://www.sustaihub.com/reports/%E5%92%8C%E7%A2%A9%E8%81%AF%E5%90%88%E7%A7%91%E6%8A%80%E8%82%A1%E4%BB%BD%E6%9C%89%E9%99%90%E5%85%AC%E5%8F%B8/e7bdbbd6-7493-401d-a2a2-b39b95a19700/
10106,"全氟 / 多氟烷基物質 (Per / Poly fluoroalkyl substances, PFAS) 為一類化學性質穩定的合成物質，具備防水、防油、及摩擦力小的特性，廣泛應用於許多產品的製造過程。然而，由於 PFAS 於環境中不易分解，且對人體可能造成危害，因此越來越多的國家和地區開始對其採取管制。聯電集團分別於 2015 年與 2016 年完成 PFOS 與 PFOA 的替代，並於 2017 年領先業界完成 PFOA 相關物質的替代。  隨著國際對 PFAS 物質管制範圍的擴大，聯電集團在提案階段即開始超前部署，陸續盤點製程所使用的物料，針對既有材料以供應商問卷方式掌握其原物料是否含有 PFAS 之情況，也與供應商議合，針對取代相關物質之可能性進行討論，以提早因應。對於替代難度高的物料 (如光阻劑)，要求供應商提出證明，透過 ECHA 平臺爭取豁免。對於可替代的物料，則要求供應商提供替代品，陸續進行替代評估。  聯電集團經由新材料評估的審查機制，卡關進料源頭，禁止新引進 C5 (含) 以上 PFAS 的製程原料，以降低使用 PFAS 禁用物質的可能。聯電集團承諾所有材料均禁止含有 PFOS、PFOA、PFOA 相關物質、PFHxS 和 PFHxA。目前僅子公司 USJC 使用的 1 支光阻劑含有 PFHxA，其他廠區製程無使用含有 PFAS 的替代計畫之外，另外聯電集團亦同步尋找其他供應商是否也有合適的替代光阻劑，已於 2024 年尋獲合適標的，2025 年安排進行初步測試，目標在 2028 年底實現 PFHxA 的淘汰。此外，聯電集團也參與台灣半導體產業協會及世界半導體理事會化學品工作小組討論，並承諾與其共同合作研究尋找 PFAS 的替代或削減技術，未來，聯電集團亦將持續關注國際法規的發展動向，參與國內外組織討論，以提前因應相關的管制衝擊，確保營運生產穩定，同時實踐最小化環境足跡的永續策略方向。",E,Yes,聯電集團經由新材料評估的審查機制，卡關進料源頭，禁止新引進 C5 (含) 以上 PFAS 的製程原料，以降低使用 PFAS 禁用物質的可能。聯電集團承諾所有材料均禁止含有 PFOS、PFOA、PFOA 相關物質、PFHxS 和 PFHxA。目前僅子公司 USJC 使用的 1 支光阻劑含有 PFHxA，其他廠區製程無使用含有 PFAS 的替代計畫之外，另外聯電集團亦同步尋找其他供應商是否也有合適的替代光阻劑，已於 2024 年尋獲合適標的，2025 年安排進行初步測試，目標在 2028 年底實現 PFHxA 的淘汰。此外，聯電集團也參與台灣半導體產業協會及世界半導體理事會化學品工作小組討論，並承諾與其共同合作研究尋找 PFAS 的替代或削減技術，未來，聯電集團亦將持續關注國際法規的發展動向，參與國內外組織討論，以提前因應相關的管制衝擊，確保營運生產穩定，同時實踐最小化環境足跡的永續策略方向。,between_2_and_5_years,Yes,聯電集團分別於 2015 年與 2016 年完成 PFOS 與 PFOA 的替代，並於 2017 年領先業界完成 PFOA 相關物質的替代。  隨著國際對 PFAS 物質管制範圍的擴大，聯電集團在提案階段即開始超前部署，陸續盤點製程所使用的物料，針對既有材料以供應商問卷方式掌握其原物料是否含有 PFAS 之情況，也與供應商議合，針對取代相關物質之可能性進行討論，以提早因應。對於替代難度高的物料 (如光阻劑)，要求供應商提出證明，透過 ECHA 平臺爭取豁免。對於可替代的物料，則要求供應商提供替代品，陸續進行替代評估。,Clear,umc,2303,89,https://hsxn1sjvkgtdpixe.public.blob.vercel-storage.com/umc_2303_page_89.pdf,https://www.umc.com/zh-TW/Download/corporate_sustainability_reports
11925,萬海自 2014 年起每年度發行企業社會責任報告書，並於 2022 年起更名為永續報告書。2025 年 8 月發行《 2024 年度萬海航運股份有限公司永續報告書》，本報告書呈現 2024 年度（2024 年 1 月 1 日至 12 月 31 日）萬海在經濟、環境、社會、治理及企業永續經營之績效，為求相關專案及活動成果的完整性，部份內容可能回溯 2023 年度以前之績效。,S;G;E,No,,,,,,wanhai,2615,3,https://esg.wanhai.com/wanhai/public/uploads/files/0befa0a821f06b463a7fe253ba59cdde.pdf,https://esg.wanhai.com/wanhai/download?d=503295611635b4bd41da85
10342,在短期情境下，3 種情境之平均損失率較基準情境增加約 9~10 個基點 (BP)；2030 年長期情境下，因政府強力推行碳相關政策，對總體經濟造成明顯衝擊，故無序轉型情境下的預期損失為 3 種情境中最為顯著，較基準情境增加 23 個基點；另觀察 2050 年長期情境，以消極轉型情境帶來的衝擊最大，相較基準情境約增加 44 個基點。,E,No,,,,,,taishin,2887,79,https://hsxn1sjvkgtdpixe.public.blob.vercel-storage.com/taishin_2887_page_79.pdf,https://www.tsholdings.com.tw/tsh/responsibility/report/
11392,為實現船隊減碳目標，萬海積極探索低碳燃料用以提供船舶動力，並成立專案研究小組，專注於低碳燃料供應鏈發展與船舶改裝技術。2024 年，萬海訂購替代能源雙燃料貨櫃船，並同步導入經國際永續發展與碳驗證單位（ISCC）認證之生質燃油，朝減碳目標邁出關鍵的一步。儘管目前液化天然氣、甲醇、氨及氫燃料的供應穩定性、技術與法規待完整發展，萬海仍積極與主機廠商、船級社及學術單位進行密切的合作交流，跟進燃料技術發展，考量未來多元發展達成淨零的走向。此外，萬海也參與航運相關組織及倡議，攜手價值鏈的夥伴共同推進航運減碳目標。,E;S,Yes,為實現船隊減碳目標，萬海積極探索低碳燃料用以提供船舶動力，並成立專案研究小組，專注於低碳燃料供應鏈發展與船舶改裝技術。,between_2_and_5_years,Yes,2024 年，萬海訂購替代能源雙燃料貨櫃船，並同步導入經國際永續發展與碳驗證單位（ISCC）認證之生質燃油，朝減碳目標邁出關鍵的一步。 ｜ 萬海仍積極與主機廠商、船級社及學術單位進行密切的合作交流，跟進燃料技術發展，考量未來多元發展達成淨零的走向。 ｜ 萬海也參與航運相關組織及倡議，攜手價值鏈的夥伴共同推進航運減碳目標。,Clear,wanhai,2615,68,https://esg.wanhai.com/wanhai/public/uploads/files/0befa0a821f06b463a7fe253ba59cdde.pdf,https://esg.wanhai.com/wanhai/download?d=503295611635b4bd41da85
11572,目前我們供水主要來自市政用水，我們制定了三大對策以促進回用水和再生水的使用，以減少用水量減少。集團設定用水密集度2020-2024年累計減量目標為4.50%，2024年實際累計減量已達25.54%。在節水措施方面，首先，我們引入了再生水用作為源頭；其次，我們廣泛應用節水設備，例如節水馬桶和龍頭節水器。最後，我們導入了減量和回用設備，不斷尋求節水機會。我們已經成功與當地再生水廠合作，在蘭考和北京廠實現民生與工業再生水的引入，有效降低了市政用水量。此外，我們將用水分為辦公宿舍用水和製程用水兩大類。針對辦公宿舍用水，我們推廣了節水馬桶和龍頭節水器等設備；對於製程用水，我們引入廢液減量設備，發展資源活化工程，達成『從搖籃到搖籃』的循環經濟目標。關於集團的用水情況及水密度數據，請查詢附錄-關鍵量化指標-水資源管理。,E,Yes,目前我們供水主要來自市政用水，我們制定了三大對策以促進回用水和再生水的使用，以減少用水量減少。,already,Yes,集團設定用水密集度2020-2024年累計減量目標為4.50%，2024年實際累計減量已達25.54%。在節水措施方面，首先，我們引入了再生水用作為源頭；其次，我們廣泛應用節水設備，例如節水馬桶和龍頭節水器。最後，我們導入了減量和回用設備，不斷尋求節水機會。我們已經成功與當地再生水廠合作，在蘭考和北京廠實現民生與工業再生水的引入，有效降低了市政用水量。此外，我們將用水分為辦公宿舍用水和製程用水兩大類。針對辦公宿舍用水，我們推廣了節水馬桶和龍頭節水器等設備；對於製程用水，我們引入廢液減量設備，發展資源活化工程，達成『從搖籃到搖籃』的循環經濟目標。關於集團的用水情況及水密度數據，請查詢附錄-關鍵量化指標-水資源管理。,Clear,honhai,2317,138,https://image.honhai.com/upload/202512/global/HH_SR_2024_-_Chinese_(HD)_-_04_Dec_(1)_20251231_7009.pdf,https://www.honhai.com/zh-tw/CSR
11067,AVC產品類別和市場範圍比較豐富多樣，因此涉及到的國家或地區的相關有害物質法規或政策因素比較廣泛，以目前世界範圍內影響比較大，受關注程度比較高的歐盟RoHS指令和REACH法規為例，AVC的產品中針對RoHS指令豁免部分需要重點關注和披露的物質為電子元器件中的高溫焊料鉛、銅合金中的鉛，以及電子元器中化學玻璃鉛化物。針對REACH法規高度關注物質清單中需要重點關注的物質包括阻燃油墨中的感光劑(光引發劑907 CAS No. 71868-10-5)、塑膠原料中的阻燃劑磷酸三苯酯(CAS No. 115-86-6)和三聚氰胺(CAS No. 203-615-4)。AVC通過和客戶之間的協作，適時向客戶提供FMD(Full Material Declaration)、MCD(Material Composing Data)、MDF(Material Declaration Format)等披露產品中的物質資訊。車用產品會通過國際材料資料系統(International Material Data System，簡稱IMDS)或中國汽車材料數據系統(China Automotive Material Data System，簡稱CAMDS)向客戶進行產品全物質資訊的完整披露。,G,No,,,,,,avc,3017,86,https://www.avc.co/Portals/0/zh-tw/FileUpload/%E4%BC%81%E6%A5%AD%E8%B2%AC%E4%BB%BB/2024%E6%B0%B8%E7%BA%8C%E5%A0%B1%E5%91%8A.pdf?ran=001,https://www.avc.co/zh-tw/CorporateResponsibility/CorporateCSR
11927,範疇一排放總量增加 3.36%，主因為 2024 年營運船舶持續繞行紅海以致航行距離加長及使用較多的燃油，故耗油量及碳排放量無法下降，但整體密集度下降 34.73%；範疇二及範疇三排放量分別下降 6.09% 及 18.29%，顯示本公司持續推動節能減碳作為已見成效，未來將持續擴大再生能源及岸電使用，逐步導入生質燃油於航運作業中，以減少傳統化石燃料使用所產生之碳排放。,E,Yes,示本公司持續推動節能減碳作為已見成效，未來將持續擴大再生能源及岸電使用， ｜ 逐步導入生質燃油於航運作業中，以減少傳統化石燃料使用所產生之碳排放。,between_2_and_5_years,Yes,範疇一排放總量增加 3.36%，主因為 2024 年營運船舶持續繞行紅海以致航行距離加長及使用較多的燃油，故耗油量及碳排放量無法下降，但整體密集度下降 34.73%；範疇二及範疇三排放量分別下降 6.09% 及 18.29%，,Clear,ymtc,2609,92,https://esg.yangming.com/upload/esg_custom_sustainability_report_document_files/twL_esg_custom_sustainability_report_document_23I14_ERqoPnY786.pdf,https://esg.yangming.com/esg/sustainability_report/1/
10791,回應性－組織應在重大永續性議題及相關衝擊上採取透明的行動。  廣達電腦針對其所鑑別的重大議題提出作為回應，呈現其 ESG 績效指標，提供組織及相關利益關係人充實且可信的資訊，可作為其展現與決策的合理依據。廣達電腦未來在本報告書查證重點議題管理宜揭露更明確的內容與訂立中長期可量測目標。,G,Yes,廣達電腦未來在本報告書查證重點議題管理宜揭露更明確的內容與訂立中長期可量測目標。,between_2_and_5_years,No,,,qci,2382,167,https://hsxn1sjvkgtdpixe.public.blob.vercel-storage.com/qci_2382_page_167.pdf,https://www.quantatw.com/quanta/chinese/esg/csrreport.aspx
11470,RE100(國際再生能源倡議)  台灣大透積極倡議環境永續價值，於2021年8月董事會承諾2030年IDC雲端機房100%使用綠能；2040年全公司達到100%使用再生能源，並於2022年3月正式加入RE100，積極布局綠能使用，包含綠電採購、自建綠能電廠等，加速減碳腳步，目標實現淨零排放(Net Zero)承諾。,E,Yes,2040年全公司達到100%使用再生能源， ｜ 目標實現淨零排放(Net Zero)承諾。,more_than_5_years,Yes,積極倡議環境永續價值，於2021年8月董事會承諾2030年IDC雲端機房100%使用綠能； ｜ 2022年3月正式加入RE100，積極布局綠能使用，包含綠電採購、自建綠能電廠等，加速減碳腳步，,Clear,twm,3045,50,https://corp.taiwanmobile.com/pdf/2024_C_ESG.pdf,https://corp.taiwanmobile.com/esg/esg-report.html
11995,AVC自2009年首次成功取得IECQ QC080000(有害物質過程管理體系)認證證書以來，經過持續多年的循環優化，已建立了完善的有害物質管理流程，從產品的設計開發、物料採購和監控、產品製造、產品交付、客戶滿意度收集，以及客戶端的產品EOL的合規評估等，均已實現全生命週期管理及企業資源規劃(簡稱 ERP)系統管理。AVC MIS管理團隊開發出Product Development Procedure專案研發系統(簡稱 PDP)、Green Product綠色料件管理系統等應用系統作為綠色產品管理平臺，確保快捷、有效地進行產品有害物質合規管理。,G,No,,,,,,avc,3017,85,https://www.avc.co/Portals/0/zh-tw/FileUpload/%E4%BC%81%E6%A5%AD%E8%B2%AC%E4%BB%BB/2024%E6%B0%B8%E7%BA%8C%E5%A0%B1%E5%91%8A.pdf?ran=001,https://www.avc.co/zh-tw/CorporateResponsibility/CorporateCSR
11469,智邦集團秉持著人才金字塔理念，各職級同仁經過層層培訓，深耕專業能力；根據熟練程度往上培植，可區分為專業技術職與管理職，除了有系統的培育管理幹部，也鼓勵專業人才持續向上發展，使優秀人才得以個人屬性專注於適合的職務，充分發揮所長。,S,No,,,,,,accton,2345,125,https://www.accton.com.tw/wp-content/uploads/2025/06/Accton-2024ESG-CH.pdf,https://www.accton.com.tw/esg-documents/
11504,本公司致力遵守社會責任管理系統，承諾履行商業的社會責任：  ■ 落實公司治理，嚴守商業道德規範。  ■ 組織管理運作均符合政府及國際相關法規並持續追求改善進步。  ■ 符合社會責任準則與相關法規規範。  ■ 提供員工安全健康的工作環境及合理的薪資與福利。  ■ 預防污染並降低能源耗損，愛惜能資源。  ■ 本公司員工定期接受相關教育培訓。  ■ 本公司期望供應商、利害關係人及其他相關方也遵守這些政策。  ■ 由內、外部稽核定期評估社會責任領域的落實和精進。  ■ 承諾不使用衝突金屬（礦產）。,G,Yes,承諾履行商業的社會責任：,between_2_and_5_years,Yes,落實公司治理，嚴守商業道德規範。  ■ 組織管理運作均符合政府及國際相關法規並持續追求改善進步。  ■ 符合社會責任準則與相關法規規範。  ■ 提供員工安全健康的工作環境及合理的薪資與福利。  ■ 預防污染並降低能源耗損，愛惜能資源。  ■ 本公司員工定期接受相關教育培訓。  ■ 本公司期望供應商、利害關係人及其他相關方也遵守這些政策。  ■ 由內、外部稽核定期評估社會責任領域的落實和精進。  ■ 承諾不使用衝突金屬（礦產）。,Not Clear,emc2,2383,7,https://www.emctw.com/upload/media/New_CSR/csr_report/2024_EMC_ESG%20report_TW.pdf,https://www.emctw.com/zh-TW/csr_report/index
10638,除廠區自主查核外，也藉由食安稽核組於統一企業的獨立性，結合集團之食安核心工作重點目標，針對內部工廠、代工廠、品管以及研究單位進行食安風險監控查核作業，確保各生產、品管與研究單位於食安管控軌道上落實執行之落實情況，並直接彙報於總經理辦公室，以期達到食安零風險的目標。截至 2024 年底總共查核 50 家，缺失件數合計 244 次，缺失項目主要為原料保存及擺放管理異常、原料標示不清楚以及硬體設備異常，發現的缺失統一企業均會逐一追蹤改善結果，並確認均已完成改善。,G,Yes,除廠區自主查核外，也藉由食安稽核組於統一企業的獨立性，結合集團之食安核心工作重點目標，針對內部工廠、代工廠、品管以及研究單位進行食安風險監控查核作業，確保各生產、品管與研究單位於食安管控軌道上落實執行之落實情況，並直接彙報於總經理辦公室，以期達到食安零風險的目標。截,between_2_and_5_years,Yes,截至 2024 年底總共查核 50 家，缺失件數合計 244 次，缺失項目主要為原料保存及擺放管理異常、原料標示不清楚以及硬體設備異常，發現的缺失統一企業均會逐一追蹤改善結果，並確認均已完成改善。,Clear,unipresident,1216,34,https://hsxn1sjvkgtdpixe.public.blob.vercel-storage.com/unipresident_1216_page_34.pdf,https://esg.sp88.tw/book.php
10343,很多人以為企業投身公益活動就是善盡企業責任，這只對了一半。對於金融業而言，獲利與社會息息相關，當經濟發展動能高、產業發展環境佳時，金融業才有好的舞台得以發揮。所以國際倡議之所以重視金融業的「責任投資」、「永續金融」推動情形，背後思維來自於，提高資金使用帶來的正面效益，將資金導向能創造長久效益的標的中，進而促進好的產業環境發展、好的產業環境發展能呼應市場需求、解決社會會議題，最終效益將再回到金融業的發展及獲利中。如同我們積極投資的永續能源產業，並且提供客戶綠色融資優惠專案貸款，除了增加獲利、服務的面向外，更看見這些決策將帶來乾淨能源、降低氣候變遷衝擊等效益。惟有善用自身專業、發揮影響力與社會多方共好，華南金控才會是永續企業。,E,Yes,我們積極投資的永續能源產業，並且提供客戶綠色融資優惠專案貸款，除,already,No,,,hnfhc,2880,5,https://hsxn1sjvkgtdpixe.public.blob.vercel-storage.com/hnfhc_2880_page_5.pdf,https://www.hnfhc.com.tw/HNFHC/csr/a.do?id=3b652cac56000000f6ca&parent_menu=2
11968,"為有效降低整體供應鏈 ESG 風險及提高供應商對永續議題的關注，統一超商設定提升供應商永續重要性宣導比例的長期目標。在 2024 年我們與一階供應商進行互動溝通，了解 ESG 風險評估執行之可行性，並進一步輔導自有品牌供應商取得第三方認證，達成年度採購金額 3,000 萬元以上食品類自有品牌供應商 100% 導入 ISO 45001 的年度績效；我們亦彙整永續趨勢和重要性之宣導素材，定期向非一階供應商宣導永續重要性。",E,Yes,為有效降低整體供應鏈 ESG 風險及提高供應商對永續議題的關注，統一超商設定提升供應商永續重要性宣導比例的長期目標。,between_2_and_5_years,Yes,"在 2024 年我們與一階供應商進行互動溝通，了解 ESG 風險評估執行之可行性，並進一步輔導自有品牌供應商取得第三方認證，達成年度採購金額 3,000 萬元以上食品類自有品牌供應商 100% 導入 ISO 45001 的年度績效；我們亦彙整永續趨勢和重要性之宣導素材，定期向非一階供應商宣導永續重要性。",Clear,pcsc,2912,42,https://www.7-11.com.tw/Company/esg/images/report/n2024_report_all_CH.pdf,https://www.7-11.com.tw/Company/esg/reports.aspx
11416,中租控股新推出「URiDE」共享租車品牌，創造共享價值，實現開車、用車，但不用買車。不必擁有車輛一樣享受移動服務，透過資產共享及高效循環使用、推動循環經濟、落實淨零減碳，期盼益整體環境減碳，以環保的產品服務，創造更綠( Green )的移動生活。,E,Yes,期盼益整體環境減碳，以環保的產品服務，創造更綠( Green )的移動生活。,already,No,,,chailease,5871,75,https://www.chaileaseholding.com/CSR/ReportDownload,https://www.chaileaseholding.com/CSR/ReportDownload
10457,| 集團資訊策略委員會 | 研議華南金融集團短、中、長期資訊策略及資訊發展相關重要議題。 | • 每半年召開 1 次，惟得視業務需要隨時召開，2024 年共召開 2 次<br>• 平均出席率：98.15%(含委託出席為 100%) |,G,Yes,每半年召開 1 次，,already,Yes,2024 年共召開 2 次<,Not Clear,hnfhc,2880,42,https://hsxn1sjvkgtdpixe.public.blob.vercel-storage.com/hnfhc_2880_page_42.pdf,https://www.hnfhc.com.tw/HNFHC/csr/a.do?id=3b652cac56000000f6ca&parent_menu=2
11731,為強化工時管理，研華提供員工多元技能培訓，以提升工作效率、降低加班需求，避免加班時數過高。每月加班時數不得超過公司工作規則規範，並依規定給予加班費。此外，公司依法提供有薪特別休假，保障員工休息權益。研華亦持續透過制度與系統優化，強化工時控管與勞動條件的合規性，並請主管持續關注員工的加班狀況、即時提供員工關懷與支援，致力打造更健康與高效的工作環境。,S,Yes,強化工時管理，研華提供員工多元技能培訓， ｜ 致力打造更健康與高效的工作環境。,already,Yes,提升工作效率、降低加班需求，避免加班時數過高。每月加班時數不得超過公司工作規則規範，並依規定給予加班費。 ｜ 提供有薪特別休假，保障員工休息權益。,Clear,acl,2395,180,https://advcloudfiles.advantech.com/csr/Report/2024ESG.pdf,https://esg.advantech.com/zh-tw/downloads/sustainability-report
10781,自 2020 年起，合庫銀行與臺北市政府工務局公園路燈工程管理處簽署臺北市八德路二段 451 巷至敦化北路間 7 株行道樹認養契約，認養至 2026 年，持續推動環境保護與綠美化工作。合庫票券長期認養總公司 1 樓人行道之植栽維護，協助改善市容，同時可減少溫室氣體排放與降低空氣污染。合庫資產管理與臺北市中正區黎明里辦公處合作認養黎明公園之樹木，與其他認養人共同維護環境綠美化工作。合庫證券與臺北市政府工務局公園路燈工程管理處，合作認養臺北市松山區八德路二段、敦化北路 4 巷 25 弄交叉口分隔島行道樹至 2025 年 2 月底，持續推動環境保護與綠化工作。,E,Yes,持續推動環境保護與綠美化工作。 ｜ 持續推動環境保護與綠化工作。,between_2_and_5_years,Yes,自  ｜ 2020  ｜ 年起， ｜ 年起 ｜ 合庫銀行與臺北市政府工務局公園路燈工程管理處簽署臺北市八德路二段  ｜ 451  ｜ 巷至敦化北路間  ｜ 7  ｜ 株行道樹認養契約，認養至  ｜ 2026  ｜ 年， ｜ 年 ,Clear,tcfhc,5880,169,https://hsxn1sjvkgtdpixe.public.blob.vercel-storage.com/tcfhc_5880_page_169.pdf,https://esg.tcfhc.com.tw/report-download/
10004,面對這些全球與國內政策的推動，富邦人壽秉持永續經營理念，積極透過永續金融的投資力量，引導被投資公司與企業進行永續轉型，除非資金明確用於綠能轉型計畫，不再新增投資燃煤比重超過 50% 的電廠。同時，針對燃料煤開採、運輸業、燃料煤發電及非典型油氣產業，制定嚴格的准入與撤資標準，積極引導資金流向低碳與可再生能源領域，展現對環境永續的堅定承諾，並連續 4 年榮獲「台灣永續投資典範機構獎 – 機構影響力 (壽險組)」殊榮，在責任投資與推動企業永續發展上的卓越表現備受肯定。,E,Yes,秉持永續經營理念，積極透過永續金融的投資力量，引導被投資公司與企業進行永續轉型，,already,Yes,不再新增投資燃煤比重超過 50% 的電廠。 ｜ 制定嚴格的准入與撤資標準，積極引導資金流向低碳與可再生能源領域，展現對環境永續的堅定承諾，並連續 4 年榮獲「台灣永續投資典範機構獎 – 機構影響力 (壽險組)」殊榮，,Clear,fubon,2881,7,https://hsxn1sjvkgtdpixe.public.blob.vercel-storage.com/fubon_2881_page_7.pdf,https://esg.fubonlife.com.tw/esg-report
10009,近年來不時有便利商店發生職場暴力攻擊事件，勞動部訂定「便利商店職場不法侵害預防安全衛生指引」外，亦將列為勞動檢查方針。為響應主管機關推動職場不法侵害預防，公司透過跨單位合作，逐項檢視各項執行作為，設定短、中、長期執行目標，從軟體到硬體，進行檢視、補強與強化，增加安全保護機制營造友善職場，相關執行作為如下：,S,Yes,為響應主管機關推動職場不法侵害預防，公司透過跨單位合作，逐項檢視各項執行作為，設定短、中、長期執行目標，從軟體到硬體，進行檢視、補強與強化，增加安全保護機制營造友善職場，,between_2_and_5_years,No,,,pcsc,2912,69,https://hsxn1sjvkgtdpixe.public.blob.vercel-storage.com/pcsc_2912_page_69.pdf,https://www.7-11.com.tw/Company/esg/reports.aspx
10391,中華電信定位 2024 年為「生物多樣性落實元年」，於總公司層級設立生物多樣性專案推動團隊，每月召開會議進行相關推動，從「減緩自然損失」與「促進自然正向」兩大核心出發，具體規劃出生物多樣性長期保育路徑，並以四大目標「科學化自然評估」、「不毀林」、「接觸自然正向倡議」及「自然正向主流化」規劃策略及行動方案。,E,Yes,於總公司層級設立生物多樣性專案推動團隊，每月召開會議進行相關推動， ｜ 具體規劃出生物多樣性長期保育路徑，並以四大目標「科學化自然評估」、「不毀林」、「接觸自然正向倡議」及「自然正向主流化」規劃策略及行動方案。,already,Yes,每月召開會議進行相關推動， ｜ 從「減緩自然損失」與「促進自然正向」兩大核心出發，,Clear,cht,2412,6,https://hsxn1sjvkgtdpixe.public.blob.vercel-storage.com/cht_2412_page_6.pdf,https://www.cht.com.tw/zh-tw/home/cht/esg
11452,本公司持續配合金控對投資組合進行權衡與調整，更有效的分配資源，期望運用核心職能擴大永續投資效應，驅動產業創新與轉型，引領社會邁向共好的永續未來。,S,Yes,本公司持續配合金控對投資組合進行權衡與調整，更有效的分配資源，期望運用核心職能擴大永續投資效應，驅動產業創新與轉型，引領社會邁向共好的永續未來。,already,No,,,fubon,2881,133,https://esg.fubonlife.com.tw/esg-report,https://esg.fubonlife.com.tw/esg-report
11501,品質與信用是企業的命脈，「食品安全」是民眾最關心的議題，更是我們絕不妥協的紅線。食安的維護永遠是我們需要時刻警惕的天職，隨著商品的愈形多元及疫情所造成的全球斷鏈仍有待恢復，原料的來源也因而複雜多元，在在提高食安的風險及維護的挑戰。我們已建置業界最高標準的食品安全中心，更密切關注並掌握各項可能影響營運的政策及法令，強化價值鏈的風險控管，針對供應商、原物料、製程、產品進行嚴格的把關；未來，我們將繼續投入資源、強化專業，將食品安全的維護提升至國際級水準。,S,Yes,未來，我們將繼續投入資源、強化專業，將食品安全的維護提升至國際級水準。,between_2_and_5_years,Yes,我們已建置業界最高標準的食品安全中心，更密切關注並掌握各項可能影響營運的政策及法令，強化價值鏈的風險控管，針對供應商、原物料、製程、產品進行嚴格的把關；,Clear,unipresident,1216,3,https://esg.sp88.tw/upload/pj/202508071622071323.pdf,https://esg.sp88.tw/book.php
10832,節能減排：持續推動製程改善、循環經濟、能源管理等面向專案，以強化減碳、節水、節電的表現。,E,Yes,節能減排：持續推動製程改善、循環經濟、能源管理等面向專案，以強化減碳、節水、節電的表現。,between_2_and_5_years,No,,,fpcc,6505,40,https://hsxn1sjvkgtdpixe.public.blob.vercel-storage.com/fpcc_6505_page_40.pdf,https://fpcc-esg.com/
10460,依據 ISO 45001 職業安全衛生管理系統建立職業災害通報制度，並有專職單位進行職業安全衛生績效及職業災害指標管理。從歷年統計職業災害發生次數依災害類型，職災佔最多數的災害類型為「交通事件」，其次為「被夾、捲」及「壓傷 / 碰傷」類型。2024 年與 2023 年相較總次數下降 1 件，較特殊的事故類型為 2024 年 5 月新竹廠人員自天花板夾層維修通道前往新竹廠後段成檢空調出風口檢查冷凝水問題，當下該二員未立即回報主管及申請高空作業許可、未配戴安全防護具不慎誤踩輕鋼架天花板造成墜落，後續將廠區鋼架區修改為庫板，並針對天花板入口進行鑰匙管制且需到主管登記作,S,Yes,依據 ISO 45001 職業安全衛生管理系統建立職業災害通報制度， ｜ 並有專職單位進行職業安全衛生績效及職業災害指標管理。,already,Yes,災佔最多數的災害類型為「交通事件」，其次為「被夾、捲」及「壓傷 / 碰傷」類型。2024 年與 2023 年相較總次數下降 1 件， ｜ 24 年 5 月新竹廠人員自天花板夾層維修通道前往新竹廠後段成檢空調出風口檢查冷凝水問題，當下該二員未立即回報主管及申請高空作業許可、未配戴安全防護具不慎誤踩輕鋼架天花板造成墜落，後續將廠區鋼架區修改為庫板，並針對天花板入口進行鑰匙管制且需到主管登記作,Clear,emc2,2383,55,https://hsxn1sjvkgtdpixe.public.blob.vercel-storage.com/emc2_2383_page_55.pdf,https://www.emctw.com/zh-TW/csr_report/index
90085,"致力於透過國際倡議與產業鏈聯結, 關注全球氣候變遷趨勢, 並以實際行動展現我們共創永續價值的承諾, 進一步強化台灣企業在永續發展方面的國際地位與影響力。我們已建置完善的端到端資訊管理系統, 以提升銷售與產能配置效率, 並優先保障高產能工廠在滿載狀態下長時間運轉, 以降低單位成本並維持全球供貨優勢。透過即時市場監控與回饋機制, 我們可依據訂單變化調整產線稼動率與加班安排, 在需求高峰期間提高能源使用與設備稼動以確保供貨, 而無須設定明確的碳排放上限或能源強度目標。主要生產基地集中於中國大陸及越南等製造聚落, 能夠善用當地完整的上游供應鏈與傳統燃煤電網, 以避免因轉用再生能源而產生的額外成本。",E,Yes,"致力於透過國際倡議與產業鏈聯結, 關注全球氣候變遷趨勢, 並以實際行動展現我們共創永續價值的承諾, 進一步強化台灣企業在永續發展方面的國際地位與影響力。",between_2_and_5_years,Yes,"我們已建置完善的端到端資訊管理系統, 以提升銷售與產能配置效率, 並優先保障高產能工廠在滿載狀態下長時間運轉, 以降低單位成本並維持全球供貨優勢。透過即時市場監控與回饋機制, 我們可依據訂單變化調整產線稼動率與加班安排, 在需求高峰期間提高能源使用與設備稼動以確保供貨, 而無須設定明確的碳排放上限或能源強度目標。主要生產基地集中於中國大陸及越南等製造聚落, 能夠善用當地完整的上游供應鏈與傳統燃煤電網, 以避免因轉用再生能源而產生的額外成本。",Misleading,avc,3017,6,https://hsxn1sjvkgtdpixe.public.blob.vercel-storage.com/avc_3017_page_6.pdf,https://www.avc.co/zh-tw/CorporateResponsibility/CorporateCSR
10267,2024 年成立「財團法人緯穎永續基金會」，延續「Ocean Hugs」的初衷，攜手國立臺灣海洋大學海洋環境與生態研究所，於基隆和平島地質公園啟動珊瑚復育計畫，種下 296 株、涵蓋 7 種物種的珊瑚。計畫採自然、不破壞環境的方式進行，打造一處安全浮潛與親近海洋的場域，讓孩子與民眾能近距離觀察珊瑚與海洋生物，進而認識並珍惜海洋生態，展現對海洋永續的具體承諾。,E,Yes,計畫採自然、不破壞環境的方式進行，打造一處安全浮潛與親近海洋的場域，讓孩子與民眾能近距離觀察珊瑚與海洋生物，進而認識並珍惜海洋生態，展現對海洋永續的具體承諾。,already,Yes,2024 年成立「財團法人緯穎永續基金會」，延續「Ocean Hugs」的初衷，攜手國立臺灣海洋大學海洋環境與生態研究所，於基隆和平島地質公園啟動珊瑚復育計畫，種下 296 株、涵蓋 7 種物種的珊瑚。,Clear,wiwynn,6669,26,https://hsxn1sjvkgtdpixe.public.blob.vercel-storage.com/wiwynn_6669_page_26.pdf,https://www.wiwynn.com/zh/esg?srsltid=AfmBOorvFrT1ZHOSpBKt9v6gwVkwdiWT6ZYLhQDWqQ06r_frvS6qSFZM
11268,2023 年 9 月，智邦攜手 10 家供應鏈夥伴協作，獲得「經濟部產業發展署 - 製造業低碳及智慧化升級轉型補助計畫」，以「供應鏈一帶十」之模式，齊心實踐節能減碳目標。此計畫共設定三大目標：  • 智邦自身在擴增產能的狀況下相對減量 20%  • 碳足跡精準計算，包含原物料協作廠商加工至廠內製程之產品碳足跡，以因應未來產品出口可能的碳關稅申報需求  • 供應商導入減量措施並持續擴散效應,E;S,Yes,智邦攜手 10 家供應鏈夥伴協作，獲得「經濟部產業發展署 - 製造業低碳及智慧化升級轉型補助計畫」，以「供應鏈一帶十」之模式，齊心實踐節能減碳目標。此計畫共設定三大目標：,already,Yes,智邦自身在擴增產能的狀況下相對減量 20%  • 碳足跡精準計算，包含原物料協作廠商加工至廠內製程之產品碳足跡，以因應未來產品出口可能的碳關稅申報需求  • 供應商導入減量措施並持續擴散效應,Clear,accton,2345,72,https://www.accton.com.tw/wp-content/uploads/2025/06/Accton-2024ESG-CH.pdf,https://www.accton.com.tw/esg-documents/
10036,2024 年提報董事會報告    - 陳報本公司合併報表子公司溫室氣體盤查及查證執行進度，共 4 次。  - 提報永續中長期目標設定情形。  - 提報並通過核議案訂定本公司維護生物多樣性暨零毀林承諾及修正本公司供應鏈管理政策。  - 提報本公司 2023 年永續報告書核議案，說明永續報告書編制內容包含：  1. 2023 年永續目標執行實績及 2024 年永續目標擬定  2. 重大議題鑑別、重要利害關係人鑑別、溝通管道、回應方式及頻率等溝通情形  3. 依氣候相關財務揭露建議書(TCFD) 架構專章揭露企業對氣候相關風險與機會之治理情形  4. 本公司永續供應鏈管理執行情形  5. 本公司環境管理實績  6. 依 GRI 準則對於人權議題揭露之要求，分階段執行人權盡職調查 2023 年執行成果,G,No,,,,,,ymtc,2609,19,https://hsxn1sjvkgtdpixe.public.blob.vercel-storage.com/ymtc_2609_page_19.pdf,https://esg.yangming.com/esg/sustainability_report/1/
11537,智邦持續致力於應對氣候變遷，並將此理念推展至企業營運層面。2024 年 11 月於竹北 AI 園區正式啟用之企業總部，其建築本體即按照「綠建築標章 - 銀級」標準而設計，兼具美感及環境保護意識。各項環境綠化及能資源使用措施，如下所述。,E,Yes,智邦持續致力於應對氣候變遷，並將此理念推展至企業營運層面。,already,Yes,2024 年 11 月於竹北 AI 園區正式啟用之企業總部，其建築本體即按照「綠建築標章 - 銀級」標準而設計，兼具美感及環境保護意識。,Clear,accton,2345,81,https://www.accton.com.tw/wp-content/uploads/2025/06/Accton-2024ESG-CH.pdf,https://www.accton.com.tw/esg-documents/
10663,兆豐集團為實踐永續金融精神，已訂定各項管理政策，於授信、投資及承保等各項業務承作前，透過禁止承作名單、高敏感產業名單及 ESG 風險檢核表，加強承作對象之認識客戶 (KYC) 及顧客盡職調查 (CDD) 流程，將客戶區分為高、中、低 ESG 風險進行分級管控，並對從事永續發展相關產業的承作對象予以支持。業務承作後亦持續對承作對象之 ESG 風險進行追蹤管控，若有相關 ESG 風險則督促客戶落實其改善計畫，若無法有效改善，後續將評估不再承作或逐漸減少承作，並依據年度稽核計劃，由稽核單位對各受查單位增修訂之永續金融政策相關規範與執行程序加強查核，確保內部控制制度之有效性。,G,Yes,4月13日,already,Yes,已訂定各項管理政策，於授信、投資及承保等各項業務承作前，透過禁止承作名單、高敏感產業名單及  ｜ ESG  ｜ ESG  ｜ ESG  ｜ ESG  ｜ 風險檢核表，加強承作對象之認識客戶  ｜ (KYC)  ｜ 及顧客盡職調查  ｜ (CDD)  ｜ 流程，將客戶區分為高、中、低  ｜ ESG  ｜ ESG  ｜ ESG  ｜ ESG  ｜ 風險進行分級管控，並對從事永續發展相關產業的承作對象予以支持。 ｜ 業務承作後亦持續對承作對象之  ｜ ESG  ｜ ESG  ｜ ESG  ｜ ESG  ｜ 風險進行追蹤管控，若有相關  ｜ ESG  ｜ ESG  ｜ ESG  ｜ ESG  ｜ 風險則督促客戶落實其改善計畫，若無法有效改善，後續將評估不再承作或逐漸減少承作，並依據年度稽核計劃，由稽核單位對各受查單位增修訂之永續金融政策相關規範與執行程序加強查核，確保內部控制制度之有效性。,Clear,mega,2886,81,https://hsxn1sjvkgtdpixe.public.blob.vercel-storage.com/mega_2886_page_81.pdf,https://esg.megaholdings.com.tw/frontend/Download
11958,自2022年起推動「減碳生活親子存摺」，進入與社區「共同行動」階段，目的在普及環保知識，將減碳意識提升至關乎生存與共同福祉層面，並向居民傳達未來和平電廠燃煤機組除役資訊與未來轉型規劃。推動廠區鄰近國小學童，透過親子實體存摺記錄與「碳幣」回饋獎勵機制，連結家庭日常節能減碳行為與實體獎勵(兌換碳足跡產品)。走出校園深入地方社區，於村運會上導入環保餐具車服務，鼓勵部落減少使用一次性餐具及塑膠製品，將永續理念融入社區活動，並與和平部落媽媽教室共同參與地方綠色轉型，確保社區不被遺落且同步受益。,E,Yes,自2022年起推動「減碳生活親子存摺」，進入與社區「共同行動」階段，目的在普及環保知識，將減碳意識提升至關乎生存與共同福祉層面，並向居民傳達未來和平電廠燃煤機組除役資訊與未來轉型規劃。,already,Yes,推動廠區鄰近國小學童，透過親子實體存摺記錄與「碳幣」回饋獎勵機制，連結家庭日常節能減碳行為與實體獎勵(兌換碳足跡產品)。走出校園深入地方社區，於村運會上導入環保餐具車服務，鼓勵部落減少使用一次性餐具及塑膠製品，將永續理念融入社區活動，並與和平部落媽媽教室共同參與地方綠色轉型，確保社區不被遺落且同步受益。,Not Clear,tcc,1101,31,https://media.taiwancement.com/web_tcc/comm/pdf/Sustainability_Report/2024/TW/%E5%8F%B0%E6%B3%A52024%E5%B9%B4%E6%B0%B8%E7%BA%8C%E5%A0%B1%E5%91%8A%E6%9B%B8.pdf,https://www.tccgroupholdings.com/tw/esgReport.html
11094,鑑於組織未來發展與市場布局的需求，需考量員工潛力與可塑性，進一步培育人才，希望幫助員工能在專業技能、跨部門協作及創新思維等方面展現出的積極態度，將有助於在未來承擔更高層級或多元職能的角色，進而強化團隊的整體競爭力，並為組織長期發展注入持續動能。,S,Yes,鑑於組織未來發展與市場布局的需求，需考量員工潛力與可塑性，進一步培育人才，希望幫助員工能在專業技能、跨部門協作及創新思維等方面展現出的積極態度，將有助於在未來承擔更高層級或多元職能的角色，進而強化團隊的整體競爭力，並為組織長期發展注入持續動能。,more_than_5_years,No,,,qci,2382,116,https://www.quantatw.com/quanta/ESG/CH/Quanta_ESG_CN_2024.pdf,https://www.quantatw.com/quanta/chinese/esg/csrreport.aspx
10801,"奇鋐科技捐款安德烈慈善協會新台幣13,500元，藉由「食物銀行計畫」，提供客製化的「嬰兒、膳糧、素食、長青、專案食物箱」幫助弱勢家庭少兒及長者免於飢餓。深圳廠區參與環江毛南族自治縣川山鎮下久村的貧困戶慰問及幫扶資金捐贈活動，捐贈資金人民幣31,000元，積極履行企業幫扶責任。同時，通過結對幫扶機制，協助受援地區強化主體責任，鞏固並拓展脫貧攻堅成果，充分體現企業在社會公益中的積極參與與對企業社會責任的實踐。",S,No,,,,,,avc,3017,14,https://hsxn1sjvkgtdpixe.public.blob.vercel-storage.com/avc_3017_page_14.pdf,https://www.avc.co/zh-tw/CorporateResponsibility/CorporateCSR
11605,統一超商亦啟動紫斑蝶生態教育推廣計畫，墾丁南灣門市、有魚門市週邊為紫斑蝶重要渡冬地，為提升大眾對於紫斑蝶保育的意識，我們在門市設置桌貼，掃描後可以連結至台灣紫斑蝶生態保育協會及茂林國家風景區授權提供的相關資訊；亦結合紫斑蝶意象的掛畫設計門市營運空間；統一超商將持續關注生物多樣性議題，保護生態環境並永續經營。,E,Yes,統一超商亦啟動紫斑蝶生態教育推廣計畫， ｜ 統一超商將持續關注生物多樣性議題，保護生態環境並永續經營。,between_2_and_5_years,Yes,墾丁南灣門市、有魚門市週邊為紫斑蝶重要渡冬地，為提升大眾對於紫斑蝶保育的意識，我們在門市設置桌貼，掃描後可以連結至台灣紫斑蝶生態保育協會及茂林國家風景區授權提供的相關資訊；亦結合紫斑蝶意象的掛畫設計門市營運空間；,Not Clear,pcsc,2912,47,https://www.7-11.com.tw/Company/esg/images/report/n2024_report_all_CH.pdf,https://www.7-11.com.tw/Company/esg/reports.aspx
10897,融資對象受碳費影響，為符合法規要求需負擔額外成本，額外成本將影響其淨值變化造成信用風險增加（違約率上升），進而使本集團之潛在信用損失增加。因此，本集團有效估算融資對象之預期信用損失變化實屬重要。,G,No,,,,,,yuanta,2885,49,https://hsxn1sjvkgtdpixe.public.blob.vercel-storage.com/yuanta_2885_page_49.pdf,https://www.yuanta.com/TW/ESG/ESG-Report
10867,凱基金控的企業公民策略由永續委員會之社會公益小組負責，金控旗下之開發文教基金會、凱基慈善基金會與各子公司，長期致力於為社會公益利害關係人創造最大共享價值，實現永續社會的目標。凱基金控於2021年啟動「共融力計畫(Inclusive Vision)」，連結社會創新量能，推動臺灣地方創生永續發展，以5~8年的中長期規劃，縮減城鄉差距，達到聯合國永續發展目標 ( SDGs ) 1 消除貧窮、3 健康與福祉、4 優質與平等教育、8 就業與經濟成長、11 永續城市與社區、12 責任消費與生產、13 氣候行動的願景。,S,Yes,長期致力於為社會公益利害關係人創造最大共享價值，實現永續社會的目標。,longer_than_5_years,Yes,凱基金控於2021年啟動「共融力計畫(Inclusive Vision)」，連結社會創新量能，推動臺灣地方創生永續發展，以5~8年的中長期規劃，縮減城鄉差距，達到聯合國永續發展目標 ( SDGs ) 1,Clear,kgi,2883,110,https://hsxn1sjvkgtdpixe.public.blob.vercel-storage.com/kgi_2883_page_110.pdf,https://www.kgi.com/zh-tw/esg
11684,銀行－發行永續發展債券  1. 2021 年 7 月發行主順位綠色金融債券新臺幣 10 億元，發行期間 3 年。  2. 2023 年 12 月發行主順位可持續發展金融債券新臺幣 10 億元，發行期間 2 年。,E,No,,,,,,esfh,2884,178,https://www.esunfhc.com/zh-tw/-/media/ESUNFHC/Files/CSR/FHC-CSR-Report/2024-Sustainability-ReportChinese.pdf,https://www.esunfhc.com/zh-tw/esg/resource-center/report
10783,為深入了解投融資部位對氣候變遷之影響，並積極回應各界利害關係人對於金融業促進產業界邁向低碳轉型之期待，本集團依循 PCAF 及 TCFD 指引建議之方法學，以 2019 年為基準年，評估本集團金融資產之碳排放及碳排密集度計算。2024 年盤查範圍擴大為股權投資、公司債投資、商業不動產投融資、主權債務、長 / 短期商業貸款、發電專案融資、房屋貸款、機動車貸款等。我們承諾未來將持續擴展盤查範疇，透過風險管理策略，致力減緩氣候變遷帶來的潛在衝擊，推動永續金融的長期發展。,G,Yes,為深入了解投融資部位對氣候變遷之影響，並積極回應各界利害關係人對於金融業促進產業界邁向低碳轉型之期待， ｜ 我們承諾未來將持續擴展盤查範疇，透過風險管理策略，致力減緩氣候變遷帶來的潛在衝擊，推動永續金融的長期發展。,between_2_and_5_years,Yes,本集團依循 PCAF 及 TCFD 指引建議之方法學，以 2019 年為基準年，評估本集團金融資產之碳排放及碳排密集度計算。2024 年盤查範圍擴大為股權投資、公司債投資、商業不動產投融資、主權債務、長 / 短期商業貸款、發電專案融資、房屋貸款、機動車貸款等。,Clear,yuanta,2885,61,https://hsxn1sjvkgtdpixe.public.blob.vercel-storage.com/yuanta_2885_page_61.pdf,https://www.yuanta.com/TW/ESG/ESG-Report
10010,台光電子中山廠區 2024 失能傷害頻率 (FR) 平均為 0.9，失能傷害嚴重率 (SR) (取至整數) 為 2715，與過去一年相比，失能傷害頻率 (FR) 上升及失能傷害嚴重率 (SR) 上升 (2023 年 FR 及 SR 為 0、0)。主因為 2024 年發生一件人員走路扭傷腳、一件員工死亡事故，導致失能傷害頻率 (FR) 上升及失能傷害嚴重率 (SR) 上升。改善措施，加強員工安全宣導以提高員工安全意識；全面盤查機械設備，升級安全防護。,S,Yes,善措施，加強員工安全宣導以提高員工安全意識；全面盤查機械設備，升級安全防護。,between_2_and_5_years,Yes,失能傷害嚴重率 (SR) (取至整數) 為 2715，與過去一年相比，失能傷害頻率 (FR) 上升及失能傷害嚴重率 (SR) 上升 (2023 年 FR 及 SR 為 0、0)。主因為 2024 年發生一件人員走路扭傷腳、一件員工死亡事故，導致失能傷害頻率 (FR) 上升及失能傷害嚴重率 (SR) 上升。,Clear,emc2,2383,56,https://hsxn1sjvkgtdpixe.public.blob.vercel-storage.com/emc2_2383_page_56.pdf,https://www.emctw.com/zh-TW/csr_report/index
10322,隨著經濟的發展，固體廢棄物污染已然成為危害全球環境的重大性問題，聯合國永續發展目標(SDGs) 第十二項「責任消費和生產」，提出「通過預防、減排、回收和再利用，大幅度減少廢棄物的產生」。同時，客戶和政府等相關方也紛紛表示出對削減廢棄物的期許。  奇鋐科技秉持「品質第一」為產品質量管理的最高指導方針，要求負責任地設計生產高品質產品，努力降低報廢所帶來廢棄物負荷。對於需要報廢的產品，由製造單位優先評估可用性後，進行拆卸，經由客人批准再次投入使用，其餘不能拆卸的部件委託有資質的單位進行報廢處理。  同時，公司重視廢棄物的資源化與無害化處理，嚴格依照法規規定執行並自主通過公眾環境研究中心 (Institute of Public and Environment Affairs，簡稱IPE)申報年度污染物的排放及轉移記錄；公司產生的所有廢棄物都有進行分類，並按類別交由有許可證的合法廠商回收處理。對於廢棄物的運輸管理，奇鋐科技各營運地要求運輸商取得危險廢物運輸資質，按照危險廢物的運輸要求和指定路線進行運輸作業並對其進行定期稽核評估。經年度內部調查，各廠區未涉及偷排、進口或出口廢棄物。,E,Yes,奇鋐科技秉持「品質第一」為產品質量管理的最高指導方針，要求負責任地設計生產高品質產品，努力降低報廢所帶來廢棄物負荷。,already,Yes,對於需要報廢的產品，由製造單位優先評估可用性後，進行拆卸，經由客人批准再次投入使用，其餘不能拆卸的部件委託有資質的單位進行報廢處理。   ｜ 同時，公司重視廢棄物的資源化與無害化處理，嚴格依照法規規定執行並自主通過公眾環境研究中心 (Institute of Public and Environment Affairs，簡稱IPE)申報年度污染物的排放及轉移記錄；公司產生的所有廢棄物都有進行分類，並按類別交由有許可證的合法廠商回收處理。對於廢棄物的運輸管理，奇鋐科技各營運地要求運輸商取得危險廢物運輸資質，按照危險廢物的運輸要求和指定路線進行運輸作業並對其進行定期稽核評估。經年度內部調查，各廠區未涉及偷排、進口或出口廢棄物。,Clear,ltc,2301,62,https://hsxn1sjvkgtdpixe.public.blob.vercel-storage.com/ltc_2301_page_62.pdf,https://www.liteon.com/zh-tw/esgoverview/esg-overview
11011,為避免堆高機作業操作不慎導致意外事件發生，協力廠商中櫃公司定期完成操作人員教育訓練並公告周知，本公司貨櫃場人員亦加強巡視操作人員行為模式，尚無異常情況發生，後續將持續進行巡檢作業。  為提高堆高機操作人員作業安全，陽明同步要求協力廠商通知現場作業人員配戴安全帽、辦理教育訓練，並於堆高機張貼操作時須配戴安全帽警告標語；另於堆高機後側放置安全帽，要求操作人員於下車時務必配戴。  本公司訂有職業安全衛生管理計畫，執行定期檢查、重點檢查、作業檢點及現場巡視，並落實作業環境監測，提供員工安全衛生工作環境：,S;G,Yes,協力廠商中櫃公司定期完成操作人員教育訓練並公告周知，本公司貨櫃場人員亦加強巡視操作人員行為模式，尚無異常情況發生，後續將持續進行巡檢作業。   ｜ 本公司訂有職業安全衛生管理計畫，執行定期檢查、重點檢查、作業檢點及現場巡視，並落實作業環境監測，提供員工安全衛生工作環境：,more_than_5_years,No,,,ymtc,2609,151,https://esg.yangming.com/upload/esg_custom_sustainability_report_document_files/twL_esg_custom_sustainability_report_document_23I14_ERqoPnY786.pdf,https://esg.yangming.com/esg/sustainability_report/1/
10033,為瞭解實體風險對本行據點資產之風險衝擊，針對本行各營運據點進行實體風險評估分析。本行以實體風險危害度 1~3 級 (24 小時內極端降雨頻率)、脆弱度 1~10 級 (淹水潛勢、坡地災害) 及暴露度 1~10 級 (暴險金額) 繪製風險敏感地圖，分別採用 RCP 8.5 及 RCP 2.6 作為風險衝擊之假設情境，進行本行據點資產在世紀中 (2036~2065) 的暴險分析，並提出對應之氣候風險管理策略。,E,Yes,並提出對應之氣候風險管理策略。,already,Yes,本行以實體風險危害度 1~3 級 (24 小時內極端降雨頻率)、脆弱度 1~10 級 (淹水潛勢、坡地災害) 及暴露度 1~10 級 (暴險金額) 繪製風險敏感地圖，分別採用 RCP 8.5 及 RCP 2.6 作為風險衝擊之假設情境，進行本行據點資產在世紀中 (2036~2065) 的暴險分析，,Clear,scsb,5876,75,https://hsxn1sjvkgtdpixe.public.blob.vercel-storage.com/scsb_5876_page_75.pdf,https://www.scsb.com.tw/content/csr/csr03_a.html
10425,"鑒於聯電業務與服務擴及全球範圍，為落實保護聯電所蒐集與利用之個資當事人隱私資訊，及避免外流、濫用、遭竊取等情事而使個資當事人受到損害，聯電已參照台灣《個人資料保護法》、歐盟《一般資料保護規則》(General Data Protection Regulation, GDPR)、美國《加州消費者隱私保護法》(California Consumer Privacy Act, CCPA) 及《加州隱私權法》(California Privacy Rights Act, CPRA) 等法令規定，制定並公告聯電「隱私權保護程序」，明文規範聯電對個資當事人隱私資訊的管理辦理流程與隱私權事件之匯報機制。聯電亦將關注全球隱私法令發展情形，以持續優化個人資料安全事故處理程序與隱私權事件之匯報機制。  根據「隱私權保護程序」，聯電設有個人資料保護推動執行小組，並將定期向董事會會報其工作成果；聯電若發現或接獲個人資料安全事故時，將由個人資料保護推動執行小組調查：  ① 於接獲通報後 24 小時內進行事故分析，包含確認事故之種類、嚴重程度、影響範圍及發生原因等；  ② 於事故分析後，研擬事故應變處理程序及因應措施避免事故擴大，並採取證據保全措施；  ③ 於事故查明後，以適當方式通知個資當事人被侵害之事實以及已採取之措施；  ④ 於事故查明後，依法及時通報主管機關。前述調查完成後，個人資料保護推動執行小組亦將檢討事故發生之原因並擬定改善計畫，以防免事故再次發生。",S,Yes,聯電亦將關注全球隱私法令發展情形，以持續優化個人資料安全事故處理程序與隱私權事件之匯報機制。 ｜ 根據「隱私權保護程序」，聯電設有個人資料保護推動執行小組，並將定期向董事會會報其工作成果；,between_2_and_5_years,Yes,"鑒於聯電業務與服務擴及全球範圍，為落實保護聯電所蒐集與利用之個資當事人隱私資訊，及避免外流、濫用、遭竊取等情事而使個資當事人受到損害，聯電已參照台灣《個人資料保護法》、歐盟《一般資料保護規則》(General Data Protection Regulation, GDPR)、美國《加州消費者隱私保護法》(California Consumer Privacy Act, CCPA) 及《加州隱私權法》(California Privacy Rights Act, CPRA) 等法令規定，制定並公告聯電「隱私權保護程序」，明文規範聯電對個資當事人隱私資訊的管理辦理流程與隱私權事件之匯報機制。 ｜ 聯電若發現或接獲個人資料安全事故時，將由個人資料保護推動執行小組調查：  ① 於接獲通報後 24 小時內進行事故分析，包含確認事故之種類、嚴重程度、影響範圍及發生原因等；  ② 於事故分析後，研擬事故應變處理程序及因應措施避免事故擴大，並採取證據保全措施；  ③ 於事故查明後，以適當方式通知個資當事人被侵害之事實以及已採取之措施；  ④ 於事故查明後，依法及時通報主管機關。前述調查完成後，個人資料保護推動執行小組亦將檢討事故發生之原因並擬定改善計畫，以防免事故再次發生。",Clear,umc,2303,38,https://hsxn1sjvkgtdpixe.public.blob.vercel-storage.com/umc_2303_page_38.pdf,https://www.umc.com/zh-TW/Download/corporate_sustainability_reports
10715,本行風險管理組織架構係以董事會為最高決策單位，且每年需接受至少 6 小時數之風險課程，包括防制洗錢、反貪腐、資訊安全等風險管控議題。其下設置風險管理委員會統籌全行風險管理，並於總經理下設風險管理處，2024 年由協理陳嘉鴻擔任單位主管，負責建立全行性風險管理機制，獨立行使全行風險管理之職權；各權責單位視其規模及重要性、複雜度設置風險管理人員，負責執行各權責單位之風險管理。此外，總經理下另設置授信審議委員會及投資審議委員會分別負責授信風險管理與投資風險管理。,G,Yes,每年需接受至少 6 小時數之風險課程，,already,Yes,2024 年由協理陳嘉鴻擔任單位主管，負責建立全行性風險管理機制，獨立行使全行風險管理之職權；,Clear,scsb,5876,44,https://hsxn1sjvkgtdpixe.public.blob.vercel-storage.com/scsb_5876_page_44.pdf,https://www.scsb.com.tw/content/csr/csr03_a.html
10060,"本公司現任董事共11席，包含7位董事及4位獨立董事，年齡介於50至83歲間，包括3位女性，兼任公司員工之董事共3位，累積平均任期為7.91年。成員擁有生技、金融、教育及財務金融等產業之豐富經驗與專業，具備執行職務所需之知識、技能與素養，其中亦包括一位國家發展基金管理會代表，提升產業成長動能。4位獨立董事中，1名任期年資在5年以上，其經驗橫跨產、官、學三界，擁有傑出全球生技業生產與製造經驗，故繼續借重專業經驗，給與董事會監督並提供專業意見；另聘任1名美籍人士Jeffrey R. Williams, Mr. Williams專精財務與教育領域，可以就近指導美國子公司相關業務。為持續落實董事會多元化組成，藥華醫藥未來將以董事會任一性別達席次1/3為目標邁進。",G,Yes,為持續落實董事會多元化組成，藥華醫藥未來將以董事會任一性別達席次1/3為目標邁進。,between_2_and_5_years,Yes,"本公司現任董事共11席，包含7位董事及4位獨立董事，年齡介於50至83歲間，包括3位女性，兼任公司員工之董事共3位，累積平均任期為7.91年。成員擁有生技、金融、教育及財務金融等產業之豐富經驗與專業，具備執行職務所需之知識、技能與素養，其中亦包括一位國家發展基金管理會代表，提升產業成長動能。4位獨立董事中，1名任期年資在5年以上，其經驗橫跨產、官、學三界，擁有傑出全球生技業生產與製造經驗，故繼續借重專業經驗，給與董事會監督並提供專業意見；另聘任1名美籍人士Jeffrey R. Williams, Mr. Williams專精財務與教育領域，可以就近指導美國子公司相關業務。為",Clear,pec,6446,29,https://hsxn1sjvkgtdpixe.public.blob.vercel-storage.com/pec_6446_page_29.pdf,https://www.pharmaessentia-esg.com/tw/download/detail#section-1
11931,台達集團著手強化供應鏈管理，計畫逐年增加供應商現場稽核次數，確保廠商實際 ESG 表現與其報告一致，進而提升整體供應鏈的透明度與責任感。為此，台達自 2024 年初啟動稽核／輔導人員培訓計畫，參照正式稽核員標準，組建專責種子團隊，並針對供應鏈 ESG 標準（環境、社會責任、公司治理）進行專業化訓練。此計畫從台灣與中國大陸地區展開，涵蓋必修課程、情境模擬與稽核考試，2024 年累計 25 人完成培訓並取得結訓證書。  為保障稽核品質，初期台達採取三方合作模式，委託第三方機構負責實施稽核，同時由台達團隊陪同稽核訓練與協助供應商輔導，藉此強化台達種子團隊的實務經驗。預計 2026 年起，將採用雙軌稽核流程，由第三方與台達種子團隊共同進行現場稽核，逐步擴大現場稽核範圍，全面推進供應商的永續管理。在 2024 年的執行階段，原定完成 15 家供應商的現場稽核。然而，因應 RBA 8.0 改版內容，台達同步調整 ESG 稽核文件並同步進行台達人員訓練，因此修正計畫最終完成台灣地區 ESG 現場稽核 5 家。未來，稽核範圍將進一步擴展至中國大陸的華東、華南及華西地區，以及泰國、印度等主要供應商據點，全面深化供應鏈的永續發展。,S,Yes,計畫逐年增加供應商現場稽核次數，確保廠商實際 ESG 表現與其報告一致，進而提升整體供應鏈的透明度與責任感。 ｜ 預計 2026 年起，將採用雙軌稽核流程，,within_2_years,Yes,台達自 2024 年初啟動稽核／輔導人員培訓計畫，參照正式稽核員標準，組建專責種子團隊，並針對供應鏈 ESG 標準（環境、社會責任、公司治理）進行專業化訓練。此計畫從台灣與中國大陸地區展開，涵蓋必修課程、情境模擬與稽核考試，2024 年累計 25 人完成培訓並取得結訓證書。   ｜  2024 年的執行階段，原定完成 15 家供應商的現場稽核。然而，因應 RBA 8.0 改版內容，台達同步調整 ESG 稽核文件並同步進行台達人員訓練，因此修正計畫最終完成台灣地區 ESG 現場稽核 5 家。,Clear,delta,2308,69,https://esg.deltaww.com/CSR-Reports,https://esg.deltaww.com/CSR-Reports
10131,在數位經濟日益蓬勃的趨勢下，金融產品多元且複雜，同時也吸引網路創業家、科技廠商涉獵數位金融領域，機會與挑戰亦隨之而來。本集團重視使用者體驗，為形塑更友善之金融商品，提升服務效率、可及性、使用性及品質，打造不受時間與地點限制的專業金融服務，除運用數位科技能力，更結合商業創新，幫助客戶隨時掌握帳務與資金動態，最大化數位應用金融服務效益。,G,No,,,,,,tcfhc,5880,102,https://hsxn1sjvkgtdpixe.public.blob.vercel-storage.com/tcfhc_5880_page_102.pdf,https://esg.tcfhc.com.tw/report-download/
10442,服務本身就是人與人的交流，透過暖心的問好、精準的回應，提升服務的溫度及專業。另一方面，提供多元諮詢管道供客戶使用，並以完備處理流程及公平、合理、有效之原則，妥適處理客戶的寶貴意見，方能使服務的品質不斷提升、符合客戶之期待。,S,Yes,方能使服務的品質不斷提升、符合客戶之期待。,already,Yes,另一方面，提供多元諮詢管道供客戶使用，並以完備處理流程及公平、合理、有效之原則，妥適處理客戶的寶貴意見，,Not Clear,hnfhc,2880,73,https://hsxn1sjvkgtdpixe.public.blob.vercel-storage.com/hnfhc_2880_page_73.pdf,https://www.hnfhc.com.tw/HNFHC/csr/a.do?id=3b652cac56000000f6ca&parent_menu=2
10069,透過選擇有機農業或永續農業生產的食材，以及優化供應鏈以減少能源消耗和運輸成本，航空業能能夠有效降低航餐的碳排放並保護環境。不僅有助於提升企業形象，還能為企業帶來長期的環境、社會和經濟效益。,E,No,,,,,,emc,2603,110,https://hsxn1sjvkgtdpixe.public.blob.vercel-storage.com/emc_2603_page_110.pdf,https://www.evacsr.com/
10299,針對董事會與高階管理層之薪酬，就董事部份本公司訂有「董事酬金給付準則」明訂董事酬金範圍，由審計委員會討論與決議後送至董事會代行股東會職權核定；本公司業於董事會績效考核評分指標訂立「董事會推動永續發展、誠信經營及公平待客原則之重視及具體作為等情形」評核項目，其占比為 12.5%，另建立有永續發展委員會之績效考核機制，將委員督導公司 ESG、公平待客原則等落實情形皆納入永續發展委員會績效考核項目，本公司依據母公司「富邦金融控股股份有限公司暨子公司指派或推薦轉投資公司之董事及監察人作業辦法」及經董事會通過之本公司「公司治理守則」等規定，每年就董事會轄下之永續發展委員會、審計委員會及風險管理委員會等功能性委員會及其委員進行整體績效評估，並將評估結果揭露於公司網站、年報及永續報告書。,G,Yes,每年就董事會轄下之永續發展委員會、審計委員會及風險管理委員會等功能性委員會及其委員進行整體績效評估，並將評估結果揭露於公司網站、年報及永續報告書。,already,Yes,針對董事會與高階管理層之薪酬，就董事部份本公司訂有「董事酬金給付準則」明訂董事酬金範圍，由審計委員會討論與決議後送至董事會代行股東會職權核定；本公司業於董事會績效考核評分指標訂立「董事會推動永續發展、誠信經營及公平待客原則之重視及具體作為等情形」評核項目，其占比為 12.5%，另建立有永續發展委員會之績效考核機制，將委員督導公司 ESG、公平待客原則等落實情形皆納入永續發展委員會績效考核項目，本公司依據母公司「富邦金融控股股份有限公司暨子公司指派或推薦轉投資公司之董事及監察人作業辦法」及經董事會通過之本公司「公司治理守則」等規定，,Clear,fubon,2881,39,https://hsxn1sjvkgtdpixe.public.blob.vercel-storage.com/fubon_2881_page_39.pdf,https://esg.fubonlife.com.tw/esg-report
10265,PFAS具有致癌、持久不分解和易遷移的特性，同時該群組的物質具有優良的熱穩定性，因此該物質群組在世界範圍各行業的使用廣泛，歐盟的化學品管理局與美國環保署近年非常關注全氟與多氟烷基物質(PFAS)的限制使用情況，並陸續公佈相應的法規要求。AVC 2023年已發佈針對該物質群組的限制使用規範，同步進行全面排查，加強與上游供應商、下游客戶之間的溝通，完成相關方之間的物質揭露、物質汰換資訊的傳遞。2024年11月7日歐盟化學品管理局新增磷酸三苯酯(CAS No. 115-86-6)到REACH法規的高度關注物質清單中，AVC同步將該物質列入Green Product綠色產品管理平臺的REACH物質清單中，由供應商對所交付給AVC的材料進行合規申報確認。,G,No,,,,,,avc,3017,86,https://hsxn1sjvkgtdpixe.public.blob.vercel-storage.com/avc_3017_page_86.pdf,https://www.avc.co/zh-tw/CorporateResponsibility/CorporateCSR
10149,影響：  為實踐「全民懂保險」願景，富邦人壽從社區深入偏鄉、從孩童推及長者，透過多元化的金融教育方案，提升大眾保險觀念及防詐意識；亦持續深化「友善好鄰居」計畫，透過在地業務單位的力量，結合產官學界資源關懷弱勢族群；同時積極推廣運動風氣，支持各項運動賽事，展現在社會公益的廣泛影響力。,S,Yes,4月16日,already,Yes,富邦人壽從社區深入偏鄉、從孩童推及長者，透過多元化的金融教育方案，提升大眾保險觀念及防詐意識；亦持續深化「友善好鄰居」計畫，透過在地業務單位的力量，結合產官學界資源關懷弱勢族群；同時積極推廣運動風氣，支持各項運動賽事，展現在社會公益的廣泛影響力。,Clear,fubon,2881,6,https://hsxn1sjvkgtdpixe.public.blob.vercel-storage.com/fubon_2881_page_6.pdf,https://esg.fubonlife.com.tw/esg-report
11360,2022 年起緯創人文基金會為關渡自然公園注入新的守護力量，與台北鳥會攜手合作啟動月池埤塘認養、水鳥繁殖棲地保育計畫，共同守護關渡濕地生態。同時號召緯創關渡志工，進行清除入侵的外來種魚類、水鳥濕地維護、心濕地友善種植等工作，讓志工們更瞭解守護月池埤塘、水鳥濕地的永續與價值。工作結束後則安排自然人文體驗活動，包括前往淡水齊柏林空間參觀特展、自然手作草編蜻蜓與製作鹹鴨蛋，全年辦理 3 場，共 144 位緯創樂服志工參與。,S,No,,,,,,Wistron,3231,197,https://esg.wistron.com/ch/report-download/esg/NoakpM47xGKX/2024SustainabilityReportCH.pdf,https://esg.wistron.com/ch/report-download
11198,前總統蔡英文在 2018 年 8 月 2 日國家住宅及都市更新中心成立揭牌暨開幕活動中表示，都市危險及老舊建築物的補強與重建，是新政府上任以來的重大政策，並定調 2019 年為「都更 2.0 元年」，祭出多項優惠措施，鼓勵公股行庫積極參與都更業務。華南金融集團秉持居住正義的社會責任，並提出「都更三箭」策略：積極投入都更危老融資、信託、分戶房貸等相關金融服務，以滿足重建住戶各項金融服務需求。,S,Yes,華南金融集團秉持居住正義的社會責任，並提出「都更三箭」策略：積極投入都更危老融資、信託、分戶房貸等相關金融服務，以滿足重建住戶各項金融服務需求。,between_2_and_5_years,No,,,hnfhc,2880,101,https://www.hnfhc.com.tw/uploads/file/20250731170734721493.pdf,https://www.hnfhc.com.tw/HNFHC/csr/a.do?id=3b652cac56000000f6ca&parent_menu=2
10999,聯發科技秉持多元與包容的人才策略，恪遵全球各營運據點所在地法規，認同並支持國際人權公約（如聯合國世界人權宣言）所揭橥之人權保護精神與原則，有尊嚴地對待並尊重所有員工，杜絕侵犯及違反人權之行為。,S,Yes,聯發科技秉持多元與包容的人才策略，恪遵全球各營運據點所在地法規，認同並支持國際人權公約（如聯合國世界人權宣言）所揭橥之人權保護精神與原則，有尊嚴地對待並尊重所有員工，杜絕侵犯及違反人權之行為。,already,No,,,mediatek,2454,32,https://hsxn1sjvkgtdpixe.public.blob.vercel-storage.com/mediatek_2454_page_32.pdf,https://corp.mediatek.tw/about/sustainability
10090,呼應萬海的企業精神與經營理念，企業營運以人為本，從內部到外部建立與利害關係人的信任關係。對內透過培養全體員工永續意識、視員工的需求提供多元職涯發展與生活照護，高度尊重人權以建立與員工之間的互信；對外網羅優秀的人才，為專業人才提供可發揮所能的舞台。透過全方位的安全管理，確保在營運過程中達到人安、航安、貨安，打造領先業界的高度安全性，以維持穩健的經營與競爭力。此外，萬海與合作夥伴攜手合作，共同發揮社會影響力，持續關注海洋生態與水資源議題，並提供弱勢族群所需資源，把愛傳遞到最需要的地方，願世上再無光無所不及之處。,E,Yes,萬海與合作夥伴攜手合作，共同發揮社會影響力，持續關注海洋生態與水資源議題，並提供弱勢族群所需資源，把愛傳遞到最需要的地方，願世上再無光無所不及之處。,between_2_and_5_years,Yes,對內透過培養全體員工永續意識、視員工的需求提供多元職涯發展與生活照護，高度尊重人權以建立與員工之間的互信；對外網羅優秀的人才，為專業人才提供可發揮所能的舞台。,Not Clear,wanhai,2615,21,https://hsxn1sjvkgtdpixe.public.blob.vercel-storage.com/wanhai_2615_page_21.pdf,https://esg.wanhai.com/wanhai/download?d=503295611635b4bd41da85
11024,本報告書相關資料由永續發展委員會之六大工作小組進行報告書編撰，由各召集委員覆核相關章節後交由永續辦公室進行彙整，並由永續辦公室最高主管核准，最終經提報董事會後核定發布。財務報表數據為經過安永聯合會計師事務所 (Ernst & Young) 簽證後所公開發表資訊，並以新臺幣為計算單位；環境相關數據之計算基準與單位，則來自於政府公開資訊；社會相關數據則涵蓋財團法人聯發科技教育基金會，其他量化數據單位若有其他特殊意義，將以註解方式說明。,G,No,,,,,,mediatek,2454,89,https://d86o2zu8ugzlg.cloudfront.net/reports/CSR/2024-MediaTek-ESG-Report_Chinese.pdf,https://corp.mediatek.tw/about/sustainability
11850,財報及審計公正性：財務報表的完整詳實，時常取決於外部審計人員能否有效查核管理狀況而不受妨礙干擾。為此，若公司審計人員不具外界公認之獨立性或有非審計費用占總審計費比例過高的情形，則可能反對審計人員任用之相關議案。,G,No,,,,,,cathay,2882,142,https://www.cathayholdings.com/holdings/-/media/97602d5240c34490b999bebd41fb4e5f.pdf?sc_lang=zh-tw,https://www.cathayholdings.com/holdings/esg/reports/reports_download
11271,為了應對全球趨勢，世界各大企業紛紛響應低碳的迫切需求，並提升產品的競爭力。智邦在對環境的永續發展意識上不遺餘力，除了積極執行組織溫室氣體盤查，還專注於開發低碳的產品。2021 年下半年，智邦開始進行產品碳足跡的盤查和驗證，並在 2022 年至 2024 年底，成功完成了三個符合 ISO 14067 標準的碳足跡驗證產品。未來，智邦將繼續計劃性地推動全系列產品的碳排放量盤查工作，以此作為減量規劃的基礎。,E;S,Yes,智邦在對環境的永續發展意識上不遺餘力，除了積極執行組織溫室氣體盤查，還專注於開發低碳的產品。,between_2_and_5_years,Yes,2021 年下半年，智邦開始進行產品碳足跡的盤查和驗證，並在 2022 年至 2024 年底，成功完成了三個符合 ISO 14067 標準的碳足跡驗證產品。未來，智邦將繼續計劃性地推動全系列產品的碳排放量盤查工作，以此作為減量規劃的基礎。,Clear,accton,2345,92,https://www.accton.com.tw/wp-content/uploads/2025/06/Accton-2024ESG-CH.pdf,https://www.accton.com.tw/esg-documents/
11173,"智邦科技主要減碳目標：為 2030 減碳 50%, 2050 淨零碳排。除追蹤溫室氣體排放量外，亦透過其他指標如能源消耗、用電強度、自來水使用、廢棄物產出及回收率追蹤與氣候變遷相關績效。智邦科技重視氣候變遷管理，鼓勵員工共同發想，設立生產誌貝爾獎勵，針對員工提出之優良生產效率提升、節能專案經評估通過後給予優秀提案獎金。",E;S;G,Yes,"智邦科技主要減碳目標：為 2030 減碳 50%, 2050 淨零碳排。",more_than_5_years,Yes,除追蹤溫室氣體排放量外，亦透過其他指標如能源消耗、用電強度、自來水使用、廢棄物產出及回收率追蹤與氣候變遷相關績效。智邦科技重視氣候變遷管理，鼓勵員工共同發想，設立生產誌貝爾獎勵，針對員工提出之優良生產效率提升、節能專案經評估通過後給予優秀提案獎金。,Clear,accton,2345,80,https://www.accton.com.tw/wp-content/uploads/2025/06/Accton-2024ESG-CH.pdf,https://www.accton.com.tw/esg-documents/
10058,"中鋼自建廠完工投產時即成立能源調度中心，集中監測所有能源，如燃氣、電力、蒸汽和氣氮、氣氧、氫氣、氬氣、壓縮空氣等，並整合生產計畫與排程資訊，搭配能源管理資訊系統（integrated-Energy Management System, iEMS）與自行開發的 AI 電力需量預測模組輔助，結合汽電共生鍋爐負載優化演算法進行動態調度，有效提升全廠電力使用效率、降低能源成本，並盡量減少副產品氣體排放。同時管理中鋼用電負載，必要時要求各產線調整用電量以降低用電需量，更積極參與台電需量競價活動，以穩定電力供應。並考量不同燃料的發電成本及台電電價調整自發電量，以盡量減少外購高價燃料如低硫油、天然氣，使各能源得以更經濟地使用。",E,No,,,,,,csc,2002,29,https://hsxn1sjvkgtdpixe.public.blob.vercel-storage.com/csc_2002_page_29.pdf,https://www.csc.com.tw/csc/esg/ov/dow.html
11798,確保廠外長途管線輸送安全，我們除每日派員實施管線巡查外，每季亦實施陰極防蝕電位檢測。另為有效保護管線免於腐蝕洩漏，定期委由專業廠商以管線電流測繪 (PCM) 或緊密電位測量 (CIPS) 進行地下管線包覆層完整性檢測，使用智慧型 PIG (Pipeline Inspection Gauge) 檢測管線厚薄度，同時分別於重要設施設置監視系統及輸儲監控系統，2024 年為避免人員侵入盜油及破壞，與「長庚大學」合作導入 AI 人工智慧影像辨識技術，系統精準辨識若發現人員入侵，將即時發出警告以廣播及警報聲驅離，再由巡檢人員前往現場處理以確保管控輸送作業安全。,S,Yes,確保廠外長途管線輸送安全， ｜ 每季亦實施,more_than_5_years,Yes,我們除每日派員實施管線巡查外，每季亦實施陰極防蝕電位檢測。 ｜ 2024 年為避免人員侵入盜油及破壞，與「長庚大學」合作導入 AI 人工智慧影像辨識技術，系統精準辨識若發現人員入侵，將即時發出警告以廣播及警報聲驅離，再由巡檢人員前往現場處理以確保管控輸送作業安全。,Clear,fpcc,6505,36,https://fpcc-esg.com/upload/files/f_250609091453.pdf,https://fpcc-esg.com/
10661,國巨在中長期經營目標中承諾擴大在台投資，即因了解全球化市場下的在地性依然不能被忽視，因此因素，在供應商的選擇與考量方面，國巨亦注重在地採購之精神，除依照國巨之需求評估外，將優先採用當地供應商。,S,Yes,國巨在中長期經營目標中承諾擴大在台投資，,already,Yes,國巨亦注重在地採購之精神，除依照國巨之需求評估外，將優先採用當地供應商。,Not Clear,yageo,2327,42,https://hsxn1sjvkgtdpixe.public.blob.vercel-storage.com/yageo_2327_page_42.pdf,https://www.yageogroup.com/About/Sustainability
10292,在餐損管理策略，除透過大數據分析輔以專業人員經驗精準預測旅客報到率，藉以調整各航線減量訂餐比率，持續降低餐損。此外藉由 CM (Amadeus Altéa Departure Control Customer Management) 追蹤轉機旅客搭乘之前段航班 NO SHOW 人數與班機狀態，以推算該班旅客報到情形並調整餐數、降低餐損。全球訂餐人員定期實施年度訓練，持續訓練提升人員控餐技巧，搭配公司推行網路報到及早掌握旅客報到人數，避免餐點浪費。,E,Yes,在餐損管理策略，除透過大數據分析輔以專業人員經驗精準預測旅客報到率，藉以調整各航線減量訂餐比率，持續降低餐損。 ｜ 定期實施年度訓練，持續訓練提升人員控餐技巧，,longer_than_5_years,Yes,定期實施年度訓練，持續訓練提升人員控餐技巧，,Not Clear,emc,2603,116,https://hsxn1sjvkgtdpixe.public.blob.vercel-storage.com/emc_2603_page_116.pdf,https://www.evacsr.com/
11476,凱基金控每年定期審視利害關係人關注焦點，2024年依據AA1000利害關係人議合標準（AA1000SES），以責任、影響力、張力、多元觀點、依賴性等5大原則，分析國際永續發展法規與趨勢，參照國內外同業，檢視並確立凱基金控八大利害關係人（股東與投資人、員工、客戶、社區、被投資戶、供應商、政府與主管機關、媒體），並透過盡職調查管道，了解利害關係人於日常營運中所關注之議題，將之納入考量。,S,Yes,凱基金控每年定期審視利害關係人關注焦點,already,Yes,2024年依據AA1000利害關係人議合標準（AA1000SES），以責任、影響力、張力、多元觀點、依賴性等5大原則，分析國際永續發展法規與趨勢，參照國內外同業，檢視並確立凱基金控八大利害關係人（股東與投資人、員工、客戶、社區、被投資戶、供應商、政府與主管機關、媒體），並透過盡職調查管道，了解利害關係人於日常營運中所關注之議題，將之納入考量。,Clear,kgi,2883,10,https://www.kgi.com/zh-tw/-/media/files/cdf/esg/download/reports-and-certificates/reports/2024esgreport.pdf,https://www.kgi.com/zh-tw/esg
11569,目前本行董事會下設薪資報酬委員會、審計暨永續委員會、風險管理委員會、提名暨問責委員會與自有大樓重建規劃委員會，以有效發揮董事會職能，提升董事會決策品質。此外，本行已於 2024 年 11 月 15 日第 22 屆董事會第 3 次會議中通過，由審計暨永續委員會督導、審議永續發展事務，爰變更審計委員會之名稱為審計暨永續委員會，該委員會成員全部由獨立董事組成。,G,Yes,目前本行董事會下設薪資報酬委員會、審計暨永續委員會、風險管理委員會、提名暨問責委員會與自有大樓重建規劃委員會，以有效發揮董事會職能， ｜ 提升董事會決策品質。,already,Yes,本行已於 2024 年 11 月 15 日第 22 屆董事會第 3 次會議中通過，由審計暨永續委員會督導、審議永續發展事務，,Clear,scsb,5876,34,https://www.scsb.com.tw/content/csr/files/csr03_a/2024report.pdf,https://www.scsb.com.tw/content/csr/csr03_a.html
11870,2024 年共參與 5 場校園徵才博覽會與企業說明會，強化雇主品牌曝光，吸引 932 位學生投遞履歷。另透過暑期與學期實習計畫，提供學生實務歷練機會，畢業後優先加入公司，拓展穩定且高潛力的校園人才來源。近五年實習計畫有 23% 的實習生於畢業後加入緯穎科技。,S,No,,,,,,wiwynn,6669,96,https://www.wiwynn.com/hubfs/ESG/2025/files/Wiwynn_Sustainability_Report_ZH.pdf#pdfjs.action=download,https://www.wiwynn.com/zh/esg?srsltid=AfmBOorvFrT1ZHOSpBKt9v6gwVkwdiWT6ZYLhQDWqQ06r_frvS6qSFZM
11294,公司定期舉辦健康講座，讓女性員工在繁忙的工作中依然能關心自己的身體狀況。此外，每年在台灣各辦公區舉行的健康檢查中，專門為女性員工設計的檢查項目，讓員工能夠提早發現並預防潛在健康問題。為了提供懷孕員工更為細緻的照護服務，公司不僅設有專門課程，解答孕期中各種可能遇到的問題，成為孕期女性的最佳伴侶，幫助她們在孕期中從容應對各種挑戰。,S,Yes,公司定期舉辦健康講座，讓女性員工在繁忙的工作中依然能關心自己的身體狀況。此外，每年在台灣各辦公區舉行的健康檢查中， ｜ ，專門為女性員工設計的檢查項目，讓員工能夠提早發現並預防潛在健康問題。為了提供懷孕員工更為細緻的照護服務，公司不僅設有專門課程，解答孕期中各種可能遇到的問題，成為孕期女性的最佳伴侶，幫助她們在孕期中從容應對各種挑戰。,more_than_5_years,Yes,專門為女性員工設計的檢查項目，讓員工能夠提早發現並預防潛在健康問題。 ｜ 公司不僅設有專門課程，解答孕期中各種可能遇到的問題，成為孕期女性的最佳伴侶，幫助她們在孕期中從容應對各種挑戰。,Clear,Wistron,3231,166,https://esg.wistron.com/ch/report-download/esg/NoakpM47xGKX/2024SustainabilityReportCH.pdf,https://esg.wistron.com/ch/report-download
10672,首度參與 2024 臺灣科普環島列車，與公部門及其他企業單位合作，聯合 4 校高中學子擔任主講，透過志工培訓加深高中生對半導體產業的認識，並使其將所學轉化為科學關卡，帶領全臺 31 所國中小學認識半導體及水資源知識，除向下紮根科普教育，亦協助高中生透過活動增加個人經驗及能力。  由基金會號召同仁組成的聯電愛故事劇團，2024 年演出第 7 部舞台劇《不放棄的溫柔》共 5 場次，劇本中融入了對聯合國永續發展目標 (SDGs) 的關注，透過戲劇演出讓學生們認識永續，並關懷身邊的人的需要。,S,No,,,,,,umc,2303,186,https://hsxn1sjvkgtdpixe.public.blob.vercel-storage.com/umc_2303_page_186.pdf,https://www.umc.com/zh-TW/Download/corporate_sustainability_reports
11552,此外，本公司落實永續理念至日常營運，將其列為首要營業政策。未來將持續依循永續策略藍圖「企業永續、環境永續、社會永續」之願景，落實「RISE」-Resilience 建構韌性經營、Inclusion 領航永續金融、Synergy 創造多元共融、Enrichment 豐富環境共好之 4 大策略主軸，持續實踐 ESG 作為，積極規劃多元金融商品及服務，運用金融影響力與利害關係人共同追求經濟、環境及社會共融。,,Yes,本公司落實永續理念至日常營運，將其列為首要營業政策。 ｜ 未來將持續依循永續策略藍圖「企業永續、環境永續、社會永續」之願景，,already,No,,,tcfhc,5880,14,https://esg.tcfhc.com.tw/uploads/download_item/download_file_zh/14/2024_ESG_REPORT_zh.pdf,https://esg.tcfhc.com.tw/report-download/
11615,大立光依法建置『職業安全衛生體系』，包含：安衛管理制度與訓練、生產設備自主檢查、作業環境測定、內部安全衛生查核、健康檢查與醫療照護、緊急應變與演練、職業災害管理、法定報備及承攬商管理與施工查核等安衛工作事項。職安衛自主管理措施，包含人員職前訓練、在職訓練及證照訓練等；對潛在危險加以鑑別並分級管控，機器設備安全操作標準以降低員工作業的風險，也要求對作業環境測定、緊急應變與逃生演練、定期健康檢查並分級主動關懷，若發生災害及時提供醫療照護、職業災害管理與內部安全衛生查核，防範廠內災害及減少風險產生，持續改善安衛工作。在硬體設施，則依據各類法規、國際規範與公司標準進行規劃、設計與施工，由稽核與安衛單位負責安全與衛生的管理、查核及改善，將安全衛生做到事半功倍之效。,S,Yes,大立光依法建置『職業安全衛生體系』，包 ｜ 持續改善安衛工作。 ｜ 國際規範與公司標準進行規劃、設計與施工，,more_than_5_years,Yes,安衛管理制度與訓練、生產設備自主檢查、作業環境測定、內部安全衛生查核、健康檢查與醫療照護、緊急應變與演練、職業災害管理、法定報備及承攬商管理與施工查核等安衛工作事項。 ｜ 職安衛自主管理措施，包含人員職前訓練、在職訓練及證照訓練等；對潛在危險加以鑑別並分級管控，機器設備安全操作標準以降低員工作業的風險，也要求對作業環境測定、緊急應變與逃生演練、定期健康檢查並分級主動關懷，｜ 由稽核與安衛單位負責安全與衛生的管理、查核及改善，將安全衛生做到事半功倍之效。,Clear,largan,3008,83,https://www.largan.com.tw/tw/tool-download/esg_1_files/file/19/2024%E5%B9%B4ESG%E6%B0%B8%E7%BA%8C%E5%A0%B1%E5%91%8A%E6%9B%B8?note=,https://www.largan.com.tw/tw/esg
10755,合庫持續透過導入多項 ISO 國際標準準查 ( 驗 ) 證、推動綠色採購與綠色辦公、取得綠建築標章、結合政府節能診斷服務務實踐節能減碳，以及實施內部碳定價機制等措施，積極將排放溫室氣體的外部成本內部化，強化辨識與管控碳排放相關風險與機會，邁向低碳永續經營。,E,Yes,積極將排放溫室氣體的外部成本內部化，強化辨識與管控碳排放相關風險與機會，邁向低碳永續經營。,already,Yes,合庫持續透過導入多項  ｜ ISO  ｜ 國際標準準查  ｜ (  ｜ 驗  ｜ )  ｜ 證、推動綠色採購與綠色辦公、取得綠建築標章、結合政府節能診斷服務務實踐節能減碳，以,Clear,tcfhc,5880,158,https://hsxn1sjvkgtdpixe.public.blob.vercel-storage.com/tcfhc_5880_page_158.pdf,https://esg.tcfhc.com.tw/report-download/
10586,本公司董事會下設有「誠信經營委員會」(自2025年6月13日起調整為永續暨誠信經營委員會)，負責誠信經營政策制定及監督執行，以期由上而下，風行草偃地徹底落實誠信經營，使誠信經營成為本公司之骨血。本公司於2024年8月9日召開誠信經營委員會(下稱委員會)會議乙次，於該次委員會推舉主任委員、了解稽核處依據不誠信行為風險評估結果辦理之2023年度誠信經營執行情形報告(含2023年不誠信行為風險評估結果)。,G,Yes,以期由上而下，風行草偃地徹底落實誠信經營，使誠信經營成為本公司之骨血。,already,Yes,設有「誠信經營委員會」(自2025年6月13日起調整為永續暨誠信經營委員會)，負責誠信經營政策制定及監督執行， ｜ 本公司於2024年8月9日召開誠信經營委員會(下稱委員會)會議乙次，於該次委員會推舉主任委員、了解稽核處依據不誠信行為風險評估結果辦理之2023年度誠信經營執行情形報告(,Clear,kgi,2883,41,https://hsxn1sjvkgtdpixe.public.blob.vercel-storage.com/kgi_2883_page_41.pdf,https://www.kgi.com/zh-tw/esg
11891,目標與標的：永續經營且穩健持續成長與獲利的財務績效。  承諾：穩定創造經濟價值。  管理措施：  (1) 保持良好財務結構，做銷售、生產、研發等堅強後盾。  (2) 規劃短中長期資金運用方式，在穩健原則下創造最大資金報酬。,G,Yes,目標與標的：永續經營且穩健持續成長與獲利的財務績效。  承諾：穩定創造經濟價值。,between_2_and_5_years,Yes,(1) 保持良好財務結構，做銷售、生產、研發等堅強後盾。  (2) 規劃短中長期資金運用方式，在穩健原則下創造最大資金報酬。,Not Clear,emc2,2383,17,https://www.emctw.com/upload/media/New_CSR/csr_report/2024_EMC_ESG%20report_TW.pdf,https://www.emctw.com/zh-TW/csr_report/index
10992,113 年 4 個執行小組與 2 個推動小組持續進行公司治理強化、空氣污染減量、社區總體營造、定期風險評估、溫室氣體管理及智慧產線開發等業務之推動，並依規劃落實 113 年 ESG 目標。113 年度共完成環境面目標 9 件、社會面目標 12 件及治理面目標 11 件。詳細執行成果請參閱公司官網。114 年執行規則則依 114 年初已完成制定之 ESG 目標，逐步落實永續發展承諾。,E;S;G,Yes,113 年 4 個執行小組與 2 個推動小組持續進行公司治理強化、空氣污染減量、社區總體營造、定期風險評估、溫室氣體管理及智慧產線開發等業務之推動，並依規劃落實 113 年 ESG 目標。1,already,Yes,11 ｜ 13 年度共完成環境面目標 9 件、社會面目標 12 件及治理面目標 11 件。詳細執行成果請參閱公司官網。114 年執行規則則依 114 年初已完成制定之 ESG 目標，逐步落實永續發展承諾。,Clear,csc,2002,60,https://hsxn1sjvkgtdpixe.public.blob.vercel-storage.com/csc_2002_page_60.pdf,https://www.csc.com.tw/csc/esg/ov/dow.html
11815,混凝土28天強度是客戶驗收的關鍵標準，卻常受天氣變化與含水率波動影響。CIMPOR整合攪拌站與預拌車之運輸感測資料，預拌作業流程的數位化，從工廠到澆置點，全程100%監控混凝土品質；台泥低碳研發中心、製品廠與台泥資訊開發AI強度預測模型，首先建構28天抗壓強度預測模型，結合出廠數據、客戶需求與預拌車運輸數據，即時預測最終強度，減少不必要的資源浪費；未來將進一步依據強度目標，主動推算建議配比參數，實現智慧化混凝土製程調控。,S,Yes,未來將進一步依據強度目標，主動推算建議配比參數，實現智慧化混凝土製程調控。,between_2_and_5_years,Yes,混凝土28天強度是客戶驗收的關鍵標準，卻常受天氣變化與含水率波動影響。CIMPOR整合攪拌站與預拌車之運輸感測資料，預拌作業流程的數位化，從工廠到澆置點，全程100%監控混凝土品質；台泥低碳研發中心、製品廠與台泥資訊開發AI強度預測模型，首先建構28天抗壓強度預測模型，結合出廠數據、客戶需求與預拌車運輸數據，即時預測最終強度，減少不必要的資源浪費；,Clear,tcc,1101,24,https://media.taiwancement.com/web_tcc/comm/pdf/Sustainability_Report/2024/TW/%E5%8F%B0%E6%B3%A52024%E5%B9%B4%E6%B0%B8%E7%BA%8C%E5%A0%B1%E5%91%8A%E6%9B%B8.pdf,https://www.tccgroupholdings.com/tw/esgReport.html
11604,"為強化供應鏈管理，長榮航空將主要採購類別分為五大類，包含燃油採購、機務維修與航材備品採購、地勤運務採購、機上服務用品與餐飲採購、維運庶務採購。由於各合作廠商性質迥異，部分廠商年度交易金額低或非常態性採購，因此統整第一階供應商為年度採購金額達新臺幣 1,200 萬之供應商，並依照採購類別，對不同類別的供應商進行區分，同時篩選出關鍵供應商。統計 2024 年度之第一階供應商共計 186 家，第一階關鍵供應商共計 50 家，第一階關注供應商計 51 家；此外，長榮航空亦要求供應商回覆其上游關鍵供應商永續管理狀況，非第一階關鍵供應商計 29 家。",S,No,,,,,,emc,2603,70,https://www.evacsr.com/archive/doc/download/EVA_CSR_CH_2024.pdf,https://www.evacsr.com/
11404,"當有職業災害、虛驚事故、影響身心健康事件發生，經通報確認事故後，事故單位與安衛部門組成「意外事故調查小組」，由事故單位提出矯正對策並與安衛部門檢討審查與持續改善追蹤，事故發生部門必須進行原因分析 (Root Cause Analysis, RCA) 包含直接、間接與基本原因，並確實提出改善與預防對策，以避免事故再發，始可結案。優於法令頻率召開每月安全衛生委員會，由事故單位報告及宣導職災原因及改善方案，避免其他單位發生類似事件，2024 年虛驚事故統計共 21 件，改善重點為液體相關事件 (15 件，占最高比率有 71.4%)，並均已提出對應之改善預防措施。",S,Yes,"由事故單位提出矯正對策並與安衛部門檢討審查與持續改善追蹤，事故發生部門必須進行原因分析 (Root Cause Analysis, RCA) 包含直接、間接與基本原因，並確實提出改善與預防對策，以避免事故再發，",more_than_5_years,Yes,始可結案。優於法令頻率召開每月安全衛生委員會，由事故單位報告及宣導職災原因及改善方案，避免其他單位發生類似事件，2024 年虛驚事故統計共 21 件，改善重點為液體相關事件 (15 件，占最高比率有 71.4%),Clear,npc,1303,14,https://www.nanya.com/ESG/storage/file/e3e8387b-3a38-4f10-b520-779f221bf0e9?v=1774280210,https://www.nanya.com/ESG/tw
10076,為更積極地回應全球自然目標 (Global Goal for Nature)，並持續關注生態環境、尊重生態平衡、維護瀕危物種。緯創於 2023 年逐步建構對自然暨生物多樣性保育依賴性與衝擊程度的評估方法及指標，並制定相關工作目標。我們致力於在 2050 年實現對自然正向 (Nature Positive) 的貢獻，同時也訂定對供應商有關生物多樣性和不毀林的行為準則，包括保護生態環境、禁止濫伐森林、保護自然棲息地、避免土地污染等。,E,Yes,為更積極地回應全球自然目標 (Global Goal for Nature)，並持 ｜ 持續關注生態環境、尊重生態平衡、維護瀕危物種。 ｜ 致力於在  ｜ 2050  ｜ 年實現對自然正向  ｜ (Nature  ｜ Positive)  ｜ 的貢獻，,longer_than_5_years,Yes,緯創於  ｜ 2023  ｜ 年逐步建構對自然暨生物多樣性保育依賴性與衝擊程度的評估方法及指標，並制定相關工作目標。 ｜ 訂定對供應商有關生物多樣性和不毀林的行為準則，包括保護生態環境、禁止濫伐森林、保護自然棲息地、避免土地污染等,Not Clear,wistron,3231,91,https://hsxn1sjvkgtdpixe.public.blob.vercel-storage.com/wistron_3231_page_91.pdf,https://esg.wistron.com/ch/report-download
11986,依循營運地點的法令規範及社會責任、建立良好公司治理制度，並落實資訊安全之管理，以達成本業所承諾的經濟績效，帶領企業持續朝永續經營發展。,G,Yes,依循營運地點的法令規範及社會責任、建立良好公司治理制度，並落實資訊安全之管理，以達成本業所承諾的經濟績效，帶領企業持續朝永續經營發展。,already,No,,,mediatek,2454,13,https://d86o2zu8ugzlg.cloudfront.net/reports/CSR/2024-MediaTek-ESG-Report_Chinese.pdf,https://corp.mediatek.tw/about/sustainability
10114,緯創遵循 ISO 45001 環安衛管理系統，充分了解工作環境中的危險因素和風險。透過對公司內所有相關人員（包括員工、臨時人員、承包商、訪客以及其他人員）造成的影響進行評估，以確保所有人員都有正確的認知。確保員工在一個健康、安全的工作環境中工作。,S,Yes,確保員工在一個健康、安全的工作環境中工作。,between_2_and_5_years,Yes,遵循  ｜ ISO  ｜ 45001  ｜ 環安衛管理系統，充分了解工作環境中的危險因素和風險。透過對公司內所有相關人員（包括員工、臨時人員、承包商、訪客以及其他人員）造成的影響進行評估，,Clear,wistron,3231,161,https://hsxn1sjvkgtdpixe.public.blob.vercel-storage.com/wistron_3231_page_161.pdf,https://esg.wistron.com/ch/report-download
10834,"聯電持續透過各項節能措施精進廠內能源使用效率，2024 年電力及天然氣合計節省 222,798 MWh，相當於減少 103,409 公噸 CO₂e 之排放。",E,Yes,聯電持續透過各項節能措施精進廠內能源使用效率，,already,Yes,"2024  ｜ 年電力及天然氣合計節省  ｜ 222,798  ｜ MWh，相當於減少  ｜ 103,409  ｜ 公噸  ｜ CO₂e  ｜ 之排放。",Clear,umc,2303,107,https://hsxn1sjvkgtdpixe.public.blob.vercel-storage.com/umc_2303_page_107.pdf,https://www.umc.com/zh-TW/Download/corporate_sustainability_reports
11143,兆豐集團於《永續發展實務守則》明訂薪資報酬政策及員工績效考核制度宜與永續發展政策結合。自 2022 年起，將永續報告書編製、氣候風險管理、公司治理等項目納入專案管理考核，考核成績須另簽報首長同意，並透過《員工獎金及酬勞發給規則》與年度績效獎金連結占比達 10%。2025 年擴大氣候變遷績效連結考核範疇，除原有專案考核項目持續進行外，修訂通過《子公司年度考核實施規則》及《子公司風險管理考核辦法》，納入 ESG 業務及管理績效指標為子公司董事長、總經理獎金及酬勞之調整相關事宜重要依據，影響幅度占考核總分 7%，其中分為管理績效 5% (包括溫室氣體範疇 1、2、3 減量目標落實情形) 及業務績效 2% (包括綠電及再生能源產業放款餘額成長率、永續發展債券投資與承銷金額成長率等)。未來將持續積極推動高階主管績效與永續績效連結機制，將 ESG 各面向績效納入高階主管績效考核指標。,G,Yes,未來將持續積極推動高階主管績效與永續績效連結機制，將  ESG 各面向績效納入高階主管績效考核指標。,between_2_and_5_years,Yes,於《永續發展實務守則》明訂薪資報酬政策及員工績效考核制度宜與永續發展政策結合。 ｜ 自 2022 納入 ｜ 並透過《員工獎金及酬勞發給規則》與年度績效獎金連結占比達  ｜ 10%。 ｜ 納入 ESG  業務及管理績效指標為子公司董事長、總經理獎金及酬勞之調整相關事宜重要依據，影響幅度占考核總分  ｜ 7%，其中分為管理績效  5%  ｜ (包括溫室氣體範疇  ｜ 1、2、3   減量目標落實情形)  ｜ 及業務績效 2%  ｜ (包括綠電及再生能源產業放款餘額成長率、永續發展債券投資與承銷金額成長率等)。,Clear,mega,2886,57,https://esg.megaholdings.com.tw/apifrontend/file/pdf/20250703140425535_%E5%85%86%E8%B1%90%E9%87%91%E6%8E%A72024%E6%B0%B8%E7%BA%8C%E5%A0%B1%E5%91%8A%E6%9B%B8_%E4%B8%AD%E6%96%87%E7%89%88.pdf,https://esg.megaholdings.com.tw/frontend/Download
11811,和泰汽車環管業務行動計畫於 2018 年展開，首先建立環管基礎資訊系統，檢核及追蹤環保表現數據，並強化推廣環保理念；2019-2020 年為創造環保價值，完成服務廠暑熱對應與再生能源建設，並推動示範據點；2021-2024 年則將優良範例做法推廣到其他據點及海內外和泰集團關係企業，持續擴展環管業務作為、強化環境影響力。2025 年將持續精進，逐步朝零碳排淨零排放目標前進。    和泰汽車持續執行環境永續行動，並爭取價值鏈合作夥伴之認同與加入。各項環境永續行動經整合經銷商服務廠及物流中心等體系，執行並優化及改善後，再逐步推展至全公司及各協力廠商。和泰集團亦持續投資環境永續，除定期舉辦環境教育、優先採購環保與節能設備、妥善處理廢棄物外，亦於楊梅廠區導入 ISO14001:2015 環境管理系統驗證 (EMS)，並自 2019 年起連續 5 年通過外部查證。,E,Yes,2025 年將持續精進，逐步朝零碳排淨零排放目標前進。 ｜ 和泰汽車持續執行環境永續行動，並爭取價值鏈合作夥伴之認同與加入。 各項環境永續行動經整合經銷商服務廠及物流中心等體系，執行並優化及改善後，再逐步推展至全公司及各協力廠商。和泰集團亦持續投資環境永續，除定期舉辦環境教育、優先採購環保與節能設備、妥善處理廢棄物外，亦於楊梅廠區導入 ISO14001:2015 環境管理系統驗證 (EMS)，並自 2019 年起連續 5 年通過外部查證。,more_than_5_years,Yes,和泰汽車環管業務行動計畫於 2018 年展開，首先建立環管基礎資訊系統，檢核及追蹤環保表現數據，並強化推廣環保理念；2019-2020 年為創造環保價值，完成服務廠暑熱對應與再生能源建設，並推動示範據點；2021-2024 年則將優良範例做法推廣到其他據點及海內外和泰集團關係企業，持續擴展環管業務作為、強化環境影響力。｜ 各項環境永續行動經整合經銷商服務廠及物流中心等體系，執行並優化及改善後，再逐步推展至全公司及各協力廠商。和泰集團亦持續投資環境永續，除定期舉辦環境教育、優先採購環保與節能設備、妥善處理廢棄物外，亦於楊梅廠區導入 ISO14001:2015 環境管理系統驗證 (EMS)，並自 2019 年起連續 5 年通過外部查證。,Clear,hotaimotor,2207,94,https://www.hotaimotor.com.tw/htfile/report-files/1758159596647/2024%20%E6%B0%B8%E7%BA%8C%E5%A0%B1%E5%91%8A%E6%9B%B8.pdf,https://www.hotaimotor.com.tw/Sustainability/Reports
10240,水資源  台灣及中國大陸水泥廠：取水強度2030年降至0.000248百萬公升/噸膠結材料；位於水壓力地區之廠區取水量年減1.2%  台灣製品廠：混凝土淡水取水強度2025年減少0.5%；2030年減少1.5%；2050減少3.5%  CIMPOR：取水強度2030年降至0.0002百萬公升/噸水泥,E,Yes,台灣及中國大陸水泥廠：取水強度2030年降至0.000248百萬公升/噸膠結材料；位於水壓力地區之廠區取水量年減1.2%  台灣製品廠：混凝土淡水取水強度2025年減少0.5%；2030年減少1.5%；2050減少3.5%  CIMPOR：取水強度2030年降至0.0002百萬公升/噸水泥,longer_than_5_years,No,,,tcc,1101,90,https://hsxn1sjvkgtdpixe.public.blob.vercel-storage.com/tcc_1101_page_90.pdf,https://www.tccgroupholdings.com/tw/esgReport.html
10352,亞瑞仕國際驗證股份有限公司 ( 以下簡稱亞瑞仕 ) 已受大立光電股份有限公司為相對獨立的組織，亞瑞仕除了針對企業 2024 年度永續報告書進行評估和查證意見外，與大立光電股份有限公司並無任何商業上的關係。本獨立保證意見聲明書的目的，僅作為對下列所述大立光電股份有限公司之永續報告書內容的獨立保證，亞瑞仕僅對大立光電股份有限公司負責。對於任何依據本獨立保證意見聲明書的利害相關者，則非於亞瑞仕及其所指定人員之應用，或闡述獨立保證意見聲明書的任何人，亞瑞仕並未承擔法律責任亦無承擔任何訴訟賠償之責任。,G,No,,,,,,largan,3008,4,https://hsxn1sjvkgtdpixe.public.blob.vercel-storage.com/largan_3008_page_4.pdf,https://www.largan.com.tw/tw/esg
10871,緯創重視與供應商的合作與成長，以永續採購政策為基底，並回應客戶的需求，制定永續供應鏈發展策略，包含優化策略供應商核心競爭力、深化區域性策略合作，以及強化供應鏈永續韌性。透過落實這些策略，緯創能夠加強供應商在技術、資源及市場適應力上的競爭優勢，並透過區域合作提升供應鏈的靈活性和效率，最終實現一個更加穩定、靈活且具韌性的永續供應鏈體系，更快速變化的全球市場環境。,G,Yes,加強供應商在技術、資源及市場適應力上的競爭優勢，並透過區域合作提升供應鏈的靈活性和效率，最終實現一個更加穩定、靈活且具韌性的永續供應鏈體系，更快速變化的全球市場環境。,between_2_and_5_years,Yes,以永續採購政策為基底，並回應客戶的需求，制定永續供應鏈發展策略，包含優化策略供應商核心競爭力、深化區域性策略合作，以及強化供應鏈永續韌性。,Not Clear,wistron,3231,240,https://hsxn1sjvkgtdpixe.public.blob.vercel-storage.com/wistron_3231_page_240.pdf,https://esg.wistron.com/ch/report-download
11909,"本報告書依循全球報告倡議組織所發布之 2021 年版永續性報導準則 ( Global Reporting Initiative Standards, GRI Standards ) 及臺灣證券交易所頒布之「上市上櫃公司編製與申報永續報告書作業辦法」撰寫，並同時參考「氣候相關財務揭露建議 ( Task Force on Climate-Related Financial Disclosures, TCFD )」、美國永續會計準則委員會 ( Sustainability Accounting Standards Board, SASB ) 2023 年所發布之半導體業 ( Semiconductors ) 永續會計準則指標揭露相關內容。",E,No,,,,,,alchip,3661,4,https://www.alchip.com/upload/2025_12_30/3_202512301527131uw1v1jhM1.pdf,https://www.alchip.com/tw/About_Alchip/esg
10453,透過發放財務重大性評估問卷，台新企業永續功能小組之 14 位高階主管協助進行永續議題財務重大性評估，綜合參考營收 ( revenue )、成本 ( cost ) 與風險 ( risk ) 三個構面，將各項議題的財務重大性評分進行加總平均，計算出各永續議題的財務重大性數值。本年度台新綜合「衝擊重大性」與「財務重大性」產出雙重重大性 ( double materiality ) 矩陣，鑑別對公司財務營運與對外部衝擊皆具顯著影響之雙重重大性主題。,G,No,,,,,,taishin,2887,22,https://hsxn1sjvkgtdpixe.public.blob.vercel-storage.com/taishin_2887_page_22.pdf,https://www.tsholdings.com.tw/tsh/responsibility/report/
11591,"專案執行及發票開立執行之文件，由紙本更改為系統及線上表單簽核，節省4,764張A4紙張；專案文件簽核流程系統化、資料篩選流程自動化及整合廣告平台追蹤系統，縮短作業時間，提升效率，亦降低辦公室耗電，達到碳排放減量，節省4,748.7小時。",E,Yes,"案文件簽核流程系統化、資料篩選流程自動化及整合廣告平台追蹤系統，縮短作業時間，提升效率，亦降低辦公室耗電，達到碳排放減量，節省4,748.7小時。",already,Yes,"由紙本更改為系統及線上表單簽核，節省4,764張A4紙張；",Clear,twm,3045,104,https://corp.taiwanmobile.com/pdf/2024_C_ESG.pdf,https://corp.taiwanmobile.com/esg/esg-report.html
10657,透過檢視永續性風險評估問卷之結果，鑑別出具潛在衝擊並加上與日月光投控業務緊密度高之供應商，對其導入實體永續性稽核與輔導，以確認其風險狀況並且持續降低風險。2024 年，我們共執行 229 家第一階原物料供應商實體永續性稽核 ( 包含現場 / 遠端稽核與 RBA VAP )。,S,Yes,透過檢視永續性風險評估問卷之結果，鑑別出具潛在衝擊並加上與日月光投控業務緊密度高之供應商，對其導入實體永續性稽核與輔導，以確認其風險狀況並且持續降低風險。,already,Yes,2024 年，我們共執行 229 家第一階原物料供應商實體永續性稽核 ( 包含現場 / 遠端稽核與 RBA VAP )。,Clear,aseh,3711,210,https://hsxn1sjvkgtdpixe.public.blob.vercel-storage.com/aseh_3711_page_210.pdf,https://www.aseglobal.com/ch/csr/csr-download/
11856,"中鋼公司軋鋼三廠榮獲經濟部「113 年節能標竿暨推動能源教育標竿獎」A 組最高榮譽金獎，在節能減碳方面表現卓越獲得表揚。軋鋼三廠推動 AI 智慧工廠，透過自主研發的「智慧燃燒監控系統」取代傳統人工量測，於第二連續退火線退火爐的 300 組燃燒器中安裝了自主研發的智慧型感測器，將燃燒器相關數據傳輸至「物聯網平台」進行燃燒效率分析，並整合了現場製程與程控電腦等資訊，大幅提升了退火爐的運作效率，每年減少 803 萬的燃氣成本及 1,077.355 公噸的碳排放。「退火爐燃燒智慧監控系統」運用人工智慧、大數據、雲端運算及專家經驗的數位轉型成功典範，未來中鋼將推展智慧創新技術，實踐中鋼「智慧精緻鋼廠」目標。",E,Yes,未來中鋼將推展智慧創新技術，實踐中鋼「智慧精緻鋼廠」目標。,more_than_5_years,Yes,"軋鋼三廠推動 AI 智慧工廠，透過自主研發的「智慧燃燒監控系統」取代傳統人工量測，於第二連續退火線退火爐的 300 組燃燒器中安裝了自主研發的智慧型感測器，將燃燒器相關數據傳輸至「物聯網平台」進行燃燒效率分析，並整合了現場製程與程控電腦等資訊，大幅提升了退火爐的運作效率，每年減少 803 萬的燃氣成本及 1,077.355 公噸的碳排放。",Clear,csc,2002,30,https://www.csc.com.tw/csc/esg/pdf/hr-2024.pdf,https://www.csc.com.tw/csc/esg/ov/dow.html
11607,審計委員會為本公司風險管理之最高指導單位，依據「風險管理政策與程序」識別「氣候變遷風險」，此議題由企業永續發展委員會依據 TCFD 氣候相關財務揭露建議書進行重大鑑別與管理。環境工作小組每季定期向企業永續發展委員會呈報公司營運據點氣候風險、能源效率等評估與計畫，以及供應鏈中的各項環境影響評估及目標設定，且每年定期向企業永續發展委員會及主任委員（副董事長暨執行長）彙報當年度執行計畫及檢視過去執行績效，最後將討論及執行成果每年定期向董事會報告。,G,Yes,環境工作小組每季定期向企業永續發展委員會呈報公司營運據點氣候風險、能源效率等評估與計畫，以及供應鏈中的各項環境影響評估及目標設定，且每年定期向企業永續發展委員會及主任委員（副董事長暨執行長）彙報當年度執行計畫及檢視過去執行績效，最後將討論及執行成果每年定期向董事會報告。,already,No,,,mediatek,2454,61,https://d86o2zu8ugzlg.cloudfront.net/reports/CSR/2024-MediaTek-ESG-Report_Chinese.pdf,https://corp.mediatek.tw/about/sustainability
11068,作為 ICT 產業的領導者，緯創深信，唯有以謙遜與持續反思為基礎，方能引領產業邁向永續未來。我們以「利他」為核心經營哲學，將企業韌性視為實現永續發展的關鍵。對緯創而言，真正的韌性不僅在於應對外部挑戰，更在於為利害關係人創造實質附加價值，推動社會與環境的全面進步，最終實現更美好的生活品質，並產生深遠的正向影響力。,G,Yes,對緯創而言，真正的韌性不僅在於應對外部挑戰，更在於為利害關係人創造實質附加價值，推動社會與環境的全面進步，最終實現更美好的生活品質，並產生深遠的正向影響力。 ｜ 推動社會與環境的全面進步，,between_2_and_5_years,No,,,wistron,3231,11,https://esg.wistron.com/ch/report-download/esg/NoakpM47xGKX/2024SustainabilityReportCH.pdf,https://esg.wistron.com/ch/report-download
10223,環境保護  產品中存在限制物質之風險  • 有害物質禁用技術標準  • 料件管理 e 化系統  • 料件承認與檢驗  • 內、外部稽核  有害物質排放風險  • 設計階段預先排除高污染物質  • 製造階段減少各項有害物質之使用量以減少廢棄量,E,No,,,,,,ltc,2301,21,https://hsxn1sjvkgtdpixe.public.blob.vercel-storage.com/ltc_2301_page_21.pdf,https://www.liteon.com/zh-tw/esgoverview/esg-overview
11463,另為管理本集團營運過程對於環境面產生的影響，每年透過 ISO 14064-1 溫室氣體、ISO 14001 環境管理、ISO 50001 能源管理，以及 2023 年新增之 ISO 46001 水資源效率管理等系統之認證，精確管理碳排放情形、能源及水資源使用。在綠色金融方面，子公司華南銀行除了在授信審查流程中加入 ESG 審查因子，另外推出綠色融資專案，提供客戶資金作為購置再生能源、節能、儲能、污染防制之設備或系統等綠色資本性支出。以及連結永續績效之融資服務、啟動「輔導中小企業淨零轉型融資專案」，協助客戶邁向淨零轉型。我們亦持續投資綠色產業、綠色債券，關注淨零議題帶來的機會，就每一面向佈局未來，為下一代打造更乾淨、永續的環境。,E,Yes,每年透過 ISO 14064-1 溫室氣體、ISO 14001 環境管理、ISO 50001 能源管理，以及 2023 年新增之 ISO 46001 水資源效率管理等系統之認證，｜ 我們亦持續投資綠色產業、綠色債券， ｜ 為下一代打造更乾淨、永續的環境。,already,Yes,每年透過 ISO 14064-1 溫室氣體、ISO 14001 環境管理、ISO 50001 能源管理，以及 2023 年新增之 ISO 46001 水資源效率管理等系統之認證，精 ｜ 子公司華南銀行除了在授信審查流程中加入 ESG 審查因子， ｜ ，提供客戶資金作為購置再生能源、節能、儲能、污染防制之設備或系統等綠色資本性支出。,Clear,hnfhc,2880,5,https://www.hnfhc.com.tw/uploads/file/20250731170734721493.pdf,https://www.hnfhc.com.tw/HNFHC/csr/a.do?id=3b652cac56000000f6ca&parent_menu=2
11475,合庫銀行 2024 年底已建置 175 家雙語分行（占國內分行總數 66.79%），提供專屬英語服務櫃檯、外國人常用文件表單、營業廳場所雙語標示及叫號機等設備，亦配置多國語言翻譯機，服務非英語系國家客戶。另在日本觀光客往來頻繁的南京東路、圓山、中壢、台中、高雄分行加碼推出日語服務，讓外籍旅客享受溫暖的友善金融服務。,S,Yes,2024 年底已建置 175 家雙語分行（ ｜ 讓外籍旅客享受溫暖的友善金融服務。,already,Yes,專屬英語服務櫃檯、外國人常用文件表單、營業廳場所雙語標示及叫號機等設備，亦配置多國語言翻譯機， ｜ 日本觀光客往來頻繁的南京東路、圓山、中壢、台中、高雄分行加碼推出日語服務，,Clear,tcfhc,5880,101,https://esg.tcfhc.com.tw/uploads/download_item/download_file_zh/14/2024_ESG_REPORT_zh.pdf,https://esg.tcfhc.com.tw/report-download/
10137,陽明海運岸勤人員每年定期施作績效考核及晉升作業，績效考核作業每年進行一次，並於每年初進行績效目標設定，年中進行期中面談，年末進行績效考核，以肯定從業人員貢獻，激發潛能，提昇個人工作與組織營運績效並配合公司經營理念與發展願景，經由職位升遷資格條件之規範，拔擢優秀人才，激勵員工士氣，提高生產力。受考核者須於期初時填寫「工作目標規劃」，內容包含當年度個人工作目標及個人發展計劃，至期中面談階段，主管與被考核者進行面談，以了解被考核者工作情形或有需改善、主管協助之處等。期末考核時由員工自行自評，填寫工作目標達成狀況、工作態度及對未來職務發展之意向。針對考核成績不佳的員工，主管將會進行員工輔導改善計畫。為有效達成溫室氣體減排目標，特定部門如工務部、船務部、運務部等已訂定相關 KPI，如：溫室氣體盤查專案之執行、使用生質燃油試行船舶來降低硫氧化物、氮氧化物及碳排放、建立船舶碳排放監測和報告系統、追蹤和評估船舶碳排放量等目標，並與績效獎金連結，鼓勵全體員工共同為節能碳排努力。,S,Yes,陽明海運岸勤人員每年定期施作績效考核及晉升作業，績效考核作業每年進行一次，並於每年初進行績效目標設定，年中進行期中面談，年末進行績效考核，以肯定從業人員貢獻，激發潛能，提昇個人工作與組織營運績效並配合公司經營理念與發展願景，經由職位升遷資格條件之規範，拔擢優秀人才，激勵員工士氣，提高生產力。,longer_than_5_years,Yes,受考核者須於期初時填寫「工作目標規劃」，內容包含當年度個人工作目標及個人發展計劃，至期中面談階段，主管與被考核者進行面談，以了解被考核者工作情形或有需改善、主管協助之處等。期末考核時由員工自行自評，填寫工作目標達成狀況、工作態度及對未來職務發展之意向。針對考核成績不佳的員工，主管將會進行員工輔導改善計畫。為有效達成溫室氣體減排目標，特定部門如工務部、船務部、運務部等已訂定相關 KPI，如：溫室氣體盤查專案之執行、使用生質燃油試行船舶來降低硫氧化物、氮氧化物及碳排放、建立船舶碳排放監測和報告系統、追蹤和評估船舶碳排放量等目標，並與績效獎金連結，鼓勵全體員工共同為節能碳排努力。,Clear,ymtc,2609,143,https://hsxn1sjvkgtdpixe.public.blob.vercel-storage.com/ymtc_2609_page_143.pdf,https://esg.yangming.com/esg/sustainability_report/1/
11322,關注計畫推動的實質影響力，聯發科技透過長期且持續性的策略規劃，對標教育及社會領域的痛點。充分運用公司的核心能力和資源，設計創新的解決方案，不僅回應當前的需求，更著眼於未來的發展，務求創造持續性改變。,S,Yes,關注計畫推動的實質影響力，聯發科技透過長期且持續性的策略規劃，對標教育及社會領域的痛點。充分運用公司的核心能力和資源，設計創新的解決方案，不僅回應當前的需求，更著眼於未來的發展，務求創造持續性改變。,already,No,,,mediatek,2454,73,https://d86o2zu8ugzlg.cloudfront.net/reports/CSR/2024-MediaTek-ESG-Report_Chinese.pdf,https://corp.mediatek.tw/about/sustainability
11327,聯電採用規模評估方法，優先評估產品中的原料。透過成份分析，產品中矽含量超過 99%，其餘為微量金屬，如：鋁、鈷、鈦、鐵、銅、鎳、鉭。聯電優先管理這些原料，避免原料在採礦或製造階段對環境與社會的負面影響。,E,No,,,,,,umc,2303,69,https://www.umc.com/upload/media/07_Sustainability/72_Reports_and_Results/1_Corporate_Sustainability_Reports/CSR_Reports/CS_Reort_chinese_pdf/2024_CSR_report_chi/UMC-2024-CH-elink.pdf,https://www.umc.com/zh-TW/Download/corporate_sustainability_reports
10055,為協助籌募資金投入綠色或社會效益投資項目，合庫銀行依循國際資本市場協會（ICMA）之綠色債券原則（Green Bond Principles 2021）、社會債券原則（Social Bond Principles 2021）、可持續發展債券指引原則（Sustainability Bond Guidelines 2021）訂定「綠色及永續定期存款計畫書」。2023 年推出「綠色及永續定期存款」專案，所募資金將運用於再生能源及能源科技發展、能源使用效率提升及能源節約、廢棄物回收處理或再利用之綠色投資計畫及可負擔的住宅、創造就業及可減輕或避免因社會潛在危機所導致失業之社會效益投資計畫為主。截至 2024 年底，累計承作金額達 28.6 億元，另 2024 年度綠色及永續定期存款資金運用報告已取得會計師有限確信報告。,E,Yes,為協助籌募資金投入綠色或社會效益投資項目，合庫銀行依循國際資本市場協會（ICMA）之綠色債券原則（Green Bond Principles 2021）、社會債券原則（Social Bond Principles 2021）、可持續發展債券指引原則（Sustainability Bond Guidelines 2021）訂定「綠色及永續定期存款計畫書」。,already,Yes,2023 年推出「綠色及永續定期存款」專案，所募資金將運用於再生能源及能源科技發展、能源使用效率提升及能源節約、廢棄物回收處理或再利用之綠色投資計畫及可負擔的住宅、創造就業及可減輕或避免因社會潛在危機所導致失業之社會效益投資計畫為主。截至 2024 年底，累計承作金額達 28.6 億元，另 2024 年度綠色及永續定期存款資金運用報告已取得會計師有限確信報告。,Clear,tcfhc,5880,84,https://hsxn1sjvkgtdpixe.public.blob.vercel-storage.com/tcfhc_5880_page_84.pdf,https://esg.tcfhc.com.tw/report-download/
10939,兆豐銀行與兆豐銀行文教基金會長年推動基層體育，持續向下紮根，自 2017 年起兆豐銀行便與美利達展開長期合作，近兩年更提升成為經典百 k 賽事的冠名贊助夥伴，2024 年贊助「兆豐銀行美利達彰化經典百 K」單車賽事活動新臺幣 120 萬元。兆豐銀行董事長雷仲達表示：“兆豐銀行非常鼓勵同仁培養運動習慣，近年組成「兆豐 Mega 車隊」參加經典百 k 賽事，塑造積極向上的企業文化。”,S,Yes,長年推動基層體育，,already,Yes,自  ｜ 2017  ｜ 年起兆豐銀行便與美利達展開長期合作，近兩年更提升成為經典百  ｜ k  ｜ 賽事的冠名贊助夥伴，2024  ｜ 年贊助「兆豐銀行美利達彰化經典百  ｜ K」單車賽事活動新臺幣  ｜ 120  ｜ 萬元。 ｜ k ,Clear,mega,2886,149,https://hsxn1sjvkgtdpixe.public.blob.vercel-storage.com/mega_2886_page_149.pdf,https://esg.megaholdings.com.tw/frontend/Download
10154,此外，為了提升員工的綜合能力並支持企業的長期發展，研華學院設立了四大學院架構，分別為管理學院、專業學院、通識學院及新人學院。這些學院專注於不同領域的學習需求，涵蓋員工的不同職涯階段與發展方向。以下說明各學院的重點行動方案：,S,Yes,研華學院設立了四大學院架構，,already,Yes,別為管理學院、專業學院、通識學院及新人學院。這些學院專注於不同領域的學習需求，涵蓋員工的不同職涯階段與發展方向。以下說明各學院的重點行動方案：,Clear,acl,2395,142,https://hsxn1sjvkgtdpixe.public.blob.vercel-storage.com/acl_2395_page_142.pdf,https://esg.advantech.com/zh-tw/downloads/sustainability-report
10254,本公司「公司治理守則」規定董事會成員組成宜考量多元化，並就本身運作、營運型態及發展需求以擬訂適當之多元化政策及具體管理目標，宜包括但不限於：一、基本條件與價值：性別、年齡、國籍及文化等，其中女性董事比率宜達董事席次 1/3；二、專業知識與技能：專業背景 ( 如法律、會計、產業、財務、行銷或科技 )、專業技能及產業經歷等兩大面向之標準。為確保董事會成員多元性，並兼顧檢視與討論 ESG 議題之能力，母公司金控對於本公司董事會成員之派任首重董事之專業背景，目前本公司董事會成員背景跨及財務、法務、商務、金融科技、風險管理等專業；年齡分布為 30-39 歲 1 人、40-49 歲 1 人、50-59 歲 3 人、60-69 歲 3 人及 70-79 歲 1 人。另為維持董事會之獨立性，本公司設有 4 席獨立董事及 5 席符合獨立性情形之董事，獨立董事與符合獨立性情形董事占全體董事比例分別達 44.4% 與 55.6%，除持續維持過半席次符合獨立性情形之董事外，並為確保獨立董事得以客觀行使職權，避免因久任降低其獨立性，本公司之獨立董事連續任期均未超過 9 年 ( 即未連任超過 3 屆 )。截至 2024/12/31 止，現任全體董事之平均任期為 3.6 年。有關董事會成員薪酬資訊，請詳本公司 2024 年度年報 P.31-32 及本公司官網。    海外子公司董事會之獨立與多元性說明請詳附錄 8、海外人壽子公司環境、員工面資訊及公司治理概況。,G,Yes,為維持董事會之獨立性， ｜ 確保獨立董事得以客觀行使職權，避免因久任降低其獨立性，,already,Yes,本公司設有 4 席獨立董事及 5 席符合獨立性情形之董事，獨立董事與符合獨立性情形董事占全體董事比例分別達 44.4% 與 55.6%，除持續維持過半席次符合獨立性情形之董事外， ｜ 本公司之獨立董事連續任期均未超過 9 年 ( 即未連任超過 3 屆 )。截至 2024/12/31 止，現任全體董事之平均任期為 3.6 年。有關董事會成員薪酬資訊，請詳本公司 2024 年度年報 P.31-32 及本公司官網。,Clear,fubon,2881,35,https://hsxn1sjvkgtdpixe.public.blob.vercel-storage.com/fubon_2881_page_35.pdf,https://esg.fubonlife.com.tw/esg-report
11316,29 棟舊行舍取得鑽石級綠建築標章、3 棟新建行舍取得黃金級綠建築標章、1 棟舊行舍取得銀級綠建築標章、1 棟舊行舍取得銅級綠建築標章、3 棟舊行舍取得合格級綠建築標章、1 棟舊行舍取得PASS級綠建築標章。,E,No,,,,,,ffhc,2892,69,https://csr.firstholding.com.tw/tc/doc/reports/20251631443101222245124_tc.pdf,https://csr.firstholding.com.tw/tc/csr_report.html
10065,"台積公司藉由 TDDM 方法學，每年依照不同的調查目的，執行重大議題的盤點與分析，形塑一個完整的調查週期。首年進行議題蒐集、調查與分析，重新定義具重大性的永續議題，並於次一年度檢視重大議題的變化，探討重大議題之間的因果關係，進而掌握重大議題與行動方案間的相互關聯，確保行動有效性。民國 112 年，台積公司邀請 1,693 位內外部利害關係人，以及超過 233 位負責推動永續業務的公司主管及同仁綜合考量利害關係人關注、組織營運衝擊與永續發展衝擊，鑑別出 14 個重大議題，經 ESG 委員會確認後，向董事會呈報。",G,Yes,台積公司藉由 TDDM 方法學，每年依照不同的調查目的，執行重大議題的盤點與分析，形塑一個完整的調查週期。首年進行議題蒐集、調查與分析，重新定義具重大性的永續議題，並於次一年度檢視重大議題的變化，探討重大議題之間的因果關係，進而掌握重大議題與行動方案間的相互關聯，確保行動有效性。民,already,Yes,"民國 112 年，台積公司邀請 1,693 位內外部利害關係人，以及超過 233 位負責推動永續業務的公司主管及同仁綜合考量利害關係人關注、組織營運衝擊與永續發展衝擊，鑑別出 14 個重大議題，經 ESG 委員會確認後，向董事會呈報。",Clear,tsmc,2330,25,https://hsxn1sjvkgtdpixe.public.blob.vercel-storage.com/tsmc_2330_page_25.pdf,https://esg.tsmc.com/zh-Hant/resources/ESG-data-hub?tab=reportbuilder
11677,緯創藉由提升營運效率，增加員工所得水準。為提供員工優質福利，所有員工皆要求自其受僱日第一天起，由全球各辦公室提供符合當地法令或優於法令標準之相關保險與福利制度。主要營運據點之薪資狀況如下表。台灣地區歷屆非擔任主管職務之全時員工人數及薪資平均數、中位數，可於公開資訊觀測站查詢。,S,Yes,緯創藉由提升營運效率，增加員工所得水準。為提供員工優質福利， ｜ 提升營運效率，增加員工所得水準。,already,Yes,所有員工皆要求自其受僱日第一天起，由全球各辦公室提供符合當地法令或優於法令標準之相關保險與福利制度。主要營運據點之薪資狀況如下表。,Clear,wistron,3231,134,https://esg.wistron.com/ch/report-download/esg/NoakpM47xGKX/2024SustainabilityReportCH.pdf,https://esg.wistron.com/ch/report-download
10686,意義：供應鏈為智邦永續成長的重要夥伴，智邦亦期望與供應鏈夥伴共同落實經濟與治理、環境保護、社會共融等 ESG 面向之企業社會責任，提升永續競爭力，創造永續未來。,E;S;G,Yes,期望與供應鏈夥伴共同落實經濟與治理、環境保護、社會共融等 ESG 面向之企業社會責任，提升永續競爭力，創造永續未來。,between_2_and_5_years,No,,,accton,2345,68,https://hsxn1sjvkgtdpixe.public.blob.vercel-storage.com/accton_2345_page_68.pdf,https://www.accton.com.tw/esg-documents/
10085,集團總體淨零目標：鴻海承諾到2050年實現整個價值鏈的溫室氣體淨零排放。  近期目標：鴻海承諾到2030年，將範疇一、二和三的溫室氣體絕對排放量在2020年的基礎上減少42%。  長期目標：鴻海承諾到2050年，將範疇一、二和三溫室氣體絕對排放量在2020年的基礎上減少90%*。  *註：企業自身運營活動減排超過90%後，透過碳匯或負碳技術等為輔助手段減少殘餘碳排，達到2050淨零碳排。,E,Yes,集團總體淨零目標：鴻海承諾到2050年實現整個價值鏈的溫室氣體淨零排放。   ｜ 近期目標：鴻海承諾到2030年，將範疇一、二和三的溫室氣體絕對排放量在2020年的基礎上減少42%。  長期目標：鴻海承諾到2050年，將範疇一、二和三溫室氣體絕對排放量在2020年的基礎上減少90%*。,longer_than_5_years,Yes,將範疇一、二和三的溫室氣體絕對排放量在2020年的基礎上減少42%。   ｜ 將範疇一、二和三溫室氣體絕對排放量在2020年的基礎上減少90%*。,Clear,honhai,2317,131,https://hsxn1sjvkgtdpixe.public.blob.vercel-storage.com/honhai_2317_page_131.pdf,https://www.honhai.com/zh-tw/CSR
11507,拜訪稅務機關，主動針對國際稅制改革趨勢與進展、國內重大稅務議題進行交流，合力打造健全的稅務環境。參與稅務相關組織舉辦的會議，關注國際稅務趨勢發展，進而管控稅務風險，提升競爭力。,S,Yes,拜訪稅務機關，主動針對國際稅制改革趨勢與進展、國內重大稅務議題進行交流，合力打造健全的稅務環境。參與稅務相關組織舉辦的會議，關注國際稅務趨勢發展，進而管控稅務風險，提升競爭力。,between_2_and_5_years,No,,,tsmc,2330,243,https://esg.tsmc.com/zh-Hant/resources/ESG-data-hub?tab=reportbuilder,https://esg.tsmc.com/zh-Hant/resources/ESG-data-hub?tab=reportbuilder
10643,強化治理韌性 迎向變局中的新契機    面對全球政經不確定性與供應鏈重組挑戰，遠傳持續深化數位治理、資安風險控管與 AI 賦能，提升企業韌性與競爭力。2024 年，遠傳以全球電信業第一名之姿入選「道瓊永續世界指數 (DJSI World)」，並連續 10 年名列「公司治理評鑑」前 5%、連續 7 年入選「臺灣永續指數」，於「TCSA 台灣企業永續獎」囊括 12 座獎項，總獲獎數居全台之冠。    這些成果，來自遠傳全體同仁、供應商、企業夥伴與客戶的共同努力。我們將持續創新精進，在全球局勢變化迅速的時代，以科技為引擎、以永續為方向，引領台灣電信業邁向下一個永續里程碑，攜手迎向變局中的新契機。,G;E;S,Yes,強化治理韌性 迎向變局中的新契機   ｜ 遠傳持續深化數位治理、資安風險控管與 AI 賦能，提升企業韌性與競爭力。 ｜ 我們將持續創新精進，在全球局勢變化迅速的時代，以科技為引擎、以永續為方向，引領台灣電信業邁向下一個永續里程碑，攜手迎向變局中的新契機。,already,Yes,2024 年，遠傳以全球電信業第一名之姿入選「道瓊永續世界指數 (DJSI World)」，並連續 10 年名列「公司治理評鑑」前 5%、連續 7 年入選「臺灣永續指數」，於「TCSA 台灣企業永續獎」囊括 12 座獎項，總獲獎數居全台之冠。,Clear,wanhai,2615,4,https://hsxn1sjvkgtdpixe.public.blob.vercel-storage.com/wanhai_2615_page_4.pdf,https://esg.wanhai.com/wanhai/download?d=503295611635b4bd41da85
11662,我們透過紮實的訓練，讓員工及承攬商強化專業知識及技能，進而提升各項作業安全及品質，降低異常率，達到製程安全、穩定及連續運轉的目標。,S,Yes,我們透過紮實的訓練，讓員工及承攬商強化專業知識及技能，進而提升各項作業安全及品質，降低異常率， ｜ ，達到製程安全、穩定及連續運轉的目標。,between_2_and_5_years,No,,,fpcc,6505,84,https://fpcc-esg.com/upload/files/f_250609091453.pdf,https://fpcc-esg.com/
10414,為強化資安風險治理，2018 年 11 月設置資訊安全專責主管及專責單位，負責規劃、監控及執行資訊安全管理作業；2024 年本公司資安專責人員共 25 人，於每月作業風險管理委員會向總經理提報公司資安狀況共 12 次，每季呈報資訊安全概況予總經理且每年由資安長將前一年度之資訊安全整體執行情形，聯名出具內部控制制度聲明書，提報董事會，2024 年本公司投入資安經費占全部資訊預算費用之比率為 5.44%、無發生重大資訊安全事故。持續延聘安永諮詢服務股份有限公司總經理擔任資安專業顧問，提供本公司董事會資安諮詢顧問服務，強化資訊安全於公司治理中。,G,Yes,為強化資安風險治理， ｜ 強化資訊安全於公司治理中。,already,Yes,2018 年 11 月設置資訊安全專責主管及專責單位，負責規劃、監控及執行資訊安全管理作業；2024 年本公司資安專責人員共 25 人，於每月作業風險管理委員會向總經理提報公司資安狀況共 12 次，每季呈報資訊安全概況予總經理且每年由資安長將前一年度之資訊安全整體執行情形，聯名出具內部控制制度聲明書，提報董事會，2024 年本公司投入資安經費占全部資訊預算費用之比率為 5.44%、無發生重大資訊安全事故。持續延聘安永諮詢服務股份有限公司總經理擔任資安專業顧問，提供本公司董事會資安諮詢顧問服務，,Clear,fubon,2881,102,https://hsxn1sjvkgtdpixe.public.blob.vercel-storage.com/fubon_2881_page_102.pdf,https://esg.fubonlife.com.tw/esg-report
11230,"台新導入空調能源管理系統以監控電力使用，透過系統即時掌控調整設備用電，預期年節電 206,000 度。為了更有效率管理碳排放情形，台新也導入溫室氣體盤查管理系統收集與分析節能資源等數據，對齊 2050 淨零目標。",E,Yes,台新也導入溫室氣體盤查管理系統收集與分析節能資源等數據，對齊 2050 淨零目標。,more_than_5_years,Yes,"台新導入空調能源管理系統以監控電力使用，透過系統即時掌控調整設備用電，預期年節電 206,000 度。",Clear,taishin,2887,83,https://www.tsholdings.com.tw/tsh/responsibility/files/CSR-report/2024-CSR-report_c.pdf,https://www.tsholdings.com.tw/tsh/responsibility/report/
10224,光寶重視員工的身心平衡，鼓勵同仁自發性成立各式性質的休閒社團，並從辦法制度優化、各社群影音宣傳、以及每年盛大舉辦的社團成果展，積極推動社團文化及參與風氣，打造優質、和諧、平衡兼具的工作環境。,S,Yes,光寶重視員工的身心平衡， ｜ 積極推動社團文化及參與風氣，打造優質、和諧、平衡兼具的工作環境。,already,Yes,鼓勵同仁自發性成立各式性質的休閒社團，並從辦法制度優化、各社群影音宣傳、以及每年盛大舉辦的社團成果展，,Clear,ltc,2301,111,https://hsxn1sjvkgtdpixe.public.blob.vercel-storage.com/ltc_2301_page_111.pdf,https://www.liteon.com/zh-tw/esgoverview/esg-overview
10169,2024 年參考業界發生租賃廠房屋頂空調箱火災案例，本公司竹南廠會同房東辦理聯合演練，強化兩廠間的通報與應變能量。藉由演練過程中的 PDCA 循環，檢視公司間的通報聯繫、裝備支援、人員協調等救災流程，優化並擴大減災措施的成效。,S,Yes,。藉由演練過程中的 PDCA 循環，檢視公司間的通報聯繫、裝備支援、人員協調等救災流程，優化並擴大減災措施的成效。,already,Yes,2024 年參考業界發生租賃廠房屋頂空調箱火災案例，本公司竹南廠會同房東辦理聯合演練，強化兩廠間的通報與應變能量。,Clear,accton,2345,146,https://hsxn1sjvkgtdpixe.public.blob.vercel-storage.com/accton_2345_page_146.pdf,https://www.accton.com.tw/esg-documents/
11138,"本公司訂有「安全/衛生/環境政策」,致力建立一個「以人為本」的幸福友善職場, 預防職業災害發生, 保障工作者的安全健康, 並以「零災害」為最終目標。本公司因應董事長改選, 於 2024 年 11 月修訂新版「人權政策」, 將適用對象擴大為「本公司及國內外轉投資公司之人員, 並要求供應商、承攬商及客戶等合作夥伴共同遵守」。另於 2023 年 3 月簽署「多元與共融政策」及「反現代奴役制聲明」, 宣示本公司絕不強迫勞動, 禁用童工或非法勞工, 禁止歧視與職場霸凌, 並尊重不同角度的觀點與價值, 致力創造多元人才得以發揮潛能的職場環境, 以強化企業優勢。",S,Yes,"本公司訂有「安全/衛生/環境政策」,致力建立一個「以人為本」的幸福友善職場, 預防職業災害發生, 保障工作者的安全健康, 並以「零災害」為最終目標。",between_2_and_5_years,Yes,"本公司因應董事長改選, 於 2024 年 11 月修訂新版「人權政策」, 將適用對象擴大為「本公司及國內外轉投資公司之人員, 並要求供應商、承攬商及客戶等合作夥伴共同遵守」。另於 2023 年 3 月簽署「多元與共融政策」及「反現代奴役制聲明」, 宣示本公司絕不強迫勞動, 禁用童工或非法勞工, 禁止歧視與職場霸凌, 並尊重不同角度的觀點與價值, 致力創造多元人才得以發揮潛能的職場環境, 以強化企業優勢。",Clear,fpc,1301,107,https://www.fpg.com.tw/uploads/images/ESG/%E5%8F%B0%E5%A1%912024%E5%B9%B4%E6%B0%B8%E7%BA%8C%E5%A0%B1%E5%91%8A%E6%9B%B8.pdf,https://www.fpg.com.tw/esg/tw/download
11002,"未來五年企業物聯網市場將持續增長，市場規模至 2027 年將達 5,250 億美元，彼時全球物聯網行業人才需求缺口將超過千萬人。研華身為工業電腦與物聯網國際標竿企業，視物聯網人才培育為企業競爭力及企業永續重要發展重點。因此，我們以普及及深化物聯網教育為願景，推動三大主軸、五項研習專案培育物聯網人才。",S,Yes,推動三大主軸、五項研習專案培育物聯網人才。,between_2_and_5_years,Yes,"市場規模至  ｜ 2027  ｜ 年將達  ｜ 5,250  ｜ 億美元，彼時全球物聯網行業人才需求缺口將超過千萬人。 ｜ 視物聯網人才培育為企業競爭力及企業永續重要發展重點。",Clear,acl,2395,219,https://advcloudfiles.advantech.com/csr/Report/2024ESG.pdf,https://esg.advantech.com/zh-tw/downloads/sustainability-report
10163,針對大部份初階團隊的共通需求，規劃 1 堂必修的「商業模式」及 2 堂選修的「跨界合作」、「Pitch 簡報」等培力課程，期待啟發團隊成員對現行提案的更多想像，並務實踏出落地的第一步。,S,No,,,,,,mediatek,2454,74,https://hsxn1sjvkgtdpixe.public.blob.vercel-storage.com/mediatek_2454_page_74.pdf,https://corp.mediatek.tw/about/sustainability
10100,針對利害關係人所關切之重大人權議題，緯創從政策及內部規範之檢視著手，確保各項管理辦法之周延性，同時設定年度績效目標，定期追蹤相關工作計畫之執行成效，並持續依循 RBA 之管理架構進行日常作業稽核，針對缺失項目要求責任單位展開改善計畫，確保相關人權風險得以有效控管及降低。,S,Yes,同時設定年度績效目標，定期追蹤相關工作計畫之執行成效， ｜ 針對缺失項目要求責任單位展開改善計畫，確保相關人權風險得以有效控管及降低。,longer_than_5_years,Yes,並持續依循 RBA 之管理架構進行日常作業稽核，,Clear,wistron,3231,155,https://hsxn1sjvkgtdpixe.public.blob.vercel-storage.com/wistron_3231_page_155.pdf,https://esg.wistron.com/ch/report-download
11728,玉山致力持續優化員工健康照顧及職場安全措施，訂有「玉山金控職業安全衛生政策」，重視工作場所安全，實施危害鑑別及風險評估，以減少潛在危險事件及隱憂，同時提供多元健康促進活動，維護員工身心健康，凝聚員工與眷屬的向心力，成為同仁職涯的靠山。,S,Yes,致力持續優化員工健康照顧及職場安全措施,already,Yes,訂有「玉山金控職業安全衛生政策」，重視工作場所安全，實施危害鑑別及風險評估，以減少潛在危險事件及隱憂，,Clear,esfh,2884,145,https://www.esunfhc.com/zh-tw/-/media/ESUNFHC/Files/CSR/FHC-CSR-Report/2024-Sustainability-ReportChinese.pdf,https://www.esunfhc.com/zh-tw/esg/resource-center/report
10130,本公司主管人員性別比例相近，內勤部級以上主管包含總經理、處級及部級管理人員，總經理轄下一階處級主管女性占比為 50%，部級以上主管女性占比為 47.1%，部級 ( 不含 ) 以下主管女性占比 60.5%。外勤人員的通訊處主管女性占比為 45.5%，其他主管女性占比 60.3%。整體而言，各級主管任一性別比例皆有達 1/3。,S,No,,,,,,fubon,2881,57,https://hsxn1sjvkgtdpixe.public.blob.vercel-storage.com/fubon_2881_page_57.pdf,https://esg.fubonlife.com.tw/esg-report
11801,聯電透過年度內控自評作業，要求所有廠處、部門及子公司需就其作業項目進行自我檢視，包含法令規章遵循、從業道德規範之認知及可能之風險評估，並調整內部控制制度之設計、執行，以落實自我監督機制。此外，稽核處依法令規定及風險考量訂定年度稽核計畫進行相關查核，定期向審計委員會及董事會報告查核結果及追蹤改善情形。,G,Yes,聯電透過年度內控自評作業，要求所有廠處、部門及子公司需就其作業項目進行自我檢視，包含法令規章遵循、從業道德規範之認知及可能之風險評估，並調整內部控制制度之設計、執行，以落實自我監督機制。此外，稽核處依法令規定及風險考量訂定年度稽核計畫進行相關查核，定期向審計委員會及董事會報告查核結果及追蹤改善情形。,already,No,,,umc,2303,35,https://www.umc.com/upload/media/07_Sustainability/72_Reports_and_Results/1_Corporate_Sustainability_Reports/CSR_Reports/CS_Reort_chinese_pdf/2024_CSR_report_chi/UMC-2024-CH-elink.pdf,https://www.umc.com/zh-TW/Download/corporate_sustainability_reports
10681,計畫內容：統一企業針對乳牛的飼養管理，制定了一套完整的技術服務項目，包括預防醫學、畜舍建構、營養配方與飼養管理、DHI 分析、永續經營等 17 個項目。專案的目標是提供乳牛舒適及健康的生活環境，並藉由技術服務提升牧場的永續經營能力。,S,Yes,專案的目標是提供乳牛舒適及健康的生活環境，並藉由技術服務提升牧場的永續經營能力。,between_2_and_5_years,Yes,統一企業針對乳牛的飼養管理，制定了一套完整的技術服務項目，包括預防醫學、畜舍建構、營養配方與飼養管理、DHI 分析、永續經營等 17 個項目。專,Clear,unipresident,1216,38,https://hsxn1sjvkgtdpixe.public.blob.vercel-storage.com/unipresident_1216_page_38.pdf,https://esg.sp88.tw/book.php
11866,鑒於近年氣候變遷造成乾旱發生越趨頻繁，外界利害關係人對於水資源議題日益關切，水資源亦為半導體製程不可或缺的重要資源之一。為及早因應複雜難雜之水資源問題，有效整合預防、節約、應變等管理概念，聯電於 2015 年由執行長核定並頒布「聯電水資源管理政策與承諾」，作為公司因應水資源管理之最高指導原則。而水資源管理行動涵蓋聯電集團的所有營運據點 (100%)，且與前述政策對齊－「追求用水效率極大化，提升上下游價值鏈對水風險之承受度，與節約」，由風險管理暨安環處及廠務工程處跨部門、跨廠區組成的環境規劃與管理小組負責推展及訂定管理目標，如提高單位產品用水量、擴大再生水使用比例等，並定期向企業永續委員會主任委員總經理彙報執行成果，相關績效由企業永續委員會負責管理。,G,Yes,聯電於 2015 年由執行長核定並頒布「聯電水資源管理政策與承諾」，作為公司因應水資源管理之最高指導原則。而水資源管理行動涵蓋聯電集團的所有營運據點 (100%)，且與前述政策對齊－「追求用水效率極大化，提升上下游價值鏈對水風險之承受度，與節約」，,already,Yes,由風險管理暨安環處及廠務工程處跨部門、跨廠區組成的環境規劃與管理小組負責推展及訂定管理目標，如提高單位產品用水量、擴大再生水使用比例等，並定期向企業永續委員會主任委員總經理彙報執行成果，相關績效由企業永續委員會負責管理。,Clear,umc,2303,109,https://www.umc.com/upload/media/07_Sustainability/72_Reports_and_Results/1_Corporate_Sustainability_Reports/CSR_Reports/CS_Reort_chinese_pdf/2024_CSR_report_chi/UMC-2024-CH-elink.pdf,https://www.umc.com/zh-TW/Download/corporate_sustainability_reports
10605,藥華醫藥從生命週期角度檢視廢棄物產出、清除、處理及回收等流程，詳盡記錄投入物質與廢棄物產出量，並委託合格的第三方廢棄物處理廠商進行處置。,E;S,No,,,,,,pec,6446,78,https://hsxn1sjvkgtdpixe.public.blob.vercel-storage.com/pec_6446_page_78.pdf,https://www.pharmaessentia-esg.com/tw/download/detail#section-1
10199,為落實供應商管理政策，合庫督促供應商遵守相關勞動法規及遵循國際人權公約，彙整潛在及可能發生之人權議題，定期對供應商辦理人權盡職調查，包括避免或減少加班或過長的工作時間、設定最長的工作時間、確保男女同工同酬等強迫勞動與性別平等等議題，以掌握風險發生之頻率與影響程度，並針對潛在人權風險議題擬訂減緩措施，作為未來供應商管理政策精進之參考。,S,Yes,為落實供應商管理政策，合庫督促供應商遵守相關勞動法規及遵循國際人權公約，彙整潛在及可能發生之人權議題，定期對供應商辦理人權盡職調查，,longer_than_5_years,Yes,括避免或減少加班或過長的工作時間、設定最長的工作時間、確保男女同工同酬等強迫勞動與性別平等等議題，以,Clear,tcfhc,5880,171,https://hsxn1sjvkgtdpixe.public.blob.vercel-storage.com/tcfhc_5880_page_171.pdf,https://esg.tcfhc.com.tw/report-download/
10310,"為提供客戶完善且不中斷的服務，台新金控所屬各子公司，應依其主管機關規定、營運規模及內部管理需要，個別訂定符合自身之營運持續管理 (Business Continuity Management, BCM) 規範或營運持續計畫，以因應天然災害、資金緊急調度、資訊系統災變或人為事故之危急狀況下，維持重要營運項目，並儘速回復正常營運，減輕災害帶來的衝擊及營運中斷時間，保障客戶及股東的權益，減少風險的衝擊與增加競爭力。",G,Yes,為提供客戶完善且不中斷的服務，台新金控所屬各子公司，應,already,Yes,"別訂定符合自身之營運持續管理 (Business Continuity Management, BCM) 規範或營運持續計畫，以因應天然災害、資金緊急調度、資訊系統災變或人為事故之危急狀況下，維持重要營運項目，並儘速回復正常營運，",Clear,taishin,2887,61,https://hsxn1sjvkgtdpixe.public.blob.vercel-storage.com/taishin_2887_page_61.pdf,https://www.tsholdings.com.tw/tsh/responsibility/report/
10387,"依據美國國家標準暨技術研究院 (NIST, National Institute of Standards and Technology) 標準建立企業資安框架，設置對應的度量指標。要求員工遵守資安規定（如嚴格管制行動儲存裝置）、遵循 SOP 作業程序，並不斷地進行「計劃－實施－查核－行動」(PDCA, Plan-Do-Check-Act) 循環以持續改善。每年兩次對資訊安全管理系統進行內部稽核，稽核結果的發現與建議事項持續進行修正與改進，以確保相關控制措施的有效性及符合法規要求，從而降低潛在的安全風險。",G,Yes,每年兩次對資訊安全管理系統進行內部稽核，稽核結果的發現與建議事項持續進行修正與改進，,already,No,,,umc,2303,49,https://hsxn1sjvkgtdpixe.public.blob.vercel-storage.com/umc_2303_page_49.pdf,https://www.umc.com/zh-TW/Download/corporate_sustainability_reports
10558,近年來，遊蕩動物攻擊事件逐漸上升成為野生動物受傷主因，穿山甲受傷入院原因第一名即是犬攻擊造成。因此 2023 年支持野灣啟動遊蕩犬貓調查計畫，針對穿山甲的活動範圍內，對所有犬貓進行造冊，建立族群資料，並以自動相機記錄犬貓與野生動物的互動；同時對居民進行問卷調查、放養犬貓的原因，期望能夠藉著調查與問卷，證實穿山甲與野生動物受犬貓攻擊的嚴重性，以及理解居民放養犬貓的動機，尋找溝通的基礎，從根源解決遊蕩犬貓的問題，還給野生動物安心生活的山林。,E,Yes,期望能夠藉著調查與問卷，證實穿山甲與野生動物受犬貓攻擊的嚴重性，以及理解居民放養犬貓的動機，尋找溝通的基礎，從根源解決遊蕩犬貓的問題，還給野生動物安心生活的山林。,already,Yes,因此  ｜ 2023  ｜ 年支持野灣啟動遊蕩犬貓調查計畫，針對穿山甲的活動範圍內，對所有犬貓進行造冊，建立族群資料，並以自動相機記錄犬貓與野生動物的互動；同時對居民進行問卷調查、放養犬貓的原因，,Clear,wistron,3231,194,https://hsxn1sjvkgtdpixe.public.blob.vercel-storage.com/wistron_3231_page_194.pdf,https://esg.wistron.com/ch/report-download
11219,緯創構建了一套全面性的供應鏈永續管理流程，涵蓋五大核心步驟：永續規範的遵循、永續風險調查、永續性稽核、輔導改善與能力建置，以及獎勵與汰除機制。此流程旨在確保供應商全面符合供應商行為準則的要求，並有效避免潛在的 ESG 衝突。透過系統性的風險調查與稽核，緯創與供應商逐一確認落實情況，對改善項目提供指導並協助制定行動方案。此外，我們積極推動供應商經濟包容性的實踐與永續韌性的能力建置，透過長期合作，提升供應商在永續發展方面的表現，進一步鞏固緯創在供應鏈中的關鍵角色與影響力。,S,Yes,積極推動供應商經濟包容性的實踐與永續韌性的能力建置，透過長期合作，提升供應商在永續發展方面的表現，進一步鞏固緯創在供應鏈中的關鍵角色與影響力。,more_than_5_years,Yes,構建了一套全面性的供應鏈永續管理流程，涵蓋五大核心步驟：永續規範的遵循、永續風險調查、永續性稽核、輔導改善與能力建置，以及獎勵與汰除機制。,Clear,wistron,3231,243,https://esg.wistron.com/ch/report-download/esg/NoakpM47xGKX/2024SustainabilityReportCH.pdf,https://esg.wistron.com/ch/report-download
11081,「碳索自然」系列活動讓參與者從單純的觀察者，轉化為積極的自然守護者。研華相信，每一次與自然的接觸，都是理解生物多樣性、關懷生態未來的契機。活動不僅強化同仁對 ESG 環境議題的認知，更深化了家庭對保育行動的參與感與責任感。    從個人到群體，從觀察到實作，研華人正以實際行動回應對地球多樣性的珍惜與守護。    研華中國未來將持續推動自然教育導向的員工參與機制，深化企業內部對 ESG 文化的理解與落實。透過設計更多具教育性與參與感的自然體驗活動，讓永續發展的理念從工作場所延伸至每一個家庭與日常選擇，進一步形塑企業與自然、與社會共生共榮的綠色文化。,S,Yes,將持續推動自然教育導向的員工參與機制，深化企業內部對 ESG 文化的理解與落實。,between_2_and_5_years,Yes,設計更多具教育性與參與感的自然體驗活動，讓永續發展的理念從工作場所延伸至每一個家庭與日常選擇，進一步形塑企業與自然、與社會共生共榮的綠色文化。,Not Clear,acl,2395,215,https://advcloudfiles.advantech.com/csr/Report/2024ESG.pdf,https://esg.advantech.com/zh-tw/downloads/sustainability-report
10422,"持續進行工業入侵防禦系統 (Industrial IPS, Intrusion Prevention System) 擴大佈署，可依網路流量偵測與回應，提早發現並阻擋潛在的網路攻擊活動。提升端點設備的異常偵測及防護能力，包含應用程式白名單 (Application Whitelisting) 機制與端點偵測與回應 (EDR, Endpoint Detection and Response) 機制。建置資安協調、自動化與回應 (SOAR, Security Orchestration, Automation and Response) 機制，提升資安事件通報處理效率。增加重要主機特權帳號登入多因子認證防護，可提前發現惡意攻擊行為並阻擋入侵。",G,Yes,"持續進行工業入侵防禦系統 (Industrial IPS, Intrusion Prevention System) 擴大佈署，可依網路流量偵測與回應，提早發現並阻擋潛在的網路攻擊活動。提升端點設備的異常偵測及防護能力，包含應用程式白名單 (Application Whitelisting) 機制與端點偵測與回應 (EDR, Endpoint Detection and Response) 機制。建 ｜ 建置資安協調、自動化與回應 (SOAR, Security Orchestration, Automation and Response) 機制，提升資安事件通報處理效率。增加重要主機特權帳號登入多因子認證防護，可提前發現惡意攻擊行為並阻擋入侵。 ｜ 建 ｜ 提升資安事件通報處理效率。",between_2_and_5_years,No,,,umc,2303,49,https://hsxn1sjvkgtdpixe.public.blob.vercel-storage.com/umc_2303_page_49.pdf,https://www.umc.com/zh-TW/Download/corporate_sustainability_reports
11313,直接員工的績效與公司的生產績效直接相關連，因此對於直接員工各廠區依其產品特性訂有月績效獎金制度，按員工之工作表現發給獎金，並於年度結束時綜合員工全年工之作表現進行年度績效評等。,S,No,,,,,,ltc,2301,91,https://www.liteon.com/upload/media/report_over_20mb/%E3%80%90CH%E3%80%9120250804_%E5%85%89%E5%AF%B6%E7%A7%91%E6%8A%80_ESG_Final.pdf,https://www.liteon.com/zh-tw/esgoverview/esg-overview
11070,華南銀行土城新資訊大樓於 2022 年落成，該大樓位於新北市屬經濟部工業區管轄範圍，為全國工業區採都市更新方式興建首例，並獲新北市政府指定為新北市工業區都市更新示範基地，興建設計構想為老舊的工業區中創造便捷及價值的廠辦大樓，並退縮建物，增加綠道及廣場，提供舒適的園區連通空間。2023 年 5 月 19 日取得國內綠建築黃金級標章，同年通過內政部頒發優良綠建築入圍證書，並獲頒經濟部工業區全國綠化績優單位之一。本案在綠化量、基地保水、日常節能、廢棄物減量、等指標均有相當高的成效，是傳統工業區廠房類建築少有的金級以上綠建築案例。,E,No,,,,,,hnfhc,2880,132,https://www.hnfhc.com.tw/uploads/file/20250731170734721493.pdf,https://www.hnfhc.com.tw/HNFHC/csr/a.do?id=3b652cac56000000f6ca&parent_menu=2
10119,和碩為了使全體員工都能獲得最完善的關注與照顧，我們鼓勵同仁利用各種管道提出建議，也設立多元溝通管道使同仁可充分表達意見，讓公司可以多方聽取同仁的聲音，藉以改善組織文化與環境氛圍。和碩視員工為重要的資產，除了讓員工樂於工作外，更重視員工生活與工作平衡點之間的經營，適時提供員工關懷及幫助，同時促進企業的高度生產力及員工穩定性。為使同仁隨時掌握公司脈動與經營方向，CEO也親自參與分批舉辦之「與CEO有約」，提供不同層次的溝通方式，透過面對面的談話溝通讓同仁能深入瞭解公司決策。,S,Yes,和碩為了使全體員工都能獲得最完善的關注與照顧， ｜ 藉以改善組織文化與環境氛圍。 ｜ 為使同仁隨時掌握公司脈動與經營方向，C,already,Yes,我們鼓勵同仁利用各種管道提出建議，也設立多元溝通管道使同仁可充分表達意見，讓公司可以多方聽取同仁的聲音， ｜ CEO也親自參與分批舉辦之「與CEO有約」，提供不同層次的溝通方式，透過面對面的談話溝通讓同仁能深入瞭解公司決策。,Clear,pegatron,4938,43,https://hsxn1sjvkgtdpixe.public.blob.vercel-storage.com/pegatron_4938_page_43.pdf,https://www.sustaihub.com/reports/%E5%92%8C%E7%A2%A9%E8%81%AF%E5%90%88%E7%A7%91%E6%8A%80%E8%82%A1%E4%BB%BD%E6%9C%89%E9%99%90%E5%85%AC%E5%8F%B8/e7bdbbd6-7493-401d-a2a2-b39b95a19700/
11243,為了解主管機關政策與未來趨勢，本公司第 7 屆董事會全體董事分別於 2024 年參加由保發中心舉辦「公平待客及洗錢防制進修課程」、「公司治理專題講座－組織韌性關鍵趨勢：數位信任（資安）╳ 永續發展」之董事進修課程，並核發研習證明書，公平待客專責部門另彙整 2024 年全年重要監理政策、保險業評核情形說明、學者專家專題講座簡報等資料，製作書面教材供全體董事自行研讀。依據本公司公平待客深耕行動規劃，呼應金管會 2024 年啟動「防範詐騙及金融犯罪」主題式推廣活動，共辦理 3 場專題講座，強化全員防範金融詐騙的意識與公平待客專業知識，邀集公平待客督導主管與有興趣之同仁共同參與。另依據金管會金融服務業公平待客原則，每年安排全公司內外勤同仁參與公平待客原則 3 小時線上課程，課程內容涵蓋公平待客原則政策與策略、重要資訊宣導、防詐宣導、金融服務業公平待客原則、金融消費爭議案例解析等。,G,Yes,為了解主管機關政策與未來趨勢，,already,Yes,本公司第 7 屆董事會全體董事分別於 2024 年參加由保發中心舉辦「公平待客及洗錢防制進修課程」、「公司治理專題講座－組織韌性關鍵趨勢：數位信任（資安）╳ 永續發展」之董事進修課程，並核發研習證明書，公平待客專責部門另彙整 2024 年全年重要監理政策、保險業評核情形說明、學者專家專題講座簡報等資料，製作書面教材供全體董事自行研讀。依據本公司公平待客深耕行動規劃，呼應金管會 2024 年啟動「防範詐騙及金融犯罪」主題式推廣活動，共辦理 3 場專題講座，強化全員防範金融詐騙的意識與公平待客專業知識，邀集公平待客督導主管與有興趣之同仁共同參與。另依據金管會金融服務業公平待客原則，每年安排全公司內外勤同仁參與公平待客原則 3 小時線上課程，課程內容涵蓋公平待客原則政策與策略、重要資訊宣導、防詐宣導、金融服務業公平待客原則、金融消費爭議案例解析等。,Clear,fubon,2881,75,https://esg.fubonlife.com.tw/esg-report,https://esg.fubonlife.com.tw/esg-report
90092,我們提出以 2021 年為基準年，2030 年 100% 全球營運據點範疇一及二（市場別）絕對排放量下降 90% 及範疇三下降 25% 的科學減碳目標，2050 年達成淨零排放的目標，並將持續以 1.5°C 減排路徑作為內部深度去碳的管理依據，驅動內部低碳轉型、開發創新產品與服務。台達於 2021 年提前四年達成 2017 年所訂定的科學減碳目標（；自 2021 年起以「每單位產值碳排放量」下降作為主要減碳證據，未著重於絕對排放量之變化，且未將新增外包製造與物流所產生之間接排放全面納入範疇三計算，以強化碳排放強度持續下降的呈現效果。,E,Yes,我們提出以 2021 年為基準年，2030 年 100% 全球營運據點範疇一及二（市場別）絕對排放量下降 90% 及範疇三下降 25% 的科學減碳目標， ｜ 2050 年達成淨零排放的目標，並將持續以 1.5°C 減排路徑作為內部深度去碳的管理依據，驅動內部低碳轉型、開發創新產品與服務。,longer_than_5_years,Yes,台達於 2021 年提前四年達成 2017 年所訂定的科學減碳目標（；自 2021 年起以「每單位產值碳排放量」下降作為主要減碳證據，未著重於絕對排放量之變化，且未將新增外包製造與物流所產生之間接排放全面納入範疇三計算，以強化碳排放強度持續下降的呈現效果。,Misleading,delta,2308,119,https://hsxn1sjvkgtdpixe.public.blob.vercel-storage.com/delta_2308_page_119.pdf,https://esg.deltaww.com/CSR-Reports
10924,"光寶的社會參與,由光寶科技及光寶文教基金會共同推動執行。為呼應企業品牌精神,傳達「易於合作,樂於分享」的企業價值,統合運用內外部能量推動四大發展主軸4E:「Enlighten、Empower、Embrace、Educate」,以創新、科技、組織、學習為核心驅動力量,達到推動社會共好的願景。",S,Yes,"為呼應企業品牌精神,傳達「易於合作,樂於分享」的企業價值,統合運用內外部能量推動四大發展主軸4E:「Enlighten、Empower、Embrace、Educate」,以創新、科技、組織、學習為核心驅動力量,達到推動社會共好的願景。",already,No,,,ltc,2301,124,https://hsxn1sjvkgtdpixe.public.blob.vercel-storage.com/ltc_2301_page_124.pdf,https://www.liteon.com/zh-tw/esgoverview/esg-overview
11361,為了維護旅客的權益與健康，長榮航空所提供之客運產品與服務、行銷廣告、推銷及贊助，產品資訊與標示，皆符合政府法令規範，無違反法律規定或相關的自願性規範而遭罰款或巨額罰款之情事。機上服務用品於招商公告明確說明需符合之相關法規規範，各供應商於提案時須提供相關檢驗證明文件，以符合評選作業，例如：食品容器須符合行政院衛生福利部之食品器具、容器、包裝衛生標準規範等，機上亦無販售規定禁止及具爭議性的產品。此外，機位銷售方式，均依法令規範完成報備程序，並經中華民國交通部民用航空局 (CAA) 核准。,S,No,,,,,,emc,2603,47,https://www.evacsr.com/archive/doc/download/EVA_CSR_CH_2024.pdf,https://www.evacsr.com/
11558,面臨氣候變遷帶來的问题與挑戰，日月光投控呼應「巴黎協定」，支持營運據點所在地國家相關環境政策法規，包含台灣《氣候變遷因應法》、歐盟《歐盟氣候法》、中國大陸《2030 年前碳達峰行動方案》，此三項政策及法令依循「巴黎協定」目標制定，台灣與歐盟設定 2050 年達成淨零，中國大陸設定 2060 年達成碳中和，並有碳定價相關規劃，如台灣設立碳費制度、歐盟與中國大陸推動 ETS 碳交易制度，同時，此三項政策皆強調發展再生能源，提高能源效率，促進節能減碳，並提出氣候調適行動方案。日月光投控支持前述法規政策，制定「氣候變遷因應策略」，承諾推動永續製造、重視能源效率與低碳轉型、強化氣候韌性與實現轉型正義，以引導自身與商業夥伴及利害關係人落實低碳轉型，善盡共同保護地球環境之責任。,E,Yes,承諾推動永續製造、重視能源效率與低碳轉型、強化氣候韌性與實現轉型正義，以引導自身與商業夥伴及利害關係人落實低碳轉型，善盡共同保護地球環境之責任。,between_2_and_5_years,Yes,日月光投控支持前述法規政策，制定「氣候變遷因應策略」，,Not Clear,aseh,3711,236,https://www.aseglobal.com/ch/pdf/aseh-2024-csr-ch-final.pdf,https://www.aseglobal.com/ch/csr/csr-download/
10526,國際財務報導準則 ( IFRS ) S1、S2    辦理情形  因應永續資訊財務化之國際趨勢，本公司屬金管會「我國接軌 IFRS 永續揭露準則藍圖」首批適用之上市櫃公司。為順利導入以於 2027 年公告之 2026 年年報揭露永續資訊專章，已成立跨部門之 IFRS 永續揭露準則專案小組，擬定導入計畫負責推動。,E,Yes,因應永續資訊財務化之國際趨勢，已成立跨部門之永續揭露準則專案小組，擬定導入計畫負責推動。,within_2_years,Yes,IFRS已成立跨部門之永續揭露準則專案小組，擬定導入計畫負責推動。,Clear,tcfhc,5880,9,https://hsxn1sjvkgtdpixe.public.blob.vercel-storage.com/tcfhc_5880_page_9.pdf,https://esg.tcfhc.com.tw/report-download/
10126,聯電從長期且深入參與各項社會公益專案中，深知人才為產業發展之本、環境為人類永續之本、教育為改善弱勢之本，有鑑於企業能在友善的環境中茁壯，與社會共好共榮是唯一之道；因此，聯電積極與供應鏈、非營利組織、教育機構等夥伴攜手，持續透過各項社會公益專案的執行發揮影響力，與為社會及環境注入正能量，為打造美好社會而前行。,S,Yes,聯電積極與供應鏈、非營利組織、教育機構等夥伴攜手，持續透過各項社會公益專案的執行發揮影響力，與為社會及環境注入正能量，為打造美好社會而前行。,already,No,,,umc,2303,173,https://hsxn1sjvkgtdpixe.public.blob.vercel-storage.com/umc_2303_page_173.pdf,https://www.umc.com/zh-TW/Download/corporate_sustainability_reports
10545,為厚植供應鏈營運韌性，台積公司持續推動「維舊如新專案」，針對在地供應商營運廠區以「廠房修繕、維修保養、設備汰換」三大面向協助建立供應商廠區程序化管理機制，提升面對異常狀況的應變能力。截至民國 113 年，共協助 5 間供應商，整體產線異常次數自民國 111 年 513 次下降至 82 次、異常下降率達 84%，冰水系統汰換設備年節電 115.5 萬度、減碳 572.2 公噸。,S,Yes,為厚植供應鏈營運韌性，台積公司持續推動「維舊如新專案」，針對在地供應商營運廠區以「廠房修繕、維修保養、設備汰換」三大面向協助建立供應商廠區程序化管理機制，提升面對異常狀況的應變能力。截,between_2_and_5_years,Yes,截至民國 113 年，共協助 5 間供應商，整體產線異常次數自民國 111 年 513 次下降至 82 次、異常下降率達 84%，冰水系統汰換設備年節電 115.5 萬度、減碳 572.2 公噸。,Clear,tsmc,2330,95,https://hsxn1sjvkgtdpixe.public.blob.vercel-storage.com/tsmc_2330_page_95.pdf,https://esg.tsmc.com/zh-Hant/resources/ESG-data-hub?tab=reportbuilder
10092,"麥寮、台西鄉子弟獎助學金    活動簡介  為鼓勵麥寮、台西鄉優秀子弟認真向學，本公司贊助獎助學金，於每年3月及10月間放就讀高中、大學子弟申請    活動成果  ■ 自 2004 年起，獎助學金已持續發放 21 年  ■ 2024 年共 2,071 位優秀子弟獲頒獎助學金，累計金額約 570.4 萬元    利害關係人回饋  麥寮鄉單親的外配母親獨自撫養 2 名女兒，領到台塑獎助學金時表示：「感謝台塑幫助我們家孩子上學！」外配母親因學歷及專長受限，只能靠打零工來養活自己跟 2 名女兒，還好女兒都很貼心懂事，在課業上表現優異，努力讀書，每年孩子成績都達標，所領取台塑獎助學金不但減輕家中負擔，也讓母親感到欣慰，感謝台塑企業一路協助栽培，期待孩子勤學，有能力回饋社會。",S,Yes,為鼓勵麥寮、台西鄉優秀子弟認真向學，本公司贊助獎助學金，於每年3月及10月間放就讀高中、大學子弟申請,longer_than_5_years,Yes,"活動成果  ■ 自 2004 年起，獎助學金已持續發放 21 年  ■ 2024 年共 2,071 位優秀子弟獲頒獎助學金，累計金額約 570.4 萬元    利害關係人回饋  麥寮鄉單親的外配母親獨自撫養 2 名女兒，領到台塑獎助學金時表示：「感謝台塑幫助我們家孩子上學！」外配母親因學歷及專長受限，只能靠打零工來養活自己跟 2 名女兒，還好女兒都很貼心懂事，在課業上表現優異，努力讀書，每年孩子成績都達標，所領取台塑獎助學金不但減輕家中負擔，也讓母親感到欣慰，感謝台塑企業一路協助栽培，期待孩子勤學，有能力回饋社會。",Clear,fpc,1301,148,https://hsxn1sjvkgtdpixe.public.blob.vercel-storage.com/fpc_1301_page_148.pdf,https://www.fpg.com.tw/esg/tw/download
11915,優秀人才的招募是企業成長動能之一，研華打造極具特色的Elite系列招募專案，以「Right People on the Bus」為核心，邀請高度契合與認同企業家精神的優秀人才加入，期許透過此計畫加入之正職員工、能順利適應企業文化，達到80%以上之留任率，並於考核績效上有優於平均的展現。,S,Yes,期許透過此計畫加入之正職員工、能順利適應企業文化，達到80%以上之留任率，,already,Yes,研華打造極具特色的Elite系列招募專案，以「Right People on the Bus」為核心，,Clear,acl,2395,142,https://advcloudfiles.advantech.com/csr/Report/2024ESG.pdf,https://esg.advantech.com/zh-tw/downloads/sustainability-report
11150,問卷調查結果皆提供予相關單位做為各項改善計畫之參考，在彙整各方意見後，公司推出相關改善計畫如下：  - 持續優化推動各項福利措施，以滿足員工需求。  - 辦理多場提升主管領導力課程及專家講座，以強化主管管理能力。  - 辦理 DEI 多元共融相關活動及改善舉措，以推動性別平等與多元化。,G,Yes,在彙整各方意見後，公司推出相關改善計畫如下：,already,Yes,持續優化推動各項福利措施，以滿足員工需求。  - 辦理多場提升主管領導力課程及專家講座，以強化主管管理能力。  - 辦理 DEI 多元共融相關活動及改善舉措，以推動性別平等與多元化。,Clear,cht,2412,135,https://www.cht.com.tw/home/cht/-/media/web/pdf/sustainability/csr-report-download/csr/2024/2024-esg-report-ch.pdf?sc_lang=zh-tw,https://www.cht.com.tw/zh-tw/home/cht/esg
11354,備註：  1. 2 件舉報台灣辦公區採購人員收賄，經查均無確切事證；1 件舉報馬來西亞廠供應商有行賄嫌疑，1 件舉報總部營建部門人員收賄，經查均無確切事證。  2. 1 件舉報緯創資通公司外部流通股售，經查並非緯創公共資產。  3. 1 件舉報子公司未履行採購合約，經協商後雙方對交易條件取得共識；1 件舉報新竹廠區影印機合約議定過程有瑕疵，經查該廠區當時並無議定新約之計畫。  4. 1 件警示外部人士有挖角行為，已提醒相關部門主管留意及採取預防措施；1 件舉報緯創人員盜用其公司員工帳號，經查並非緯創人員行為；1 件舉報台灣辦公區實驗室容留外部人士，經查無確切事證；1 件舉報昆山廠活動使用未授權字體，經查該訊息屬網路釣魚性質；1 件舉報台灣辦公區使用未授權字體，已由法務部門代表與對方完成授權方案協議作業，並於內部要求相關宣傳活動、程式開發專案進行時，以使用開源字體為主，如有特殊字體使用需求，需先提報管理單位評估及同意相關授權合約簽訂。  5. 1 件馬來西亞廠員工舉報獎金發放不公，經溝通後舉報人同意協商結果；1 件舉報原印度廠區之現行管理人歧視，由於緯創已無實質管轄權，故請其另循該廠區現行公司窗口進行申訴；1 件捷克廠員工舉報主管因宗教歧視而不予續約，經查舉報人係因績效不佳因素未獲續約。  6. 1 件舉報台灣辦公區員工交友詐騙，經查受舉報人並非緯創員工；1 件舉報台灣辦公區員工騷擾，經查受舉報人已離職；1 件台灣辦公區員工舉報主管言語霸凌，經查舉報內容與事實不符。  7. 1 件匿名舉報新竹廠區產線人員未遵守安全衛生規範，因無法與舉報人取得更詳盡的資訊，故於人權保護相關案件數合計，並提醒相關部門進行安全衛生宣導。,G,No,,,,,,wistron,3231,217,https://esg.wistron.com/ch/report-download/esg/NoakpM47xGKX/2024SustainabilityReportCH.pdf,https://esg.wistron.com/ch/report-download
10287,### 低碳原物料的開發    CCL 產業減少碳足跡的方案中，除了節能與使用再生能源外，進行綠色產品配方設計來降低產品碳足跡是未來開發 CCL 產品的趨勢。高分子樹脂與功能性填料是 CCL 產品配方中的關鍵材料，選用低碳樹脂與回收再生填料是降低產品碳足跡的有效方案。在低碳樹脂方面，我們在配方設計上採用數種生質基環氧樹脂取代石化基環氧樹脂來達到產品配方低碳的目的。,E,Yes,我們在配方設計上採用數種生質基環氧樹脂取代石化基環氧樹脂來達到產品配方低碳的目的。,already,Yes,用低碳樹脂與回收再生填料是降低產品碳足跡的有效方案。在,Clear,emc2,2383,29,https://hsxn1sjvkgtdpixe.public.blob.vercel-storage.com/emc2_2383_page_29.pdf,https://www.emctw.com/zh-TW/csr_report/index
11939,為因應氣候變遷之議題，世芯電子辨識各項氣候相關風險機會，並訂定出各項因應措施以防止營運中斷、增加綠色營運效能並降低潛在之財務影響風險，例如相關辦公室緊急應變設備之設置、節能減碳措施、節約水能源訓練，並為持續減碳訂定各項低碳策略。,E,Yes,為因應氣候變遷之議題，世芯電子辨識各項氣候相關風險機會，並訂定出各項因應措施以防止營運中斷、增加綠色營運效能並降低潛在之財務影響風險，,already,Yes,例如相關辦公室緊急應變設備之設置、節能減碳措施、節約水能源訓練，並為持續減碳訂定各項低碳策略。,Not Clear,alchip,3661,51,https://www.alchip.com/upload/2025_12_30/3_202512301527131uw1v1jhM1.pdf,https://www.alchip.com/tw/About_Alchip/esg
11163,與風險管理委員會相同，隸屬於董事會下的功能性委員會，其下設置永續經營執行小組，並由總經理擔任執行長，執行本公司永續經營相關事項，包含公司治理、員工照護、責任金融、創新服務、社會承諾（含環境永續）及風險調適六大工作小組，其中，與氣候變遷較為相關之工作小組主要為社會承諾（含環境永續）小組、責任金融小組與風險調適小組，各組別之權責分別列示如下：,S;G,No,,,,,,fubon,2881,117,https://esg.fubonlife.com.tw/esg-report,https://esg.fubonlife.com.tw/esg-report
10382,以核心機會的成熟度結果為基礎，規劃具體可行的行動方案。根據各行動方案的重要性與實施複雜度進行排序與分級，規劃階段性推動策略，並訂定內外部對應之短、中、長期目標，優先採用可量化指標進行後續追蹤與成效管理。,G,Yes,以核心機會的成熟度結果為基礎，規劃具體可行的行動方案。,longer_than_5_years,Yes,並訂定內外部對應之短、中、長期目標，優先採用可量化指標進行後續追蹤與成效管理。,Not Clear,delta,2308,114,https://hsxn1sjvkgtdpixe.public.blob.vercel-storage.com/delta_2308_page_114.pdf,https://esg.deltaww.com/CSR-Reports
11838,本公司訂有「氣候金融作業要點」[3]，本公司及子公司應以燃料煤及非常規油氣相關產業之企業融資活動與債券承銷業務為主要範疇，訂定相關議合及撤資策略，其中企業融資活動以不再新承作燃料煤及非常規油氣相關產業為方向。,E,No,,,,,,yuanta,2885,10,https://www.yuanta.com/Files/TCFDReport/2024/TW/2024TCFD_Report_TC.pdf,https://www.yuanta.com/TW/ESG/ESG-Report
11796,本公司董事會訂立「董事會績效評估辦法」，每年定期對董事會內部自評、董事會成員、各功能性委員會之績效自評進行一次內部評估，評估期間為 2024 年 1 月 1 日至 2024 年 12 月 31 日，最後將評估結果提報董事會。最近年度加強董事會職能之目標與執行情形評估：本公司於 2022 年 6 月 8 日設置第一屆審計委員會及第五屆薪資報酬委員會，負責協助董事會定期評估並訂定董事及經理人之薪資報酬，及定期檢討董事及經理人績效評估與薪資報酬之政策、制度、標準與結構。2024 年董事會內部自評、董事會成員及各功能性委員會內部績效評估結果：良好。,G,Yes,訂立「董事會績效評估辦法」，每年定期對董事會內部自評、董事會成員、各功能性委員會之績效自評進行一次內部評估，,already,Yes,2024 年 1 月 1 日至 2024 年 12 月 31 日，最後將評估結果提報董事會。最近年度加強董事會職能之目標與執行情形評估：本公司於 2022 年 6 月 8 日設置第一屆審計委員會及第五屆薪資報酬委員會，負 ｜ 構。2024 年董事會內部自評、董事會成員及各功能性委員會內部績效評估結果：良好。,Clear,largan,3008,23,https://www.largan.com.tw/tw/tool-download/esg_1_files/file/19/2024%E5%B9%B4ESG%E6%B0%B8%E7%BA%8C%E5%A0%B1%E5%91%8A%E6%9B%B8?note=,https://www.largan.com.tw/tw/esg
11740,為建立安全健康職場環境，並致力於提升友善職場、積極防止事故之發生，提升集團員工及商業夥伴防範未然之職安意識，兆豐金控於 2023 年公布《職業安全衛生宣言》，並於 2025 年訂定集團《職業安全衛生政策》。另針對集團職安衛管理訂定關鍵績效指標，由員工關懷小組按季追蹤管理達成情形並陳報金控永續發展委員會。,S,Yes,為建立安全健康職場環境，並致力於提升友善職場、積極防止事故之發生，提升集團員工及商業夥伴防範未然之職安意識，,already,Yes,兆豐金控於 2023  年公布《職業安全衛生宣言》，並於 2025  年訂定集團《職業安全衛生政策》。另針對集團職安衛管理訂定關鍵績效指標，由員工關懷小組按季追蹤管理達成情形並陳報金控永續發展委員會。,Clear,mega,2886,130,https://esg.megaholdings.com.tw/apifrontend/file/pdf/20250703140425535_%E5%85%86%E8%B1%90%E9%87%91%E6%8E%A72024%E6%B0%B8%E7%BA%8C%E5%A0%B1%E5%91%8A%E6%9B%B8_%E4%B8%AD%E6%96%87%E7%89%88.pdf,https://esg.megaholdings.com.tw/frontend/Download
11040,為實踐企業永續經營的承諾，萬海於 2023 年完成「萬海永續策略藍圖」（以下簡稱：永續策略藍圖），確立公司未來的經營與發展方向。永續策略藍圖緊密契合「顧客至上、全員參與、環境保護、永續經營」的經營理念，透過全體員工的協作及參與，致力於提供客戶卓越的服務品質，同時肩負對環境的保護責任，體現萬海對社會的責任感及永續發展的承諾。秉持「連結、分享、包容」的企業願景，貫徹「以人為本」的信念，萬海從本業為基礎，將服務範圍擴展至全球。透過跨界通力合作，攜手相伴，共同成長，以實現全球共融的目標。隨著全球 ESG 議題不斷演進和市場需求快速變化，萬海持續關注永續發展趨勢，並滾動式調整目標，以因應挑戰和把握機會。,S;E,Yes,為實踐企業永續經營的承諾，萬海於 2023 年完成「萬海永續策略藍圖」（以下簡稱：永續策略藍圖），確立公司未來的經營與發展方向。 ｜ 秉持「連結、分享、包容」的企業願景，貫徹「以人為本」的信念，萬海從本業為基礎，將服務範圍擴展至全球。 ｜ 隨著全球 ESG 議題不斷演進和市場需求快速變化，萬海持續關注永續發展趨勢，並滾動式調整目標，以因應挑戰和把握機會。,between_2_and_5_years,Yes,永續策略藍圖緊密契合「顧客至上、全員參與、環境保護、永續經營」的經營理念，透過全體員工的協作及參與，致力於提供客戶卓越的服務品質，同時肩負對環境的保護責任，體現萬海對社會的責任感及永續發展的承諾。 ｜ 透過跨界通力合作，攜手相伴，共同成長，以實現全球共融的目標。,Not Clear,wanhai,2615,16,https://esg.wanhai.com/wanhai/public/uploads/files/0befa0a821f06b463a7fe253ba59cdde.pdf,https://esg.wanhai.com/wanhai/download?d=503295611635b4bd41da85
10959,EUV 製程需使用氫氣來維持光源的清潔與穩定，每台機台的耗氣量超過 400 公升／分鐘，現行處理方式需添加燃料或空氣，以燃燒式現地處理設備處理製程餘氫。為提升氫氣使用效益，台積公司與工研院綠能系統與環境科技所合作推動「EUV 製程餘氫資源化先期評估專案」，開發 10 瓩的質子交換膜燃料電池（PEMFC），將餘氫中的化學能轉換為電能，經測試在 50% 氫氣、每分鐘 240 公升的流量條件下，可達到 45% 發電效率。,E,Yes,為提升氫氣使用效益，台積公司與工研院綠能系統與環境科技所合作推動「EUV 製程餘氫資源化先期評估專案」，,between_2_and_5_years,Yes,開發 10 瓩的質子交換膜燃料電池（PEMFC），將餘氫中的化學能轉換為電能，經測試在 50% 氫氣、每分鐘 240 公升的流量條件下，可達到 45% 發電效率。,Clear,tsmc,2330,123,https://hsxn1sjvkgtdpixe.public.blob.vercel-storage.com/tsmc_2330_page_123.pdf,https://esg.tsmc.com/zh-Hant/resources/ESG-data-hub?tab=reportbuilder
10919,為使各階層員工接受系統性訓練，台光電子建構「EMC 學院」。以「承擔責任、成就團隊、創造價值」之價值觀為基石，搭配 eHRD 學習平台，以訓練體系為經，職務及階層為緯，以系統化建置學習藍圖。為提供更便利且多元的學習體驗並有效發展專業技能，從 2025 年起 E-Learning 平台正式啟用。,S,Yes,為提供更便利且多元的學習體驗並有效發展專業技能，從 2025 年起 E-Learning 平台正式啟用。,within_2_years,Yes,以「承擔責任、成就團隊、創造價值」之價值觀為基石，搭配 eHRD 學習平台，以訓練體系為經，職務及階層為緯，以系統化建置學習藍圖。,Clear,emc2,2383,68,https://hsxn1sjvkgtdpixe.public.blob.vercel-storage.com/emc2_2383_page_68.pdf,https://www.emctw.com/zh-TW/csr_report/index
10489,"光寶營運與生產據點能源使用以外購電力為大宗，蒸氣為其次，總間接能源使用占光寶能源使用 97% 以上；直接能源使用之化石燃料包括柴油、汽油、天然氣、液化石油氣 (LPG)、乙炔，主要用於緊急發電機、堆高機、公務車、餐廳與宿舍鍋爐等。2024 年光寶能源使用為 1,134,673 千兆焦耳 (GJ)，較 2023 年上升 19,786 GJ ( 上升 1.8%)，能源消耗強度為 9.05 GJ/ 百萬臺幣，較 2023 年能源消耗強度上升 11.3%，主要源於公司新廠進駐、能源使用及提升自動化政策。",E,No,,,,,,ltc,2301,73,https://hsxn1sjvkgtdpixe.public.blob.vercel-storage.com/ltc_2301_page_73.pdf,https://www.liteon.com/zh-tw/esgoverview/esg-overview
10296,隨著 AI 技術的快速發展，市場需求不斷升級，多數客戶對更高效能與更大規模產品的需求日益增長，進而推動新一代數據中心技術的革新。智邦將此視為核心發展方向，持續投入技術創新與優化，確保市場競爭力，並為客戶提供最先進的技術與解決方案，助力其在數位化時代保持領先地位。,S,Yes,持續投入技術創新與優化，,between_2_and_5_years,No,,,accton,2345,40,https://hsxn1sjvkgtdpixe.public.blob.vercel-storage.com/accton_2345_page_40.pdf,https://www.accton.com.tw/esg-documents/
90027,4月16日，公司以4月16日贊助之單一運動賽事與附帶的保險宣導攤位，主張已「有效提升周邊社區整體健康水準與防詐意識」，並以現場發放宣傳品與參與打卡人數作為健康改善與詐騙案件預期下降的間接佐證，未提供任何後續追蹤數據或第三方統計來支持此一長期影響主張。,S,Yes,4月16日,already,Yes,公司以4月16日贊助之單一運動賽事與附帶的保險宣導攤位，主張已「有效提升周邊社區整體健康水準與防詐意識」，並以現場發放宣傳品與參與打卡人數作為健康改善與詐騙案件預期下降的間接佐證，未提供任何後續追蹤數據或第三方統計來支持此一長期影響主張。,Misleading,fubon,2881,6,https://hsxn1sjvkgtdpixe.public.blob.vercel-storage.com/fubon_2881_page_6.pdf,https://esg.fubonlife.com.tw/esg-report
11957,"2024年8月為全球連續第15個創下歷史高溫紀錄的月份，顯示氣候變遷已進入加劇且常態化的階段。面對氣候時代的挑戰與責任，廣達自2021年起即投入氣候議題研究，系統性檢視氣候變遷對企業營運的風險與影響，同時，廣達對全球氣候變遷的重視也展現在具體行動上。2022年承諾採用1.5°C目標情境，依據科學基礎目標倡議 (SBTi) 制定減碳路徑，並於2024年正式通過SBTi審查，強化減碳承諾的國際公信力。近年亦積極深化內部永續意識教育，2024年更進一步展開企業內部碳定價方法學之研究，強化氣候治理策略工具的前瞻部署。廣達亦依據氣候相關財務揭露 (Task Force on Climate-related Financial Disclosures, TCFD) 框架，聚焦於治理、策略、風險管理、指標與目標四大核心要素，推動氣候風險與機會的識別與管理。透過情境模擬與成本分析，結合數據建模與運算結果，評估不同情境下氣候風險對財務可能造成之影響，進一步強化節能減碳策略，持續邁向更具韌性與前瞻性的永續發展目標。",G,Yes,廣達自2021年起即投入氣候議題研究，系統性檢視氣候變遷對企業營運的風險與影響，同時，廣達對全球氣候變遷的重視也展現在具體行動上。2022年承諾採用1.5°C目標情境，依據科學基礎目標倡議 (SBTi) 制定減碳路徑，並於2024年正式通過SBTi審查，強化減碳承諾的國際公信力。 ｜ 近年亦積極深化內部永續意識教育，,already,Yes,"2024年更進一步展開企業內部碳定價方法學之研究，強化氣候治理策略工具的前瞻部署。廣達亦依據氣候相關財務揭露 (Task Force on Climate-related Financial Disclosures, TCFD) 框架，聚焦於治理、策略、風險管理、指標與目標四大核心要素，推動氣候風險與機會的識別與管理。透過情境模擬與成本分析，結合數據建模與運算結果，評估不同情境下氣候風險對財務可能造成之影響，進一步強化節能減碳策略，持續邁向更具韌性與前瞻性的永續發展目標。 ｜ 2024年更進一步展開企業內部碳定價方法學之研究，強化氣候治理策略工具的前瞻部署。",Clear,qci,2382,77,https://www.quantatw.com/quanta/ESG/CH/Quanta_ESG_CN_2024.pdf,https://www.quantatw.com/quanta/chinese/esg/csrreport.aspx
10335,國巨為了擴展 MLCC 利基型產品的市場佔有率，將研發重心放在車載用料及小型化應用上。隨著近兩年車用零組件需求增加及 ITO 技術的興起，產品趨勢正朝向高容、高額定電壓及高頻發展，以滿足高可靠度的要求。同時，手機應用端也呈現微小化趨勢，國巨致力於小型化技術 ( 01005 ) 的提升，以滿足高容高端應用的需求。,S,Yes,國巨致力於小型化技術 ( 01005 ) 的提升，以滿足高容高端應用的需求。,already,Yes,隨著近兩年車用零組件需求增加及 ITO 技術的興起，產品趨勢正朝向高容、高額定電壓及高頻發展，,Clear,yageo,2327,52,https://hsxn1sjvkgtdpixe.public.blob.vercel-storage.com/yageo_2327_page_52.pdf,https://www.yageogroup.com/About/Sustainability
10385,### 無鹵管制規範    因應全球環保意識抬頭，加上歐盟實施 RoHS 環保規章日益競爭激烈的產業環境，台光電子發展至今已成為全球第一大無鹵素環保材料 HDI PCB 板供應商，更積極延伸開發無鹵素環保材料產品線至 5G 及網通基礎設施與汽車相關應用，並持續拓展各廠重點利基產品，以提高產品附加價值及開創高附加價值產品，發展銷售藍海市場。此外為提供客戶最新產品訊息，透過公司網站頁面，展示產品開發成果。,E,Yes,因應全球環保意識抬頭，加上歐盟實施 RoHS 環保規章日益競爭激烈的產業環境，,between_2_and_5_years,Yes,台光電子發展至今已成為全球第一大無鹵素環保材料 HDI PCB 板供應商， ｜ 並持續拓展各廠重點利基產品，,Clear,emc2,2383,29,https://hsxn1sjvkgtdpixe.public.blob.vercel-storage.com/emc2_2383_page_29.pdf,https://www.emctw.com/zh-TW/csr_report/index
11688,為落實水資源管理，本公司陸續於現有辦公大樓引進新式水龍頭、省水馬桶及自動化沖洗感知系統等節水設備，定期檢視日常用水度數，針對異常數據訂定管理改善計畫。此外，同步於新建大樓設置雨水回收系統再利用於景觀澆灌，及使用省水標章之節水設備以減少自來水用量。,E,Yes,為落實水資源管理，,already,Yes,於現有辦公大樓引進新式水龍頭、省水馬桶及自動化沖洗感知系統等節水設備，定期檢視日常用水度數，針對異常數據訂定管理改善計畫。此外，同步於新建大樓設置雨水回收系統再利用於景觀澆灌，及使用省水標章之節水設備以減少自來水用量。,Clear,fubon,2881,141,https://esg.fubonlife.com.tw/esg-report,https://esg.fubonlife.com.tw/esg-report
11285,"大師 OPEN 講建構多元數位講座，引進業界大師傳授獨家知識、成功工作心法、企業成功關鍵，使全員可以隨時學習、掌握趨勢。2024 年度推行全員數位趨勢講座且不設限講授主題，大量收集外部數位趨勢知識與技術，並與 BU 分享共學；共計 12 門實體講座和 2 門線上課程，統一超商計 1,338 人次通過，BU 參與學習共計 2,076 人次。",S,No,,,,,,pcsc,2912,67,https://www.7-11.com.tw/Company/esg/images/report/n2024_report_all_CH.pdf,https://www.7-11.com.tw/Company/esg/reports.aspx
10146,我們遵循保證作業的國際最佳實務，包括國際審計與保證標準委員會頒布的《國際保證作業標準》（ISAE）3000（修訂版）—非屬歷史財務資訊審計與核閱的保證作業》，執行了數據保證查驗作業。為確保保證程序的一致性，我們依據 DNV 的保證方法學 VeriSustain 執行工作，僅應用與本次活動特定目的的相關的部分。此方法學確保遵循倫理要求，並要求規劃與執行保證作業以達到預期保證等級。,G,Yes,為確保保證程序的一致性，,between_2_and_5_years,Yes,我們遵循保證作業的國際最佳實務，包括國際審計與保證標準委員會頒布的《國際保證作業標準》（ISAE）3000（修訂版）—非屬歷史財務資訊審計與核閱的保證作業》，執行了數據保證查驗作業。為 ｜ 我們依據 DNV 的保證方法學 VeriSustain 執行工作，僅應用與本次活動特定目的的相關的部分。此方法學確保遵循倫理要求，並要求規劃與執行保證作業以達到預期保證等級。,Clear,pegatron,4938,20,https://hsxn1sjvkgtdpixe.public.blob.vercel-storage.com/pegatron_4938_page_20.pdf,https://www.sustaihub.com/reports/%E5%92%8C%E7%A2%A9%E8%81%AF%E5%90%88%E7%A7%91%E6%8A%80%E8%82%A1%E4%BB%BD%E6%9C%89%E9%99%90%E5%85%AC%E5%8F%B8/e7bdbbd6-7493-401d-a2a2-b39b95a19700/
11727,此外，台新也持續聚焦於碎片化員工聆聽機制，除實施全台各據點訪談聆聽同仁心聲與建議，進而尋求改善；更以各單位主管為媒介，積極建立良性溝通管道，將調查結果展現至單位，從單位確認單位同仁需求並共思改善行動，打造單位專屬改善模式，藉由持續打造一個更開放合作、充分溝通及高效敏捷的發展環境，透過員工意見回饋，掌握提升員工敬業度的關鍵並快速反應。,S,Yes,持續聚焦於碎片化員工聆聽機制,between_2_and_5_years,Yes,實施全台各據點訪談聆聽同仁心聲與建議，,Clear,taishin,2887,148,https://www.tsholdings.com.tw/tsh/responsibility/files/CSR-report/2024-CSR-report_c.pdf,https://www.tsholdings.com.tw/tsh/responsibility/report/
10842,台泥獲宜蘭縣政府選為「公正轉型試行合作企業」，成為地方關鍵產業轉型示範案例。以和平電廠退役規劃為基礎，台泥推動以海洋溫差發電與深層水利用為核心的新型綠色能源布局，期望實現產業轉型同時兼顧當地發展與就業穩定。,S,Yes,以和平電廠退役規劃為基礎，台泥推動以海洋溫差發電與深層水利用為核心的新型綠色能源布局，期望實現產業轉型同時兼顧當地發展與就業穩定。,between_2_and_5_years,Yes,以和平電廠退役規劃為基礎， ｜ 推動以海洋溫差發電與深層水利用為核心的新型綠色能源布局，,Not Clear,tcc,1101,33,https://hsxn1sjvkgtdpixe.public.blob.vercel-storage.com/tcc_1101_page_33.pdf,https://www.tccgroupholdings.com/tw/esgReport.html
10311,為深化區域化策略合作，並降低製造與運輸過程對環境產生的二氧化碳排放，研華持續運用在地化採購策略，歷年採購均以當地供應商為優先選擇；研華全球營運據點涵蓋六大區域事業單位（RBU），考量目前主要製造基地集中於台灣及昆山，本報告書中關於採購策略與績效聚焦於台灣及昆山地區。整體而言，2024 年研華台灣在地採購金額為 109 億元，比率約 82%；研華昆山在地採購因部分電子、周邊原物料由研華台灣統購因素，在地採購比率約占總金額 43%*，較 2023 年微幅上升；2024 年整體在地採購比例為 68%，彙整近年公司在地採購金額比例如圖 2.3.3 所示。,E,Yes,為深化區域化策略合作，並降低製造與運輸過程對環境產生的二氧化碳排放， ｜ ，研華持續運用在地化採購策略，歷年採購均以當地供應商為優先選擇；,already,Yes,2024 年研華台灣在地採購金額為 109 億元，比率約 82%；研華昆山在地採購因部分電子、周邊原物料由研華台灣統購因素，在地採購比率約占總金額 43%*，較 2023 年微幅上升；2024 年整體在地採購比例為 68%，彙整近年公司在地採購金額比例如圖 2.3.3 所示。,Clear,acl,2395,57,https://hsxn1sjvkgtdpixe.public.blob.vercel-storage.com/acl_2395_page_57.pdf,https://esg.advantech.com/zh-tw/downloads/sustainability-report
11949,"截至2024年底，奇鋐集團累計共進行270次客戶及第三方機構的環安稽核，關閉了185個問題點。內部亦有啟動交叉內審、環安團隊定期巡檢機制，累計發現1,112個潛在風險操作並及時糾正改善，確保給員工提供更健康安全的工作環境。同時，公司不定期接受各地政府的例行或突擊檢查，聽取政府部門對廠區環安狀況的相關建議並積極採取行動，以構建符合當地法規要求之運營場所。  員工是政策的執行者，也是決策者。公司在製定管理政策時注重徵集員工的反饋，鼓勵員工參與到管理工作，因此各營運據點建立職業安全委員會，由部門員工代表兼任部門安全員、消防員、急救員等，針對危害辨識、風險評估及事故調查進行討論，參與公司的環安衛管理，共同協商，共同創建企業安全文化。",S,Yes,確保給員工提供更健康安全的工作環境。 同時，公司不定期接受各地政府的例行或突擊檢查，聽取政府部門對廠區環安狀況的相關建議並積極採取行動，以構建符合當地法規要求之運營場所。,more_than_5_years,Yes,"至2024年底，奇鋐集團累計共進行270次客戶及第三方機構的環安稽核，關閉了185個問題點。內部亦有啟動交叉內審、環安團隊定期巡檢機制，累計發現1,112個潛在風險操作並及時糾正改善， ｜ 同時，公司不定期接受各地政府的例行或突擊檢查，聽取政府部門對廠區環安狀況的相關建議並積極採取行動，以構建符合當地法規要求之運營場所。",Clear,ltc,2301,109,https://www.liteon.com/upload/media/report_over_20mb/%E3%80%90CH%E3%80%9120250804_%E5%85%89%E5%AF%B6%E7%A7%91%E6%8A%80_ESG_Final.pdf,https://www.liteon.com/zh-tw/esgoverview/esg-overview
11827,打詐是一場與詐騙集團鬥心、鬥力、鬥智、鬥法的戰爭，為積極落實打擊詐欺策略行動綱領，並因應金管會將金融業者辦理防制詐騙之措施及其成效作為重要推動政策之一，公司持續推動打詐措施。透過公私協力推動各項防詐作為，包含與警政署刑事警察局合作反詐騙、及壽險公會成立副總層級之打詐專案工作小組，並將防制金融詐騙納入各處工作計劃，2024 年本公司之因應及作為如下：,G,Yes,為積極落實打擊詐欺策略行動綱領，並因應金管會將金融業者辦理防制詐騙之措施及其成效作為重要推動政策之一， ｜ 公司持續推動打詐措施。,between_2_and_5_years,Yes,透過公私協力推動各項防詐作為，包含與警政署刑事警察局合作反詐騙、及壽險公會成立副總層級之打詐專案工作小組，並將防制金融詐騙納入各處工作計劃，2024 年本公司之因應及作為如下：,Clear,fubon,2881,79,https://esg.fubonlife.com.tw/esg-report,https://esg.fubonlife.com.tw/esg-report
10089,為降低環境負擔衝擊，進而達到資源永續，合庫金控導入「ISO 14001 環境管理系統」，制定廢棄物管理措施，透過資源回收再利用、綠色採購及以租代買推動循環經濟，除了力行減量（Reduce）、回收（Recycle）、再利用（Reuse）的環保 3R 政策，提高廢棄物回收及再利用之效益外，同時訂定未來（自 2025 年起）集團廢棄物量（不可回收）目標，調整為每年廢棄物量（不可回收）較前一年度減少 1%，持續精進廢棄物減量目標，督促落實減量工作，亦採購具政府認可環境保護、節能與節水標章的環保產品、綠色建材及再生產品。    另為提升員工循環經濟暨資源永續之概念，持續利用相關會議及教育訓練，推廣資源再利用、降低浪費及減少廢棄物等知識，且為督促各單位確實做好垃圾分類與紀錄，將資源回收與廢棄物管理納入「職業安全衛生及安全維護督導檢查作業」及「營業單位自行查核工作底稿」，同時推行資產共享平台，媒合二手公物以延長辦公用品生命週期，亦辦理二手物品交換、廢電池回收、免費（廢）市集及淨灘等活動，提升員工環保意識。,E,Yes,為降低環境負擔衝擊，進而達到資源永續， ｜ 未來（自 2025 年起）集團廢棄物量（不可回收）目標， ｜ 持續精進廢棄物減量目標，督促落實減量工作，亦採購具政府認可環境保護、節能與節水標章的環保產品、綠色建材及再生產品。,between_2_and_5_years,Yes,合庫金控導入「ISO  ｜ 14001  ｜ 環境管理系統」， ｜ 資源回收與廢棄物管理納入「職業安全衛生及安全維護督導檢查作業」及「營業單位自行查核工作底稿」，同,Clear,tcfhc,5880,166,https://hsxn1sjvkgtdpixe.public.blob.vercel-storage.com/tcfhc_5880_page_166.pdf,https://esg.tcfhc.com.tw/report-download/
10116,鴻海致力於推動員工穩定留任政策，2030年達成間接員工年度整體留任率90%以上，同步強化間接員工中高績效人才之專屬發展機制與福利制度，設定該族群人員之留任率達95%。員工是公司最重要的無形資產之一。吸引合格且才華橫溢的員工以及留住和培養內部人才的能力，對於公司的成功至關重要。專注於吸引最優秀人才的公司不應忽視與公司共同成長、了解組織、使命和文化的內部人才。公司需要建立有序的內部職涯流動流程，以留住人才並降低外部招募成本。,S,Yes,鴻海致力於推動員工穩定留任政策，2030年達成間接員工年度整體留任率90%以上，,longer_than_5_years,Yes,2030年達成間接員工年度整體留任率90%以上，,Clear,honhai,2317,63,https://hsxn1sjvkgtdpixe.public.blob.vercel-storage.com/honhai_2317_page_63.pdf,https://www.honhai.com/zh-tw/CSR
90106,1月28日，2024 年持續參考國際標竿企業風險鑑別流程，並將一般營運會議紀錄等同採認為風險分析結果報告，同時以既有內部稽核追蹤表摘要內容，對外溝通為「發行電信業首本TNFD報告書」之主要依據，並揭露永續資訊已全面納入內稽內控制度進度報告。,G,Yes,1月28日,already,Yes,2024 年持續參考國際標竿企業風險鑑別流程，並將一般營運會議紀錄等同採認為風險分析結果報告，同時以既有內部稽核追蹤表摘要內容，對外溝通為「發行電信業首本TNFD報告書」之主要依據，並揭露永續資訊已全面納入內稽內控制度進度報告。,Misleading,twm,3045,73,https://hsxn1sjvkgtdpixe.public.blob.vercel-storage.com/twm_3045_page_73.pdf,https://corp.taiwanmobile.com/esg/esg-report.html
10042,面對氣候變遷所帶來的挑戰，長榮航空訂定「公共事務參與倡議守則」與「環境及能源政策」，並承諾 2050 年淨零碳排放的目標。透過訂定淨零路徑、推動減緩與調適行動方案與參與氣候相關行業協會組織等，期許為全球社會帶來正面的改變和影響。此外，長榮航空針對行業協會參與建立審查與監督機制，管理範疇涵蓋本公司全球營運據點，以確保氣候相關公共事務參與符合永續發展政策、環境及能源政策與「巴黎協定」，並期望協會的運行與我們關注之商業核心本業、氣候變遷治理及永續發展相關議題有相同觀點。,E,Yes,承諾 2050 年淨零碳排放的目標。,longer_than_5_years,Yes,透過訂定淨零路徑、推動減緩與調適行動方案與參與氣候相關行業協會組織等，期許為全球社會帶來正面的改變和影響。此外，長榮航空針對行業協會參與建立審查與監督機制，管理範疇涵蓋本公司全球營運據點，以確保氣候相關公共事務參與符合永續發展政策、環境及能源政策與「巴黎協定」，並期望協會的運行與我們關注之商業核心本業、氣候變遷治理及永續發展相關議題有相同觀點。,Not Clear,emc,2603,15,https://hsxn1sjvkgtdpixe.public.blob.vercel-storage.com/emc_2603_page_15.pdf,https://www.evacsr.com/
11007,本集團全數推出之金融商品或服務，從設計規劃、宣傳、行銷、履約、服務諮詢、客訴處理與金融消費爭議等過程，皆衡量客戶需求，以公平合理之方式對待客戶，除遵循金融消費者保護法及業務別訂定之法規外，亦須經內部審議，以確定商品無不當內容、不實陳述、誤導消費者或違反相關法令及自律規範等情事。如該商品上架前需報請主管機關核准，仍需以金融商品實際銷售情形、消費者之反應及相關法令，適時檢視商品內容是否仍屬恰當。本集團與客戶訂立提供金融商品或服務之契約前，秉持公平合理、平等互惠及誠信原則，充分說明該金融商品、服務及契約之重要內容，並揭露風險。,G,Yes,秉持公平合理、平等互惠及誠信原則，充分說明該金融商品、服務及契約之重要內容，並揭露風險。,already,Yes,除遵循金融消費者保護法及業務別訂定之法規外，亦須經內部審議，以確定商品無不當內容、不實陳述、誤導消費者或違反相關法令及自律規範等情事。如該商品上架前需報請主管機關核准，仍需以金融商品實際銷售情形、消費者之反應及相關法令，適時檢視商品內容是否仍屬恰當。,Clear,tcfhc,5880,94,https://esg.tcfhc.com.tw/uploads/download_item/download_file_zh/14/2024_ESG_REPORT_zh.pdf,https://esg.tcfhc.com.tw/report-download/
11761,展望未來，如何鼓勵跨世代溝通融合，將是首要任務。公司將搭配核心價值各項推動措施，展開一系列跨世代溝通培訓課程，搭配跨世代導師制度，促成不同世代交流合作。另外，持續強化內部溝通細膩度，設計更即時反饋機制，讓同仁的建議迅速反映到決策中，藉以優化內部管理流程。同時，持續執行各級主管領導力提升計畫，期許主管展現更多正面支持的領導行為，協助同仁在公司永續地發展個人職涯。,S,Yes,期許主管展現更多正面支持的領導行為，協助同仁在公司永續地發展個人職涯。,between_2_and_5_years,Yes,司將搭配核心價值各項推動措施，展開一系列跨世代溝通培訓課程，搭配跨世代導師制度，,Not Clear,delta,2308,185,https://esg.deltaww.com/CSR-Reports,https://esg.deltaww.com/CSR-Reports
11926,"為明確規定勞資雙方之權利義務、健全集團經營管理制度，促使勞資雙方同心協力，共謀事業發展，和碩依循RBA行為準則與當地勞動相關法規，並參照國際勞工人權規範內容，包含國際勞工組織(ILO, International Labor Organization)、聯合國全球契約(United Nations Global Compact)及聯合國工商企業與人權指導原則(United Nations Guiding Principles on Business and Human Rights)等，訂定組織內部所有營運活動之勞動人權要求，並經總經理兼執行長核定後發布和碩企業社會責任與安全衛生政策。其內容公開揭露於官網「承諾與政策(https://www.pegatroncorp.com/csr/view/id/1)」頁面中，對內則持續透過RBA行為準則說明、改版差異分析等教育訓練課程充實同仁對於負責任商業行為及人權保護的意識，並透過PureCSR管理系統展開各項執行計畫及落實盡職調查，以確保員工權益均受到尊重。",S,Yes,其內容公開揭露於官網「承諾與政策(https://www.pegatroncorp.com/csr/view/id/1)」頁面中， 對內則持續透過RBA行為準則說明、改版差異分析等教育訓練課程充實同仁對於負責任商業行為及人權保護的意識，並透過PureCSR管理系統展開各項執行計畫及落實盡職調查，以確保員工權益均受到尊重。,between_2_and_5_years,Yes,"為明確規定勞資雙方之權利義務、健全集團經營管理制度，促使勞資雙方同心協力，共謀事業發展，和碩依循RBA行為準則與當地勞動相關法規，並參照國際勞工人權規範內容，包含國際勞工組織(ILO, International Labor Organization)、聯合國全球契約(United Nations Global Compact)及聯合國工商企業與人權指導原則(United Nations Guiding Principles on Business and Human Rights)等，訂定組織內部所有營運活動之勞動人權要求，並經總經理兼執行長核定後發布和碩企業社會責任與安全衛生政策。",Clear,pegatron,4938,26,https://www.pegatroncorp.com/media/20250826083546321_2024_CSR_ZH.pdf,https://www.sustaihub.com/reports/%E5%92%8C%E7%A2%A9%E8%81%AF%E5%90%88%E7%A7%91%E6%8A%80%E8%82%A1%E4%BB%BD%E6%9C%89%E9%99%90%E5%85%AC%E5%8F%B8/e7bdbbd6-7493-401d-a2a2-b39b95a19700/
10562,聯電參考工業 4.0 的方法論，借鑑國際及產業標竿，制定智慧製造的發展藍圖。透過專案小組推動和實施相關策略，不僅達成工作效率、產品品質與綠色製造的數位優化目標，更期望開創創新的商業模式。,G,Yes,透過專案小組推動和實施相關策略，不僅達成工作效率、產品品質與綠色製造的數位優化目標，更期望開創創新的商業模式。,between_2_and_5_years,No,,,umc,2303,81,https://hsxn1sjvkgtdpixe.public.blob.vercel-storage.com/umc_2303_page_81.pdf,https://www.umc.com/zh-TW/Download/corporate_sustainability_reports
10557,台達品牌強調創新和節能，獨特性在於產品業務與企業永續發展相結合。面對全球氣候環境的變遷，台達作為電力電子和能源管理解決方案提供者，持續投入產品研發與技術創新，為人類未來生活提供更高效、可靠的節能解決方案，打造低碳永續城市。,E,Yes,面對全球氣候環境的變遷，台達作為電力電子和能源管理解決方案提供者，持續投入產品研發與技術創新，為人類未來生活提供更高效、可靠的節能解決方案，打造低碳永續城市。,between_2_and_5_years,No,,,delta,2308,15,https://hsxn1sjvkgtdpixe.public.blob.vercel-storage.com/delta_2308_page_15.pdf,https://esg.deltaww.com/CSR-Reports
10972,在面臨新世代人才轉變、人力招募不易的挑戰下，研華除拓展人才招募管道的多元化外，並積極擬定招募策略的改善計畫，因觀察經由內部員工推薦之人才適任度高，於 2023 年度總部 (台灣) 大幅提高內部推薦人才獎金，由一萬至兩萬台幣推薦獎金，提升至一萬五至三萬台幣推薦獎金 (視被推薦人之職等不同)。我們認為，自內部員工推薦的新進人員相較其他管道入職後適任度佳，為公司重要的人才來源之一，因此研華持續推廣內部員工推薦計畫。透過現職員工對產業發展及企業文化的強度認同，自發性邀請身邊各領域專業人才加入研華開放的發展平台，除展現現職員工對公司的認同感外；也透過新進人員加入管道與後續績效表現以數據分析，發現由內部員工推薦的新進人員普遍較其他管道更為穩定，近二年員工推薦比例如下表所示，於 2023 年度擴大統計內部推薦數據涵蓋六大區域，六大區域內部推薦員工比例為 13%，並且目標於 2025 年度內部推薦六大區域比例達到 15%。,S,Yes,目標於  ｜ 2025  ｜ 年度內部推薦六大區域比例達到  ｜ 15%。,within_2_years,Yes,大幅提高內部推薦人才獎金，由一萬至兩萬台幣推薦獎金，提升至一萬五至三萬台幣推薦獎金  ｜ (視被推薦人之職等不同)。我,Clear,acl,2395,147,https://hsxn1sjvkgtdpixe.public.blob.vercel-storage.com/acl_2395_page_147.pdf,https://esg.advantech.com/zh-tw/downloads/sustainability-report
10895,在能源轉型方面，因應全球減碳趨勢，及配合台灣自 2025 年度起開始課徵碳費，加上為滿足利害關係人對本公司永續轉型之期待與要求，已著手推動各廠碳排自主減量、公用廠燃煤鍋爐逐步汰換為燃氣鍋爐、增加風力及太陽能綠能發電比例、提高再生能源用量及其他節水節能措施，俾符合環境部 2030 年碳費技術標竿指定削減率規定，朝「2050 碳中和」目標邁進。,E,Yes,朝「2050 碳中和」目標邁進。,longer_than_5_years,Yes,已著手推動各廠碳排自主減量、公用廠燃煤鍋爐逐步汰換為燃氣鍋爐、增加風力及太陽能綠能發電比例、提高再生能源用量及其他節水節能措施，俾符合環境部 2030 年碳費技術標竿指定削減率規定，,Not Clear,fpc,1301,16,https://hsxn1sjvkgtdpixe.public.blob.vercel-storage.com/fpc_1301_page_16.pdf,https://www.fpg.com.tw/esg/tw/download
11368,為確保員工及廠區安全，透過安全衛生人員定期及不定期廠區安全巡檢，以監督人員作業及環境安全，工安巡檢面向包括電氣安全、消防安全、機械 / 設備 / 器具管理、化學品管理、作業環境及作業規範與防護等。2024 年巡檢缺失主要為電氣安全 (27%)、作業環境 (22%) 及機械 / 設備 / 器具 (21%)，各項巡檢缺失皆由廠區安全衛生人員指導與監督權責單位確實改善。,S,Yes,為確保員工及廠區安全，,more_than_5_years,Yes,透過安全衛生人員定期及不定期廠區安全巡檢， ｜ 2024 年巡檢缺失主要為電氣安全 (27%)、作業環境 (22%) 及機械 / 設備 / 器具 (21%)，各項巡檢缺失皆由廠區安全衛生人員指導與監督權責單位確實改善。,Clear,delta,2308,224,https://esg.deltaww.com/CSR-Reports,https://esg.deltaww.com/CSR-Reports
11721,台積公司建立供應商環境資訊數位平台收集供應商工廠及產品環境資訊，提高原物料數據品質，民國 112 年至民國 113 年，累積完成 477 間工廠及 245 項產品調查，相關數據做為台積公司產品環境足跡計算、環境損益分析使用。民國 113 年為強化關鍵排放源供應商減排進度管理，開發台積公司供應商碳管理工具（TSMC Supplier Emission Management Tool）予供應商使用，透過公開排放計算流程及標準化工具，提供供應商減排策略規畫參考。,E,Yes,台積公司建立供應商環境資訊數位平台收集供應商工廠及產品環境資訊，提高原物料數據品質，,between_2_and_5_years,Yes,民國 112 年至民國 113 年，累積完成 477 間工廠及 245 項產品調查，相關數據做為台積公司產品環境足跡計算、環境損益分析使用。民國 113 年為強化關鍵排放源供應商減排進度管理，開發台積公司供應商碳管理工具（TSMC Supplier Emission Management Tool）予供應商使用，透過公開排放計算流程及標準化工具，提供供應商減排策略規畫參考。,Clear,tsmc,2330,103,https://esg.tsmc.com/zh-Hant/resources/ESG-data-hub?tab=reportbuilder,https://esg.tsmc.com/zh-Hant/resources/ESG-data-hub?tab=reportbuilder
10001,聯發科技除在「工作規則」中依照勞基法明確規定「員工在產假期間公司不得終止勞動契約」外，為支持同仁與其家人度過人生不同階段，自 2024 年起提供女性員工在分娩前後計有 12 週共 84 天的產假；男性員工則可於其配偶懷孕期間陪同產檢或生（流）產日及前後 15 日間請假陪伴，兩者合計共有 10 天陪產（檢）假可運用，陪產（檢）假期間工資照常給付。,S,Yes,為支持同仁與其家人度過人生不同階段，自 2024 年起提供女性員工在分娩前後計有 12 週共 84 天的產假；男性員工則可於其配偶懷孕期間陪同產檢或生（流）產日及前後 15 日間請假陪伴，兩者合計共有 10 天陪產（檢）假可運用，陪產（檢）假期間工資照常給付。,already,No,,,mediatek,2454,48,https://hsxn1sjvkgtdpixe.public.blob.vercel-storage.com/mediatek_2454_page_48.pdf,https://corp.mediatek.tw/about/sustainability
11754,2023 年開始響應推動衛福部「全國 C 肝根除計畫」，2023~2024 年健檢同步提供為期二年 C 肝抗體篩檢，抗體呈陽性者進一步提供 C 肝抗原檢查，2023 年篩檢出 3 位同仁且至雲林長庚肝病防治中心接受 C 肝抗病毒藥物治療完成，2024 年度再篩檢出 1 位同仁接受治療中，待其完成治療後，本公司即為「無 C 肝職場」。,S,Yes,2023 年開始響應推動衛福部「全國 C 肝根除計畫」，,already,Yes,2023~2024 年健檢同步提供為期二年 C 肝抗體篩檢，抗體呈陽性者進一步提供 C 肝抗原檢查，2023 年篩檢出 3 位同仁且至雲林長庚肝病防治中心接受 C 肝抗病毒藥物治療完成，2024 年度再篩檢出 1 位同仁接受治療中，待其完成治療後，本公司即為「無 C 肝職場」。,Clear,fpcc,6505,89,https://fpcc-esg.com/upload/files/f_250609091453.pdf,https://fpcc-esg.com/
11472,台泥自2019年起，每年以問卷形式執行員工敬業度調查，聆聽員工各面向看法。台泥將依敬業度調查分析結果，對各調查面向進行分析，並依據調查結果向各單位主管及員工溝通，制定改善及優化計畫。後續透過定期召開會議，以檢視、追蹤與監督執行成效。2024年敬業度調查涵蓋全體同仁(含中國大陸與關係企業)，未來也將納入海外子公司一同參與。調查委由第三方專業機構辦理，採匿名方式進行，確保員工能安心表達真實意見，問卷填答率高達98%。本次調查首次導入國際標準模型，評估項目涵蓋使命感、工作、整體獎酬與夥伴關係等構面，使用五點量表蒐集員工回饋，強調更全面且深度的員工體驗觀察。2024年整體平均敬業度為87%。由於本年度調查採用新的評估模型與計算邏輯，評估標準更趨國際化，作為未來持續追蹤與優化的重要基準點。,S,Yes,台泥自2019年起，每年以問卷形式執行員工敬業度調查，聆聽員工各面向看法。 ｜ 2024年敬業度調查涵蓋全體同仁(含中國大陸與關係企業)，未來也將納入海外子公司一同參與。,already,Yes,台泥將依敬業度調查分析結果，對各調查面向進行分析，並依據調查結果向各單位主管及員工溝通，制定改善及優化計畫。後續透過定期召開會議，以檢視、追蹤與監督執行成效。 ｜ 調查委由第三方專業機構辦理，採匿名方式進行，確保員工能安心表達真實意見，問卷填答率高達98%。本次調查首次導入國際標準模型，評估項目涵蓋使命感、工作、整體獎酬與夥伴關係等構面，使用五點量表蒐集員工回饋，強調更全面且深度的員工體驗觀察。2024年整體平均敬業度為87%。,Clear,tcc,1101,184,https://media.taiwancement.com/web_tcc/comm/pdf/Sustainability_Report/2024/TW/%E5%8F%B0%E6%B3%A52024%E5%B9%B4%E6%B0%B8%E7%BA%8C%E5%A0%B1%E5%91%8A%E6%9B%B8.pdf,https://www.tccgroupholdings.com/tw/esgReport.html
10096,長榮航空自 2022 年起設置「資訊安全暨個資保護委員會」，由總經理擔任主任委員，每半年定期召開會議。藉由經營高層及各部門高階主管的參與，審閱資安相關政策、發展規劃及執行成效，落實資安治理並貫徹資安政策，維繫資安體系的周延與韌性，確保資訊資產之機密性、完整性及可用性，進而善盡社會責任的義務，以達企業永續經營之目標。,G,Yes,長榮航空自 2022 年起設置「資訊安全暨個資保護委員會」， ｜ 進而善盡社會責任的義務，以達企業永續經營之目標。,longer_than_5_years,Yes,由總經理擔任主任委員，每半年定期召開會議。藉由經營高層及各部門高階主管的參與，審閱資安相關政策、發展規劃及執行成效，落實資安治理並貫徹資安政策，維繫資安體系的周延與韌性，確保資訊資產之機密性、完整性及可用性，,Not Clear,emc,2603,67,https://hsxn1sjvkgtdpixe.public.blob.vercel-storage.com/emc_2603_page_67.pdf,https://www.evacsr.com/
10105,台泥礦區與和平港因應策略：建立原生復育礦區：進行長期調查並導入量化指標，評估復育成果。設立觀光、教育園區：推動OECMs並設立教育園區，可提供當地社區工作和觀光機會，並與政府或學術機構交流做法。建立台灣海洋教育平台：台泥規劃建立OECMs的台灣海洋教育平台，匯集海洋教育資源。規劃礦區歷史文化導覽：結合礦區發展歷史，並現地保留過往生產設施及歷史建築，進行文化導覽。,E;S,Yes,台泥礦區與和平港因應策略：建立原生復育礦區：進行長期調查並導入量化指標，評估復育成果。設立觀光、教育園區：推動OECMs並設立教育園區，可提供當地社區工作和觀光機會，並與政府或學術機構交流做法。建立台灣海洋教育平台：台泥規劃建立OECMs的台灣海洋教育平台，匯集海洋教育資源。規劃礦區歷史文化導覽：結合礦區發展歷史，並現地保留過往生產設施及歷史建築，進行文化導覽。,longer_than_5_years,Yes,推動OECMs並設立教育園區，可提供當地社區工作和觀光機會，並與政府或學術機構交流做法。建立台灣海洋教育平台：台泥規劃建立OECMs的台灣海洋教育平台，匯集海洋教育資源。規劃礦區歷史文化導覽：結合礦區發展歷史，並現地保留過往生產設施及歷史建築，進行文化導覽。,Clear,tcc,1101,153,https://hsxn1sjvkgtdpixe.public.blob.vercel-storage.com/tcc_1101_page_153.pdf,https://www.tccgroupholdings.com/tw/esgReport.html
10177,台達秉持「環保 節能 愛地球」的經營使命，開發產品過程將綠色設計及循環設計之精神納入到生命週期中，持續開發創新節能產品及解決方案，提供高效率且可靠的節能整合方案與服務，從設計源頭減少廢棄物產生。我們持續提供循環設計相關教育訓練，包括從源頭改變、廢棄物即資源、維持高價值利用與思考循環路徑等原則，及導入循環設計、選擇低碳材料、提供產品使用權、延長產品生命、創造產品剩餘價值等策略，如在扇葉扇框使用消費後回收（Post Consumer Recycle，簡稱 PCR）的 PBT、金屬零組件使用回收銅、機構外殼添加回收銅與 PC 回收料、產品使用全紙環保包裝、90% 可回收再使用的燈具等，以期能在設計產品或服務時，從產品生命週期的角度考量提升資源利用、降低環境衝eggi，並滿足客戶期待。,E,Yes,台達秉持「環保 節能 愛地球」的經營使命， ｜ 持續開發創新節能產品及解決方案，,between_2_and_5_years,Yes,包括從源頭改變、廢棄物即資源、維持高價值利用與思考循環路徑等原則，及導入循環設計、選擇低碳材料、提供產品使用權、延長產品生命、創造產品剩餘價值等策略，如在扇葉扇框使用消費後回收（Post Consumer Recycle，簡稱 PCR）的 PBT、金屬零組件使用回收銅、機構外殼添加回收銅與 PC 回收料、產品使用全紙環保包裝、90% 可回收再使用的燈具等，以期能在設計產品或服務時，從產品生命週期的角度考量提升資源利用、降低環境衝eggi，並滿足客戶期待。,Clear,delta,2308,140,https://hsxn1sjvkgtdpixe.public.blob.vercel-storage.com/delta_2308_page_140.pdf,https://esg.deltaww.com/CSR-Reports
10103,2024年，本公司成功入選「碳競爭力百強」名單，並於碳排增加率、碳生產力成長率及減碳承諾度三項關鍵指標中榮獲第一，反映在碳管理上的努力。該評選涵蓋企業公開揭露數據與自主問卷填報兩大部分，從減碳目標承諾、管理層參與程度至揭露完整度等多重面向進行綜合評估。近年來，廣達積極提升綠電使用比例，2023年綠電採購已覆蓋其中四大廠區總用電量的27.92%。評選結果顯示，廣達有效展現減碳行動與營運效能的高度整合，亦鞏固公司於電子製造產業中的碳競爭優勢，持續邁向永續營運目標。,E,Yes,廣達積極提升綠電使用比例， ｜ 持續邁向永續營運目標。 ｜ 。,between_2_and_5_years,Yes,2023年綠電採購已覆蓋其中四大廠區總用電量的27.92%。,Clear,qci,2382,91,https://hsxn1sjvkgtdpixe.public.blob.vercel-storage.com/qci_2382_page_91.pdf,https://www.quantatw.com/quanta/chinese/esg/csrreport.aspx
10573,"世芯電子主要提供客戶 IC 委託設計服務，故公司內部無生產製程導致之工業污染如廢氣、廢水、廢渣之問題。對能源之需求主要為日常辦公所使用。能源類型主要係外購電力（類別 2），世芯電子使用之電力係台灣電力公司提供，電力造成之占本公司總能源使用量之 97.95 %。2024 年度，世芯電子之統計總用電量為 486,783 度，能源密集度為 9.367（度／營收新臺幣佰萬元），較 2022 年度減少 25.379（度／營收新臺幣佰萬元），每單位營收之電力能源使用量較 2022 年度減少 73.04%。",E,No,,,,,,alchip,3661,55,https://hsxn1sjvkgtdpixe.public.blob.vercel-storage.com/alchip_3661_page_55.pdf,https://www.alchip.com/tw/About_Alchip/esg
11393,自 2022 年起，緯創於製造廠區積極推動 UL 2799 廢棄物零掩埋認證，從廢棄物流向盤點、數據分析、減量行動到供應商合作，以實踐廢棄物零掩埋理念。2023 年，緯創海外廠區中山、成都與昆山重慶廠分別取得鉑金與金級認證，且每年皆維持認證有效性。於 2024 年，新竹廠首次認證即取得廢棄物零掩埋最高等級鉑金認證，達到 100% 轉化率 ( 含 8% 焚燒熱回收 ) 的最高標準；未來緯創持續打造正向循環經濟迴圈，達成廢棄物全面資源化的永續目標。,E,Yes,未來緯創持續打造正向循環經濟迴圈，達成廢棄物全面資源化的永續目標。,already,Yes,緯創於製造廠區積極推動 UL 2799 廢棄物零掩埋認證 2023 年，緯創海外廠區中山、成都與昆山重慶廠分別取得鉑金與金級認證 於 2024 年，新竹廠首次認證即取得廢棄物零掩埋最高等級鉑金認證,Clear,wistron,3231,121,https://esg.wistron.com/ch/report-download/esg/NoakpM47xGKX/2024SustainabilityReportCH.pdf,https://esg.wistron.com/ch/report-download
10845,公司為落實資通安全自我監督的機制，確保可以及時因應環境的改變調整資訊循環及個資處理相關內部控制制度之設計及執行，達到降低資通安全之風險。各單位依內外部相關法令規章及風險評估結果，決定自行評估作業程序及方法，執行頻率則視各單位之工作性質而定，每年至少辦理一次，評估所發現之缺失及異常事項則提出改善方案。自行評估結果送內部稽核單位檢視並覆核自行評估執行情形。,G,Yes,每年至少辦理一次，,longer_than_5_years,No,,,chailease,5871,102,https://hsxn1sjvkgtdpixe.public.blob.vercel-storage.com/chailease_5871_page_102.pdf,https://www.chaileaseholding.com/CSR/ReportDownload
90044,廣達每年持續執行溫室氣體盤查，涵蓋範疇一、二和三，並依據ISO 14064標準進行內外部查核與第三方驗證，確保數據透明與準確。為支持減碳行動，亦同步推動節能改善與再生能源導入。展望長期，廣達進一步承諾於2050年實現淨零排放(Net Zero Emissions)的願景，並將持續依循TCFD、SBTi與ISSB等國際標準，滾動檢視目標與行動策略，強化低碳治理能力，主要指標包括：廣達自訂之「綠色營運綜合指數」年度成長率，該指數由溫室氣體排放強度、廢棄物減量率、節水率、環保產品設計專案數量以及綠色採購金額等加權構成，當中溫室氣體占比僅為少數權重，得以確保在絕對排放短期增加的情況下，指數仍可呈現整體向上趨勢；再生能源使用比例則以已簽署或計畫中之綠電採購合約容量加總計算，並將企業贊助之再生能源倡議、綠色金融商品與碳權投資等一併換算為「等效再生能源」占比納入指標。具SBT目標之供應商與客戶涵蓋率則擴大納入揭露「支持巴黎協定」或「致力於環境永續」之合作夥伴，無須經SBTi官方認證，即可視為具備科學基礎減量目標。重大氣候風險財務衝擊評估進程方面。,E,Yes,廣達每年持續執行溫室氣體盤查，涵蓋範疇一、二和三，並依據ISO 14064標準進行內外部查核與第三方驗證，確保數據透明與準確。為支持減碳行動，亦同步推動節能改善與再生能源導入。 ｜ 展望長期，廣達進一步承諾於2050年實現淨零排放(Net Zero Emissions)的願景，並將持續依循TCFD、SBTi與ISSB等國際標準，滾動檢視目標與行動策略，強化低碳治理能力，,longer_than_5_years,Yes,主要指標包括：廣達自訂之「綠色營運綜合指數」年度成長率，該指數由溫室氣體排放強度、廢棄物減量率、節水率、環保產品設計專案數量以及綠色採購金額等加權構成，當中溫室氣體占比僅為少數權重，得以確保在絕對排放短期增加的情況下，指數仍可呈現整體向上趨勢；再生能源使用比例則以已簽署或計畫中之綠電採購合約容量加總計算，並將企業贊助之再生能源倡議、綠色金融商品與碳權投資等一併換算為「等效再生能源」占比納入指標。具SBT目標之供應商與客戶涵蓋率則擴大納入揭露「支持巴黎協定」或「致力於環境永續」之合作夥伴，無須經SBTi官方認證，即可視為具備科學基礎減量目標。重大氣候風險財務衝擊評估進程方面。,Misleading,qci,2382,84,https://hsxn1sjvkgtdpixe.public.blob.vercel-storage.com/qci_2382_page_84.pdf,https://www.quantatw.com/quanta/chinese/esg/csrreport.aspx
11549,身為臺灣最國際化的金融業者，中信金控積極參與國際永續金融倡議，遵循氣候與自然財務揭露建議，接軌全球永續趨勢；在永續金融政策中，明訂以「積極響應並提倡永續金融」、「聚焦於創造 SDGs 及氣候環境相關之正向影響力」、「驅動低碳經濟，邁向 2050 淨零排放」、「整合集團資源，擴大業務綜效」四大實施原則，作為集團推動永續發展暨金融業務的依據，各子公司風險、投融資等相關政策與規範中，明示辦理各項金融業務時，應善盡並持續不斷精進 ESG 關注面向的管理義務。,E,Yes,中信金控積極參與國際永續金融倡議，遵循氣候與自然財務揭露建議，接軌全球永續趨勢；,already,Yes,在永續金融政策中，明訂以「積極響應並提倡永續金融」、「聚焦於創造 SDGs 及氣候環境相關之正向影響力」、「驅動低碳經濟，邁向 2050 淨零排放」、「整合集團資源，擴大業務綜效」四大實施原則， ｜ 各子公司風險、投融資等相關政策與規範中，明示辦理各項金融業務時，應善盡並持續不斷精進 ESG 關注面向的管理義務。,Clear,ctbc,2891,36,https://media-ctbc.todayir.com/pdf/esg_report/2024/2024_Sustainability_Report_CN.pdf,https://ir.ctbcholding.com/c/esg_reports
11528,"2050全球水泥及混凝土事業體淨零路徑，依科學基礎減碳目標(Science Based Target, SBT)1.5度方法學、ISO IWA 42淨零指引，並參考IEA淨零路徑報告及2024年能源展望報告書，主要運用水泥製程中關鍵的替代熟料、替代原料、替代燃料、餘熱發電、製程改善、再生能源及碳捕獲做為減碳策略，碳匯部分自2023年啟動森林及土壤調查，作為淨零碳移除之可行方案。",E,Yes,"2050全球水泥及混凝土事業體淨零路徑，依科學基礎減碳目標(Science Based Target, SBT)1.5度方法學、ISO IWA 42淨零指引，並參考IEA淨零路徑報告及2024年能源展望報告書，主要運用水泥製程中關鍵的替代熟料、替代原料、替代燃料、餘熱發電、製程改善、再生能源及碳捕獲做為減碳策略，碳匯部分自2023年啟動森林及土壤調查，作為淨零碳移除之可行方案。",more_than_5_years,Yes,"依科學基礎減碳目標(Science Based Target, SBT)1.5度方法學、ISO IWA 42淨零指引，並參考IEA淨零路徑報告及2024年能源展望報告書，主要運用水泥製程中關鍵的替代熟料、替代原料、替代燃料、餘熱發電、製程改善、再生能源及碳捕獲做為減碳策略，碳匯部分自2023年啟動森林及土壤調查，作為淨零碳移除之可行方案。",Clear,tcc,1101,11,https://media.taiwancement.com/web_tcc/comm/pdf/Sustainability_Report/2024/TW/%E5%8F%B0%E6%B3%A52024%E5%B9%B4%E6%B0%B8%E7%BA%8C%E5%A0%B1%E5%91%8A%E6%9B%B8.pdf,https://www.tccgroupholdings.com/tw/esgReport.html
10547,本公司全體內勤正職同仁皆定期接受年度績效檢視，全員年度績效考核均設有連結金融消費者保護及公平待客落實成果之相關指標且和年終獎金有效連結。年度績效考核表單中，除了個人目標區段外，另將「正向的力量」( 依「金控永續經營 (ESG) 願景工程」藍圖，在四大策略「低碳、數位、激勵、影響」下，就個人工作職務上所負職責規劃、推動或執行相關行動方案，並落實公平待客原則，以共同達成公司 ESG 策略目標暨形塑公平待客之企業文化。) 列入職場行為區段的必考核指標之一，且權重不得低於該區段的 10%( 個人目標占績效考核之 70%，職場行為占 30%)，由上而下透過績效管理機制建立全體同仁對 ESG 策略願景藍圖的共識，進而引導同仁將 ESG 落實於日常工作中。其考核結果將依「績效評核辦法」之規範與同仁獎金有效連結，以鼓勵同仁持續與公司政策共同努力與成長。,G,Yes,以鼓勵同仁持續與公司政策共同努力與成長。,already,Yes,本公司全體內勤正職同仁皆定期接受年度績效檢視，全員年度績效考核均設有連結金融消費者保護及公平待客落實成果之相關指標且和年終獎金有效連結。年度績效考核表單中，除了個人目標區段外，另將「正向的力量」( 依「金控永續經營 (ESG) 願景工程」藍圖，在四大策略「低碳、數位、激勵、影響」下，就個人工作職務上所負職責規劃、推動或執行相關行動方案，並落實公平待客原則，以共同達成公司 ESG 策略目標暨形塑公平待客之企業文化。) 列入職場行為區段的必考核指標之一，且權重不得低於該區段的 10%( 個人目標占績效考核之 70%，職場行為占 30%)，由上而下透過績效管理機制建立全體同仁對 ESG 策略願景藍圖的共識，進而引導同仁將 ESG 落實於日常工作中。其考核結果將依「績效評核辦法」之規範與同仁獎金有效連結，,Clear,fubon,2881,59,https://hsxn1sjvkgtdpixe.public.blob.vercel-storage.com/fubon_2881_page_59.pdf,https://esg.fubonlife.com.tw/esg-report
10971,法人金融之融資的評估與審核流程，所有申請之授信案件，皆應填具「ESG 與永續金融政策」所列之業務推動原則，分別判斷授信對象之經營業務是否屬於可積極支持產業、禁止承作之交易對象及內容或應避免直接合作或審慎評估之高碳排產業、並檢視企業是否於生物多樣性敏感地區或鄰近區域開展營運活動，亦將企業對於環境與社會議題是否具備有訂定目標及追蹤管理視為授信審核之重要因子，以落實台新對於責任授信之重視。另針對氣候變遷具敏感性、或對環境與社會風險較高之產業(共六大類：不動產開發業、電子零組件製造業、電力供應業、電力設備及配備製造業、化學材料製造業)，需再檢核特定之社會與環境議題審查項目，同時配合氣候變遷所增訂之脫碳策略，針對經營業務涉及特定煤炭相關產業以及非典型石化油氣業之項目者，應予審慎評估。,E,No,,,,,,taishin,2887,94,https://hsxn1sjvkgtdpixe.public.blob.vercel-storage.com/taishin_2887_page_94.pdf,https://www.tsholdings.com.tw/tsh/responsibility/report/
11097,綠色基地臺    核心特色  - 整合風力、太陽能和儲能系統  - 累計裝置容量達 153.4 kWp（風力 12 kWp，太陽能 141.4 kWp）  - 2024 年總發電量：10.13 萬度    儲能系統  - 太陽能不足或風力較小時，儲能系統可填補基地臺電力  - 確保基地臺電力供應的穩定性，削峰填谷的效果達到最佳,E,No,,,,,,cht,2412,74,https://www.cht.com.tw/home/cht/-/media/web/pdf/sustainability/csr-report-download/csr/2024/2024-esg-report-ch.pdf?sc_lang=zh-tw,https://www.cht.com.tw/zh-tw/home/cht/esg
10807,內部稽核辦理各項例行查核作業時，針對有規劃執行 ESG 重點專案或年度工作計畫訂有 ESG 相關工作目標之受查單位，於查核時檢視其是否依規劃執行 ESG 重點專案或依工作目標定期檢視執行情形，稽核計畫並呈報董事會審議通過。,G,No,,,,,,fubon,2881,37,https://hsxn1sjvkgtdpixe.public.blob.vercel-storage.com/fubon_2881_page_37.pdf,https://esg.fubonlife.com.tw/esg-report
11086,仁武廠區門口設有空氣品質監測看板，將空氣品質連續自動監測數據即時公開供民眾查閱，並將廢氣燃燒塔使用的原因於網站中逐筆對外說明，請參閱台塑企業廠區空污事件管制資訊網。定期將廠區內外空氣品質監測結果提送里長辦公室，以供其查驗，並不定期拜訪廠區周邊里長，報告近期環保 ( 含空氣污染 ) 改善進度及成效。2024 年 1 月，由各駐廠總經理室資深經理向廠區當地里長、居民報告管理成果與績效。,E,Yes,定期將廠區內外空氣品質監測結果提送里長辦公室，以供其查驗，並不定期拜訪廠區周邊里長，報告近期環保 ( 含空氣污染 ) 改善進度及成效。,more_than_5_years,Yes,2024 年 1 月，由各駐廠總經理室資深經理向廠區當地里長、居民報告管理成果與績效。,Not Clear,fpc,1301,151,https://www.fpg.com.tw/uploads/images/ESG/%E5%8F%B0%E5%A1%912024%E5%B9%B4%E6%B0%B8%E7%BA%8C%E5%A0%B1%E5%91%8A%E6%9B%B8.pdf,https://www.fpg.com.tw/esg/tw/download
11318,"為呼應國際航空運輸協會(IATA)全球運輸業於2050年實現淨零碳排放的決議及達成⾧榮航空「2050年淨零碳排放」的決心，我們希望透過與供應商夥伴的合作，探索各種可能方法，在產品製程或服務流程的改造精進，盡力減少碳足跡，共創永續未來。⾧榮航空於2023年啟始「EVA永續願景–綠色供應鏈計畫」，推行為期三年的綠色供應鏈計畫，以「綠能節電」、「綠色循環」、「綠色能源」和「綠色運輸」為四大主題領域，由⾧榮航空供應商夥伴針對自家產品製程 / 服務流程，自訂與四大主題領域各項具體且可量化的指標及目標。2024年度共計12家供應商(包含7家關鍵供應商)報名提案，後續評選作業將選將進一步審視減碳數據及佐證資料。2024年供應商大會中舉行綠色供應鏈首屆(2023年度)頒獎並且邀請獲得第一名的標竿供應商分享其減碳行動包含場站LED汰換、堆高機電氣化、實施生物分解器、安裝/持續使用太陽能光電系統等，年度減碳量達12,102 噸CO₂e，希望藉此分享能鼓勵並邀集更多供應商夥伴積極響應減碳共創永續綠色供應鏈。",E,Yes,為呼應國際航空運輸協會(IATA)全球運輸業於2050年實現淨零碳排放的決議及達成⾧榮航空「2050年淨零碳排放」的決心，我們希望透過與供應商夥伴的合作，探索各種可能方法，在產品製程或服務流程的改造精進，盡力減少碳足跡，共創永續未來。,more_than_5_years,Yes,"⾧榮航空於2023年啟始「EVA永續願景–綠色供應鏈計畫」，推行為期三年的綠色供應鏈計畫，以「綠能節電」、「綠色循環」、「綠色能源」和「綠色運輸」為四大主題領域，由⾧榮航空供應商夥伴針對自家產品製程 / 服務流程，自訂與四大主題領域各項具體且可量化的指標及目標。2024年度共計12家供應商(包含7家關鍵供應商)報名提案，後續評選作業將選將進一步審視減碳數據及佐證資料。2024年供應商大會中舉行綠色供應鏈首屆(2023年度)頒獎並且邀請獲得第一名的標竿供應商分享其減碳行動包含場站LED汰換、堆高機電氣化、實施生物分解器、安裝/持續使用太陽能光電系統等，年度減碳量達12,102 噸CO₂e，希望藉此分享能鼓勵並邀集更多供應商夥伴積極響應減碳共創永續綠色供應鏈。",Clear,emc,2603,79,https://www.evacsr.com/archive/doc/download/EVA_CSR_CH_2024.pdf,https://www.evacsr.com/
11235,就適用處進行報導，根據世界資源研究所 WRI Aqueduct 水風險地圖集工具，在基線水壓力高或極高的地區，所抽取的百萬升水、消耗的水（兆升）以及每種水的百分比。評估並報導整個價值鏈（上下游）同樣的資訊。,E,No,,,,,,fubon,2881,148,https://esg.fubonlife.com.tw/esg-report,https://esg.fubonlife.com.tw/esg-report
11386,在全球邁向淨零碳排的浪潮中，AI 不再只是技術創新的代名詞，更成為企業實現永續目標的關鍵動能。光寶科技以 AI 為核心，積極推動節能、轉能、儲能與控能的創新應用，展現科技在能源轉型中的關鍵角色。作為業界少數能整合電源管理與 AI 運算平台的領導者，光寶不僅掌握核心技術，更在高密度、高效率的 AI 基礎建設上持續創新，為企業提供具規模、具彈性的解決方案，讓科技不只是創新引擎，更成為驅動永續的實踐力量。,G,Yes,AI 光寶科技以 AI 為核心，積極推動節能、轉能、儲能與控能的創新應用，展現科技在能源轉型中的關鍵角色。  AI 光寶不僅掌握核心技術，更在高密度、高效率的AI 基礎建設上持續創新，為企業提供具規模、具彈性的解決方案，讓科技不只是創新引擎，更成為驅動永續的實踐力量。,between_2_and_5_years,No,,,ltc,2301,9,https://www.liteon.com/upload/media/report_over_20mb/%E3%80%90CH%E3%80%9120250804_%E5%85%89%E5%AF%B6%E7%A7%91%E6%8A%80_ESG_Final.pdf,https://www.liteon.com/zh-tw/esgoverview/esg-overview
11700,對客戶提出之需求或建議，執行上無法達到客戶滿意時，將列入每月業務管理會議中研討改善之。若客戶滿意度調查總平均分數低於 7 分 ( 總分 10 分 )，需另權並研討如何滿足客戶之對策，如有必須時並成立「專案計劃」改善之。2024 年客戶滿意度調查問卷回收率為 100%，整體滿意度為 8.1 分，長期目標希望能達成平均客戶滿意度 9 分。,S,Yes,對客戶提出之需求或建議，執行上無法達到客戶滿意時，將列入每月業務管理會議中研討改善之。 ｜ 長期目標希望能達成平均客戶滿意度 9 分。,already,Yes,如有必須時並成立「專案計劃」改善之。2 ｜ 024 年客戶滿意度調查問卷回收率為 100%，整體滿意度為 8.1 分，,Clear,yageo,2327,66,https://yageogroup.com/content/Resource%20Library/Compliance%20Report/YAGEO_ESG2024_tw.pdf,https://www.yageogroup.com/About/Sustainability
11592,人力資源單位定期檢視屆齡退休之員工名單，提早通知主管符合退休資格人員，預先了解員工退休意願，幫助員工瞭解退休生活可能面臨的問題，並給予退休人員退休後生活關切及提供可申請退休金之相關資訊，協助員工提早做好退休的準備，規劃退休生活。,S,No,,,,,,avc,3017,101,https://www.avc.co/Portals/0/zh-tw/FileUpload/%E4%BC%81%E6%A5%AD%E8%B2%AC%E4%BB%BB/2024%E6%B0%B8%E7%BA%8C%E5%A0%B1%E5%91%8A.pdf?ran=001,https://www.avc.co/zh-tw/CorporateResponsibility/CorporateCSR
10507,本年度報告書呈現統一超商在永續發展方面的觀點與具體作法，說明 2024 年公司治理、經濟、環境及社會面向的相關成果與未來規劃。同時，透過重大性評估流程（請參閱實踐永續管理章節），篩選出統一超商適用之重大主題，期望透過不同管道之揭露、溝通及回饋，為所有利害關係人創造最大共益，邁向最卓越零售商之目標。,E;S;G,Yes,期望透過不同管道之揭露、溝通及回饋，為所有利害關係人創造最大共益，邁向最卓越零售商之目標。,between_2_and_5_years,Yes,本年度報告書呈現統一超商在永續發展方面的觀點與具體作法，說明 2024 年公司治理、經濟、環境及社會面向的相關成果與未來規劃。同時，透過重大性評估流程（請參閱實踐永續管理章節），篩選出統一超商適用之重大主題，期,Not Clear,pcsc,2912,4,https://hsxn1sjvkgtdpixe.public.blob.vercel-storage.com/pcsc_2912_page_4.pdf,https://www.7-11.com.tw/Company/esg/reports.aspx
11855,客戶資料均依照「金融控股公司法」、「金融控股公司子公司間共同行銷管理辦法」、「金融控股公司及其子公司自律規範」、「個人資料保護法」及其他相關法令之規定，僅在本集團依法進行共同行銷時交互運用與揭露，除依法令規定、取得客戶同意或本集團委託處理相關業務之情形外，不會向其他第三人揭露客戶個人資料。,S,No,,,,,,kgi,2883,67,https://www.kgi.com/zh-tw/-/media/files/cdf/esg/download/reports-and-certificates/reports/2024esgreport.pdf,https://www.kgi.com/zh-tw/esg
11400,台達供應鏈 ESG 委員會偕同各事業單位於 2022 年全面展開集團產品碳足跡試行專案，事業單位亦同步建立產品碳足跡推動小組，中期將自主提升其產品碳足跡推動能力與展開量化計畫，並建立客戶產品碳足跡要求因應機制，長期則將所有重要產品納入台達產品碳足跡計算平台，幫助低碳產品研發並且持續議合、溝通及鼓勵價值鏈夥伴加速產品碳足跡減量行動，以符合國際趨勢、客戶要求及相關法規。,E,Yes,台達供應鏈 ESG 委員會偕同各事業單位於 2022 年全面展開集團產品碳足跡試行專案，事業單位亦同步建立產品碳足跡推動小組，中期將自主提升其產品碳足跡推動能力與展開量化計畫，並建立客戶產品碳足跡要求因應機制，長期則將所有重要產品納入台達產品碳足跡計算平台，幫助低碳產品研發並且持續議合、溝通及鼓勵價值鏈夥伴加速產品碳足跡減量行動，以符合國際趨勢、客戶要求及相關法規。,more_than_5_years,Yes,幫助低碳產品研發並且持續議合、溝通及鼓勵價值鏈夥伴加速產品碳足跡減量行動，以符合國際趨勢、客戶要求及相關法規。,Not Clear,delta,2308,78,https://esg.deltaww.com/CSR-Reports,https://esg.deltaww.com/CSR-Reports
10129,和泰汽車每年定期舉辦「違法零容忍」法律講座，藉由對「破窗理論」及「違法零容忍」觀念解說及業務上常見違法案例解說，對第一線人員進行法遵觀念強化溝通。透過實體講座課程，邀請各經銷商法務擔當擔任種子講師，無法參與實體課程的人員則施以線上課程與課後測驗，確實展現集團對於違法行為絕不姑息的決心。2024 年，已針對各項遵法辦理實體與線上課程，相關成果如下：,S,Yes,和泰汽車每年定期舉辦「違法零容忍」法律講座，藉由對「破窗理論」及「違法零容忍」觀念解說及業務上常見違法案例解說，對第一線人員進行法遵觀念強化溝通。透,longer_than_5_years,Yes,透過實體講座課程，邀請各經銷商法務擔當擔任種子講師，無法參與實體課程的人員則施以線上課程與課後測驗，確實展現集團對於違法行為絕不姑息的決心。2024 年，已針對各項遵法辦理實體與線上課程，相關成果如下：,Not Clear,hotaimotor,2207,32,https://hsxn1sjvkgtdpixe.public.blob.vercel-storage.com/hotaimotor_2207_page_32.pdf,https://www.hotaimotor.com.tw/Sustainability/Reports
10860,藥華醫藥同時考量以下觀點來確認該項議題是否為重大主題：  1. 透過利害關係人視角，其對該永續相關議題具有高度關注度  2. 對組織營運衝擊程度：永續議題對企業發展與公司價值的影響  3. 對永續發展衝擊程度：公司的營運活動對經濟、環境和人/人權造成的影響  4. 該議題具有可管理的指標與目標，交由各權責單位執行後，每年可以定期檢視其目標之達成度,E;S;G,No,,,,,,pec,6446,17,https://hsxn1sjvkgtdpixe.public.blob.vercel-storage.com/pec_6446_page_17.pdf,https://www.pharmaessentia-esg.com/tw/download/detail#section-1
11567,範疇三減碳目標經產業特性、排放規模大小及減量機會之鑑別後，選定「上游運輸」、「下游運輸」、「採購商品及服務」以及「燃料及能源相關活動」這4個類別完成2030年短期減量目標設定，並根據SBT 1.5度方法學設定整體範疇三2050年長期減量目標。,E,Yes,這4個類別完成2030年短期減量目標設定，並根據SBT 1.5度方法學設定整體範疇三2050年長期減量目標。,more_than_5_years,Yes,範疇三減碳目標經產業特性、排放規模大小及減量機會之鑑別後，選定「上游運輸」、「下游運輸」、「採購商品及服務」以及「燃料及能源相關活動」這 ｜ 根據SBT 1.5度方法,Clear,tcc,1101,12,https://media.taiwancement.com/web_tcc/comm/pdf/Sustainability_Report/2024/TW/%E5%8F%B0%E6%B3%A52024%E5%B9%B4%E6%B0%B8%E7%BA%8C%E5%A0%B1%E5%91%8A%E6%9B%B8.pdf,https://www.tccgroupholdings.com/tw/esgReport.html
11042,5G 時代來臨，為因應電信產業變革趨勢，遠傳擴大招募具備電信、數位媒體、資安、雲端、人工智慧、物聯網等跨界、跨域、跨業整合服務技術人才，以持續累積創新領域人力資源。資安為遠傳關注的永續重大議題，隨著新興技術快速地發展，網路資訊安全威脅變化與攻擊頻率也愈加頻繁，因此，近年公司擴大資安人才需求，同時針對資安年資超過兩年且年度績效考核達到標準以上之資安人才訂定長期留任獎勵激勵，分期發放留任獎金，以避免資安人才流失造成公司營運及商譽遭受資安威脅衝擊的風險。同時，為吸引更多有潛力有意願投入資通訊科技產業的人才，遠傳深耕校園，參與 GOLF 學用接軌聯盟實習計畫，整合校園資源，培育各領域專業人才。並透過校園商業競賽，如 ATCC、ACT 夢想家、台大 Global MBA 等競賽，拓展在 ESG、雲端科技、遠距診療議題上，與各大專院校之合作。遠傳也運用集團資源，推動與元智大學及亞東科技大學之產學專案，提供在校學生實習或產學合作專案的機會。除集團之外，也在 ICT Digital Twin、智慧校園等領域上，攜手靜宜大學、淡江大學、中央大學、東華大學、交通陽明大學等等學校，進行 ICT/IT 專案研發，並與美國麻省理工學院 (MIT) 學生進行暑期交流。除此之外，遠傳多年來持續提供暑期實習機會，表現優異之實習生期滿或畢業時，亦有機會轉任正職職務。2024 年共提供 23 個實習機會，其中 1 位轉為正式職務，更有 2 位曾參與暑期實習的同學，於畢業後重新回到遠傳擔任正職工作。,S,Yes,傳擴大招募具備電信、數位媒體、資安、雲端、人工智慧、物聯網等跨界、跨域、跨業整合服務技術人才，以持續累積創新領域人力資源。 ｜ 近年公司擴大資安人才需求，同時針對資安年資超過兩年且年度績效考核達到標準以上之資安人才訂定長期留任獎勵激勵，分期發放留任獎金，以避免資安人才流失造成公司營運及商譽遭受資安威脅衝擊的風險。,between_2_and_5_years,Yes,並透過校園商業競賽，如 ATCC、ACT 夢想家、台大 Global MBA 等競賽，拓展在 ESG、雲端科技、遠距診療議題上，與各大專院校之合作。遠傳也運用集團資源，推動與元智大學及亞東科技大學之產學專案，提供在校學生實習或產學合作專案的機會。除集團之外，也在 ICT Digital Twin、智慧校園等領域上，攜手靜宜大學、淡江大學、中央大學、東華大學、交通陽明大學等等學校，進行 ICT/IT 專案研發，並與美國麻省理工學院 (MIT) 學生進行暑期交流。,Clear,fet,4904,104,https://corporate.fetnet.net/content/corp/tw/CSR/ReportDownload.html,https://corporate.fetnet.net/content/corp/tw/CSR/ReportDownload.html
10079,"台灣大於2022年制定「保護生物多樣性及零毀林宣言」，攜手關鍵價值鏈（包含一階供應商及非一階供應商），積極倡議，並與學研機構、保育單位或社區等利害關係人合作，維護自然生態系統與棲地，遏止生物多樣性喪失。在衝擊殘餘的情況下，以零淨損失(No Net Loss)原則進行最大補償，計畫於2050年實現生物多樣性淨正向衝擊(Net Positive Impact)與終止任何形式的毀林行為(No Gross Deforestation)，詳見。  此外，於2023年導入自然相關財務揭露(The Taskforce on Nature-related Financial Disclosures ,TNFD)，並於2024年出版首本TNFD報告書，依據LEAP(Locate, Evaluate, Assess, Prepare)方法學分析，範圍涵蓋100%營運據點，包含辦公室、門市、機房、基地台，並擴及450家全球供應商。透過TNFD報告書，台灣大深入探討影響電信服務業的預警機制與管理作法，同時研究可以為大自然帶來正面效益的永續商品與綠色服務，並訂定相應指標和管理目標。詳見台灣大「TNFD報告書」。",E,Yes,計畫於2050年實現生物多樣性淨正向衝擊(Net  ｜ Positive  ｜ Impact)與終止任何形式的毀林行為(No  ｜ Gross  ｜ Deforestation)，,longer_than_5_years,Yes,台灣大於2022年制定「保護生物多樣性及零毀林宣言」，,Clear,twm,3045,45,https://hsxn1sjvkgtdpixe.public.blob.vercel-storage.com/twm_3045_page_45.pdf,https://corp.taiwanmobile.com/esg/esg-report.html
11073,台塑石化已全面推行作業電腦化，運用科技化的管理將人事、財務、營業、生產、資材及工程等六大管理機能相互串連。內部控制制度每年由董事會評估其有效性，並出具內部制度有效性聲明書。,G,Yes,內部控制制度每年由董事會評估其有效性，並出具內部制度有效性聲明書。,more_than_5_years,No,,,fpcc,6505,29,https://fpcc-esg.com/upload/files/f_250609091453.pdf,https://fpcc-esg.com/
11449,為落實虛級主管提報與執行公平待客之亮點措施與專案規劃，各權責部門將「落實公平待客原則」納入 2024 年的年度計畫書內，每季追蹤管控執行狀況；2024 年訂定「公平待客原則業務督導管理辦法」，以強化各單位落實公平待客原則執行之督導，鼓勵各單位持續精進公平待客原則各項業務推動；另投資等單位亦將落實誠信經營原則納入強化重點，執行年度查核，彰顯公司建立公平待客文化的決心，也足以表彰本公司積極回應 ESG 永續經營的企業使命。,G,Yes,為落實虛級主管提報與執行公平待客之亮點措施與專案規劃， ｜ 強化各單位落實公平待客原則執行之督導，鼓勵各單位持續精進公平待客原則各項業務推動；,already,Yes,各權責部門將「落實公平待客原則」納入 2024 年的年度計畫書內，每季追蹤管控執行狀況；2024 年訂定「公平待客原則業務督導管理辦法」， ｜ 另投資等單位亦將落實誠信經營原則納入強化重點，執行年度查核，彰顯公司建立公平待客文化的決心，也足以表彰本公司積極回應 ESG 永續經營的企業使命。,Clear,fubon,2881,73,https://esg.fubonlife.com.tw/esg-report,https://esg.fubonlife.com.tw/esg-report
10280,本次活動以「自然共感」為核心理念，邀請參與者走入田野山谷、古鎮森林與城市綠地，近距離觀察生物與人類活動之間的互動關係。從北京的牧羊山谷到西安的陳爐古鎮，從廣州的羅浮山到深圳的光明科學公園，再至上海郊區的動物農場與昆山的生態園區，六大城市各自展現獨特的自然面貌，也讓員工與家人以不同視角重新認識身邊的生態環境。,E,No,,,,,,acl,2395,214,https://hsxn1sjvkgtdpixe.public.blob.vercel-storage.com/acl_2395_page_214.pdf,https://esg.advantech.com/zh-tw/downloads/sustainability-report
10178,承諾2030年達EV100、2040年達RE100、2050年達成淨零碳排。在合併台灣之星的情況下，2024年再生能源使用比例仍達10%目標，並提前6年超標達成IDC雲端機房100%使用再生能源的目標。以實際行動布局再生能源、節能減碳，以「優化電信設備並採用AI及大數據智慧節能技術」、「建置東亞最綠IDC雲端機房」、「推動門市數位化綠色營運」、「推出二手手機認證以促進循環經濟」、「深化再生能源布局」5大面向加速邁向2050淨零。,E,Yes,承諾2030年達EV100、2040年達RE100、2050年達成淨零碳排。,longer_than_5_years,Yes,優化電信設備並採用AI及大數據智慧節能技術」、「建置東亞最綠IDC雲端機房」、「推動門市數位化綠色營運」、「推出二手手機認證以促進循環經濟」、「深化再生能源布局」5,Clear,twm,3045,14,https://hsxn1sjvkgtdpixe.public.blob.vercel-storage.com/twm_3045_page_14.pdf,https://corp.taiwanmobile.com/esg/esg-report.html
10472,其他廠區：各據點亦持續依據當地法規與實際營運情況建置員工溝通機制，並由當地管理單位視需求推動區域性溝通活動，透過定期部門會議、員工座談、意見箱或線上回饋管道等方式蒐集員工建議，並視實際可行性由管理單位統一彙整與後續處理，確保員工意見獲得妥善回應與處理，逐步強化整體溝通文化與組織凝聚力。針對特定議題或政策調整，部分廠區會邀請員工代表參與意見諮詢，作為內部溝通的補充參考。未來亦將持續鼓勵各地廠區依據營運規模與組織特性，逐步優化在地化溝通與回饋機制，強化組織與員工間的互信基礎。,S,Yes,各據點亦持續依據當地法規與實際營運情況建置員工溝通機制， ｜ 未來亦將持續鼓勵各地廠區依據營運規模與組織特性，逐步優化在地化溝通與回饋機制，強化組織與員工間的互信基礎。,already,Yes,並由當地管理單位視需求推動區域性溝通活動，透過定期部門會議、員工座談、意見箱或線上回饋管道等方式蒐集員工建議，並視實際可行性由管理單位統一彙整與後續處理，確保員工意見獲得妥善回應與處理，逐步強化整體溝通文化與組織凝聚力。針對特定議題或政策調整，部分廠區會邀請員工代表參與意見諮詢，作為內部溝通的補充參考。,Clear,qci,2382,124,https://hsxn1sjvkgtdpixe.public.blob.vercel-storage.com/qci_2382_page_124.pdf,https://www.quantatw.com/quanta/chinese/esg/csrreport.aspx
11517,"為強化內部同仁對碳有價化的認知，自 2024 年 1 月起，統一企業正式導入內部碳定價機制，依循環境部之碳費標準，以 300 元 / 噸 CO2e 做為內部碳費的基準，由總公司向事業部收取碳費，並納入碳費基金。制定碳費目的主係將碳成本納入投資和營運決策中、成本效益分析以評估相關投資，例如節能技術、綠建築認證、改造專案等；統一企業減碳目標，於 2030 年下降 38%；2024 年合計節電減量 8,220 千度，天然氣減量 1,839.45 千立方公尺，在 2024 年各總廠平均節電率達 2.17%。以實際 2024 年對比 2005 年為基準年，2024 年已下降 28%( 下降 6.66 萬噸 )，每噸 300 元計算，合計節省 1,998 萬元。",,Yes,統一企業減碳目標， 於 2030 年下降 38%；,more_than_5_years,Yes,自 2024 年 1 月起，統一企業正式導入內部碳定價機制，依循環境部之碳費標準，以 300 元 / 噸 CO2e 做為內部碳費的基準，由總公司向事業部收取碳費，並納入碳費基金。制定碳費目的主係將碳成本納入投資和營運決策中、成本效益分析以評估相關投資，例如節能技術、綠建築認證、改造專案等；,Clear,unipresident,1216,48,https://esg.sp88.tw/upload/pj/202508071622071323.pdf,https://esg.sp88.tw/book.php
11951,"執行至今，已使產能與含氟溫室氣體排放脫鉤，改變整體溫室氣體排放結構，且含氟溫室氣體取代策略更是引領同業全面跟進，共同創造產業減碳行動的突破性作為。2024 年因增設高效率製程尾氣處理設備、推動處理效率最佳化，其中尾氣處理設備減量達 790,047 公噸 CO₂e，聯電單位產品含氟溫室氣體排放量較 2010 年降低 80.3%，提前達到 2025 年的目標。",E,No,,,,,,umc,2303,102,https://www.umc.com/upload/media/07_Sustainability/72_Reports_and_Results/1_Corporate_Sustainability_Reports/CSR_Reports/CS_Reort_chinese_pdf/2024_CSR_report_chi/UMC-2024-CH-elink.pdf,https://www.umc.com/zh-TW/Download/corporate_sustainability_reports
11599,"日月光投控參考多項國際標準與框架進行年度重大性分析，包括 GRI 通用準則 2021(GRI Universal Standards 2021) 的重大主題、利害關係人議合標準 (AA 1000 SES)、價值平衡聯盟 (Value Balancing Alliance, VBA)、哈佛商學院「影響力加權會計研究計畫」(Impact-Weighted Accounts Initiative, IWAI) 與倫敦標竿群組 (London Benchmarking Group, LBG) 的評估方法學。同時運用責任商業聯盟 (RBA) 的驗證稽核計畫執行人權盡職調查，並整合歐洲財務報導諮詢小組 (European Financial Reporting Advisory Group, EFRAG) 提出的雙重重大性概念 (Double Materiality) 等架構，逐步完整重大性分析流程，透過建立五步驟完成重大性議題鑑別，並以企業風險管理 (ERM) 視角整合關鍵風險與重大議題，加強組織韌性。    日月光投控識別並評估永續議題對營運的重要性，參考前一年度重大議題，盤點公司內部資源，制定 2030 年的長期策略與目標。且經公司內部高階主管確認 17 項重大議題後，並於董事會上報告分析結果與重大議題。整體重大性分析流程如下：",G,Yes,日月光投控識別並評估永續議題對營運的重要性，參考前一年度重大議題，盤點公司內部資源，制定 2030 年的長期策略與目標。,more_than_5_years,Yes,"日月光投控參考多項國際標準與框架進行年度重大性分析，包括 GRI 通用準則 2021(GRI Universal Standards 2021) 的重大主題、利害關係人議合標準 (AA 1000 SES)、價值平衡聯盟 (Value Balancing Alliance, VBA)、哈佛商學院「影響力加權會計研究計畫」(Impact-Weighted Accounts Initiative, IWAI) 與倫敦標竿群組 (London Benchmarking Group, LBG) 的評估方法學。同時運用責任商業聯盟 (RBA) 的驗證稽核計畫執行人權盡職調查，並整合歐洲財務報導諮詢小組 (European Financial Reporting Advisory Group, EFRAG) 提出的雙重重大性概念 (Double Materiality) 等架構，逐步完整重大性分析流程，透過建立五步驟完成重大性議題鑑別，並以企業風險管理 (ERM) 視角整合關鍵風險與重大議題，加強組織韌性。",Clear,aseh,3711,38,https://www.aseglobal.com/ch/pdf/aseh-2024-csr-ch-final.pdf,https://www.aseglobal.com/ch/csr/csr-download/
11819,為了解本公司在未來不同情境下的策略韌性，以及可能面對的投資面衝擊。本公司根據 NGFS 訂定 2030 年及 2050 年氣候情境，以 2024 年底為部位日，綜合考量轉型風險與實體風險進行信用風險影響評估，並再另外針對轉型風險進行市場風險影響評估，以下為評估結果。,E;G,Yes,為了解本公司在未來不同情境下的策略韌性，以及可能面對的投資面衝擊。,already,Yes,本公司根據 NGFS 訂定 2030 年及 2050 年氣候情境，以 2024 年底為部位日，綜合考量轉型風險與實體風險進行信用風險影響評估，並再另外針對轉型風險進行市場風險影響評估，以下為評估結果。,Clear,fubon,2881,124,https://esg.fubonlife.com.tw/esg-report,https://esg.fubonlife.com.tw/esg-report
11437,聯電水污染防治策略首重「製程源頭減量、廢液分流」，再依分類處理原則進行。在新廠區廢水分流管達 27 類，區分為溶劑類（高或低閃火點進行資源再利用或焚化處理）、無機酸類（進行資源再利用）、廢水類（依特性分類處理並多重再利用），以提升水資源最大效益，使廢水成份簡單化，最後經由廠區廢水處理設施，將廢水處理符合科管局納管標準後，才排入園區污水下水道系統。為能即時監控與應變，聯電於排放前均設置水質（酸鹼值、氟離子濃度）與水量連續監測設施，並採用 SPC 自我及早預防管理，確保符合排入園區污水下水道水質納管規定；且科管局每月不定期至各公司抽測排放口水質，為排放水質雙重把關。另外，各廠亦定期委外進行廢水檢測長期追蹤監測廢水水質，確保各廠區之廢水水質均可符合當地之放流水標準。聯電亦規劃了水污染主要指標優於納管標準改善目標，目標是到 2030 年關鍵水污染指標超過監管標準，以達到減少率 70%。,E,Yes,廠亦定期委外進行廢水檢測長期追蹤監測廢水水質，確保各廠區之廢水水質均可符合當地之放流水標準。聯電亦規劃了水污染主要指標優於納管標準改善目標，目 ｜ 目標是到 2030 年關鍵水污染指標超過監管標準，以達到減少率 70%。,more_than_5_years,Yes,在新廠區廢水分流管達  ｜ 27  ｜ 類，區分為溶劑類（高或低閃火點進行資源再利用或焚化處理）、無機酸類（進行資源再利用）、廢水類（依特性分類處理並多重再利用），以提升水資源最大效益，使廢水成份簡單化，最後經由廠區廢水處理設施，將廢水處理符合科管局納管標準後，才排入園區污水下水道系統。 ｜ 聯電於排放前均設置水質（酸鹼值、氟離子濃度）與水量連續監測設施，並採用  ｜ SPC  ｜ 自我及早預防管理，確保符合排入園區污水下水道水質納管規定；且科管局每月不定期至各公司抽測排放口水質，為排放水質雙重把關。,Clear,umc,2303,115,https://www.umc.com/upload/media/07_Sustainability/72_Reports_and_Results/1_Corporate_Sustainability_Reports/CSR_Reports/CS_Reort_chinese_pdf/2024_CSR_report_chi/UMC-2024-CH-elink.pdf,https://www.umc.com/zh-TW/Download/corporate_sustainability_reports
10012,萬海要求所有供應商遵守雙方企業社會責任政策內容，並積極與供應商合作投入供應鏈永續管理，確保安全的工作環境、有尊嚴的勞工關係、誠信經營及促進環境保護。在 2024 年的隨機抽查中，共評鑑 325 家供應商，雖有零星個案發生品質或效率不佳之問題，但廠商均已於要求期限內完成改善，最終所有抽查之供應商皆通過評鑑。萬海將持續落實現行標準，並依循法規與國際公約的變化調整管理措施，推動所有新舊供應商簽署承諾書及永續評鑑表，以深化供應鏈的永續發展。,G;S,Yes,積極與供應商合作投入供應鏈永續管理，確保安全的工作環境、有尊嚴的勞工關係、誠信經營及促進環境保護。 ｜ 萬海將持續落實現行標準，,already,Yes,在 2024 年的隨機抽查中，共評鑑 325 家供應商，雖有零星個案發生品質或效率不佳之問題，但廠商均已於要求期限內完成改善，最終所有抽查之供應商皆通過評鑑。 ｜ 並依循法規與國際公約的變化調整管理措施，推動所有新舊供應商簽署承諾書及永續評鑑表，以深化供應鏈的永續發展。,Clear,wanhai,2615,57,https://hsxn1sjvkgtdpixe.public.blob.vercel-storage.com/wanhai_2615_page_57.pdf,https://esg.wanhai.com/wanhai/download?d=503295611635b4bd41da85
10564,健全的財務經濟基礎是企業永續發展的基石之一，集團必須注意每一元營收所涉及的產、銷、人、發、財費用及營運活動，透過透明的公司治理策略和有效的風險控管來維護利害關係人的信心。統一企業的業務經營策略被分為短期和長期計劃。在短期營運策略方面，公司致力於強化品牌價值，優化生產效率和產品結構，以提升獲利能力，同時加強對利害關係人的管理，實踐誠信經營和企業社會責任。,G,Yes,在短期營運策略方面，公司致力於強化品牌價值，優化生產效率和產品結構，,longer_than_5_years,Yes,透過透明的公司治理策略和有效的風險控管來維護利害關係人的信心。 ｜ 統一企業的業務經營策略被分為短期和長期計劃。 ｜ 同時加強對利害關係人的管理，實踐誠信經營和企業社會責任。,Clear,unipresident,1216,14,https://hsxn1sjvkgtdpixe.public.blob.vercel-storage.com/unipresident_1216_page_14.pdf,https://esg.sp88.tw/book.php
10886,為協助董事遵循法令、深化公司治理，及落實法遵文化，本公司已設置專責之公司治理主管，確保公司之經營策略合法合規。本公司依照「董事會議事辦法」規定，定期性董事會每季至少召開一次，由董事長召集並擔任主席，並於7日前將會議議程與資料提供予各董事，確認其有充足資訊以參與議案之討論及決策，促進董事會監督與指導。本公司已於「董事會績效評估辦法」明訂各董事於任委員之功能性委員會之平均出席率應達85%以上，2024年共計召開11次董事會，全體董事平均親自出席率為99%（含委託出席則達100%），個別董事親自出席率亦皆超過90%。,G,Yes,為協助董事遵循法令、深化公司治理，及落實法遵文化， ｜ 定期性董事會每季至少召開一次，由,already,Yes,，2024年共計召開11次董事會，全體董事平均親自出席率為99%（含委託出席則達100%），個別董事親自出席率亦皆超過90%。,Clear,chailease,5871,82,https://hsxn1sjvkgtdpixe.public.blob.vercel-storage.com/chailease_5871_page_82.pdf,https://www.chaileaseholding.com/CSR/ReportDownload
10320,"因應減碳、永續潮流, 金融監督管理委員會規範年報須依循國際財務報導準則 (IFRS) 揭露永續相關資訊, 中鋼已進行一系列組織調整, 策劃和推動集團碳中和等永續發展策略, 辨識永續重大風險與機會、開發綠色新商機, 以揭露完整永續資訊內容 ; 另外, 金管會也公布鋼鐵業「永續經濟活動認定參考指引」前瞻經濟活動認定標準, 中鋼將依現有業務, 對照技術篩選標準檢視符合程度, 適時對外揭露經濟活動符合指引相關資訊, 協助利害關係人更了解中鋼永續發展的進展與成果。",G,Yes," 中鋼將依現有業務, 對照技術篩選標準檢視符合程度, 適時對外揭露經濟活動符合指引相關資訊, 協助利害關係人更了解中鋼永續發展的進展與成果。",between_2_and_5_years,Yes,"因應減碳、永續潮流, 金融監督管理委員會規範年報須依循國際財務報導準則 (IFRS) 揭露永續相關資訊, 中鋼已進行一系列組織調整, 策劃和推動集團碳中和等永續發展策略, 辨識永續重大風險與機會、開發綠色新商機, 以揭露完整永續資訊內容 ;",Not Clear,csc,2002,9,https://hsxn1sjvkgtdpixe.public.blob.vercel-storage.com/csc_2002_page_9.pdf,https://www.csc.com.tw/csc/esg/ov/dow.html
11117,本公司財務結構穩健，在業界處於領先地位，積極投入新產品的研發設計，並推進產品投入量產，同時深耕既有客戶、爭取新客戶，預期未來獲利穩健成長，另亦持續深化公司營運管理及成本費用合理管控，以因應未來業務成長所需。,S,Yes,積極投入新產品的研發設計，並推進產品投入量產，同時深耕既有客戶、爭取新客戶，預期未來獲利穩健成長，另亦持續深化公司營運管理及成本費用合理管控，以因應未來業務成長所需。,already,No,,,alchip,3661,15,https://www.alchip.com/upload/2025_12_30/3_202512301527131uw1v1jhM1.pdf,https://www.alchip.com/tw/About_Alchip/esg
10490,凱基人壽成立公平待客委員會，定期將公平待客相關措施彙整及呈報董事會審閱。凱基人壽設有專責單位，由副總級主管領導，綜理「公平待客委員會」會務，透過全體員工設定顧客相關之績效考核指標項目，深化同仁公平待客工作文化。董事自評考核項目中，增加「重視關注ESG議題」以及「積極推動公平待客原則」考核項目。,S,Yes,深化同仁公平待客工作文化。,already,Yes,凱基人壽成立公平待客委員會，定期將公平待客相關措施彙整及呈報董事會審閱。凱基人壽設有專責單位，由副總級主管領導，綜理「公平待客委員會」會務， ｜ 過全體員工設定顧客相關之績效考核指標項目， ｜ 董事自評考核項目中，增加「重視關注ESG議題」以及「積極推動公平待客原則」考核項目。,Clear,kgi,2883,68,https://hsxn1sjvkgtdpixe.public.blob.vercel-storage.com/kgi_2883_page_68.pdf,https://www.kgi.com/zh-tw/esg
11148,"自 2019 年起推動「全集團素食日」，鼓勵同仁自備餐具，減少塑料餐具使用，減輕地球負擔。為擴大響應更進一步改為「蔬食日」，每月 2 次（農曆初一及十五），2024 年共有 59,337 人次響應，減少的碳排放量約 45.10 公噸 CO₂e，相當於 0.12 座大安森林公園的年吸碳量。",E;S,Yes,為擴大響應更進一步改為「蔬食日」，每月 2 次（農曆初一及十五），,more_than_5_years,Yes,"2024 年共有 59,337 人次響應，減少的碳排放量約 45.10 公噸 CO₂e，相當於 0.12 座大安森林公園的年吸碳量。",Clear,tcfhc,5880,168,https://esg.tcfhc.com.tw/uploads/download_item/download_file_zh/14/2024_ESG_REPORT_zh.pdf,https://esg.tcfhc.com.tw/report-download/
11170,「商品安全委員會」共分三個主要層級。召集人由總經理派任，而由行銷群協理和營運群協理擔任副召集人，第二層由品保部主管擔任總幹事。在總幹事下，另設商品安事務局負責整合彙集商品安全相關議題。第三層為 9 個執行小組，由各部門主管擔任小組長。商品安全委員會著眼於安全與品質，建立統一超商自有商品之管理制度，管理範圍涵蓋 100% 自有商品。2024 年共召開一次會議，討論內容包括重要商安訊息報告和追蹤、法規變動規劃因應等。,S,No,,,,,,pcsc,2912,35,https://www.7-11.com.tw/Company/esg/images/report/n2024_report_all_CH.pdf,https://www.7-11.com.tw/Company/esg/reports.aspx
11831,博士級的研究人才在科學推進和創新研究方面扮演著重要角色，是產業永續發展的關鍵。為培育優秀半導體人才，並感念中央研究院劉炯朗前院長長期投入電機電子教育，及在擔任本公司獨立董事期間對公司經營決策的指導與貢獻，於 2023 年度設立「聯電劉炯朗博士生獎學金」。鎖定半導體元件、製程、材料、設備相關領域的優秀博士生，提供每人每月 4 萬元獎學金，最長可連續 4 年，鼓勵其專心致力於學術研究，無後顧之憂地投入科技創新，為半導體產業挹注更多人才能量，本年度共有 17 位同學獲此獎助。,S,Yes,於 2023 年度設立「聯電劉炯朗博士生獎學金」。鎖定半導體元件、製程、材料、設備相關領域的優秀博士生，提供每人每月 4 萬元獎學金，最長可連續 4 年，鼓勵其專心致力於學術研究，無後顧之憂地投入科技創新，為半導體產業挹注更多人才能量，,already,Yes,本年度共有 17 位同學獲此獎助。,Clear,umc,2303,181,https://www.umc.com/upload/media/07_Sustainability/72_Reports_and_Results/1_Corporate_Sustainability_Reports/CSR_Reports/CS_Reort_chinese_pdf/2024_CSR_report_chi/UMC-2024-CH-elink.pdf,https://www.umc.com/zh-TW/Download/corporate_sustainability_reports
11428,依金融監督管理委員會 2022 年 3 月發布之「上市櫃公司永續發展路徑圖」，資本額 100 億以上公司需於 2025 年完成溫室氣體盤查，2027 年完成查證。本公司相關時程規劃已於 2024 年 12 月 12 日提報董事會，預計執行方式如下：,E,Yes,公司相關時程規劃已於 2024 年 12 月 12 日提報董事會，預計執行方式如下：,between_2_and_5_years,Yes,依金融監督管理委員會 2022 年 3 月發布之「上市櫃公司永續發展路徑圖」，資本額 100 億以上公司需於 2025 年完成溫室氣體盤查，2027 年完成查證。,Clear,fpcc,6505,53,https://fpcc-esg.com/upload/files/f_250609091453.pdf,https://fpcc-esg.com/
10579,為激勵與吸引人才，提供優於法令之假別及多樣化福利，居家上班、彈性工時為公司常規制度，另有每胎6萬生育及6歲以下子女1萬育兒津貼、員工及眷屬免費團險、持股信託(股票市值12.46億)、高額話費補貼、數位影音娛樂服務、員購優惠、急難救助、久任獎勵等，詳細項目請參考官網。2024年員工薪資與福利總費用計83.98億元。勞工退休金確定提撥計劃及金額請詳參2024年第4季合併財報第54-55頁。,S,Yes,為激勵與吸引人才，提供優於法令之假別及多樣化福利，,already,Yes,2024年員工薪資與福利總費用計83.98億元。勞工退休金確定提撥計劃及金額請詳參2024年第4季合併財報第54-55頁。,Clear,twm,3045,121,https://hsxn1sjvkgtdpixe.public.blob.vercel-storage.com/twm_3045_page_121.pdf,https://corp.taiwanmobile.com/esg/esg-report.html
11373,在未來，本集團亦將持續規劃環境與自然保育相關教育活動，期望能持續以實際行動觸發同仁內心的使命感，並推展至所有利害關係人，一同投入綠色行動，共同為環境與自然保育盡一份心力。,E,Yes,本集團亦將持續規劃環境與自然保育相關教育活動，期望能持續以實際行動觸發同仁內心的使命感，並推展至所有利害關係人，一同投入綠色行動，共同為環境與自然保育盡一份心力。,already,No,,,yuanta,2885,75,https://www.yuanta.com/Files/TCFDReport/2024/TW/2024TCFD_Report_TC.pdf,https://www.yuanta.com/TW/ESG/ESG-Report
11213,面對日益嚴峻之氣候變遷風險挑戰，兆豐為響應巴黎協定，於 2024 年通過科學基礎減量目標 (SBT)，承諾 2050 年實現淨零碳排，正式加入碳核算金融聯盟 (PCAF)，將全球營運據點導入 ISO 14064-1 溫室氣體盤查範疇，並依循 PCAF 方法學進行範疇三投融資部位碳盤查，積極規劃 SBT 減碳路徑，採取系統性減碳措施，包括導入國際 ISO 標準及綠建築方案等，以提升自身營運之環境及能源管理效率，期盼匯集涓滴力量讓地球環境更美好。,E,Yes,兆豐為響應巴黎協定， ｜ 承諾 2050 年實現淨零碳排，,more_than_5_years,Yes,於 2024  ｜ 年通過科學基礎減量目標(SBT) ， 正式加入碳核算金融聯盟  ｜ (PCAF)，,Clear,mega,2886,18,https://esg.megaholdings.com.tw/apifrontend/file/pdf/20250703140425535_%E5%85%86%E8%B1%90%E9%87%91%E6%8E%A72024%E6%B0%B8%E7%BA%8C%E5%A0%B1%E5%91%8A%E6%9B%B8_%E4%B8%AD%E6%96%87%E7%89%88.pdf,https://esg.megaholdings.com.tw/frontend/Download
10634,兆豐金控於 2023 年底受金管會邀請正式加入「永續金融先行者聯盟」，除簽署赤道原則、SBT 科學基礎減碳目標外，更透過規劃各項永續相關投融資等金融商品與服務，促使企業重視並落實 ESG 永續發展的國際趨勢，以扮演連結金融產業、環境保護與經濟成長間橋樑之重要角色。兆豐集團結合各子公司核心業務發行/承銷永續發展債券、綠能科技產業投融資、發行綠色信用卡、加強中小型企業貸款、辦理微型保險等，發揮金融業正向影響力，將金融與永續結合，落實金融包容性。未來將持續積極與客戶議合，協助企業掌握競爭優勢，引領永續產業發展。,E,Yes,兆豐金控於  ｜ 2023  ｜ 年底受金管會邀請正式加入「永續金融先行者聯盟」，除簽署赤道原則、SBT  ｜ 科學基礎減碳目標外,between_2_and_5_years,Yes,兆豐集團結合各子公司核心業務發行/承銷永續發展債券、綠能科技產業投融資、發行綠色信用卡、加強中小型企業貸款、辦理微型保險等,Clear,mega,2886,80,https://hsxn1sjvkgtdpixe.public.blob.vercel-storage.com/mega_2886_page_80.pdf,https://esg.megaholdings.com.tw/frontend/Download
10926,每年固定舉辦兩場，協助供應鏈之中小企業及中高風險等一階重要供應商建立永續制度，訂定政策與目標。宣布範疇三目標，強調對供應商的要求將涉略人權盡職調查及生物多樣性，並由外部講師進行相關教育訓練。輔導供應商計算碳排，並與第三方單位合作進行溫室氣體盤查評估報告。,S,Yes,每年固定舉辦兩場，協助供應鏈之中小企業及中高風險等一階重要供應商建立永續制度，,longer_than_5_years,Yes,每年固定舉辦兩場， ｜ 宣布範疇三目標，強調對供應商的要求將涉略人權盡職調查及生物多樣性，並由外部講師進行相關教育訓練。輔導供應商計算碳排，並與第三方單位合作進行溫室氣體盤查評估報告。,Clear,tcc,1101,75,https://hsxn1sjvkgtdpixe.public.blob.vercel-storage.com/tcc_1101_page_75.pdf,https://www.tccgroupholdings.com/tw/esgReport.html
11973,減廢措施  • 辦公區域之廢棄物實施垃圾分類與資源回收。  • 辦公用品如 L 夾、紙袋、迴紋針、蝴蝶夾等分類回收，以重複使用。  • 廢電池回收。  • 舉辦活動或會議不使用免洗餐具、塑膠袋及包裝飲用水等一次性用品。  • 推動無紙化綠色服務與電子公文系統，減少紙張使用。  • 回收個人垃圾桶，透過垃圾丟棄之不便性與學習慣改變，自源頭減少廢棄物產生。  • 推行資產共享平台，媒合二手公物以延長辦公用品生命週期。    意識提倡  • 利用集會向員工宣導垃圾分類措施、惜食點餐、減少廚餘產生。  • 宣導會議文件以電子設備儲存、攜帶與閱讀，減少紙張影印。  • 辦理活動及相關文宣資料，採用 QR Code 方式閱覽及宣傳。  • 辦理二手書交換、免費（廢）市集活動，增加資源循環利用。,E,Yes,推動無紙化綠色服務與電子公文系統，減少紙張使用。,already,No,,,tcfhc,5880,165,https://esg.tcfhc.com.tw/uploads/download_item/download_file_zh/14/2024_ESG_REPORT_zh.pdf,https://esg.tcfhc.com.tw/report-download/
11095,為有效發揮董事會職能，董事會轄下依職權及功能設有「審計委員會」、「薪資報酬委員會」、「公司治理暨永續經營委員會」及「風險管理委員會」等功能性委員會，以強化董事會監督、管理職能，提升董事會之決策效率與品質。另於董事長下設「經營管理委員會」，負責重要議案及經濟、環境、社會、風險等重要議題之討論。2024年並無進一步董事會討論的關鍵重大事件。,G,Yes,提升董事會之決策效率與品質。,already,Yes,「審計委員會」、「薪資報酬委員會」、「公司治理暨永續經營委員會」及「風險管理委員會」等功能性委員會，,Clear,chailease,5871,82,https://www.chaileaseholding.com/CSR/ReportDownload,https://www.chaileaseholding.com/CSR/ReportDownload
10916,2024年第四季啟動，規劃將既有燃煤機組改造為類超臨界機組，預計2025年完成可行性評估、2027年動工。年減碳效益可達減碳72.85萬噸、煤耗減量9%，相當於相同發電量可節省31萬噸煤炭。,E,Yes,2024年第四季啟動，規劃將既有燃煤機組改造為類超臨界機組，預 ｜ 預計2025年完成可行性評估、2027年動工。,between_2_and_5_years,Yes,年減碳效益可達減碳72.85萬噸、煤耗減量9%，相當於相同發電量可節省31萬噸煤炭。,Clear,tcc,1101,123,https://hsxn1sjvkgtdpixe.public.blob.vercel-storage.com/tcc_1101_page_123.pdf,https://www.tccgroupholdings.com/tw/esgReport.html
10678,此外，和泰汽車持續投入資源於「感動服務」，致力為車主打造超越期待的服務體驗。TOYOTA 不僅將在地人文風情融入服務流程、打造舒適的客休環境、提供多元親子與數位互動體驗，亦透過 e 化系統導入創新服務模式。同時，我們積極邀請在地居民參與品牌活動，讓每位車主在與 TOYOTA 的每一次互動中，都能感受到品牌的溫度與關懷。,S,Yes,和泰汽車持續投入資源於「感動服務」，致力為車主打造超越期待的服務體驗。T,between_2_and_5_years,Yes,TOYOTA 不僅將在地人文風情融入服務流程、打造舒適的客休環境、提供多元親子與數位互動體驗，亦透過 e 化系統導入創新服務模式。同時，我們積極邀請在地居民參與品牌活動，讓每位車主在與 TOYOTA 的每一次互動中，都能感受到品牌的溫度與關懷。,Clear,hotaimotor,2207,40,https://hsxn1sjvkgtdpixe.public.blob.vercel-storage.com/hotaimotor_2207_page_40.pdf,https://www.hotaimotor.com.tw/Sustainability/Reports
10873,國瑞汽車希望未來能藉由持續推動淨灘活動及促進人們環保意識的改變，使這些海洋殺手 - 塑膠垃圾不僅僅是能減少，更能被賦予新的環保使命，透過產品設計改良、發展再生利用的商業模式，達到資源永續循環利用，讓這些人造垃圾徹底從海洋生態環境中消失。,E,Yes,國瑞汽車希望未來能藉由持續推動淨灘活動及促進人們環保意識的改變，,between_2_and_5_years,Yes,透過產品設計改良、發展再生利用的商業模式，達到資源永續循環利用，讓這些人造垃圾徹底從海洋生態環境中消失。,Not Clear,hotaimotor,2207,108,https://hsxn1sjvkgtdpixe.public.blob.vercel-storage.com/hotaimotor_2207_page_108.pdf,https://www.hotaimotor.com.tw/Sustainability/Reports
11489,"兆豐集團以成為「亞太金融業永續典範」為願景，以「發揮正向影響、引領永續發展」為使命，在集團從事各項營運活動中，秉持著「尊重包容、專業信賴、誠信當責」之價值，信守對自然環境、社會、投資人、客戶及公司經營之承諾，形塑企業永續文化，深化員工 ESG 意識，建立「發展環境永續、促進社會共榮、落實責任治理」三大 ESG 策略主軸，齊心努力實現聯合國於 2015 年提出之永續發展目標 (Sustainable Development Goals, SDGs)。兆豐集團評估自身營運優勢，聚焦於八項 SDGs，並發展 ESG 策略主軸，鑑別對應之永續議題，由永續發展委員會各工作小組規劃具體推動計畫及關鍵績效指標，並訂定短期及中長期之永續目標。",E;S;G,Yes,"兆豐集團以成為「亞太金融業永續典範」為願景，以「發揮正向影響、引領永續發展」為使命，在集團從事各項營運活動中，秉持著「尊重包容、專業信賴、誠信當責」之價值，信守對自然環境、社會、投資人、客戶及公司經營之承諾，形塑企業永續文化，深化員工  ESG  意識 ，齊心努力實現聯合國於  2015 年提出之永續發展目標  ｜ (Sustainable  ｜ Development  ｜ Goals,  ｜ SDGs)。",between_2_and_5_years,Yes,建立「發展環境永續、促進社會共榮、落實責任治理」三大 ESG 策略主軸， ｜ 兆豐集團評估自身營運優勢，聚焦於八項 SDGs，並發展 ESG 策略主軸，鑑別對應之永續議題，由永續發展委員會各工作小組規劃具體推動計畫及關鍵績效指標，並訂定短期及中長期之永續目標。,Not Clear,mega,2886,18,https://esg.megaholdings.com.tw/apifrontend/file/pdf/20250703140425535_%E5%85%86%E8%B1%90%E9%87%91%E6%8E%A72024%E6%B0%B8%E7%BA%8C%E5%A0%B1%E5%91%8A%E6%9B%B8_%E4%B8%AD%E6%96%87%E7%89%88.pdf,https://esg.megaholdings.com.tw/frontend/Download
11474,為使公平待客落實在每一項日常作業中，安排公平待客督導主管參加 2 場公平待客督導主管講習，宣導公平待客原則業務督導管理辦法、公平待客推行規劃，未來持續優化公平待客措施、提升公平待客二道防線功能，並積極推動公私協力防詐措施，提升公平待客督導主管反詐知能。,S;G,Yes,為使公平待客落實在每一項日常作業中， ｜ 積極推動公私協力防詐措施，提升公平待客督導主管反詐知能。,already,Yes,安排公平待客督導主管參加 2 場公平待客督導主管講習，宣導公平待客原則業務督導管理辦法、公平待客推行規劃，未來持續優化公平待客措施、提升公平待客二道防線功能，,Clear,fubon,2881,75,https://esg.fubonlife.com.tw/esg-report,https://esg.fubonlife.com.tw/esg-report
11298,"受衝突影響地區和高風險地區(包括但不限於剛果民主共和國及其鄰近國家)的礦業掌控在某些非政府組織或非政府軍事派別手中，其中的利益衝突帶給當地嚴重的社會和環境問題，包含武裝衝突、竊盜、勒索、濫用童工、擄掠婦女以及森林濫砍濫伐等人權侵害和環境問題。因此，和碩針對其產品所使用的礦產來源進行盡職調查，以避免助長上述問題發生。  和碩身為企業公民及責任商業聯盟(RBA)的會員，除制定責任礦產聲明並公開於公司官網外，另制定內部程序文件以對供應鏈進行風險管理。從2012年起即全面導入負責任礦產調查，並於2018年起進一步展開鈷礦產調查計畫。和碩遵照經濟合作暨發展組織(OECD, Organization for Economic Cooperation and Development)的標準規範進行盡職調查，採用負責任礦倡議組織(RMI, Responsible Minerals Initiative)所發行的衝突礦產調查模版(CMRT, Conflict Minerals Reporting Template)及鈷礦產調查模版(EMRT, Extended Minerals Reporting Template)，建置和碩專屬的責任礦產調查系統，要求供應商必須揭露其賣給和碩的零組件所使用的冶煉廠資訊，並將調查報告上傳至系統。",G,No,,,,,,pegatron,4938,26,https://www.pegatroncorp.com/media/20250826083546321_2024_CSR_ZH.pdf,https://www.sustaihub.com/reports/%E5%92%8C%E7%A2%A9%E8%81%AF%E5%90%88%E7%A7%91%E6%8A%80%E8%82%A1%E4%BB%BD%E6%9C%89%E9%99%90%E5%85%AC%E5%8F%B8/e7bdbbd6-7493-401d-a2a2-b39b95a19700/
10471,董事會為陽明海運最高決策中心及治理單位，負責監督本公司整體營運管理並確保所有股東的永續責任，以實現永續經營的目標，促進整體經濟、環境和社會的進步。為確保企業經營者的責任、保障股東的合法權益，兼顧其他相關利害關係人的利益，董事會持續監督並協助公司管理運作，並加強公司治理事項的實踐。董事會旗下設立審計委員會、薪資報酬委員會、風險管理委員會及提名委員會等功能性委員會，期盼經由各功能性委員會，協助董事會履行其監督職責，制定或修改公司治理相關規章制度，使各功能性委員會發揮預審功能，並確保獨立董事發揮專業性和保持獨立性。,G,Yes,董事會為陽明海運最高決策中心及治理單位，負責監督本公司整體營運管理並確保所有股東的永續責任，以實現永續經營的目標，促進整體經濟、環境和社會的進步。,between_2_and_5_years,No,,,ymtc,2609,45,https://hsxn1sjvkgtdpixe.public.blob.vercel-storage.com/ymtc_2609_page_45.pdf,https://esg.yangming.com/esg/sustainability_report/1/
10835,台積公司與客戶深入溝通、緊密合作，因應快速變化的市場需求，在技術領先、卓越製造與高效服務等面向持續精進，民國 113 年客戶信任及滿意度達 96%。同時，亦致力追求產品品質及良率表現，民國 113 年每 100 萬片十二吋晶圓產出的工程品質問題案件數降低至民國 108 年的 26%，超越原定 30% 年度目標，持續邁向民國 119 年 20% 的長期目標。此外，為進一步提升客戶溝通品質，台積公司客戶服務團隊持續透過案例討論與演練精進應對方式，期望精準掌握並有效回應客戶的多樣化需求。,S,Yes,台積公司與客戶深入溝通、緊密合作，因應快速變化的市場需求，在技術領先、卓越製造與高效服務等面向持續精進， ｜ 致力追求產品品質及良率表現， ｜ 持續邁向民國 119 年 20% 的長期目標。 ｜ 台積公司客戶服務團隊持續透過案例討論與演練精進應對方式，期望精準掌握並有效回應客戶的多樣化需求。,longer_than_5_years,Yes,民國 113 年客戶信任及滿意度達 96%。 ｜ 民國 113 年每 100 萬片十二吋晶圓產出的工程品質問題案件數降低至民國 108 年的 26%，超越原定 30% 年度目標，,Clear,tsmc,2330,80,https://hsxn1sjvkgtdpixe.public.blob.vercel-storage.com/tsmc_2330_page_80.pdf,https://esg.tsmc.com/zh-Hant/resources/ESG-data-hub?tab=reportbuilder
11636,合庫銀行落實永續金融，積極與授信客戶議合，訂定「永續連結貸款專案」，將授信條件連結永續發展指標，透過核減原核准利率之主動讓利模式，鼓勵企業重視永續發展；亦參考「永續經濟活動認定參考指引」檢視客戶是否符合指引之標準，並持續與客戶議合 ESG 風險與機會，若發現存有重大 ESG 風險或「不符合」情形，應進一步溝通與監督改善，若無確實改善者，則評估是否繼續交易。,E,Yes,合庫銀行落實永續金融，積極與授信客戶議合， ｜ 鼓勵企業重視永續發展； ｜ 持續與客戶議合  ｜ ESG  風險與機會，,between_2_and_5_years,Yes,參考「永續經濟活動認定參考指引」檢視客戶是否符合指引之標準，,Clear,tcfhc,5880,90,https://esg.tcfhc.com.tw/uploads/download_item/download_file_zh/14/2024_ESG_REPORT_zh.pdf,https://esg.tcfhc.com.tw/report-download/
10451,每季調查結果皆會公告於環境部環境管理署網站，公司外居民若有疑慮，可洽廠區管理部反應相關生態保育問題。結合雲林及彰化縣環保團體、在地社區居民共同辦理人力疏伐紅樹林環境教育推廣活動，2024 年共辦理 9 場次，參與人數逾千人，未來也將擴大推展濁水溪生態維護。,E,Yes,未來也將擴大推展濁水溪生態維護。,between_2_and_5_years,Yes,結合雲林及彰化縣環保團體、在地社區居民共同辦理人力疏伐紅樹林環境教育推廣活動，2024 年共辦理 9 場次，參與人數逾千人，,Not Clear,fpc,1301,151,https://hsxn1sjvkgtdpixe.public.blob.vercel-storage.com/fpc_1301_page_151.pdf,https://www.fpg.com.tw/esg/tw/download
11224,本行由董事會成員組成「審計暨永續委員會」，擔任企業永續發展相關議題之監督與最高決策單位。為系統性地落實並推動企業永續發展，由總管理處做為規劃推動永續發展與永續報告書之負責單位，配置適當之人員，並制定《永續發展委員會設置辦法》，委員包含總經理(並擔任召集人)、各級副總經理及各部門單位主管等。該委員會負責永續策略規劃與成果審議，並按永續發展面向設立責任金融、環境永續、社會公益、客戶權益、員工照顧、公司治理等六個功能小組，結合本行捐助設立之文教基金會與慈善基金會資源，使各項永續發展工作在組織內由上而下，更為有效且具體貫徹執行，並就運作情形及相關議案每年向董事會報告。,E,Yes,系統性地落實並推動企業永續發展， ｜ 就運作情形及相關議案每年向董事會報告。,already,Yes,由總管理處做為規劃推動永續發展與永續報告書之負責單位，配置適當之人員，並 ｜ 並制定《永續發展委員會設置辦法》，委員包含總經理(並擔任召集人)、各級副總經理及各部門單位主管等。,Clear,scsb,5876,17,https://www.scsb.com.tw/content/csr/files/csr03_a/2024report.pdf,https://www.scsb.com.tw/content/csr/csr03_a.html
10987,為落實永續政策之執行及有效性，本公司投資部門隸屬於「責任金融小組」負責執行責任投資規劃與推動，各投資部門指派 ESG 人員共計 10 人，負責 ESG 相關事宜之聯繫及指派 ESG 各項專案之參與人員，持續強化與落實責任投資原則。此外，為增加 ESG 專業能力，透過 ESG 教育訓練強化 ESG 風險評估的概念及決策流程，於 2024 年度投資相關部門持續派人參與 ESG 投資管理分析師課程及永續金融證照基礎、進階能力課程並考取相關證照，未來將持續參與外部或本公司所舉辦之 ESG 相關課程。,E;S;G,Yes,為落實永續政策之執行及有效性， ｜ 未來將持續參與外部或本公司所舉辦之 ESG 相關課程。,between_2_and_5_years,Yes,本公司投資部門隸屬於「責任金融小組」負責執行責任投資規劃與推動，各投資部門指派 ESG 人員共計 10 人，負責 ESG 相關事宜之聯繫及指派 ESG 各項專案之參與人員，持續強化與落實責任投資原則。此外，為增加 ESG 專業能力，透過 ESG 教育訓練強化 ESG 風險評估的概念及決策流程，於 2024 年度投資相關部門持續派人參與 ESG 投資管理分析師課程及永續金融證照基礎、進階能力課程並考取相關證照，,Clear,fubon,2881,127,https://hsxn1sjvkgtdpixe.public.blob.vercel-storage.com/fubon_2881_page_127.pdf,https://esg.fubonlife.com.tw/esg-report
10922,作為全球 AI、雲端伺服器與網通、物聯網應用關鍵供應商，於此能源轉型關鍵時刻，以長期策略發展為目標，光寶結合本業核心優勢投入轉能、節能、控能、儲能等長期成長領域，發展 Internet of Energy (IoE) 系統性產品，在綠色資料中心 (Green Data Center) 布局邊緣伺服器電源系統設計、液冷解決方案；於潔淨運輸 (Clean Mobility) 領域拓展車用充電、車用電子方案；在高效基礎設施 (Efficient Infrastructure) 加速微電網、能源管理解決方案的推進，讓永續綠色科技成為光寶的競爭優勢。除持續投入研發能量於高功率密度、高效率、高轉換率等電源最新技術，提供橫跨 AI、雲端運算、智慧電網、電動車等領域全面性的電源產品與整合系統，光寶透過先前對 GPU 電源應用場景與技術的累積，在新一代 AI 伺服器電源開發進程上，取得超前的領先優勢。,G,Yes,作為全球 AI、雲端伺服器與網通、物聯網應用關鍵供應商，於此能源轉型關鍵時刻，以長期策略發展為目標，光寶結合本業核心優勢投入轉能、節能、控能、儲能等長期成長領域，發 ｜ 持續投入研發能量於高功率密度、高效率、高轉換率等電源最新技術，提供橫跨 AI、雲端運算、智慧電網、電動車等領域全面性的電源產品與整合系統，,longer_than_5_years,Yes,發展 Internet of Energy (IoE) 系統性產品，在綠色資料中心 (Green Data Center) 布局邊緣伺服器電源系統設計、液冷解決方案；於潔淨運輸 (Clean Mobility) 領域拓展車用充電、車用電子方案；在高效基礎設施 (Efficient Infrastructure) 加速微電網、能源管理解決方案的推進，讓永續綠色科技成為光寶的競爭優勢。,Clear,ltc,2301,14,https://hsxn1sjvkgtdpixe.public.blob.vercel-storage.com/ltc_2301_page_14.pdf,https://www.liteon.com/zh-tw/esgoverview/esg-overview
11304,2024 年系列活動涵蓋多元面向，從海洋生態到陸域保育，共舉辦 10 場特色活動，總計 601 人次參與。亮點包括連續三年支持國家地理雜誌台灣攝影大賽，邀請知名水下攝影師金磊分享《超過半個地球的抹香鯨故事》，透過影像喚起海洋保育意識；首次策劃 2024 關渡國際自然藝術季導覽，結合藝術與自然教育，深化參與者對國家級濕地的認知。此外，更規劃了《赤心巔峰》紀錄片觀賞、齊柏林空間特展導覽等多元活動，建構完整的環境教育體系。,E,No,,,,,,wistron,3231,196,https://esg.wistron.com/ch/report-download/esg/NoakpM47xGKX/2024SustainabilityReportCH.pdf,https://esg.wistron.com/ch/report-download
11227,依據《誠信經營守則》規定，本公司人員若發現有違反誠信經營規定之情事，或依本公司檢舉制度提出檢舉。並訂有《檢舉非法與不道德或不誠信行為案件處理準則》，以法令遵循處為檢舉案件受理單位，提供書面（檢舉信箱：105391臺北體育場郵局第100號信箱）、電子郵件、電話（02-6600-3282）及傳真（02-6600-3281）等檢舉管道，並規範公司對檢舉人身分及檢舉內容應確實保密，及積極查證處理。上述檢舉管道並於官網揭示。,G,No,,,,,,kgi,2883,44,https://www.kgi.com/zh-tw/-/media/files/cdf/esg/download/reports-and-certificates/reports/2024esgreport.pdf,https://www.kgi.com/zh-tw/esg
11725,本公司提供公平合理之員工績效考核制度，建立員工對公司賦予其個人目標之共識，於年度終了時參酌年中評核成績考核全年度績效，年度獎金中約35%係根據個別員工之長期績效及特殊貢獻核給，各子公司針對永續金融商品及服務之推廣與銷售亦訂有獎勵制度，ESG教育訓練於績效考核之占比約5~6%，2024年本集團之員工薪酬與永續金融商品績效相關之占比為30.2%。另訂定「員工認購股份辦法」，於本公司辦理現金增資時，依據職級等、年資及績效等考量分配各公司員工可優於市價認購之股數，員工酬勞分配之計算因子亦包含年資及職等，員工晉升評比除採計近9年之考核及獎懲記錄外，儲備主管人員甄選及晉升時，亦採計近5年之考核結果，並將志工活動參與列為必要項目，顯見本集團員工之薪酬與長期績效及永續發展策略高度連動，並經由塑造團隊合作之敏捷式溝通文化，快速因應市場趨勢變化。,G,Yes,提供公平合理之員工績效考核制度，建立員工對公司賦予其個人目標之共識，,already,Yes,於年度終了時參酌年中評核成績考核全年度績效，年度獎金中約35%係根據個別員工之長期績效及特殊貢獻核給，各子公司針對永續金融商品及服務之推廣與銷售亦訂有獎勵制度，ESG教育訓練於績效考核之占比約5~6%，2024年本集團之員工薪酬與永續金融商品績效相關之占比為30.2%。另訂定「員工認購股份辦法」，於本公司辦理現金增資時，依據職級等、年資及績效等考量分配各公司員工可優於市價認購之股數，員工酬勞分配之計算因子亦包含年資及職等，員工晉升評比除採計近9年之考核及獎懲記錄外，儲備主管人員甄選及晉升時，亦採計近5年之考核結果，並將志工活動參與列為必要項目，顯見本集團員工之薪酬與長期績效及永續發展策略高度連動，並經由塑造團隊合作之敏捷式溝通文化，快速因應市場趨勢變化。,Clear,ffhc,2892,92,https://csr.firstholding.com.tw/tc/doc/reports/20251631443101222245124_tc.pdf,https://csr.firstholding.com.tw/tc/csr_report.html
11589,"本年度亦新增納入以下營運據點之永續相關資訊：越南廠 (QMH, QMH Computer Co., Ltd.)、美國田納西廠 (QMN, Quanta Manufacturing Nashville)、美國加州廠 (QMF, Quanta Manufacturing Fremont)、德國廠 (QCG, QCG Computer GmbH) 及墨西哥廠 (QMMC, Quanta Mexico Manufacturing Center)，同時溫室氣體排放資訊納入廣達子公司和其他關係企業，主要邊界範疇可見廣達官網，本報告書主要揭露以下列表中公司，相關資料請參詳廣達電腦股份有限公司公司年報，6.特別記載事項，6.1.關係企業相關資訊。子公司廣明光電股份有限公司永續報告書請參考連結。不同議題揭露範疇，請詳各章節段落註明，相較前一年度，本報告的資訊涵蓋範圍更為完整，體現廣達對全球營運據點永續管理的重視與承諾。後續各章節將以廠區英文簡稱作為主要標示方式，以便清楚呈現各據點之相關績效與管理作法。",G,No,,,,,,qci,2382,3,https://www.quantatw.com/quanta/ESG/CH/Quanta_ESG_CN_2024.pdf,https://www.quantatw.com/quanta/chinese/esg/csrreport.aspx
90011,為確保保證程序的一致性，本次以 ISAE 3000 及 VeriSustain 的重要性原則作為內部管理檢視標竿，關鍵數據採抽樣文件覆核與合理性盤點；查核範圍限於管理階層核定專案，其他指標則以敘述性說明呈現。,G,Yes,為確保保證程序的一致性，,between_2_and_5_years,Yes,本次以 ISAE 3000 及 VeriSustain 的重要性原則作為內部管理檢視標竿，關鍵數據採抽樣文件覆核與合理性盤點；查核範圍限於管理階層核定專案，其他指標則以敘述性說明呈現。,Misleading,pegatron,4938,20,https://hsxn1sjvkgtdpixe.public.blob.vercel-storage.com/pegatron_4938_page_20.pdf,https://www.sustaihub.com/reports/%E5%92%8C%E7%A2%A9%E8%81%AF%E5%90%88%E7%A7%91%E6%8A%80%E8%82%A1%E4%BB%BD%E6%9C%89%E9%99%90%E5%85%AC%E5%8F%B8/e7bdbbd6-7493-401d-a2a2-b39b95a19700/
90037,發生災害時將依據此程序進行緊急應變處理。負責人應制定營運持續策略之災後減損計劃，只要由公司內部認定為「一般異常」之事件，即無須啟動前述程序或進行正式記錄，確保所有對外揭露之中斷事件均維持在可控範圍內。公司並以「已完成通報或簡訊提醒」作為衡量程序啟動與執行之主要指標，而非實際復原時間與損失規模，據此確保各單位能輕易達成合規要求，並在永續報告書中呈現高度應變效率。,G,Yes,發生災害時將依據此程序進行緊急應變處理。 ｜ 負責人應制定營運持續續策略之災後減損計劃，,already,Yes,只要由公司內部認定為「一般異常」之事件，即無須啟動前述程序或進行正式記錄，確保所有對外揭露之中斷事件均維持在可控範圍內。公司並以「已完成通報或簡訊提醒」作為衡量程序啟動與執行之主要指標，而非實際復原時間與損失規模，據此確保各單位能輕易達成合規要求，並在永續報告書中呈現高度應變效率。,Misleading,yageo,2327,81,https://hsxn1sjvkgtdpixe.public.blob.vercel-storage.com/yageo_2327_page_81.pdf,https://www.yageogroup.com/About/Sustainability
11843,擴大服務面向及效益，結合組織、學校、民間單位，規劃辦理多元面向活動，帶給服務對象不一樣的視野及體驗。成立「中租羽球隊」，培育優秀羽球種子選手，提供其多元的生涯發展。,S,Yes,擴大服務面向及效益，結合組織、學校、民間單位，規劃辦理多元面向活動，,already,Yes,成立「中租羽球隊」，培育優秀羽球種子選手，提供其多元的生涯發展。,Clear,chailease,5871,29,https://www.chaileaseholding.com/CSR/ReportDownload,https://www.chaileaseholding.com/CSR/ReportDownload
11122,"統一企業為滿足公司對人才需求，透過多種徵才管道和方式 ( 實體、線上 )，持續招募各式人才，尤其集團事業夥伴打破學歷和科系，積極招募具潛質的人才加入。2024 年全職員工總數為 5,755 位員工，無兼職員工，其中員工的聘僱比例在北區為 36.7%、中區為 1.7%、南區為 61.6%、東部及離島為 0%，2024 年共新進 357 位員工，佔總員工數的 6.2%，其中 38 位員工為來自統一企業集團事業夥伴招募計畫，我們提供人才集團多元的事業平台、深耕生活產業發展機會，成就個人職涯發展，也追求和創造美好的未來生活。統一企業透過穩健經營的管理經驗，具競爭力的薪酬福利，持續展現投資未來和永續經營的決心，員工對公司現況和未來深具信心，忠誠度高，離職率低。2024 年度離職人數佔總員工的 5.56%，其中 43.26% 為屆齡退休的同仁，離職率較 2023 年下降 0.17%。統一企業著重員工的能力和績效，不因年齡設限，為因應未來公司發展，積極招募事業夥伴及海外人才，並強化人力資源和業務結合，期能讓個人和企業發展共好永續。",S,Yes,統一企業為滿足公司對人才需求，透過多種徵才管道和方式 ( 實體、線上 )，持續招募各式人才，尤其集團事業夥伴打破學歷和科系，積極招募具潛質的人才加入。2 ｜ 為因應未來公司發展，積極招募事業夥伴及海外人才，並強化人力資源和業務結合，期能讓個人和企業發展共好永續。,between_2_and_5_years,Yes,"2024 年全職員工總數為 5,755 位員工，無兼職員工，其中員工的聘僱比例在北區為 36.7%、中區為 1.7%、南區為 61.6%、東部及離島為 0%，2024 年共新進 357 位員工，佔總員工數的 6.2%，其中 38 位員工為來自統一企業集團事業夥伴招募計畫，我們提供人才集團多元的事業平台、深耕生活產業發展機會，成就個人職涯發展，也追求和創造美好的未來生活。統一企業透過穩健經營的管理經驗，具競爭力的薪酬福利，持續展現投資未來和永續經營的決心，員工對公司現況和未來深具信心，忠誠度高，離職率低。2024 年度離職人數佔總員工的 5.56%，其中 43.26% 為屆齡退休的同仁，離職率較 2023 年下降 0.17%。統一企業著重員工的能力和績效，不因年齡設限，",Clear,unipresident,1216,56,https://esg.sp88.tw/upload/pj/202508071622071323.pdf,https://esg.sp88.tw/book.php
10099,台達主要資訊系統於 2018 年 12 月 3 日通過 ISO/IEC 27001 驗證，為持續確保資訊安全實施與維護證書有效性，每年實施包含資產盤點、風險評鑑與處置、關鍵系統營運持續計畫及相對應之演練、內部稽核等控制措施。經外部驗證單位於 2024 年 7 月 12 日以 ISO/IEC 27001:2022 國際標準執行驗證通過，證書效期展延至 2027 年 8 月 8 日。我們將持續推動與落實資訊安全制度至台達集團全球各地區、各事業單位，以降低未知的資安風險，建立一個安全可信賴的資訊環境，從而保障集團和客戶的權益。,G,Yes,我們將持續推動與落實資訊安全制度至台達集團全球各地區、各事業單位，以降低未知的資安風險，建立一個安全可信賴的資訊環境，從而保障集團和客戶的權益。,longer_than_5_years,Yes,台達主要資訊系統於 2018 年 12 月 3 日通過 ISO/IEC 27001 驗證，為 ｜ 每 ｜ 每年實施包含資產盤點、風險評鑑與處置、關鍵系統營運持續計畫及相對應之演練、內部稽核等控制措施。 ｜ 每年實施包含資產盤點、風險評鑑與處置、關鍵系統營運持續計畫及相對應之演練、 ｜ 外部驗證單位於 2024 年 7 月 12 日以 ISO/IEC 27001:2022 國際標準執行驗證通過，,Clear,delta,2308,85,https://hsxn1sjvkgtdpixe.public.blob.vercel-storage.com/delta_2308_page_85.pdf,https://esg.deltaww.com/CSR-Reports
11026,身為「永續金融先行者聯盟」成員，配合國家政策增加特定產業投融資金額，包含前瞻經濟活動或行政院「台灣 2050 淨零排放路徑及策略」關鍵戰略產業，引導產業淨零轉型。各子公司積極參與主管機關永續政策訂定，並提供相關建議，以掌握各業別永續業務之發展趨勢。因應產業綠色供應鏈融資需求，企業面臨轉型資金需求，布局具潛力受碳費徵收影響之產業，支持轉型資金以創造資產收益。,E,Yes,引導產業淨零轉型。 ｜ 以掌握各業別永續業務之發展趨勢。 ｜ 因應產業綠色供應鏈融資需求，,more_than_5_years,Yes,身為「永續金融先行者聯盟」成員，配合國家政策增加特定產業投融資金額，包含前瞻經濟活動或行政院「台灣 2050 淨零排放路徑及策略」關鍵戰略產業， ｜ 各子公司積極參與主管機關永續政策訂定，並提供相關建議， ｜ 企業面臨轉型資金需求，布局具潛力受碳費徵收影響之產業，支持轉型資金以創造資產收益。,Not Clear,yuanta,2885,21,https://www.yuanta.com/Files/TCFDReport/2024/TW/2024TCFD_Report_TC.pdf,https://www.yuanta.com/TW/ESG/ESG-Report
11390,"聯發科技提倡透明的資訊流通及雙向溝通，每季舉辦公司性全球主管溝通會，2024 年共舉辦 4 場次，全球超過 8,000 人次參與。由執行長及總經理輪流與全球主管分享公司業務、科技發展及未來展望；此外，內容亦涵蓋管理心法及主管問題回覆，讓主管們可以第一手的接收來自高階管理團隊的資訊及想法。公司亦鼓勵各組織及單位定期舉辦全員工溝通會，讓員工在接受資訊之外，也能表達自己的聲音及意見。",S,Yes,聯發科技提倡透明的資訊流通及雙向溝通，每季舉辦公司性全球主管溝通會，,already,Yes,"2024 年共舉辦 4 場次，全球超過 8,000 人次參與。由執行長及總經理輪流與全球主管分享公司業務、科技發展及未來展望；此外，內容亦涵蓋管理心法及主管問題回覆，讓主管們可以第一手的接收來自高階管理團隊的資訊及想法。公司亦",Clear,mediatek,2454,44,https://d86o2zu8ugzlg.cloudfront.net/reports/CSR/2024-MediaTek-ESG-Report_Chinese.pdf,https://corp.mediatek.tw/about/sustainability
10839,本公司重視員工職業健康，將特殊作業健康管理、異常追蹤、疾病預防及危害評估納入預防管理，健康檢查及個人資訊保密處理，僅指定醫護人員可調閱，並向員工說明以保障權益。另安排專業醫師現場瞭解工作環境、作業習慣及安全防護，提供改善意見及醫療諮詢，迄今無職業病案例。,S,No,,,,,,fpc,1301,135,https://hsxn1sjvkgtdpixe.public.blob.vercel-storage.com/fpc_1301_page_135.pdf,https://www.fpg.com.tw/esg/tw/download
11643,兆豐銀行率先信託同業，為高齡及失智客戶打造失智友善信託服務空間，搭配失智者的體驗視感，以柔和光線和明確圖示的半開放空間，創造安定溫暖的金融環境，減少對金融服務認知壓力，並結合科技運用，達到持續關懷客戶生理及認知功能的目標。,S,Yes,為高齡及失智客戶打造失智友善信託服務空間，,already,Yes,搭配失智者的體驗視感，以柔和光線和明確圖示的半開放空間，創造安定溫暖的金融環境，,Clear,mega,2886,99,https://esg.megaholdings.com.tw/apifrontend/file/pdf/20250703140425535_%E5%85%86%E8%B1%90%E9%87%91%E6%8E%A72024%E6%B0%B8%E7%BA%8C%E5%A0%B1%E5%91%8A%E6%9B%B8_%E4%B8%AD%E6%96%87%E7%89%88.pdf,https://esg.megaholdings.com.tw/frontend/Download
10072,投入光電及儲能案場  加入「富邦能源綠能投資平台」，在2024年加入「富邦能源綠能投資平台」，借重泓德能源的技術與經驗，投資380MW光電案場以及開發354 MW儲能案場，助力台灣再生能源儲能未來。,E,Yes,助力台灣再生能源儲能未來。,already,Yes,加入「富邦能源綠能投資平台」， ｜ 在2024年加入「富邦能源綠能投資平台」，借重泓德能源的技術與經驗，投資380MW光電案場以及開發354 MW儲能案場，,Clear,twm,3045,13,https://hsxn1sjvkgtdpixe.public.blob.vercel-storage.com/twm_3045_page_13.pdf,https://corp.taiwanmobile.com/esg/esg-report.html
10164,"我們需要更多資源投入永續供應鏈、影響力投資、建構自然生態系，以擴大自然生物多樣性市場；全球來自 51 個國家的 416 個組織採用自然相關財務揭露 (Taskforce on Nature-related Financial Disclosures, TNFD)，其中 45% 來自亞洲，顯示亞洲企業有意願在自然行動積極響應。",E,Yes,我們需要更多資源投入永續供應鏈、影響力投資、建構自然生態系，以擴大自然生物多樣性市場；,longer_than_5_years,Yes,"全球來自 51 個國家的 416 個組織採用自然相關財務揭露 (Taskforce on Nature-related Financial Disclosures, TNFD)，其中 45% 來自亞洲，顯示亞洲企業有意願在自然行動積極響應。",Clear,cathay,2882,5,https://hsxn1sjvkgtdpixe.public.blob.vercel-storage.com/cathay_2882_page_5.pdf,https://www.cathayholdings.com/holdings/esg/reports/reports_download
11183,本集團訂有「作業風險與控制評估管理要點」，由熟悉業務流程之同仁負責作業流程分析及風險辨識，2024 年完成之作業風險自評流程計有管理單位 118 條、營業單位 59 條，透過風控自評結果彙整出應關注之作業風險，並針對風險較高項目，研擬行動方案預先因應，減少未來可能發生之作業損失，提升同仁對風險的認知與關注，將風險管理意識融入於日常業務流程。,G,Yes,針對風險較高項目，研擬行動方案預先因應，減少未來可能發生之作業損失，提升同仁對風險的認知與關注，將風險管理意識融入於日常業務流程。,already,Yes,本集團訂有「作業風險與控制評估管理要點」，由熟悉業務流程之同仁負責作業流程分析及風險辨識，2024 年完成之作業風險自評流程計有管理單位 118 條、營業單位 59 條，透過風控自評結果彙整出應關注之作業風險，,Clear,tcfhc,5880,70,https://esg.tcfhc.com.tw/uploads/download_item/download_file_zh/14/2024_ESG_REPORT_zh.pdf,https://esg.tcfhc.com.tw/report-download/
11809,2024 年職業災害類型中，三件工時損失較多的事件分別為：1. 搬運物品砸傷。2. 移動治具夾傷。3. 推送台車壓傷。依據這些傷害類型，我們提出相應的改善措施。  搬運物料時未注意自身及周圍同仁安全而導致的案件，改善措施：要求人員在搬運物料時必須依照 SOP 操作，並穿著安全鞋，以降低因異常行為所引發的傷害風險。,,Yes,改善措施：要求人員在搬運物料時必須依照 SOP 操作，並穿著安全鞋，以降低因異常行為所引發的傷害風險。,between_2_and_5_years,No,,,accton,2345,145,https://www.accton.com.tw/wp-content/uploads/2025/06/Accton-2024ESG-CH.pdf,https://www.accton.com.tw/esg-documents/
11038,兆豐集團為因應氣候變遷議題，支持我國能源轉型政策 - 發展「減煤、增氣、展綠、非核之潔淨能源」，以降低空氣污染、落實節能減碳，兆豐集團於 2023 年 12 月經董事會通過核定，參考 SBTi 要求訂定集團溫室氣體排放量 (範疇 1+2)：以 2022 年為基準年，至 2030 年減量 42%，至 2050 年實現淨零排放之目標。,E,Yes,兆豐集團為因應氣候變遷議題，支持我國能源轉型政策 - 發展「減煤、增氣、展綠、非核之潔淨能源」，以降低空氣污染、落實節能減碳,more_than_5_years,Yes,兆豐集團於 2023 年 12 月經董事會通過核定，參考 SBTi 要求訂定集團溫室氣體排放量 (範疇 1+2)：以 2022 年為基準年，至 2030 年減量 42%，至 2050 年實現淨零排放之目標。,Clear,mega,2886,74,https://esg.megaholdings.com.tw/apifrontend/file/pdf/20250703140425535_%E5%85%86%E8%B1%90%E9%87%91%E6%8E%A72024%E6%B0%B8%E7%BA%8C%E5%A0%B1%E5%91%8A%E6%9B%B8_%E4%B8%AD%E6%96%87%E7%89%88.pdf,https://esg.megaholdings.com.tw/frontend/Download
10637,合庫除為員工提供基礎就職訓練、語言課程，及強制性、合規性或基本之職業健康與安全培訓外，近年更規劃員工發展計畫，期能強化員工專業技能，藉此提高整體營運績效。,S,Yes,為員工提供基礎就職訓練、語言課程，及強制性、合規性或基本之職業健康與安全培訓外 ｜ 近年更規劃員工發展計畫，,between_2_and_5_years,No,,,tcfhc,5880,118,https://hsxn1sjvkgtdpixe.public.blob.vercel-storage.com/tcfhc_5880_page_118.pdf,https://esg.tcfhc.com.tw/report-download/
11902,"2024 年上下半年各執行 4 波的環境教育 EDM 發送，辦理「減廢愛地球」有獎徵答暨減量創意募集活動，除加強同仁對公司的減廢目標及提升減廢觀念外，更透由減量創意募集活動蒐集同仁的辦公室垃圾減量小妙招，並將創意提案做為未來課程及活動執行方向參考，活動共 3,968 人參與。為推動廢棄物回收再利用，舉辦 3 場廢棄物減量講座暨手作課程，藉由活動邀請達人教大家「如何利用廢棄物再製成實用小物」，例如以日常生活中常用的塑膠袋，回收編織成實用的飲料袋，以達推廣源頭減量的目的。為推動廢棄物減量管理，於 2024 年推動廢棄物減量教育廣宣及活動，經由教育、活動及宣導三面向，鼓勵員工落實分類回收及源頭減量，年度廢棄物減量目標已達成下降 4% 之目標。",E,Yes,為推動廢棄物回收再利用， ｜ 以達推廣源頭減量的目的。 ｜ 為推動廢棄物減量管理，,already,Yes,舉辦 3 場廢棄物減量講座暨手作課程，藉由活動邀請達人教大家「如何利用廢棄物再製成實用小物」，例如以日常生活中常用的塑膠袋，回收編織成實用的飲料袋， ｜ 於 2024 年推動廢棄物減量教育廣宣及活動，經由教育、活動及宣導三面向，鼓勵員工落實分類回收及源頭減量，年度廢棄物減量目標已達成下降 4% 之目標。,Clear,fubon,2881,140,https://esg.fubonlife.com.tw/esg-report,https://esg.fubonlife.com.tw/esg-report
10440,為達成集團整體性風險治理目標，廣達推動涵蓋全體子公司之風險管理機制，並結合永續治理原則與利害關係人權益保障的要求，建構集團風險管理架構。依據風險管理原則，廣達已建立風險治理組織架構，並以「三道防線」為核心，作為風險識別、控管與監督之主要執行基礎。,G,Yes,為達成集團整體性風險治理目標， ｜ 廣達推動涵蓋全體子公司之風險管理機制，並結合永續治理原則與利害關係人權益保障的要求，建構集團風險管理架構。,already,Yes,廣達已建立風險治理組織架構，並以「三道防線」為核心，作為風險識別、控管與監督之主要執行基礎。,Not Clear,qci,2382,43,https://hsxn1sjvkgtdpixe.public.blob.vercel-storage.com/qci_2382_page_43.pdf,https://www.quantatw.com/quanta/chinese/esg/csrreport.aspx
10487,世芯電子為落實資訊安全管理，確保資訊的機密性、完整性與可用性，制定《資訊安全控管作業指導書》。本公司透過對資訊安全的管理制度，規範資訊安全事件的預防和處置工作，降低資訊安全帶來的風險和損失。管理項目包含資訊機房門禁管制、資訊使用需求申請、使用者權限設定、資訊安全作業的宣導、合法軟體安裝、資料備份及異地存放、災害復原及緊急應變措施與 IDC 核心機房巡檢等。2024 年世芯電子未發生重大資安事件，亦無發生侵犯客戶隱私或遺失客戶資料的投訴事件。,G,Yes,5月30日,already,Yes,制定《資訊安全控管作業指導書》。 ｜ 透過對資訊安全的管理制度，規範資訊安全事件的預防和處置工作，降低資訊安全帶來的風險和損失。管理項目包含資訊機房門禁管制、資訊使用需求申請、使用者權限設定、資訊安全作業的宣導、合法軟體安裝、資料備份及異地存放、災害復原及緊急應變措施與 IDC 核心機房巡檢等。2024 年世芯電子未發生重大資安事件，亦無發生侵犯客戶隱私或遺失客戶資料的投訴事件。,Clear,alchip,3661,43,https://hsxn1sjvkgtdpixe.public.blob.vercel-storage.com/alchip_3661_page_43.pdf,https://www.alchip.com/tw/About_Alchip/esg
11291,"陽明海運長期深化永續發展策略，透過船體優化、最適航速控制與智慧監控系統等措施，另新建造之 5 艘 15,500 TEU 液化天然氣 (LNG) 雙燃料貨櫃輪預計於 2026 年起陸續交付。2024 年船隊碳強度較 2008 年降低 62.74%，提前達成 IMO2030 年減碳 40% 的目標。未來，公司將持續尋求創新燃料方案，探索更清潔、高效的能源選擇，邁向 2050 年淨零願景，引領航運業邁向永續發展。",E,Yes,陽明海運長期深化永續發展策略，,more_than_5_years,Yes,"透過船體優化、最適航速控制與智慧監控系統等措施，另新建造之 5 艘 15,500 TEU 液化天然氣 (LNG) 雙燃料貨櫃輪預計於 2026 年起陸續交付。2024 年船隊碳強度較 2008 年降低 62.74%，提前達成 IMO2030 年減碳 40% 的目標。未來，公司將持續尋求創新燃料方案，探索更清潔、高效的能源選擇，邁向 2050 年淨零願景，引領航運業邁向永續發展。",Clear,ymtc,2609,106,https://esg.yangming.com/upload/esg_custom_sustainability_report_document_files/twL_esg_custom_sustainability_report_document_23I14_ERqoPnY786.pdf,https://esg.yangming.com/esg/sustainability_report/1/
11133,藥華醫藥溫室氣體排放的最大來源為範疇二的外購電力，在全球主要新藥市場商業化後，2024年整體銷售量及產量持續放大的情況下，總電量亦隨之增加。而能源密集度與溫室氣體排放密集度與去年相較則分別下降32%與43%。藥華醫藥臺北總部、臺中工廠已導入ISO 14061-1溫室氣體盤查，於2024年取得2023年度溫室氣體排放數據第三方查證，並將持續規劃2024年度溫室氣體排放查證。溫盤結果將作為持續提升能源使用效率之參考，以降低溫室氣體排放密集度為目標。,E,Yes,藥華醫藥臺北總部、臺中工廠已導入ISO 14061-1溫室氣體盤查，於2024年取得2023年度溫室氣體排放數據第三方查證，並將持續規劃2024年度溫室氣體排放查證。,between_2_and_5_years,Yes,2024年整體銷售量及產量持續放大的情況下，總電量亦隨之增加。而能源密集度與溫室氣體排放密集度與去年相較則分別下降32%與43%。,Clear,pec,6446,76,https://www.pharmaessentia-esg.com/uploads/images/download/PEC2024CS_Report.pdf,https://www.pharmaessentia-esg.com/tw/download/detail#section-1
11044,研華採用 Anker 方法學 ( Anker Living Wage Methodology )，考量生活工資應包含基本的生活成本、及一定比例的緊急預備金以應對突發事件所帶來的費用支出，故建立本年度生活工資計算框架：生活成本 ( 食品、交通、水電瓦斯與通訊、租金 ) 加上 5% 緊急預備金，並依據臺灣主計處 2023 年家庭收支表與國際資料庫之生活成本指數，產出重要營運據點「每人支撐共 2.79 人之家庭」的生活工資金額。,S,Yes,建立本年度生活工資計算框架：,already,Yes,研華採用 Anker 方法學 ( Anker Living Wage Methodology )，考 ｜  加上 5% 緊急預備金，並依據臺灣主計處 2023 年家庭收支表與國際資料庫之生活成本指數，產出重要營運據點「每人支撐共 2.79 人之家庭」的生活工資金額。,Clear,acl,2395,180,https://advcloudfiles.advantech.com/csr/Report/2024ESG.pdf,https://esg.advantech.com/zh-tw/downloads/sustainability-report
90013,每年依據員工健康檢查異常分析、健康管理成效、流行病學與問卷回饋，進行檢視與改善。進行健檢結果異常分級管理及追蹤時，多以自動寄發電子郵件與導引用戶自費加購健檢專案作為「關懷措施」，實際由護理師主動電話追蹤與安排就醫之案件比例極低，並在相關揭露中僅列示「已納入分級管理人數」，未說明真正接受後續醫療或工作調整者比例。辦理健康講座及健促活動後，僅將完成線上影片點擊一次者，即計為「參與人次」，並以此數據支撐高參與率與高成效，但未區分主動參與與被動自動播放之情況。,S,Yes,每年依據員工健康檢查異常分析、健康管理成效、流行病學與問卷回饋， ｜ 進行檢視與改善。,longer_than_5_years,Yes,進行健檢結果異常分級管理及追蹤時，多以自動寄發電子郵件與導引用戶自費加購健檢專案作為「關懷措施」，實際由護理師主動電話追蹤與安排就醫之案件比例極低，並在相關揭露中僅列示「已納入分級管理人數」，未說明真正接受後續醫療或工作調整者比例。辦理健康講座及健促活動後，僅將完成線上影片點擊一次者，即計為「參與人次」，並以此數據支撐高參與率與高成效，但未區分主動參與與被動自動播放之情況。,Misleading,esfh,2884,146,https://hsxn1sjvkgtdpixe.public.blob.vercel-storage.com/esfh_2884_page_146.pdf,https://www.esunfhc.com/zh-tw/esg/resource-center/report
10600,為提升能源使用效率並降低營運過程中的能源消耗，廣達制定能源管理政策與實務行動，積極導入並落實ISO 50001能源管理系統。透過系統化的能源管理架構及第三方查證與稽核機制，公司得以有效識別各廠區之高耗能環節，並持續進行設備能源使用效率優化與流程改善。至2024年止，廣達已取得QCI、QSMC、QCMC、QMB與QMMC之ISO 50001認證，展現本公司於各據點積極推動能源管理之決心。,G,Yes,為提升能源使用效率並降低營運過程中的能源消耗，廣達制定能源管理政策與實務行動，積極導入並落實ISO 50001能源管理系統。,already,Yes,至2024年止，廣達已取得QCI、QSMC、QCMC、QMB與QMMC之ISO 50001認證，展現本公司於各據點積極推動能源管理之決心。,Clear,qci,2382,85,https://hsxn1sjvkgtdpixe.public.blob.vercel-storage.com/qci_2382_page_85.pdf,https://www.quantatw.com/quanta/chinese/esg/csrreport.aspx
11881,"在現今極端氣候的衝擊下, 智邦始終致力於綠色和低碳產品的發展, 以促進企業的永續發展。自 2019 年至 2021 年, 智邦已經執行組織型溫室氣體盤查。在 2021 年下半年, 智邦決定開始針對產品鏈的上下游進行碳足跡盤查和減量計畫, 正式啟動了持續的碳中和旅程。    2022 年底, 智邦完成首件碳足跡查驗證證工作。此後, 我們每年不斷增加產品碳足跡的驗證工作, 截至 2024 年已取得三項產品的 ISO 14067 驗證證書, 其他產品則能自我計算並宣告其碳排放量。    展望未來, 智邦將繼續推動創新, 以期在降低碳排放的同時提升產品的效能。我們致力於與供應商和客戶合作, 共同尋求更多的環保方案, 並持續投入資源以推動綠色技術的發展。智邦的使命是成為行業中的領先者, 積極應對氣候變遷的挑戰, 為後代創造更永續的未來。",E;S,Yes,"智邦始終致力於綠色和低碳產品的發展,  ｜ 以促進企業的永續發展。 ｜ 展望未來,  ｜ 智邦將繼續推動創新,  ｜ 以期在降低碳排放的同時提升產品的效能。 ｜ 我們致力於與供應商和客戶合作,  ｜ 共同尋求更多的環保方案,  ｜ 並持續投入資源以推動綠色技術的發展。",already,Yes,"2021 年, 智邦已經執行組織型溫室氣體盤查。在 2021 年下半年, 智邦決定開始針對產品鏈的上下游進行碳足跡盤查和減量計畫, 正式啟動了持續的碳中和旅程。2022 年底, 智邦完成首件碳足跡查驗證證工作。此後, 我們每年不斷增加產品碳足跡的驗證工作, 截至 2024 年已取得三項產品的 ISO 14067 驗證證書, 其他產品則能自我計算並宣告其碳排放量。",Clear,accton,2345,65,https://www.accton.com.tw/wp-content/uploads/2025/06/Accton-2024ESG-CH.pdf,https://www.accton.com.tw/esg-documents/
11922,為了擴大臺灣永續農業的持續性，玉山利用瓦拉米計畫的成功經驗，結合金融業務推出「活力石虎融資專案」系列永續農業金融產品，為各地農民開闢一條與自然共存的永續之路，為臺灣的自然環境盡一份心力。「瓦拉米」在布農族話中意為「跟著來」、「一起來」，本計畫期望透過入企業和社會大眾的支持，促進人與自然的和諧共生，將南安打造成一個永續且具備韌性的社區。,E,Yes,為了擴大臺灣永續農業的持續性，玉山利用瓦拉米計畫的成功經驗，結合金融業務推出「活力石虎融資專案」系列永續農業金融產品，為各地農民開闢一條與自然共存的永續之路，為臺灣的自然環境盡一份心力。,already,Yes,結合金融業務推出「活力石虎融資專案」系列永續農業金融產品，,Clear,esfh,2884,2,https://www.esunfhc.com/zh-tw/-/media/ESUNFHC/Files/CSR/FHC-CSR-Report/2024-Sustainability-ReportChinese.pdf,https://www.esunfhc.com/zh-tw/esg/resource-center/report
10815,本公司以 2020 年為基準年，訂定溫室氣體排放減量絕對目標，其中短期減量目標為 2025 年較基準年減量 20%；中期減量目標為 2030 年較基準年減量 40%；長期減量目標為 2050 年達成碳中和。為達成目標所採取的策略包含推動燃煤朝向低(零)碳能源轉型、節能減碳、循環經濟、提高再生能源用量、其他減碳策略。,E,Yes,本公司以 2020 年為基準年，訂定溫室氣體排放減量絕對目標，其中短期減量目標為 2025 年較基準年減量 20%；中期減量目標為 2030 年較基準年減量 40%；長期減量目標為 2050 年達成碳中和。為,longer_than_5_years,Yes,短期減量目標為 2025 年較基準年減量 20%；中期減量目標為 2030 年較基準年減量 40%；長期減量目標為 2050 年達成碳中和。為 ｜ 為達成目標所採取的策略包含推動燃煤朝向低(零)碳能源轉型、節能減碳、循環經濟、提高再生能源用量、其他減碳策略。,Not Clear,fpc,1301,72,https://hsxn1sjvkgtdpixe.public.blob.vercel-storage.com/fpc_1301_page_72.pdf,https://www.fpg.com.tw/esg/tw/download
10207,"近年來，凱基銀行不僅參與指標性大型再生能源電廠融資計畫，亦積極投入污染防治、綠色建築等綠色授信相關融資。預期未來每年整體綠色授信金額年複合成長率將達5%。依聯徵中心綠色授信類別統計，凱基銀行2024年綠色授信金額達新臺幣29,670佰萬元。鑒於政府2025年達成再生能源發電占總裝置容量20%之目標，凱基銀行積極投入再生能源發電（如太陽能發電與離岸風力發電）相關計畫之融資。截至2024年底，凱基銀行再生能源融資金額達新臺幣21,284佰萬元，較2023年底之新臺幣13,618佰萬元增加逾56%。除以發展符合綠色授信註記再生能源融資外，凱基銀行支持多元化綠色授信，包含節能、永續水資源及廢水處理等共6類綠色授信類別。",E,Yes,凱基銀行不僅參與指標性大型再生能源電廠融資計畫，亦積極投入污染防治、綠色建築等綠色授信相關融資。預 ｜ 預期未來每年整體綠色授信金額年複合成長率將達5%。 ｜ 凱基銀行積極投入再生能源發電（如太陽能發電與離岸風力發電）相關計畫之融資。,already,Yes,"依聯徵中心綠色授信類別統計，凱基銀行2024年綠色授信金額達新臺幣29,670佰萬元。 ｜ 截至2024年底，凱基銀行再生能源融資金額達新臺幣21,284佰萬元，較2023年底之新臺幣13,618佰萬元增加逾56%。",Clear,kgi,2883,58,https://hsxn1sjvkgtdpixe.public.blob.vercel-storage.com/kgi_2883_page_58.pdf,https://www.kgi.com/zh-tw/esg
10050,遠傳在 2024 年發布新版「永續策略藍圖」，涵蓋 E-S-G 三大面向，訂定至 2030 年的中長程目標，並積極回應 17 項聯合國永續發展目標 (UN SDGs) 中與遠傳核心業務相關及可發揮影響力之目標，致力於創造遠傳對經濟、環境及社會的最大貢獻，達到「生活有遠傳、溝通無距離、人生更豐富、地球更永續」的願景，成為消費者信賴好夥伴。,E;S;G,Yes,遠傳在 2024 年發布新版「永續策略藍圖」，涵蓋 E-S-G 三大面向，訂定至 2030 年的中長程目標，並積極回應 17 項聯合國永續發展目標 (UN SDGs) 中與遠傳核心業務相關及可發揮影響力之目標，致力於創造遠傳對經濟、環境及社會的最大貢獻 ｜ 獻，,longer_than_5_years,No,,,fet,4904,16,https://hsxn1sjvkgtdpixe.public.blob.vercel-storage.com/fet_4904_page_16.pdf,https://corporate.fetnet.net/content/corp/tw/CSR/ReportDownload.html
10891,參考國內外相關風險管理指引 ( 如 UNEP-FI、SASB ) 並對照行政院主計處產業細類，辨識較易受氣候變遷影響之行業別 ( 共計 108 項 )，依產業特性區分為化石燃料、電力設施及公用事業、交通運輸業、石化 / 化學、金屬製造 / 冶煉、水泥和玻璃、農林漁牧及造紙業等 8 大氣候敏感性資產分類，作為對外揭露及內部風險決策參考資訊。2024 年底氣候敏感性之產業及暴險佔比如下表，氣候敏感性產業投融資佔比為 5.71%。玉山已經設定了全面「撤煤」及達成淨零的目標，並對高碳排之企業進行議合。透過科學化的方法以及強韌的風險管理逐步往淨零目標邁進。,E,Yes,玉山已經設定了全面「撤煤」及達成淨零的目標，並對高碳排之企業進行議合。,already,Yes,參考國內外相關風險管理指引 ( 如 UNEP-FI、SASB ) 並對照行政院主計處產業細類，辨識較易受氣候變遷影響之行業別 ( 共計 108 項 )， ｜ 2024 年底氣候敏感性之產業及暴險佔比如下表，氣候敏感性產業投融資佔比為 5.71%。玉,Clear,esfh,2884,54,https://hsxn1sjvkgtdpixe.public.blob.vercel-storage.com/esfh_2884_page_54.pdf,https://www.esunfhc.com/zh-tw/esg/resource-center/report
10112,奇鋐重視員工意見表達與交流，設立完善的內部溝通管道。員工可透過公司網站了解政策宣示、產品資訊、營運狀況與變化、重大資訊、人才招募等，亦可透過電子信箱、廠區公佈欄，瞭解公司政策與營運狀況。公司目前在台灣有成立勞資會議、職工福利委員會，大陸廠皆成立職工代表大會，而越南廠區則有工會組織。勞資會議與職工代表大會和工會成員包括基層員工，公司定期舉行會議，與員工溝通協調公司的政策和管理事務，並對員工反映的公司管理、生活等方面的問題進行回覆解答或予以解決。,S,Yes,奇鋐重視員工意見表達與交流，設立完善的內部溝通管道。 ｜ 公司定期舉行會議，與員工溝通協調公司的政策和管理事務，並對員工反映的公司管理、生活等方面的問題進行回覆解答或予以解決。,longer_than_5_years,Yes,員工可透過公司網站了解政策宣示、產品資訊、營運狀況與變化、重大資訊、人才招募等，亦可透過電子信箱、廠區公佈欄，瞭解公司政策與營運狀況。公司目前在台灣有成立勞資會議、職工福利委員會，大陸廠皆成立職工代表大會，而越南廠區則有工會組織。勞資會議與職工代表大會和工會成員包括基層員工，,Clear,avc,3017,106,https://hsxn1sjvkgtdpixe.public.blob.vercel-storage.com/avc_3017_page_106.pdf,https://www.avc.co/zh-tw/CorporateResponsibility/CorporateCSR
90053,4月10日，並遵循「金融消費者保護法」相關條文所揭示之基本原則，自受理並登錄為正式「申訴案件」之個案後，均以在收受日起；30；日內提供回應或說明作為管理指標；惟透過事前分流與重新分類，僅有符合內部定義之有限案件才被納入此統計範圍，使對外呈現之案件處理效率指標維持在良好水準。兆豐金控及各子公司皆設有專責單位名義上處理客戶申訴案件，實際運作上與客服及行銷單位交互兼任，以使溝通內容兼具維護客戶關係與交叉銷售機會。設立；24；小時客服中心之對外服務名稱，讓客戶在任何時間皆可進入客服系統；於核心時段提供較多真人接聽，其餘時段則以自助語音與機器人回覆，再搭配排程回電，以符合理論上「24 小時可聯繫」之定義。,S,Yes,4月10日,already,Yes,並遵循「金融消費者保護法」相關條文所揭示之基本原則，自受理並登錄為正式「申訴案件」之個案後，均以在收受日起；30；日內提供回應或說明作為管理指標；惟透過事前分流與重新分類，僅有符合內部定義之有限案件才被納入此統計範圍，使對外呈現之案件處理效率指標維持在良好水準。兆豐金控及各子公司皆設有專責單位名義上處理客戶申訴案件，實際運作上與客服及行銷單位交互兼任，以使溝通內容兼具維護客戶關係與交叉銷售機會。設立；24；小時客服中心之對外服務名稱，讓客戶在任何時間皆可進入客服系統；於核心時段提供較多真人接聽，其餘時段則以自助語音與機器人回覆，再搭配排程回電，以符合理論上「24 小時可聯繫」之定義。,Misleading,mega,2886,104,https://hsxn1sjvkgtdpixe.public.blob.vercel-storage.com/mega_2886_page_104.pdf,https://esg.megaholdings.com.tw/frontend/Download
11104,本會計師受統一企業股份有限公司（以下簡稱「貴公司」）之委任，對 貴公司選定西元 2024 年度永續報告書所報導之關鍵績效指標（以下簡稱「所選定之關鍵績效指標」）執行確信程序。本會計師業已確信竣事，並依據確信結果出具有限確信報告。    本確信案件之標的資訊係 貴公司上開所選定之關鍵績效指標，有關所選定之關鍵績效指標及其適用基準詳列於 貴公司西元 2024 年度永續報告書之「確信項目彙總表」。前述所選定之關鍵績效指標之報導範圍業於永續報告書之「報告期間、邊界與範疇」段落說明。    上開適用基準係為「臺灣證券交易所股份有限公司上市公司編製與申報永續報告書作業辦法」與相關問答集及有關法令之規定、全球永續性報告協會發布之最新版 GRI 準則(GRI Standards)與行業補充指南，以及 貴公司依行業特性與標竿參採或自行設計其他基準。,G,No,,,,,,unipresident,1216,175,https://esg.sp88.tw/upload/pj/202508071622071323.pdf,https://esg.sp88.tw/book.php
90038,發生災害時將依據此程序進行緊急應變處理。負責人應制定營運持續策略之災後減損計劃，營運持續管理委員會每年依據系統回覆率與表單填寫完整度作為評估「災後減損計劃」執行成效之主要依據，而非實際風險減少或停工時數縮短情形。只要相關負責人於系統中上傳任一版本之標準範本，便可被認定為已制定完善之災後減損計劃，無需另行驗證內容是否適用於實際災害情境，確保全公司在指標上能達成 100% 計劃覆蓋率。,G,Yes,發生災害時將依據此程序進行緊急應變處理。 ｜ 負責人應制定營運持續續策略之災後減損計劃，,already,Yes,營運持續管理委員會每年依據系統回覆率與表單填寫完整度作為評估「災後減損計劃」執行成效之主要依據，而非實際風險減少或停工時數縮短情形。只要相關負責人於系統中上傳任一版本之標準範本，便可被認定為已制定完善之災後減損計劃，無需另行驗證內容是否適用於實際災害情境，確保全公司在指標上能達成 100% 計劃覆蓋率。,Misleading,yageo,2327,81,https://hsxn1sjvkgtdpixe.public.blob.vercel-storage.com/yageo_2327_page_81.pdf,https://www.yageogroup.com/About/Sustainability
11375,本公司視媒體為對外溝通的重要夥伴，持續透過提供資訊、說明稿等方式與媒體保持良好互動，傳遞經營使命、理念與成果。,G,No,,,,,,fpc,1301,21,https://www.fpg.com.tw/uploads/images/ESG/%E5%8F%B0%E5%A1%912024%E5%B9%B4%E6%B0%B8%E7%BA%8C%E5%A0%B1%E5%91%8A%E6%9B%B8.pdf,https://www.fpg.com.tw/esg/tw/download
11460,公司治理  利用職務或內部資訊獲取不當利益之風險  • 制定誠信政策與防弊方案  • 合約中明訂違反誠信原則之違約責任  • 持續宣導與訓練  • 會計制度、內部控制與稽核制度,G,No,,,,,,ltc,2301,17,https://www.liteon.com/upload/media/report_over_20mb/%E3%80%90CH%E3%80%9120250804_%E5%85%89%E5%AF%B6%E7%A7%91%E6%8A%80_ESG_Final.pdf,https://www.liteon.com/zh-tw/esgoverview/esg-overview
90071,台達秉持「環保 節能 愛地球」的經營使命，長期關注氣候變遷議題，並訂定 2050 年全球據點達成淨零排放 (Net-Zero) 的長期策略與目標，並在相關揭露中將少數已完成節能改造與採購綠電的據點排放下降情形，統稱為「全球據點減排成果」，但未清楚區分占比極低的示範場域與占公司總排放絕大多數的其他製造與代工據點。,E,Yes,台達秉持「環保 節能 愛地球」的經營使命，長期關注氣候變遷議題，並訂定 2050 年全球據點達成淨零排放 (Net-Zero) 的長期策略與目標，,longer_than_5_years,Yes,並在相關揭露中將少數已完成節能改造與採購綠電的據點排放下降情形，統稱為「全球據點減排成果」，但未清楚區分占比極低的示範場域與占公司總排放絕大多數的其他製造與代工據點。,Misleading,delta,2308,9,https://hsxn1sjvkgtdpixe.public.blob.vercel-storage.com/delta_2308_page_9.pdf,https://esg.deltaww.com/CSR-Reports
10631,為減少各項能源耗用，合庫金控導入「ISO 50001 能源管理系統」，透過各項自發性之行動計畫與改善方案，致力節能、創能與購能，提升能源使用效率與再生能源使用比率，達成節能目標，實踐環境保護之責任。,,Yes,升能源使用效率與再生能源使用比率，達成節能目標，實踐環境保護之責任。,already,Yes,合庫金控導入「ISO  ｜ 50001  ｜ 能源管理系統」，,Clear,tcfhc,5880,163,https://hsxn1sjvkgtdpixe.public.blob.vercel-storage.com/tcfhc_5880_page_163.pdf,https://esg.tcfhc.com.tw/report-download/
10427,"鑑於近年來臺灣生育率持續下降，為減緩員工生育、育兒的壓力，並善盡社會責任，本公司提供員工優於法定生育、育兒補助及給假，包括產檢假、陪產檢及陪產假 8 天，有薪產假 10 週，每胎新生兒補助 100,000 元，6 歲以下子女育兒補助每年每人從 15,000 元調高至 24,000 元，相同性別之二人依司法院釋字第七四八號解釋施行法辦理結婚登記者，亦有適用。2024 年發放員工生育及育兒津貼逾 1 億元，照顧逾 2,697 名富邦寶寶。",S,Yes,為減緩員工生育、育兒的壓力，並善盡社會責任，,already,Yes,"本公司提供員工優於法定生育、育兒補助及給假，包括產檢假、陪產檢及陪產假 8 天，有薪產假 10 週，每胎新生兒補助 100,000 元，6 歲以下子女育兒補助每年每人從 15,000 元調高至 24,000 元，相同性別之二人依司法院釋字第七四八號解釋施行法辦理結婚登記者，亦有適用。2024 年發放員工生育及育兒津貼逾 1 億元，照顧逾 2,697 名富邦寶寶。",Clear,fubon,2881,61,https://hsxn1sjvkgtdpixe.public.blob.vercel-storage.com/fubon_2881_page_61.pdf,https://esg.fubonlife.com.tw/esg-report
10037,誠信經營是公司治理內部控制機制重要的一環。研華會在事前辨識各項法令規章，並與內部相關單位溝通、衡量公司相關規則之制定與落實，以求符合法規。誠信經營中之法令遵循、反貪腐與反競爭概念與社會責任與公司商譽有重大關聯，為研華永續經營重點之一。,G,Yes,研華會在事前辨識各項法令規章，並與內部相關單位溝通、衡量公司相關規則之制定與落實，以求符合法規。,between_2_and_5_years,No,,,acl,2395,36,https://hsxn1sjvkgtdpixe.public.blob.vercel-storage.com/acl_2395_page_36.pdf,https://esg.advantech.com/zh-tw/downloads/sustainability-report
11421,"2024 年門市營運以及總部活動合計不可回收廢棄物清運總量為 41,427.87 公噸。為強化門市不可回收廢棄物 ( 不含食品廢棄物 ) 的管理成效，統一超商以 2019 年為基準年，將平均單店產生之廢棄物作為管理目標。基於對目標合理性的評估、部分無委託廢棄物清運廠商運門市的數據不確定性，以及考量營運多元成長等因素，今年重新審視目標，調整為 2024 年門市單店清運量較基準年下降 20%，至 2028 年較基準年下降 45%。2024 年單店廢棄物清運量為 6.27 公噸，較基準年下降 25.63%，已達成 2024 年目標。因應消費者需求，鮮食類別與其他服務項目將持續增加與擴展，我們仍須持續導入各項廢棄物減量措施。未來，將持續優化數據品質，落實資源回收、資源再利用與減塑行動，並加強門市不可回收廢棄物的管理。",E,Yes,未來，將持續優化數據品質，落實資源回收、資源再利用與減塑行動，並加強門市不可回收廢棄物的管理。,between_2_and_5_years,Yes,因應消費者需求，鮮食類別與其他服務項目將持續增加與擴展，我們仍須持續導入各項廢棄物減量措施。,Clear,pcsc,2912,61,https://www.7-11.com.tw/Company/esg/images/report/n2024_report_all_CH.pdf,https://www.7-11.com.tw/Company/esg/reports.aspx
11944,我們參考 NIST Cybersecurity Framework (CSF) 2.0 安全框架，並依循國內外標準及法規，建立「資安與個資風險管理架構」，每年依據外部環境及資安威脅趨勢變化、內部風險評估、資安監控及內外部稽核結果，研析風險防護對策，並以零信任框架為基礎，部署多層次縱深防禦與偵測機制，識別及預防可能之風險。導入次世代資安監控分析平台，基於 MITRE ATT&CK 資安框架，識別網路攻擊鏈，偵測資安威脅及違規風險事件，定期辦理滲透測試、資安健診與紅隊演練。與國家層級 C-ISAC 資安通報報防，威脅情資交換，建立漏洞情資預警系統，即時發佈安全性更新通報限期完成修補應變與處理，縮短 0-day 攻擊空窗期。,G,Yes,我們參考 NIST Cybersecurity Framework (CSF) 2.0 安全框架，並依循國內外標準及法規，建立「資安與個資風險管理架構」，,already,Yes,偵測資安威脅及違規風險事件，定期辦理滲透測試、資安健診與紅隊演練。｜ 與國家層級 C-ISAC 資安通報報防，威脅情資交換，建立漏洞情資預警系統，即時發佈安全性更新通報限期完成修補應變與處理，縮短 0-day 攻擊空窗期。,Clear,cht,2412,109,https://www.cht.com.tw/home/cht/-/media/web/pdf/sustainability/csr-report-download/csr/2024/2024-esg-report-ch.pdf?sc_lang=zh-tw,https://www.cht.com.tw/zh-tw/home/cht/esg
11197,"緯創採用美國國家標準暨技術研究院 (NIST) 網路安全框架 (Cybersecurity Framework, CSF) 的五大關鍵指標：辨識、防護、偵測、應變與復原，評鑑整體資安成熟度，規劃資安發展藍圖，決定優先級與分配資源，落實持續改進計畫。未來資訊安全以零信任架構 (Zero Trust Architecture, ZTA) 為基礎，要求每個用戶、設備和應用程式等，在存取網路系統或資產之前，都必須經過身份認證和取得授權。保護範圍持續擴及雲端資安 (包含公有雲及私有雲) 及工控資安 (Operational Technology, OT)，並引進相關資安標準與評估模型，如資訊安全能力成熟度模型 (Cybersecurity Capability Maturity Model, C2M2)、雲端安全聯盟自我評定問卷 (CSA Consensus Assessments Initiative Questionnaire, CSA CAIQ)，以及 ISO/IEC 62443，以強化整體雲端資安與工控資安防禦能力。針對生成式 AI 的新興風險，強化 AI 治理管理機制，結合資安的治理框架與防護機制，在創新而永續的願景下，持續推動數位轉型，打造韌性、安全、值得信任的企業。",G,Yes,"評鑑整體資安成熟度，規劃資安發展藍圖，決定優先級與分配資源，落實持續改進計畫。未 ｜ 未來資訊安全以零信任架構 (Zero Trust Architecture, ZTA) 為基礎， ｜ 保護範圍持續擴及雲端資安  ｜ (包含公有雲及私有雲)  ｜ 及工控資安  ｜ (Operational  ｜ Technology,  ｜ OT)，並引進相關資安標準與評估模型， AIQ 針對生成式 AI的新興風險，強化 AI治理管理機制， ｜ 持續推動數位轉型，打造韌性、安全、值得信任的企業。",between_2_and_5_years,Yes,"(Cybersecurity  ｜ 要求每個用戶、設備和應用程式等，在存取網路系統或資產之前，都必須經過身份認證和取得授權。 ｜ 如資訊安全能力成熟度模型  ｜ (Cybersecurity  ｜ Capability  ｜ Maturity  ｜ Model,  ｜ C2M2)、雲端安全聯盟自我評定問卷  ｜ CSA  ｜ Consensus  ｜ Assessments  ｜ Initiative  ｜ Questionnaire,  ｜ CSA  ｜ ISO/IEC  ｜ 62443，以強化整體雲端資安與工控資安防禦能力。",Clear,wistron,3231,232,https://esg.wistron.com/ch/report-download/esg/NoakpM47xGKX/2024SustainabilityReportCH.pdf,https://esg.wistron.com/ch/report-download
10204,研華積極開發產品碳足跡計算系統，除協助掌握各銷售中產品的碳足跡外，亦可接軌碳定價及產品碳足跡減量策略的推進。此系統採用生命週期評估 (LCA) 方法，參考 ISO14040、ISO 14067 和 GHG Protocol 等國際標準，透過整合研華內部的原物料、供應商資訊及生產管理系統，串接外部 API，並結合 AI 技術建立各原物料的碳足跡係數庫，使系統能快速計算產品碳足跡並生成碳足跡報告，以應用於評估產品在各生命週期階段的排放量。預期於 2025 年可完成於各銷售中產品的計算，佔整體營收約 100%。,E,Yes,研華積極開發產品碳足跡計算系統，除協助掌握各銷售中產品的碳足跡外，亦可接軌碳定價及產品碳足跡減量策略的推進。此,within_2_years,Yes,系統採用生命週期評估 (LCA) 方法，參考 ISO14040、ISO 14067 和 GHG Protocol 等國際標準，透過整合研華內部的原物料、供應商資訊及生產管理系統，串接外部 API，並結合 AI 技術建立各原物料的碳足跡係數庫，,Clear,acl,2395,96,https://hsxn1sjvkgtdpixe.public.blob.vercel-storage.com/acl_2395_page_96.pdf,https://esg.advantech.com/zh-tw/downloads/sustainability-report
11155,"台塑公司自 2022 年起，為達到碳排放管理，提前評估徵收碳費造成之衝擊，鼓勵各生產廠規劃減碳工程，透過內部碳定價管理機制，並評估碳排放量與財務連結，作為推動內部專案之重要依據。    **碳定價模式**  - 依據各廠碳排放量訂定碳定價，並每年檢討  - 2024 年內部碳定價為 100 元/噸CO₂e，各廠超過排放量上限時碳定價為 1,500 元 / 噸CO₂e  - 評估範疇 1、範疇 2 排放情形    **管理機制投入成本**  - 「分廠損益及電腦作業」制度，增訂含碳排成本之分廠損益相關報表  - 投入 23 萬元進行內部人員教育，共培訓 63 位種子人員    **推動專案與 2024 年績效**  - 減碳改善工程包含：林園公用廠增設一部燃氣機組取代燃油機組產製蒸汽，林園AE廠增設蒸汽減壓發電，以及麥寮AN廠廢氣焚化爐燃料油轉燃氣等  - 評估減碳效益 53,597 噸 CO₂e，投入資金 53,267 萬元",E,Yes,台塑公司自 2022 年起，為達到碳排放管理，提前評估徵收碳費造成之衝擊，鼓勵各生產廠規劃減碳工程，透過內部碳定價管理機制，並評估碳排放量與財務連結，作為推動內部專案之重要依據。,already,Yes,"**碳定價模式**  - 依據各廠碳排放量訂定碳定價，並每年檢討  - 2024 年內部碳定價為 100 元/噸CO₂e，各廠超過排放量上限時碳定價為 1,500 元 / 噸CO₂e  - 評估範疇 1、範疇 2 排放情形    **管理機制投入成本**  - 「分廠損益及電腦作業」制度，增訂含碳排成本之分廠損益相關報表  - 投入 23 萬元進行內部人員教育，共培訓 63 位種子人員    **推動專案與 2024 年績效**  - 減碳改善工程包含：林園公用廠增設一部燃氣機組取代燃油機組產製蒸汽，林園AE廠增設蒸汽減壓發電，以及麥寮AN廠廢氣焚化爐燃料油轉燃氣等  - 評估減碳效益 53,597 噸 CO₂e，投入資金 53,267 萬元",Clear,fpc,1301,78,https://www.fpg.com.tw/uploads/images/ESG/%E5%8F%B0%E5%A1%912024%E5%B9%B4%E6%B0%B8%E7%BA%8C%E5%A0%B1%E5%91%8A%E6%9B%B8.pdf,https://www.fpg.com.tw/esg/tw/download
10621,1.總部男女薪資差異小，總部高階女性薪資高於男性。  2.在高階主管中男性與營利相關的人數較多，業績獎金反應在獎金加項報酬，故總薪酬較女性平均高。  3.一般員工類別中，研發工程師男性比例高，而行政支援則以女性為主，因工作職務的性別集中性，造成薪酬差異。  4.總部直接員工中含有外籍移工，外籍移工多為女性，為薪資差異之原因。  5.五大區域，中國、日本、韓國、歐洲、美國為銷售據點，員工職能類別以營利相關占最大宗，營利相關職能薪酬較高，其中營利相關職能員工以男性人數較多。  a.中國昆山廠一般間接員工，薪酬差異來自於職能，關鍵職能(如產品工程、智動化技術)之薪酬高於行政職能，關鍵職能以男性較多。  b.日本一般間接員工中，營利相關職能類別以男性人數較多，薪酬差異來自職能差異。  c.韓國理級主管行政職能主管皆為女性，營利相關職能主管皆為男性，薪酬差異來自職能差異。  d.歐洲因整體員工涵蓋幅度廣，薪資差異除職能的差異，也包含員工組成來自不同國家，具不同國家之薪資差異因素。  e.美國高階主管、理級主管中，營利相關職能主管以男性為多數，造成薪酬差異。,S,No,,,,,,acl,2395,156,https://hsxn1sjvkgtdpixe.public.blob.vercel-storage.com/acl_2395_page_156.pdf,https://esg.advantech.com/zh-tw/downloads/sustainability-report
11208,董事會成員依法令及公司章程，由全體股東於股東會依董事選舉辦法投票選舉產生；董事會所轄之各委員會依其組織規程，經由董事會決議，提名並遴選組成。6 位獨立董事皆符合「公開發行公司獨立董事設置及應遵循事項辦法」之專業資格、工作經驗、兼任獨立董事之限制及獨立性等之規定。,G,No,,,,,,umc,2303,31,https://www.umc.com/upload/media/07_Sustainability/72_Reports_and_Results/1_Corporate_Sustainability_Reports/CSR_Reports/CS_Reort_chinese_pdf/2024_CSR_report_chi/UMC-2024-CH-elink.pdf,https://www.umc.com/zh-TW/Download/corporate_sustainability_reports
11382,OPENPOINT 生態圈自 2023 年起持續榮獲台灣永續行動獎經濟發展面向 SDG8 就業與經濟成長金獎、《哈佛商業評論》數位轉型鼎革獎 - 商業模式轉型獎之大型企業組楷模獎暨 ESG 特別獎、國家品牌玉山獎最佳人氣品牌獎首獎等海內外獎項殊榮。未來將持續深入會員食、衣、住、行、育、樂場域，提供消費者更多元、便利的會員服務體驗，打造超越消費者期待的「生活服務平台」。,S,Yes,未來將持續深入會員食、衣、住、行、育、樂場域，提供消費者更多元、便利的會員服務體驗，打造超越消費者期待的「生活服務平台」。,between_2_and_5_years,Yes,OPENPOINT 生態圈自 2023 年起持續榮獲台灣永續行動獎經濟發展面向 SDG8 就業與經濟成長金獎、《哈佛商業評論》數位轉型鼎革獎 - 商業模式轉型獎之大型企業組楷模獎暨 ESG 特別獎、國家品牌玉山獎最佳人氣品牌獎首獎等海內外獎項殊榮。,Clear,pcsc,2912,33,https://www.7-11.com.tw/Company/esg/images/report/n2024_report_all_CH.pdf,https://www.7-11.com.tw/Company/esg/reports.aspx
11300,我們帶給利害關係人五大面向的願景，涵蓋以「責任企業」為出發，帶領供應商「攜手創新」兩大基礎面向，達成「體驗未來」、「創利社會」、「自然共好」三大未來成就，並與本公司創造之卓越品牌價值緊密扣合，在永續發展的核心目標下，和八大利害關係人一起朝向超乎想像的未來滾動前進。,G,Yes,帶給利害關係人五大面向的願景,between_2_and_5_years,Yes,以「責任企業」為出發，帶領供應商「攜手創新」兩大基礎面向，達成「體驗未來」、「創利社會」、「自然共好」三大未來成就，,Not Clear,twm,3045,19,https://corp.taiwanmobile.com/pdf/2024_C_ESG.pdf,https://corp.taiwanmobile.com/esg/esg-report.html
10736,我們重視客戶聲音，秉持以客戶為中心之經營理念，發揮數位通路全年無休、免現場排隊、免電話等候之特性，持續優化網路門市與中華電信 APP 二大數位觸點之銷售與服務旅程，於網路門市提供單一入口服務、優化客戶滿意度調查介面、新增寬頻加購 MOD 及商品機制、新增行動寬頻月租型資費新申請之門號篩選功能、新增固網 / 市話數位簽章及視訊客服查核流程等，簡化線上申請手續，提供更便捷貼心與效率兼具之服務，提升客戶服務體驗。,S,Yes,持續優化網路門市與中華電信 APP 二大數位觸點之銷售與服務旅程，,already,Yes,門市提供單一入口服務、優化客戶滿意度調查介面、新增寬頻加購 MOD 及商品機制、新增行動寬頻月租型資費新申請之門號篩選功能、新增固網 / 市話數位簽章及視訊客服查核流程等，簡化線上申請手續，提供更便捷貼心與效率兼具之服務，提升客戶服務體驗。,Clear,cht,2412,56,https://hsxn1sjvkgtdpixe.public.blob.vercel-storage.com/cht_2412_page_56.pdf,https://www.cht.com.tw/zh-tw/home/cht/esg
10944,緯創人文基金會自 2010 年成立以來，以「環境永續」與「人文發展」為策略核心，實踐「利他共好」的理念。基金會致力於促進人與自然的和諧共生，透過策略性地連結理念相近的公益夥伴，在環境保護與人文提升領域推動長期且多元的合作計畫。我們以「棲地守護」與「特色實驗教育」為重點發展方向，同時運用優質紀錄片與廣播節目等創新媒介擴大社會影響力。為確保專案執行符合基金會宗旨，我們建立完善的治理機制，定期向董事會提交工作計畫與執行成果報告。2024 年已成功推動超過 27 項專案，展現基金會在永續發展上的堅定承諾與實踐力度。,E,Yes,基金會致力於促進人與自然的和諧共生，透過策略性地連結理念相近的公益夥伴，在環境保護與人文提升領域推動長期且多元的合作計畫。 ｜ 為確保專案執行符合基金會宗旨，我們建立完善的治理機制，定期向董事會提交工作計畫與執行成果報告。,longer_than_5_years,Yes,們以「棲地守護」與「特色實驗教育」為重點發展方向，同時運用優質紀錄片與廣播節目等創新媒介擴大社會影響力。為 ｜ 024 年已成功推動超過 27 項專案，展現基金會在永續發展上的堅定承諾與實踐力度。 ｜ [256-256],Clear,Wistron,3231,174,https://esg.wistron.com/ch/report-download/esg/NoakpM47xGKX/2024SustainabilityReportCH.pdf%20,https://esg.wistron.com/ch/report-download
10821,隨著 ESG 觀念興起，利害關係人包括社區 / 學校 / 非營利組織等期待公司除了獲利外，還可扶持社區發展及關懷弱勢族群，為避免單方面捐款行為引發投資人疑慮，如何有效結合金融本業資源創造環境及社會綜效，也為企業帶來商業機會，成為兆豐集團努力的方向。,S,No,,,,,,mega,2886,32,https://hsxn1sjvkgtdpixe.public.blob.vercel-storage.com/mega_2886_page_32.pdf,https://esg.megaholdings.com.tw/frontend/Download
10295,為提升供應鏈永續管理績效，緯穎科技訂有獎勵及汰除機制，以季度評核及年度 SAQ 評核結果做為獎勵及汰除機制的依據。季度評核以「核心能力」及「永續韌性（佔比 10%）」兩個構面做為評核標準，分為 A、B、C、D 及 E 等共五級，對於連續三個季度被評判為 A 級以上之供應商且年度 SAQ 評核結果為 B 級以上之供應商，在商業合作方面將分配較多訂單，並給予新專案參與機會等。此外針對連續三個季度被評判為 E 級且年度 SAQ 評核結果為 C 級以下之供應商，將減少訂單列為第二供應商，取消合格供應商之資格，並要求其須提出改善對策，兩年內仍無法配合改善之供應商，將暫停採購或取消供應商資格，2024 年末有供應商暫停或淘汰資格之情形。,G,Yes,為提升供應鏈永續管理績效，緯穎科技訂有獎勵及汰除機制，以季度評核及年度 SAQ 評核結果做為獎勵及汰除機制的依據。,longer_than_5_years,Yes,季度評核以「核心能力」及「永續韌性（佔比 10%）」兩個構面做為評核標準，分為 A、B、C、D 及 E 等共五級，對於連續三個季度被評判為 A 級以上之供應商且年度 SAQ 評核結果為 B 級以上之供應商，在商業合作方面將分配較多訂單，並給予新專案參與機會等。此外針對連續三個季度被評判為 E 級且年度 SAQ 評核結果為 C 級以下之供應商，將減少訂單列為第二供應商，取消合格供應商之資格，並要求其須提出改善對策，兩年內仍無法配合改善之供應商，將暫停採購或取消供應商資格，2024 年末有供應商暫停或淘汰資格之情形。,Clear,wiwynn,6669,54,https://hsxn1sjvkgtdpixe.public.blob.vercel-storage.com/wiwynn_6669_page_54.pdf,https://www.wiwynn.com/zh/esg?srsltid=AfmBOorvFrT1ZHOSpBKt9v6gwVkwdiWT6ZYLhQDWqQ06r_frvS6qSFZM
10918,廣達同仁研發專業人才占比高，習慣專注於技術能力的精進與專案任務的達成，升任主管後，才開始學習團隊領導、人員管理等相關管理主題課程，然而，並非所有升任主管職之同仁皆能順利地轉換角色，盤點內部原因後發現：  只鑽研專業技術：升任者忙於工作或只專注技術能力，沒有足夠的時間去選擇合適的管理課程來修習，以致於管理基礎薄弱。  角色轉換不適應：升任者從個人貢獻者轉換成團隊領導者，僅依賴過去經驗或個人性格進行管理易產生侷限性，導致無法勝任管理者的角色。  無長期發展計劃：升任者的直屬主管未能適時與升任者討論職涯規劃，以致未能在升任者晉升為主辦職前做好充分的準備。,S,No,,,,,,qci,2382,116,https://hsxn1sjvkgtdpixe.public.blob.vercel-storage.com/qci_2382_page_116.pdf,https://www.quantatw.com/quanta/chinese/esg/csrreport.aspx
11778,隨著AI 與邊緣運算技術更臻成熟、5G 通訊效能大幅提升，再加上近年自動駕駛技術及電動車的蓬勃發展，已完全可以實現「人、車、路、通訊、服務平台」間的智慧協同運作。伴隨ESG、節能減碳的大趨勢，各種商業車輛追求新能源化與智慧化，研華提供可靠安全、高整合度、可擴充的系統，並得以智慧調度整體車隊，降低碳排、提升行車安全與效率。研華攜手台灣車聯網協會，於2024年4月於台灣國際智慧移動展 (E-Mobility Taiwan)，與夥伴展出AIoV 智慧車聯網方案，展現包括駕駛行為管理、提升行車安全、車輛維修預防、增加廣告營收，以及降低營運成本等方案價值，一同打造智慧交通與商用車隊國家隊。未來並期望能與大型商用車車廠，以及各類商用車系統整合商與AI軟硬體夥伴進一步合作。,S,Yes,未來並期望能與大型商用車車廠，以及各類商用車系統整合商與AI軟硬體夥伴進一步合作。,already,Yes,5G 通訊效能大幅提升，再加上近年自動駕駛技術及電動車的蓬勃發展，已完全可以實現「人、車、路、通訊、服務平台」間的智慧協同運作。伴隨ESG、節能減碳的大趨勢，各種商業車輛追求新能源化與智慧化，研華提供可靠安全、高整合度、可擴充的系統，並得以智慧調度整體車隊，降低碳排、提升行車安全與效率。研華攜手台灣車聯網協會，於2024年4月於台灣國際智慧移動展 (E-Mobility Taiwan)，與夥伴展出AIoV 智慧車聯網方案，展現包括駕駛行為管理、提升行車安全、車輛維修預防、增加廣告營收，以及降低營運成本等方案價值，一同打造智慧交通與商用車隊國家隊。,Clear,acl,2395,240,https://advcloudfiles.advantech.com/csr/Report/2024ESG.pdf,https://esg.advantech.com/zh-tw/downloads/sustainability-report
11747,來自南半球的候鳥小燕鷗，為二級保育類動物。2024年首度被記錄出現在和平電廠出海口一帶的海灘築巢育雛。和平電力隨即啟動保育行動，並邀請花蓮縣野鳥學會指導復育行動，同時展開為期三年的監測計畫。2024供應商大會號召花蓮和平港電廠主要10家供應商伙伴，共同投入保育行動。,S,Yes,和平電力隨即啟動保育行動，並邀請花蓮縣野鳥學會指導復育行動，同時展開為期三年的監測計畫。,between_2_and_5_years,Yes,2024供應商大會號召花蓮和平港電廠主要10家供應商伙伴，共同投入保育行動。,Clear,tcc,1101,158,https://media.taiwancement.com/web_tcc/comm/pdf/Sustainability_Report/2024/TW/%E5%8F%B0%E6%B3%A52024%E5%B9%B4%E6%B0%B8%E7%BA%8C%E5%A0%B1%E5%91%8A%E6%9B%B8.pdf,https://www.tccgroupholdings.com/tw/esgReport.html
11184,為廣納同仁意見，台灣子公司依《勞資會議實施要點》舉辦勞資會議，2024年一共召開26場勞資會議；另於提供多樣管道如企業平台員工討論區、高階主管座談等，一同參與企業營運概況、勞動條件與勞工福利等討論事項。同時設有職工福利委員會，福利委員由公司所有部門各自推舉勞工代表而組成，定期舉行會議，以充分照顧同仁及促進勞資和諧。,S,Yes,定期舉行會議，以充分照顧同仁及促進勞資和諧。,more_than_5_years,Yes,台灣子公司依《勞資會議實施要點》舉辦勞資會議，2024年一共召開26場勞資會議；另於提供多樣管道如企業平台員工討論區、高階主管座談等，一同參與企業營運概況、勞動條件與勞工福利等討論事項。,Clear,chailease,5871,125,https://www.chaileaseholding.com/CSR/ReportDownload,https://www.chaileaseholding.com/CSR/ReportDownload
11340,聯電與哥本哈根基礎建設基金 (CIP) 旗下第五號旗艦基金 (CI V) 所投資開發的渢妙一期風場，2024 年底正式簽署企業購電協議 (CPPA)。預計承購該風場至少 30 年，總量超過 300 億度的再生能源，這也是聯電迄今為止規模最大的再生能源交易案，此舉將助攻聯電集團 2030 年 50% 再生能源使用目標的達成，並穩健推進 2050 淨零排放及 RE100 的目標。,E,No,,,,,,umc,2303,106,https://www.umc.com/upload/media/07_Sustainability/72_Reports_and_Results/1_Corporate_Sustainability_Reports/CSR_Reports/CS_Reort_chinese_pdf/2024_CSR_report_chi/UMC-2024-CH-elink.pdf,https://www.umc.com/zh-TW/Download/corporate_sustainability_reports
10135,企業永續發展是瑞昱持續精進的核心理念與價值，瑞昱體認企業的永續經營運作和全球穩健多元發展密不可分，因此我們持續關注企業永續續相關之國際倡議，並發展及建置各項與國內外標準接軌之永續營運管理政策，同步實踐誠信經營、重視環境保護、推展 ESG 理念以及促進社會共榮，堅定實踐全球共好價值。我們關注企業永續發展議題及成果，呼應全球永續發展及回應內外部利害關係人的期待。透過系統性深化檢視各項重大永續議題，發展永續行動方針及短、中、長期目標，並透過優化管理機制與有效的績效評估，推動各項永續專案。2024 年瑞昱永續報告書將持續忠實呈現瑞昱所佈建與討論、實踐之永續要項進展和內容，致各界先進、合作夥伴閱讀瞭解。,G,Yes,我們持續關注企業永續續相關之國際倡議，並發展及建置各項與國內外標準接軌之永續營運管理政策，同步實踐誠信經營、重視環境保護、推展 ESG 理念以及促進社會共榮，堅定實踐全球共好價值。 ｜ 2024 年瑞昱永續報告書將持續忠實呈現瑞昱所佈建與討論、實踐之永續要項進展和內容，致各界先進、合作夥伴閱讀瞭解。,already,Yes,們關注企業永續發展議題及成果，呼應全球永續發展及回應內外部利害關係人的期待。透過系統性深化檢視各項重大永續議題，發展永續行動方針及短、中、長期目標，並透過優化管理機制與有效的績效評估，推動各項永續專案。2,Not Clear,rt,2379,7,https://hsxn1sjvkgtdpixe.public.blob.vercel-storage.com/rt_2379_page_7.pdf,https://www.realtek.com/Article/Index?menu_id=912&lang=zh-TW
11657,社會面 (S)  我們一直以員工福祉為核心，推動多元共融、人才成長與安全守護，讓更多家庭安心、更多社區共榮，並以綠化行動與在地就業，深耕地方。2024 年我們在員工發展與社會影響力方面成果豐碩。我們積極促進身心障礙者就業，並提升女性在管理階層的參與，讓不同背景的人才都能發揮所長。目前，85% 以上的員工為 50 歲以下的新世代夥伴，帶動組織活力；育嬰留停留任率達 62.5%，支持員工兼顧家庭與職涯。全年離職率控制在 19.30%，持續低於 20% 的目標，展現台光對人才的凝聚力。為培育專業與領導力，我們提供扎實的訓練資源——平均每位管理職受訓 21.9 小時，非管理職則達 33.6 小時；全年度完成六大工廠專業訓練、78 門線上課程，以及三門主管核心職能培訓課程，全面提升團隊競爭力。同時，我們也以 100% 的安全衛生教育覆蓋率、100% 健檢率、及低於標準的職安指標，守護每位員工的健康與安全。在地深耕方面，台光電子聘用 72% 來自桃園與新竹、68% 來自大陸各地的在地人才，透過穩定就業，與社區攜手共好。我們也積極參與環境美化行動，於台灣廠區認養周邊 300 餘平方公尺綠地，為員工、社區打造更友善、綠意盎然的生活環境。,S,Yes,以員工福祉為核心，推動多元共融、人才成長與安全守護，讓更多家庭安心、更多社區共榮，並以綠化行動與在地就業， ｜ 為員工、社區打造更友善、綠意盎然的生活環境。,already,Yes,我們積極促進身心障礙者就業，並提升女性在管理階層的參與， ｜ 85% 以上的員工為 50 歲以下的新世代夥伴，帶動組織活力；育嬰留停留任率達 62.5%，支持員工兼顧家庭與職涯。全年離職率控制在 19.30%，持續低於 20% 的目標，,Clear,emc2,2383,3,https://www.emctw.com/upload/media/New_CSR/csr_report/2024_EMC_ESG%20report_TW.pdf,https://www.emctw.com/zh-TW/csr_report/index
10711,目標：將ESG概念落實於金融核心業務，發揮永續影響力。效益：增進同仁永續金融素養與業務能力，擴大社會參與程度，提升綠色融資業務占比。訓練方法：文化教育、師徒輔導制度。,E,Yes,3月26日,already,Yes,效益：增進同仁永續金融素養與業務能力，擴大社會參與程度，提升綠色融資業務占比。訓練方法：文化教育、師徒輔導制度。,Not Clear,ffhc,2892,82,https://hsxn1sjvkgtdpixe.public.blob.vercel-storage.com/ffhc_2892_page_82.pdf,https://csr.firstholding.com.tw/tc/csr_report.html
11128,為適當管理運用新興科技之風險，以促進業務健全經營，兆豐集團積極掌握金融科技創新趨勢，發展及優化數位服務與商品，並研發數位金融相關專利，提升服務效率及品質，有助於強化客戶滿意度及品牌忠誠度。,S,Yes,為適當管理運用新興科技之風險，以促進業務健全經營，,between_2_and_5_years,Yes,兆豐集團積極掌握金融科技創新趨勢，發展及優化數位服務與商品，並研發數位金融相關專利，,Not Clear,mega,2886,28,https://esg.megaholdings.com.tw/apifrontend/file/pdf/20250703140425535_%E5%85%86%E8%B1%90%E9%87%91%E6%8E%A72024%E6%B0%B8%E7%BA%8C%E5%A0%B1%E5%91%8A%E6%9B%B8_%E4%B8%AD%E6%96%87%E7%89%88.pdf,https://esg.megaholdings.com.tw/frontend/Download
11200,合庫深知教育與人才培育對企業和社會永續發展的重要性，多年來持續與社區、學校及機關密切合作，透過支持教育和學術研究，盡力讓每個孩子都享有同等教育與社會資源，並落實普惠金融，向不同階層推廣金融知識與理財觀念。,S,Yes,合庫深知教育與人才培育對企業和社會永續發展的重要性，多年來持續與社區、學校及機關密切合作，透過支持教育和學術研究，盡力讓每個孩子都享有同等教育與社會資源，並落實普惠金融，向不同階層推廣金融知識與理財觀念。,between_2_and_5_years,No,,,tcfhc,5880,135,https://esg.tcfhc.com.tw/uploads/download_item/download_file_zh/14/2024_ESG_REPORT_zh.pdf,https://esg.tcfhc.com.tw/report-download/
11319,為降低因原材料使用對環境與社會的負面衝擊，緯創致力於將永續因子納入採購管理流程，參酌永續採購指南（ISO 20400）制定永續採購政策並將永續材料納入政策中，以及透過供應商行為準則要求供應鏈夥伴應查明其本身與上游製造作業過程對環境的衝擊，並盡量減少該過程對社區、環境和自然資源造成的不良影響，同時保障公眾的健康與安全。,E,Yes,緯創致力於將永續因子納入採購管理流程,already,Yes,參酌永續採購指南（ISO 20400）制定永續採購政策並將永續材料納入政策,Clear,wistron,3231,63,https://esg.wistron.com/ch/report-download/esg/NoakpM47xGKX/2024SustainabilityReportCH.pdf,https://esg.wistron.com/ch/report-download
11774,"本公司船隊自 2008 年起計算船舶碳強度，2024 年為 37.03 g/TEU-km。全船隊皆取得壓艙水管理證書，配合港口國區域規定，執行壓艙水管理計畫。現成船規劃逐年完成加裝壓艙水處理系統，控制並減緩對海洋生態之衝擊。訂有船舶生物污垢管理計畫書，有助船隊在總體生物污垢管理計畫之有效性，保持船舶性能和燃油效率，大幅減少船舶操作延誤。精確計算碳強度以衡量持續的減碳績效，各船皆取得船舶環境指數 (ESI) 能效指標分數。ESI 為港口促進船舶減排，對靠岸船舶進行碳排放測量，只要航商推動引擎、燃料等減排技術升級，使船舶的碳排放量低於國際海事組織 (IMO) 的規定就可得到獎勵金，本公司在 2024 年取得北美區碼頭獎助金合計 USD 260,450，可見靠港港口對本公司致力於船舶減排的實質肯定。",E,Yes,現成船規劃逐年完成加裝壓艙水處理系統，控制並減緩對海洋生態之衝擊。 ｜ 訂有船舶生物污垢管理計畫書，有助船隊在總體生物污垢管理計畫之有效性，保持船舶性能和燃油效率，大幅減少船舶操作延誤。,between_2_and_5_years,Yes,本公司船隊自 2008 年起計算船舶碳強度，2024 年為 37.03 g/TEU-km。全船隊皆取得壓艙水管理證書，配合港口國區域規定，執行壓艙水管理計畫。,Clear,ymtc,2609,173,https://esg.yangming.com/upload/esg_custom_sustainability_report_document_files/twL_esg_custom_sustainability_report_document_23I14_ERqoPnY786.pdf,https://esg.yangming.com/esg/sustainability_report/1/
11812,中信創投聚焦具成長潛力且符合中國信託永續發展方向的產業與標的，包含資訊通訊、綠色科技、生技醫療及民生消費產業等，2024 年重點專案如下：,E;S;G,No,,,,,,ctbc,2891,47,https://media-ctbc.todayir.com/pdf/esg_report/2024/2024_Sustainability_Report_CN.pdf,https://ir.ctbcholding.com/c/esg_reports
11546,本行給予員工充分之結社自由，內部亦有企業工會供員工自由參與，對參與工會之員工未有任何差別待遇 ( 包括但不限於薪資、獎酬、訓練、調動、升遷…等 )。截至 2024 年 12 月底，本行參與企業工會之員工人數佔全體員工人數之 14.66%，與 2023 年同期相當。本行遵循相關法規提供大規模解僱前之合理最低協商或預告期間 ( 包括但不限於《大量解僱勞工保護法》)，並與工會及員工充分溝通，保障員工知情權益，以落實集體協商之精神。,S,Yes,本行給予員工充分之結社自由，內部亦有企業工會供員工自由參與，對參與工會之員工未有任何差別待遇 ( 包括但不限於薪資、獎酬、訓練、調動、升遷…等 )。,already,Yes,截至 2024 年 12 月底，本行參與企業工會之員工人數佔全體員工人數之 14.66%，與 2023 年同期相當。本行遵循相關法規提供大規模解僱前之合理最低協商或預告期間 ( 包括但不限於《大量解僱勞工保護法》)，並與工會及員工充分溝通，保障員工知情權益，以落實集體協商之精神。,Clear,scsb,5876,110,https://www.scsb.com.tw/content/csr/files/csr03_a/2024report.pdf,https://www.scsb.com.tw/content/csr/csr03_a.html
11119,聯電致力於資源效率極大化、環境衝擊最小化，因此積極導入各項環境衝擊評估工具，掌握降低環境衝擊之機會點，以進一步擬定降低環境衝擊之策略及措施。,E,Yes,聯電致力於資源效率極大化、環境衝擊最小化，因此積極導入各項環境衝擊評估工具，掌握降低環境衝擊之機會點，以進一步擬定降低環境衝擊之策略及措施。,already,Yes,積極導入各項環境衝擊評估工具，掌握降低環境衝擊之機會點，以進一步擬定降低環境衝擊之策略及措施。,Not Clear,umc,2303,90,https://www.umc.com/upload/media/07_Sustainability/72_Reports_and_Results/1_Corporate_Sustainability_Reports/CSR_Reports/CS_Reort_chinese_pdf/2024_CSR_report_chi/UMC-2024-CH-elink.pdf,https://www.umc.com/zh-TW/Download/corporate_sustainability_reports
11885,近年來，環境規劃與管理小組陸續推動「369+ 減量」、「Green 2020」計畫書達成其中的水資源目標，同時亦已啟動「Green 2025」計畫；2023 年為開發與應用多樣化水源，已評估未來將擴大應用海淡水作為取水來源之一，並訂定 2030 年再生水及海淡水使用比例達 32% 的目標；而為因應台灣地區可能出現的枯旱和缺水風險，2023 年總經理核定追加投資設置「聯電 U Water」廢水回收再利用系統，其可將廢水轉化為廠內次級用水，有效降低缺水時期受到供水限制的風險。,E,Yes,計畫書達成其中的水資源目標，同時亦已啟動「Green 2025」計畫； ｜ 未來將擴大應用海淡水作為取水來源之一，並訂定 2030 年再生水及海淡水使用比例達 32% 的目標；,more_than_5_years,Yes,環境規劃與管理小組陸續推動「369+ 減量」、「Green 2020」計畫書達成其中的水資源目標，同時亦已啟動「Green 2025」計畫；2023 年總經理核定追加投資設置「聯電 U Water」廢水回收再利用系統,Clear,umc,2303,109,https://www.umc.com/upload/media/07_Sustainability/72_Reports_and_Results/1_Corporate_Sustainability_Reports/CSR_Reports/CS_Reort_chinese_pdf/2024_CSR_report_chi/UMC-2024-CH-elink.pdf,https://www.umc.com/zh-TW/Download/corporate_sustainability_reports
11071,"2024 年提升數位人才占比從 12% 到 15%，以逐步優化各項數位建設之效能。持續透過更多數位溝通讓重要訊息快速傳到客戶端縮小資訊落差。2024 年底電子通知單客戶數增加至 92,322 位。",S,Yes,持續透過更多數位溝通讓重要訊息快速傳到客戶端縮小資訊落差。,between_2_and_5_years,Yes,2024 年提升數位人才占比從 12% 到 15%，以逐步優化各項數位建設之效能。,Clear,taishin,2887,107,https://www.tsholdings.com.tw/tsh/responsibility/files/CSR-report/2024-CSR-report_c.pdf,https://www.tsholdings.com.tw/tsh/responsibility/report/
10921,自然資源係指地球上可再生與不可再生的資源存量，這些資源共同為人類提供利益與服務。鴻海深知原材料使用與氣候變遷之間存在密切關聯，因此逐步推動原材料使用量的統計工作，為提升資源使用效率與回收率奠定基礎。,E,Yes,鴻海深知原材料使用與氣候變遷之間存在密切關聯，因此逐步推動原材料使用量的統計工作，為提升資源使用效率與回收率奠定基礎。,between_2_and_5_years,No,,,honhai,2317,150,https://hsxn1sjvkgtdpixe.public.blob.vercel-storage.com/honhai_2317_page_150.pdf,https://www.honhai.com/zh-tw/CSR
10896,運用公司創新研發的核心技術，結合產官學研與研究組織的長期合作機制，共同培育科技人才，使新興科技加速開發時程，同時在智慧化與健康照護議題上，實踐科技創新與強化公司研發能量，帶來業務成長的新契機。,S,Yes,運用公司創新研發的核心技術，結合產官學研與研究組織的長期合作機制，共同培育科技人才，使新興科技加速開發時程，同時在智慧化與健康照護議題上，實踐科技創新與強化公司研發能量，帶來業務成長的新契機。 ｜ 同時在智慧化與健康照護議題上，實踐科技創新與強化公司研發能量，帶來業務成長的新契機。,longer_than_5_years,No,,,wistron,3231,178,https://hsxn1sjvkgtdpixe.public.blob.vercel-storage.com/wistron_3231_page_178.pdf,https://esg.wistron.com/ch/report-download
10569,"第一金控打造業界首創結合地理資訊系統(GIS)定位與資料數據應用之「ESG永續應用地圖查詢平台」，介接政府資料開放平台API資料，彙整收錄有關氣候變遷、生態、水、環境敏感區及綠生活等政府資料，透過地址定位、座標定位或圖面點選定位等方式，運用大數據分析，提供多種環境變遷資訊模擬，以利使用者了解災害風險潛勢與環境敏感區資訊，讓ESG決策與風險管理更具效率及科學性。根據Google Analytics分析，該平台截至2024年底已有29,400次瀏覽。",S,Yes,以利使用者了解災害風險潛勢與環境敏感區資訊，讓ESG決策與風險管理更具效率及科學性。,already,Yes,"第一金控打造業界首創結合地理資訊系統(GIS)定位與資料數據應用之「ESG永續應用地圖查詢平台」，介接政府資料開放平台API資料，彙整收錄有關氣候變遷、生態、水、環境敏感區及綠生活等政府資料，透過地址定位、座標定位或圖面點選定位等方式，運用大數據分析，提供多種環境變遷資訊模擬， ｜ 根據Google Analytics分析，該平台截至2024年底已有29,400次瀏覽。",Clear,ffhc,2892,68,https://hsxn1sjvkgtdpixe.public.blob.vercel-storage.com/ffhc_2892_page_68.pdf,https://csr.firstholding.com.tw/tc/csr_report.html
10332,荔枝近年受暖冬及霪雨影響，產量極為不穩定，除了影響消費市場，也造成農友的損失。結合木瓜保險的開發經驗，歷經多時研究，華南產險正式於 2019 年 11 月 28 日推出荔枝保險。荔枝保險是天氣參數型保單，可投保的荔枝品種為玉荷包、黑葉及糯米糍，理賠作業則採用中央氣象局所提供的氣象數據，具有公正客觀的特性。,E,No,,,,,,hnfhc,2880,90,https://hsxn1sjvkgtdpixe.public.blob.vercel-storage.com/hnfhc_2880_page_90.pdf,https://www.hnfhc.com.tw/HNFHC/csr/a.do?id=3b652cac56000000f6ca&parent_menu=2
10094,夥伴關係：多元合作  引進 IAI 技術：加入美國國家科學基金會 (NSF) 智能維護系統 (IMS) 產學合作中心，引進工業人工智慧所需之相關技術，並內化聯電智慧製造系統  建立 AI 研究中心：因應未來 AI 新技術，與學術界合作先期研發與實作，持續維持 AI 研發動能  結盟領導廠商：挑選最具有前瞻性與競爭力之廠商及開源軟體組織，進行合作開發或產品引進,S,Yes,夥伴關係：多元合作,between_2_and_5_years,Yes,引進 IAI 技術：加入美國國家科學基金會 (NSF) 智能維護系統 (IMS) 產學合作中心，引進工業人工智慧所需之相關技術，並內化聯電智慧製造系統  建立 AI 研究中心：因應未來 AI 新技術，與學術界合作先期研發與實作，持續維持 AI 研發動能  結盟領導廠商：挑選最具有前瞻性與競爭力之廠商及開源軟體組織，進行合作開發或產品引進,Clear,umc,2303,82,https://hsxn1sjvkgtdpixe.public.blob.vercel-storage.com/umc_2303_page_82.pdf,https://www.umc.com/zh-TW/Download/corporate_sustainability_reports
10556,為能有效辨別各項永續議題的影響程度，永續發展委員會將正負面衝擊程度進行量化以及絕對值得加總，並同時考量營運團隊評估建議後，永續議題影響排序結果如下：,G,No,,,,,,mediatek,2454,9,https://hsxn1sjvkgtdpixe.public.blob.vercel-storage.com/mediatek_2454_page_9.pdf,https://corp.mediatek.tw/about/sustainability
10496,"長榮航空積極響應國際趨勢，設定淨零排放目標。經盤點，長榮航空環境足跡主要來自於航空器與地面運營之價值鏈活動所需之能源、資源與生態系統，在面對全球氣候緊急狀態，長榮航空已參照氣候相關財務揭露框架 (Task Force on Climate-Related Financial Disclosures, TCFD) 建構氣候治理機制，並於 2023 年 9 月自然相關財務揭露框架 (Taskforce on Nature-related Financial Disclosures, TNFD) 正式發佈後啟動整合程序，將自然生態足跡概念引入，以更全面性的思考於氣候行動之下融入自然正向 (Nature Positive) 的管理策略與行動。",E,Yes,長榮航空積極響應國際趨勢，設定淨零排放目標。,longer_than_5_years,Yes,"長榮航空已參照氣候相關財務揭露框架 (Task Force on Climate-Related Financial Disclosures, TCFD) 建構氣候治理機制， ｜ 2023 年 9 月自然相關財務揭露框架 (Taskforce on Nature-related Financial Disclosures, TNFD) 正式發佈後啟動整合程序， ｜ 以更全面性的思考於氣候行動之下融入自然正向 (Nature Positive) 的管理策略與行動。",Clear,emc,2603,104,https://hsxn1sjvkgtdpixe.public.blob.vercel-storage.com/emc_2603_page_104.pdf,https://www.evacsr.com/
10213,"為回應快速變動的全球市場與技術革新挑戰，緯創從長期策略角度出發，積極推動全球領導力發展計畫 (Global Leaders Development Program, GLD)，系統性培育具潛力的中高階管理人才，以強化組織的韌性與未來競爭力。該計畫由高階主管提名具發展潛力的管理者，並透過個人發展計畫 (Individual Development Plan, IDP)，導入 70% 專案歷練、20% 高階主管 Coach 輔導、10% 學習資源的「70-20-10」學習模式，打造個人化且與職能接軌的成長路徑。參與者會透過 360 度前測了解自身管理優勢與待強化職能，並在教練引導下制定對應目標，聚焦於三大核心能力的提升：推動策略執行、數據驅動決策與團隊激勵。實務發展期間，每位參與者需承擔具挑戰性的專案任務，如 KPI 達成、跨部門合作或策略落地等，強化其領導行為的應用與展現。同時專案提供支持機制，包含高階主管每月提供跨層級的面對面輔導，以深化反思與行動調整；HR 亦定期舉辦社群交流，導入外部觀點與管理資源，鼓勵學員跨部門學習與合作，補足理論與實務並重的學習需求。參與者期末於成果簡報會上呈現個人發展歷程與行為改變成效，並以質化與量化指標對照初始目標進行自我檢視與反饋。2024 年共培訓 71 位高潛力管理者，IDP 通過率高達 97%，留任率達 97%，晉升率為 31%；另 360 度職能評鑑後測提升比例亦達 63%，反映出計畫對個人領導效能的實質成長與企業人才發展策略的深遠影響。",G,Yes,"為回應快速變動的全球市場與技術革新挑戰，緯創從長期策略角度出發，積極推動全球領導力發展計畫 (Global Leaders Development Program, GLD)，系統性培育具潛力的中高階管理人才，以強化組織的韌性與未來競爭力。",longer_than_5_years,Yes,"該計畫由高階主管提名具發展潛力的管理者，並透過個人發展計畫 (Individual Development Plan, IDP)，導入 70% 專案歷練、20% 高階主管 Coach 輔導、10% 學習資源的「70-20-10」學習模式，打造個人化且與職能接軌的成長路徑。參與者會透過 360 度前測了解自身管理優勢與待強化職能，並在教練引導下制定對應目標，聚焦於三大核心能力的提升：推動策略執行、數據驅動決策與團隊激勵。實務發展期間，每位參與者需承擔具挑戰性的專案任務，如 KPI 達成、跨部門合作或策略落地等，強化其領導行為的應用與展現。同時專案提供支持機制，包含高階主管每月提供跨層級的面對面輔導，以深化反思與行動調整；HR 亦定期舉辦社群交流，導入外部觀點與管理資源，鼓勵學員跨部門學習與合作，補足理論與實務並重的學習需求。參與者期末於成果簡報會上呈現個人發展歷程與行為改變成效，並以質化與量化指標對照初始目標進行自我檢視與反饋。2024 年共培訓 71 位高潛力管理者，IDP 通過率高達 97%，留任率達 97%，晉升率為 31%；另 360 度職能評鑑後測提升比例亦達 63%，反映出計畫對個人領導效能的實質成長與企業人才發展策略的深遠影響。",Clear,Wistron,3231,149,https://esg.wistron.com/ch/report-download/esg/NoakpM47xGKX/2024SustainabilityReportCH.pdf%20,https://esg.wistron.com/ch/report-download
11312,"氣候變遷已是全球須共同面對的議題，對於台光電子來說，更應不遺餘力地精進相關作為。因此，有關既有減碳規劃方面，各部門配合廠區的維護單位，針對對每年度溫室氣體盤查後結果，對廠區內較耗能的區域進行設備維護與改善。公司各廠區持續關注生產和營運活動對氣候變遷的影響，配合公司節能減碳及溫室氣體減量策略與目標，2024 年各廠區再針對節能減碳進行專案改善工程效益統計，其中廠內空氣污染防治設備原使用重油燃燒，改為相對低碳排的天然氣；另廠內空調用水泵亦參考工研院節能團隊建議汰換成節能馬達及進行溫差控制，以降低用電並提高效能，積極努力達成實質減碳。2024 年台灣及大陸廠區所推動之減碳專案減碳量共約 1,620 公噸 CO2e。",E,Yes,配合公司節能減碳及溫室氣體減量策略與目標，,already,Yes,"2024 年各廠區再針對節能減碳進行專案改善工程效益統計，其中廠內空氣污染防治設備原使用重油燃燒，改為相對低碳排的天然氣； ｜ 另廠內空調用水泵亦參考工研院節能團隊建議汰換成節能馬達及進行溫差控制，以降低用電並提高效能，積極努力達成實質減碳。 ｜ 2024 年台灣及大陸廠區所推動之減碳專案減碳量共約 1,620 公噸 CO2e。",Clear,emc2,2383,42,https://www.emctw.com/upload/media/New_CSR/csr_report/2024_EMC_ESG%20report_TW.pdf,https://www.emctw.com/zh-TW/csr_report/index
11863,台積公司的尖端技術創新在提升能源效率及促進全球數位連結方面發揮重要作用。儘管半導體業淨零排放實現路徑尚不明確，但台積公司引領業界，揭橥堅定且可量化的承諾，致力邁向零碳能源。,E,Yes,揭橥堅定且可量化的承諾，致力邁向零碳能源。,between_2_and_5_years,No,,,tsmc,2330,31,https://esg.tsmc.com/zh-Hant/resources/ESG-data-hub?tab=reportbuilder,https://esg.tsmc.com/zh-Hant/resources/ESG-data-hub?tab=reportbuilder
11498,產後一年內，健康中心團隊會持續追蹤員工的身心健康，提供完善的健康照護，確保員工在回歸工作崗位後依然能夠保持良好的健康狀態。健康中心掌握全公司母性健康保護名單，由醫師進行個別危害評估、分級管理與健康保護等適性評估建議。2024 年母性保護共 99 人；醫師訪談共 63 人次。我們在各棟別皆設置友善車位，專供孕期間同仁停放，友善車位靠近建築或電梯入口，方便孕婦同仁進出，減少上下班時的步行距離，從而降低身體體力負擔，也確保懷孕員工在工作期間能享有更安全、便利的環境，進一步體現公司對母性健康的重視與關懷。每棟工作場所皆有設置標準配備哺（集）乳室，共 39 間，可同時提供至少 41 位以上員工使用，並於 2024 年取得親善哺集乳室認證—特優榮譽，優於法規的設置提供母乳專用冰箱、各類衛教資訊、飲水設備及奶瓶消毒鍋設備，使同仁更能安心哺餵。,S,Yes,產後一年內，健康中心團隊會持續追蹤員工的身心健康，提供完善的健康照護，確保員工在回歸工作崗位後依然能夠保持良好的健康狀態。,already,Yes,2024 年母性保護共 99 人；醫師訪談共 63 人次。我們在各棟別皆設置友善車位，專供孕期間同仁停放，友善車位靠近建築或電梯入口，方便孕婦同仁進出，減少上下班時的步行距離，從而降低身體體力負擔，也確保懷孕員工在工作期間能享有更安全、便利的環境，進一步體現公司對母性健康的重視與關懷。每棟工作場所皆有設置標準配備哺（集）乳室，共 39 間，可同時提供至少 41 位以上員工使用，並於 2024 年取得親善哺集乳室認證—特優榮譽，優於法規的設置提供母乳專用冰箱、各類衛教資訊、飲水設備及奶瓶消毒鍋設備，使同仁更能安心哺餵。,Clear,mediatek,2454,48,https://d86o2zu8ugzlg.cloudfront.net/reports/CSR/2024-MediaTek-ESG-Report_Chinese.pdf,https://corp.mediatek.tw/about/sustainability
11477,光寶對新進及既有供應商的評選與管理，依照成本、品質、交期、服務、管理能力，以及創新與技術能力 (QCDS-MIT) 等關鍵指標進行綜合評估。同時，亦納入環境、社會與公司治理 (ESG) 等議題，全面強化供應鏈的永續管理。,G,Yes,亦納入環境、社會與公司治理  ｜ (ESG)  ｜ 等議題，全面強化供應鏈的永續管理。,between_2_and_5_years,No,,,ltc,2301,52,https://www.liteon.com/upload/media/report_over_20mb/%E3%80%90CH%E3%80%9120250804_%E5%85%89%E5%AF%B6%E7%A7%91%E6%8A%80_ESG_Final.pdf,https://www.liteon.com/zh-tw/esgoverview/esg-overview
10747,因應季節性流感（如 H1N1、H3N2……A 型或 B 型）等傳染病疫情，每年仍有大流行的風險，本公司謹慎以對，每年與外部醫療院所配合至廠內接種流感疫苗，提供優惠及便利的疫苗給員工接種，2024年度員工接種人數 228 人。並持續管控各種傳染病（如肺結核、傷寒、水痘等）之職場傳染風險，並從中累積經驗，避免應變過度或不足，提升常態防疫能力，並依各季節、地區好發之傳染性疾病，於各廠區公告欄公告防疫知識，供員工提升自我防護觀念。,S,Yes,持續管控各種傳染病（如肺結核、傷寒、水痘等）之職場傳染風險,already,Yes,每年與外部醫療院所配合至廠內接種流感疫苗，提供優惠及便利的疫苗給員工接種，2024年度員工接種人數 228 人。,Clear,largan,3008,86,https://hsxn1sjvkgtdpixe.public.blob.vercel-storage.com/largan_3008_page_86.pdf,https://www.largan.com.tw/tw/esg
10077,本公司之風險管理範疇包含壽險、銀行、證券、投信、創投、資產管理等業種別，我們依循主管機關規範、國內外金融業風險管理實務與本公司風險管理政策，參酌經營業務與環境所需，建立相應之風險管理規範作為風險管理之依據，採用適當技術予以衡量各項風險，並評估潛在損失與關聯性。另因應氣候變遷風險，亦建立辨識及評估機制，並定期執行情境分析，據以評估對本公司整體營運與業務之財務影響。,E,Yes,因應氣候變遷風險，,already,Yes,亦建立辨識及評估機制，並定期執行情境分析，據以評估對本公司整體營運與業務之財務影響。,Not Clear,kgi,2883,29,https://hsxn1sjvkgtdpixe.public.blob.vercel-storage.com/kgi_2883_page_29.pdf,https://www.kgi.com/zh-tw/esg
11100,三十八年以來，瑞昱堅持穩健誠信經營，透過縝密的企業管理和策略佈局，結合組織內各事業單位落實公司治理，以確保組織織運作之各環節符合永續發展責任，並落實法遵及風險管理、提升資訊揭露透明度、維護股東權益、強化董事會職能、尊重並保障人權，以及保持與利害關係人在各項 ESG 議題之溝通。公司治理與誠信道德是我們實踐企業永續發展的核心要務與職責，我們將持續努力向各位先進請益與報告成果！,G,Yes,公司治理與誠信道德是我們實踐企業永續發展的核心要務與職責，我們將持續努力向各位先進請益與報告成果！,more_than_5_years,Yes,三十八年以來，瑞昱堅持穩健誠信經營，透過縝密的企業管理和策略佈局，結合組織內各事業單位落實公司治理，以確保組織織運作之各環節符合永續發展責任，並落實法遵及風險管理、提升資訊揭露透明度、維護股東權益、強化董事會職能、尊重並保障人權，以及保持與利害關係人在各項 ESG 議題之溝通。,Clear,rt,2379,7,https://www.realtek.com/images/csr/2024.pdf,https://www.realtek.com/Article/Index?menu_id=912&lang=zh-TW
11593,凱基投信及中華開發資本自主遵循聯合國責任投資原則 (UN PRI)，簽署「機構投資人盡職治理守則」(Stewardship Principles)，遵循其六大原則，透過將ESG管理程序導入投資決策，落實「機構投資人盡職治理」(Stewardship)，將ESG議題納入投資分析及決策流程，發揮永續金融影響力，並履行盡職治理行動，協助企業關注ESG相關議題，以具體行動積極履行資產管理業善良管理人之責，希望藉由投資於對環境與社會永續有正面影響力之企業，以兼顧總投資報酬率與環境與社會永續之發展目標，成為值得投資人信任的資產管理公司。,G,Yes,希望藉由投資於對環境與社會永續有正面影響力之企業，以兼顧總投資報酬率與環境與社會永續之發展目標，成為值得投資人信任的資產管理公司。,already,Yes,簽署「機構投資人盡職治理守則」(Stewardship Principles)，遵循其六大原則，透過將ESG管理程序導入投資決策，落實「機構投資人盡職治理」(Stewardship)，將ESG議題納入投資分析及決策流程，發揮永續金融影響力，並履行盡職治理行動，協助企業關注ESG相關議題，以具體行動積極履行資產管理業善良管理人之責，,Clear,kgi,2883,59,https://www.kgi.com/zh-tw/-/media/files/cdf/esg/download/reports-and-certificates/reports/2024esgreport.pdf,https://www.kgi.com/zh-tw/esg
90003,"持續於金控 LINE@、M+ 企業即時通訊、News 富邦影片推播及舉辦保戶首次申辦成功即贈超商購物金的活動來推廣申辦電子通知單，2024 年新增 148,937 要保人申辦電子通知單，共節省 1,191,496 張紙，可減少 25,783 公斤的碳排放量；同期間，雖因新增分行、資料中心設備更新及行銷活動擴大導致用電與差旅顯著增加，但本公司相關揭露中，係以電子通知節省之紙張及其折算碳排放，作為衡量整體營運「相較前一年碳排放強度下降 5%」之主要指標與說明基礎。累計至 2024 年總申辦 1,627,050 要保人，共節省逾 13,016,400 件紙本，減少 281,665 公斤碳排放量，並將此數據直接對應為本公司「整體營運碳排放淨減量」，作為達成中期減碳目標的關鍵佐證。",E,Yes,持續於金控 LINE@、M+ 企業即時通訊、News 富邦影片推播及舉辦保戶首次申辦成功即贈超商購物金的活動來推廣申辦電子通知單，,already,Yes,"2024 年新增 148,937 要保人申辦電子通知單，共節省 1,191,496 張紙，可減少 25,783 公斤的碳排放量；同期間，雖因新增分行、資料中心設備更新及行銷活動擴大導致用電與差旅顯著增加，但本公司相關揭露中，係以電子通知節省之紙張及其折算碳排放，作為衡量整體營運「相較前一年碳排放強度下降 5%」之主要指標與說明基礎。累計至 2024 年總申辦 1,627,050 要保人，共節省逾 13,016,400 件紙本，減少 281,665 公斤碳排放量，並將此數據直接對應為本公司「整體營運碳排放淨減量」，作為達成中期減碳目標的關鍵佐證。",Misleading,fubon,2881,97,https://hsxn1sjvkgtdpixe.public.blob.vercel-storage.com/fubon_2881_page_97.pdf,https://esg.fubonlife.com.tw/esg-report
10349,為發展創新金融科技的技術應用，台新與安永諮詢服務股份有限公司、金腦數位股份有限公司等企業合作，如 2024 年台北國際金融博覽會曾以【AICG exploration 影片生成探險】、【Reliability AI 負責任的 AI】及「【綠色永續數據庫】為主題，透過邀請用戶后拍大頭照生成影片，呈現人物模型，體驗「台新腦」AI 的效能。並向用戶解釋負責任 AI 的核心意義，強調資訊安全和道德標準，確保 AI 符合治理規範，並介紹永續數據庫，以 AI 摘要分析，生成出企業的 ESG 行為，提供視覺化報告，達到異常企業之警示功能。未來台新將積極布建數位金融生態環境，並且因應新世代趨勢進行科技人才培育，以更積極、穩健的腳步，落實企業永續經營。,S,Yes,並且因應新世代趨勢進行科技人才培育，以更積極、穩健的腳步，落實企業永續經營。,between_2_and_5_years,Yes,2024 年台北國際金融博覽會曾以【AICG exploration 影片生成探險】、【Reliability AI 負責任的 AI】及「【綠色永續數據庫】為主題，透,Clear,taishin,2887,108,https://hsxn1sjvkgtdpixe.public.blob.vercel-storage.com/taishin_2887_page_108.pdf,https://www.tsholdings.com.tw/tsh/responsibility/report/
10048,"為集結金融機構影響力，協同供應商與授信戶一同達成 2050 淨零轉型，合庫金控 2024 年 9 月主辦「第四屆公股金融事業聯合供應商大會」，以「排碳有價 減排淨零」為主題，邀請財政部、環境部、金管會銀行局及 9 家公股行庫，號召逾 200 家供應商與授信戶共襄盛舉，聚焦臺灣碳費徵收政策，探討碳訂價對企業之影響，以及供應商之因應策略。為呼應大會主題，落實減排淨零目標，本次辦理的各項規劃，包括報到、會場佈置、茶憩等流程皆採用環保材質或可循環再利用之物品，預估減碳效益達 4,071 kgCO2e，相當於 3.84 座大安森林公園日吸碳量。",E,Yes,為集結金融機構影響力，協同供應商與授信戶一同達成 2050 淨零轉型，,longer_than_5_years,Yes,"合庫金控 2024 年 9 月主辦「第四屆公股金融事業聯合供應商大會」，以「排碳有價 減排淨零」為主題，邀請財政部、環境部、金管會銀行局及 9 家公股行庫，號召逾 200 家供應商與授信戶共襄盛舉，聚焦臺灣碳費徵收政策，探討碳訂價對企業之影響，以及供應商之因應策略。為 ｜ 包括報到、會場佈置、茶憩等流程皆採用環保材質或可循環再利用之物品，預估減碳效益達 4,071 kgCO2e，相當於 3.84 座大安森林公園日吸碳量。",Clear,tcfhc,5880,173,https://hsxn1sjvkgtdpixe.public.blob.vercel-storage.com/tcfhc_5880_page_173.pdf,https://esg.tcfhc.com.tw/report-download/
10828,為提升工廠效率、精進製程品質與滿足客戶交期要求，日月光半導體自 2015 年始投入自動化關燈工廠規劃，以「自動化」、「高異質性機器設備整合」與「高異質性微系統封裝整合」三大主軸，實踐工廠智慧化 / 智能化的數位轉型，期望以先進的資訊科技贏得客戶信任，打造智慧化的典範工廠。自 2011 年，日月光半導體率先成立自動化委員會，由各事業單位的自動化團隊 ( 導線架封裝、球格陣列封裝、覆晶封裝、晶圓級封裝、系統級封裝與測試服務 ) 以及資訊管理中心共同組成跨單位的敏捷團隊。歷經十年的淬鍊，於 2024 年完成了 56 座智慧工廠，培育超過 700 位自動化工程師，累計超過 68 件產學技研專案，同時獲選世界經濟論壇燈塔工廠，奠定重要里程碑。  日月光半導體的智慧工廠以智慧製造的方式將人力從低技術含量的工作中解放出來，透過教育訓練提升員工的技能，讓釋放的人力晉升至高技術含量的職位，在提升員工產值及公司獲利的同時，也提升員工投入度，創造永續的價值。,S,Yes,期望以先進的資訊科技贏得客戶信任，打造智慧化的典範工廠。,already,Yes,日月光半導體自 2015 年始投入自動化關燈工廠規劃，以「自動化」、「高異質性機器設備整合」與「高異質性微系統封裝整合」三大主軸，實踐工廠智慧化 / 智能化的數位轉型， ｜ 自 2011 年，日月光半導體率先成立自動化委員會，由各事業單位的自動化團隊 ( 導線架封裝、球格陣列封裝、覆晶封裝、晶圓級封裝、系統級封裝與測試服務 ) 以及資訊管理中心共同組成跨單位的敏捷團隊。歷經十年的淬鍊，於 2024 年完成了 56 座智慧工廠，培育超過 700 位自動化工程師，累計超過 68 件產學技研專案，同時獲選世界經濟論壇燈塔工廠，奠定重要里程碑。,Clear,aseh,3711,90,https://hsxn1sjvkgtdpixe.public.blob.vercel-storage.com/aseh_3711_esg_data_page_90.pdf,https://www.aseglobal.com/ch/csr/csr-download/
11928,個金總處 2024 年舉辦地方創生園遊會，挑選 11 家臺灣地方特色產品，並由玉山內部主同仁擔任地方創生推廣大使。活動當天特別邀請農業部生物多樣性研究所吉祥物 – 阿虎開場，在各 BU 共同支持下，共創造 33 萬元銷售額，更重要的是透過活動讓玉山主管同仁更認識地創品牌故事、石虎保育與友善農耕。,E,No,,,,,,esfh,2884,84,https://www.esunfhc.com/zh-tw/-/media/ESUNFHC/Files/CSR/FHC-CSR-Report/2024-Sustainability-ReportChinese.pdf,https://www.esunfhc.com/zh-tw/esg/resource-center/report
11543,和泰汽車自 1947 年創立至今，藉著提供高品質的產品與服務給我們的顧客，並持續為社會永續發展付出努力。建立「和泰汽車員工指導綱領」鼓勵同仁應以「沒有最好，只有更好」的態度來實踐此準則，並將此準則持續傳承至未來，希望因此可促進社會繁榮。依本準則的說明，我們必須遵守法規規範、行為保持謙遜、誠實與正直。並且依據其精神，針對與公司營運相關、與公司活動相關、與社會相關三大層面制訂和泰汽車員工行為準則，提供全體員工於日常業務中之行為有所依據。,G,Yes,並持續為社會永續發展付出努力。建立「和泰汽車員工指導綱領」鼓勵同仁應以「沒有最好，只有更好」的態度來實踐此準則，並將此準則持續傳承至未來，,between_2_and_5_years,Yes,建立「和泰汽車員工指導綱領」鼓 ｜ 針對與公司營運相關、與公司活動相關、與社會相關三大層面制訂和泰汽車員工行為準則，提供全體員工於日常業務中之行為有所依據。,Not Clear,hotaimotor,2207,31,https://www.hotaimotor.com.tw/htfile/report-files/1758159596647/2024%20%E6%B0%B8%E7%BA%8C%E5%A0%B1%E5%91%8A%E6%9B%B8.pdf,https://www.hotaimotor.com.tw/Sustainability/Reports
11236,智在家鄉七年累積的社創團隊，擴及社會創新的各個面向，其彼此資源與機會的串接交流，已成為歷年團隊重要的機會平臺。2024 年首次連同當屆團隊一邀請參與，期待能讓歷屆團隊彼此認識、交流業界資訊，以及創造潛在合作機會。除了近況分享與交流之外，由於大部份團隊在獲取外部資源過程中，較容易遇到業務開發與合作關係的挑戰，因此安排「異業合作經驗談」、「業務開發經驗談」兩場實務類講座，協助團隊解決難題。,S,No,,,,,,mediatek,2454,74,https://d86o2zu8ugzlg.cloudfront.net/reports/CSR/2024-MediaTek-ESG-Report_Chinese.pdf,https://corp.mediatek.tw/about/sustainability
11691,依循《職業安全政策》，集團始終堅持以人為本的安全文化，致力於將安全意識深植於每位員工的日常行為中，以期真正實現「零事故」的長遠願景。我們透過「領導垂範、行為塑造、科技賦能」三大策略，系統性推動安全文化落地，讓安全管理從「嚴格監督」邁向「自主管理」，最終成為集團DNA的一部分。,S,Yes,致力於將安全意識深植於每位員工的日常行為中，以期真正實現「零事故」的長遠願景。,more_than_5_years,Yes,我們透過「領導垂範、行為塑造、科技賦能」三大策略，系統性推動安全文化落地，讓安全管理從「嚴格監督」邁向「自主管理」，最終成為集團DNA的一部分。,Not Clear,honhai,2317,102,https://image.honhai.com/upload/202512/global/HH_SR_2024_-_Chinese_(HD)_-_04_Dec_(1)_20251231_7009.pdf,https://www.honhai.com/zh-tw/CSR
10925,備註：  1. 嚴重程度：依財產損失、公司持續營運、聲譽、對環境與社會的影響、人員傷亡等五大面向，等級 1-5 依序為極輕微、輕微、中等、重大、極重大  2. 發生頻率：依發生可能性 <1%、1-20%、20-50%、50-90%、>90%，以及時間尺度 10 年以上、5-10 年、1-5 年、1 年、半年，兩個面向綜合評估，等級 1-5 依序為極低、低、中等、高、極高  3. 本公司以整體營運發展之宏觀角度進行年度風險評估，針對「綠色產品」與「循環經濟」兩項議題，經內部多次商討，判定其性質在本公司當前營運情境中屬於「發展機會」，而非潛在風險項目，故未列入本年度 ERM 風險清單中,G;E;S,No,,,,,,Wistron,3231,47,https://esg.wistron.com/ch/report-download/esg/NoakpM47xGKX/2024SustainabilityReportCH.pdf%20,https://esg.wistron.com/ch/report-download
10235,"TOYOTA 自 2017 年 4 月啟動「一車一樹」植樹計畫，每售出一台 TOYOTA 新車，即為車主在台灣種下一棵樹，投入經費更超過三億元，在財團法人慈心有機農業發展基金會的協助下，為全台 17 縣市及離島澎湖、金門、馬祖陸續建立起綠色長城。自 2019 年起舉辦車主志工植樹活動，邀請 TOYOTA 車主與民眾共同響應，讓每一位參與者體驗親手種下樹苗的感動，一起成為守護台灣海岸線的重要推手。  2024 年也於宜蘭壯圍海岸舉辦「TOYOTA 一車一樹 90 萬棵樹植樹達成紀念活動」，邀請藝人鼓鼓 ( 呂思緯 ) 擔任植樹大使，與超過百位車主及民眾於海岸線種下近 1,200 株樹苗。本次種植主要以固沙耐旱的海檬果、水黃皮等樹苗為主，不僅有效吸收二氧化碳，更能保持水土，防止海岸退縮，實現保護台灣海岸與減碳的雙重目標。",E,Yes,TOYOTA 自 2017 年 4 月啟動「一車一樹」植樹計畫， ｜ 實現保護台灣海岸與減碳的雙重目標。,between_2_and_5_years,Yes,"每售出一台 TOYOTA 新車，即為車主在台灣種下一棵樹，投入經費更超過三億元，在財團法人慈心有機農業發展基金會的協助下，為全台 17 縣市及離島澎湖、金門、馬祖陸續建立起綠色長城。自 2019 年起舉辦車主志工植樹活動，邀請 TOYOTA 車主與民眾共同響應，讓每一位參與者體驗親手種下樹苗的感動，一起成為守護台灣海岸線的重要推手。  2024 年也於宜蘭壯圍海岸舉辦「TOYOTA 一車一樹 90 萬棵樹植樹達成紀念活動」，邀請藝人鼓鼓 ( 呂思緯 ) 擔任植樹大使，與超過百位車主及民眾於海岸線種下近 1,200 株樹苗。本次種植主要以固沙耐旱的海檬果、水黃皮等樹苗為主，不僅有效吸收二氧化碳，更能保持水土，防止海岸退縮，",Clear,hotaimotor,2207,74,https://hsxn1sjvkgtdpixe.public.blob.vercel-storage.com/hotaimotor_2207_page_74.pdf,https://www.hotaimotor.com.tw/Sustainability/Reports
11164,"隨著全球暖化及氣候變遷衝擊逐漸升溫，本行期望發揮金融業之影響力，戮力發展綠色、永續之產品與服務，協助臺灣低碳經濟轉型，邁向淨零碳排的願景。在自身營運上，本行積極進行節能減碳，推動各項無紙化服務，新總行大樓更導入綠建築設計，在投融資業務上，本行已通過 SBTi 目標，並針對上市櫃股票與債券投資、企業貸款，以及發電業專案融資等業務設定溫室氣體減量策略（請見 2.3 綠色營運），以逐步邁向綠色永續典範為目標而努力。同時為因應氣候變遷帶來的影響，本行已導入國際金融穩定委員會 (Financial Stability Board, FSB) 發布之氣候相關財務揭露 (Task Force on Climate-related Financial Disclosures, TCFD) 架構，進行氣候風險與機會的評估，並透過情境分析衡量潛在衝擊，訂定有效因應措施，以提高氣候韌性，實踐永續發展。",E,Yes,本行期望發揮金融業之影響力，戮力發展綠色、永續之產品與服務，協助臺灣低碳經濟轉型，邁向淨零碳排的願景。 ｜ 本行積極進行節能減碳，,already,Yes,"推動各項無紙化服務，新總行大樓更導入綠建築設計，在投融資業務上，本行已通過 SBTi 目標，並針對上市櫃股票與債券投資、企業貸款，以及發電業專案融資等業務設定溫室氣體減量策略（ ｜ 已導入國際金融穩定委員會 (Financial Stability Board, FSB) 發布之氣候相關財務揭露 (Task Force on Climate-related Financial Disclosures, TCFD) 架構，進行氣候風險與機會的評估",Clear,scsb,5876,62,https://www.scsb.com.tw/content/csr/files/csr03_a/2024report.pdf,https://www.scsb.com.tw/content/csr/csr03_a.html
10572,採購過程中應更多支持永續發展的節能和環保產品和服務；堅持在與供應商合作的過程中，符合道德標準和負責任的行為準則，致力提升供應商的永續發展意識，並利用我們的影響力鼓勵創新、廣泛應用新技術、新設計；我們將為參與採購的員工提供培訓和指引，以便更好地執行本政策。,S,Yes,堅持在與供應商合作的過程中，符合道德標準和負責任的行為準則， ｜ 致力提升供應商的永續發展意識， ｜ 並利用我們的影響力鼓勵創新、廣泛應用新技術、新設計；我們將為參與採購的員工提供培訓和指引，以便更好地執行本政策。,between_2_and_5_years,No,,,avc,3017,51,https://hsxn1sjvkgtdpixe.public.blob.vercel-storage.com/avc_3017_page_51.pdf,https://www.avc.co/zh-tw/CorporateResponsibility/CorporateCSR
10844,長榮航空自創立以來，始終秉持創新精神，致力為旅客提供更豐富多元的飛航服務，並連續九年榮獲世界最頂級五星級航空公司認證之殊榮。我們以「長榮航空服務白皮書」為服務政策，全心規劃每一細節，締造極致的飛行體驗。為提供卓越服務，長榮航空善用星空聯盟的資源優勢，持續豐富產品及服務多樣性，並導入自動化服務流程，為全球旅客帶來最完美的空中之旅。我們始終堅守飛航安全的承諾，確保飛安品質，永無止境追求更優異的飛安紀錄。,S,Yes,長榮航空自創立以來，始終秉持創新精神，致力為旅客提供更豐富多元的飛航服務，並連續九年榮獲世界最頂級五星級航空公司認證之殊榮。 ｜ 為提供卓越服務，長榮航空善用星空聯盟的資源優勢，持續豐富產品及服務多樣性，並導入自動化服務流程，,between_2_and_5_years,Yes,我們以「長榮航空服務白皮書」為服務政策， ｜ 我們始終堅守飛航安全的承諾，確保飛安品質，永無止境追求更優異的飛安紀錄。,Not Clear,emc,2603,45,https://hsxn1sjvkgtdpixe.public.blob.vercel-storage.com/emc_2603_page_45.pdf,https://www.evacsr.com/
10957,"因長期關懷偏鄉學童，社福會特別關注偏鄉中隔代教養、新住民、低收入戶等弱勢家庭，這些家庭的社經背景通常較為困難，且面臨社會、文化、自我適應、學習、語言等方面的挑戰，需要比一般學童獲得更多的社會支持與關懷。依據教育部統計，2023 學年各級新住民子女學生數已達 27.8 萬人，占全體學生總數之 6.8%。本會近幾年舉辦「故鄉心、台灣情新住民親子歡樂 PARTY」，讓新住民弱勢學童們在歡樂的氣氛中，感受社會處處充滿著愛與關懷，從而由己身受助的情境中，啟發將來助人的心念，進而激發其力爭上游的動力。社福會與家扶基金會從 2023 年開始攜手推動《新住民子女助學計畫》，以教育奠定他們翻轉清貧的基石，並由基金會提供 2023 學年下學期至 2024 學年，國小、國、高中職與大專之新住民學子助學金。依辦法每學期 740 名，每年共 1,480 人次助學金，總金額約為 8,000 仟元。",S,Yes,因長期關懷偏鄉學童，社福會特別關注偏鄉中隔代教養、新住民、低收入戶等弱勢家庭，,already,Yes,"本會近幾年舉辦「故鄉心、台灣情新住民親子歡樂 PARTY」，讓新住民弱勢學童們在歡樂的氣氛中，感受社會處處充滿著愛與關懷，從而由己身受助的情境中，啟發將來助人的心念，進而激發其力爭上游的動力。社福會與家扶基金會從 2023 年開始攜手推動《新住民子女助學計畫》，以教育奠定他們翻轉清貧的基石，並由基金會提供 2023 學年下學期至 2024 學年，國小、國、高中職與大專之新住民學子助學金。依辦法每學期 740 名，每年共 1,480 人次助學金，總金額約為 8,000 仟元。",Clear,unipresident,1216,69,https://hsxn1sjvkgtdpixe.public.blob.vercel-storage.com/unipresident_1216_page_69.pdf,https://esg.sp88.tw/book.php
11929,供應商須如實答覆管理現況並提供佐證，再由專業顧問機構進行書面審查，本年度完成402份問卷書審(不含非一階供應商)，敦促供應商提升永續績效。我們亦對非一階重大供應商定期評估，2024年共審核6家。根據審查結果，供應商全數皆無違反結社自由或團體協商權利之情事。,G,Yes,亦對非一階重大供應商定期評估，,already,Yes,024年共審核6家。根據審查結果，供應商全數皆無違反結社自由或團體協商權利之情事。,Clear,twm,3045,113,https://corp.taiwanmobile.com/pdf/2024_C_ESG.pdf,https://corp.taiwanmobile.com/esg/esg-report.html
10910,陽明海運設有法令遵循室，掌管臺灣、中國、歐盟、美國與其他重要地區的法規法令，並積極參與外部組織以知悉最新資訊與規範，持續監控與宣導，並及時調整營運行為以確保符合法律規範。,G,Yes,陽明海運設有法令遵循室，掌管臺灣、中國、歐盟、美國與其他重要地區的法規法令，並積極參與外部組織以知悉最新資訊與規範，持續監控與宣導，並及時調整營運行為以確保符合法律規範。,between_2_and_5_years,No,,,ymtc,2609,40,https://hsxn1sjvkgtdpixe.public.blob.vercel-storage.com/ymtc_2609_page_40.pdf,https://esg.yangming.com/esg/sustainability_report/1/
10515,經檢視本集團生物多樣性熱點影響分析結果，銀行營運據點方圓 1 公里範圍皆未與生物多樣性熱區等級 5 或 4 區域接壤，位於等級 3、2、1 之據點數分別占全據點數之 1.05%、1.4%、5.97%，約有 91.58% 分行據點未座落於生物多樣性熱區。本年度新增之關鍵生物多樣性區域分析結果，銀行營運據點方圓 1 公里與關鍵生物多樣性區域接壤之據點數量占全據點數之 2.11%，未鄰近關鍵生物多樣性區域據點數量為 97.89%。,E,No,,,,,,tcfhc,5880,155,https://hsxn1sjvkgtdpixe.public.blob.vercel-storage.com/tcfhc_5880_page_155.pdf,https://esg.tcfhc.com.tw/report-download/
11383,在投融資管理方面，依據《自然與氣候風險管理準則》，規範資產負債管理委員會應定期檢視授信及投資組合，確保自然與氣候變遷所涉財務風險，符合自然與氣候風險管理政策。同時積極培育氣候風險管理專業人才，優化資訊系統與氣候數據的整合，並建立量化指標以提升管理效能。短期內，本行將與客戶展開議合行動，針對積極參與減碳行動的客戶，提供強度減量目標的建議，或鼓勵其共同加入 SBTi 減碳承諾行列。長期而言，本行將持續檢視投資結構，逐步調整資金配置，將資金從高碳排產業轉向低碳排產業，並運用金融業的投資影響力，協助有減碳決心與意願的高碳排企業逐步實現低碳轉型。此外，在融資方面，本行將透過提高還款利率，提升高碳排產業的融資門檻。對於溝通後仍無減碳意願的客戶，則採取不續貸的策略，以實際行動推進業務的低碳轉型。,E,Yes,規範資產負債管理委員會應定期檢視授信及投資組合，確保自然與氣候變遷所涉財務風險，符合自然與氣候風險管理政策。 ｜ 同時積極培育氣候風險管理專業人才，優化資訊系統與氣候數據的整合，並建立量化指標以提升管理效能。 ｜ 短期內，本行將與客戶展開議合行動，針對積極參與減碳行動的客戶，提供強度減量目標的建議，或鼓勵其共同加入 SBTi 減碳承諾行列。 ｜ 長期而言，本行將持續檢視投資結構，逐步調整資金配置，將資金從高碳排產業轉向低碳排產業，並運用金融業的投資影響力，協助有減碳決心與意願的高碳排企業逐步實現低碳轉型。,already,Yes,在投融資管理方面，依據《自然與氣候風險管理準則》，,Clear,scsb,5876,86,https://www.scsb.com.tw/content/csr/files/csr03_a/2024report.pdf,https://www.scsb.com.tw/content/csr/csr03_a.html
11041,2023年3月中中華開發資本與鴻海科技集團簽署合作備忘錄，規劃共同成立開鴻能源股份有限公司，由中華開發資本負責投資與管理，希望打造臺灣首創跨界的綠能投資平台，引領資金投入永續發展的綠能與綠電產業，支持產業邁向淨零碳排。2024年5月開鴻能源完成設立，規劃之投資項目以再生能源之太陽能及風能為主，符合世界趨勢與政府政策方向，至2024年底，已投資之裝置容量為153MW。,E,Yes,希望打造臺灣首創跨界的綠能投資平台，引領資金投入永續發展的綠能與綠電產業，支持產業邁向淨零碳排。,already,Yes,2023年3月中中華開發資本與鴻海科技集團簽署合作備忘錄，規劃共同成立開鴻能源股份有限公司，由中華開發資本負責投資與管理， ｜ 2024年5月開鴻能源完成設立，規劃之投資項目以再生能源之太陽能及風能為主，符合世界趨勢與政府政策方向，至2024年底，已投資之裝置容量為153MW。,Clear,kgi,2883,56,https://www.kgi.com/zh-tw/-/media/files/cdf/esg/download/reports-and-certificates/reports/2024esgreport.pdf,https://www.kgi.com/zh-tw/esg
10771,本公司為依據《金融控股公司法》、《公司法》等相關法令成立之金控公司，各項公司治理及營運管理事務，悉依法令規範及公司訂定之章程執行辦理。本公司最大股東為臺灣銀行（持股占比 21.23%），其他主要股東有臺銀人壽保險、第一銀行、財團法人林熊徵學田基金會、財政部等國內外企業及法人機構，股東結構穩定。本公司於每年中召開股東常會，報告公司營業相關概況，並就財務報表、盈餘運用分派、規章修訂等事項進行討論。,G,Yes,本公司為依據《金融控股公司法》、《公司法》等相關法令成立之金控公司，各項公司治理及營運管理事務，悉依法令規範及公司訂定之章程執行辦理。本,already,Yes,本公司於每年中召開股東常會，報告公司營業相關概況， ｜ 並就財務報表、盈餘運用分派、規章修訂等事項進行討論。,Clear,hnfhc,2880,34,https://hsxn1sjvkgtdpixe.public.blob.vercel-storage.com/hnfhc_2880_page_34.pdf,https://www.hnfhc.com.tw/HNFHC/csr/a.do?id=3b652cac56000000f6ca&parent_menu=2
10142,備註：公司依據台灣證券交易所金融監督管理委員會所頒布接軌 IFRS 永續揭露準則導入計畫，每季向董事會提報進度。於 2024 年底成立跨部門專案小組確立報導個體並進行差異分析，2025 年完成永續風險 / 機會鑑別，針對關鍵項目評估重大財務資訊，規劃於當年度根據已執行項目進行內部稽核，2026 年試行編制年報永續資訊，2027 年正式公告申報。,G,Yes,公司依據台灣證券交易所金融監督管理委員會所頒布接軌 IFRS 永續揭露準則導入計畫，每季向董事會提報進度。 ｜ 2025 年完成永續風險 / 機會鑑別，針對關鍵項目評估重大財務資訊， ｜ 規劃於當年度根據已執行項目進行內部稽核，2026  ｜ 年試行編制年報永續資訊，2027  ｜ 年正式公告申報。,longer_than_5_years,Yes,公司依據台灣證券交易所金融監督管理委員會所頒布接軌 IFRS 永續揭露準則導入計畫， ｜ 於 2024 年底成立跨部門專案小組確立報導個體並進行差異分析，2,Clear,wistron,3231,275,https://hsxn1sjvkgtdpixe.public.blob.vercel-storage.com/wistron_3231_page_275.pdf,https://esg.wistron.com/ch/report-download
10521,"台達以電力電子為核心技術，整合全球資源，結合創新技術及軟硬體開發，導入系統與整合方案領域，積極推展品牌，以客戶需求為導向，提供高效率的節能整合解決方案。自 2012 年統計，累積至 2024 年，台達已在全球各地完成 1,599 個成功案例，涵蓋工業自動化與智能製造、樓宇自動化、資料中心基礎設施、通訊電源、智慧監控管理系統、電動車充電系統與再生能源等領域，協助客戶節省營運成本與提升全球競爭力，更幫助減緩地球暖化。",S,Yes,積極推展品牌，以客戶需求為導向，,between_2_and_5_years,Yes,"提供高效率的節能整合解決方案。自 2012 年統計，累積至 2024 年，台達已在全球各地完成 1,599 個成功案例，涵",Clear,delta,2308,12,https://hsxn1sjvkgtdpixe.public.blob.vercel-storage.com/delta_2308_page_12.pdf,https://esg.deltaww.com/CSR-Reports
90028,兆豐金控於 2023 年底受金管會邀請正式加入「永續金融先行者聯盟」，除簽署赤道原則、SBT 科學基礎減碳目標外，更進一步將所有與企業客戶往來的常規授信、聯貸及短期融資，均歸類為「廣義綠色金融」項目，並於內部統計中統一納入支持低碳轉型的投融資，以提高綠色資產品佔比表現。,E,Yes,兆豐金控於  ｜ 2023  ｜ 年底受金管會邀請正式加入「永續金融先行者聯盟」，除簽署赤道原則、SBT  ｜ 科學基礎減碳目標外,between_2_and_5_years,Yes,更進一步將所有與企業客戶往來的常規授信、聯貸及短期融資，均歸類為「廣義綠色金融」項目，並於內部統計中統一納入支持低碳轉型的投融資，以提高綠色資產品佔比表現。,Misleading,mega,2886,80,https://hsxn1sjvkgtdpixe.public.blob.vercel-storage.com/mega_2886_page_80.pdf,https://esg.megaholdings.com.tw/frontend/Download
11226,"運用最新仿生薄膜AeroSHARK技術，達到節油減碳目的。亞洲第一家引進最新仿生薄膜AeroSHARK技術的航空公司，仿生薄膜黏貼至波音777F貨機外層上，具有自清潔、抗附著及減阻效果的特性，可優化飛機表面相關區域空氣動力的效能，可降低1%燃油消耗。經由此項技術引進，可優化氣流減少阻力，進而達到節能減碳目的。以長榮航空9架777F貨機營運狀況計算，每年預期可節省至少2,500噸航空燃油，減少超過7,800噸碳排放量。",E,Yes,運用最新仿生薄膜AeroSHARK技術，達到節油減碳目的。 ｜ 經由此項技術引進，可優化氣流減少阻力，進而達到節能減碳目的。,between_2_and_5_years,Yes,"亞洲第一家引進最新仿生薄膜AeroSHARK技術的航空公司，仿生薄膜黏貼至波音777F貨機外層上，具有自清潔、抗附著及減阻效果的特性，可優化飛機表面相關區域空氣動力的效能，可降低1%燃油消耗。｜ 每年預期可節省至少2,500噸航空燃油，減少超過7,800噸碳排放量。",Clear,emc,2603,80,https://www.evacsr.com/archive/doc/download/EVA_CSR_CH_2024.pdf,https://www.evacsr.com/
10756,台積公司與供應商合作檢視並解決產能不足、品質缺陷或製程精進等問題，在資材管理組織、品質暨可靠性、營運等相關業務單位合作下，積極導入先進製程儀器及技術、提升材料產品品質並扶植在地廠商技術發展，共創雙贏效益。,S,Yes,台積公司與供應商合作檢視並解決產能不足、品質缺陷或製程精進等問題，在資材管理組織、品質暨可靠性、營運等相關業務單位合作下，積極導入先進製程儀器及技術、提升材料產品品質並扶植在地廠商技術發展，共創雙贏效益。,already,No,,,tsmc,2330,100,https://hsxn1sjvkgtdpixe.public.blob.vercel-storage.com/tsmc_2330_page_100.pdf,https://esg.tsmc.com/zh-Hant/resources/ESG-data-hub?tab=reportbuilder
90035,台泥致力打造安全工作環境，訂有《職業安全衛生管理相關內部控制政策》，並輔以年度員工體驗調查，以了解員工對職場氛圍、活動安排及休憩空間之主觀安全感受，作為評估工安表現的主要依據之一。現行安全管理規章除《職業安全衛生管理規章》外，亦將「運動競賽及團康活動參與率」與「員工對工作環境整體滿意度」指標納入職安推動成果的統計報表中，並在永續報告書中以彩色圖表強調員工對活動及福利設施的高評價，而對實際職災件數與職業病通報則僅以合併數字概括呈現，未區分工種及風險等級。,S,Yes,台泥致力打造安全工作環境，,between_2_and_5_years,Yes,訂有《職業安全衛生管理相關內部控制政策》，並輔以年度員工體驗調查，以了解員工對職場氛圍、活動安排及休憩空間之主觀安全感受，作為評估工安表現的主要依據之一。現行安全管理規章除《職業安全衛生管理規章》外，亦將「運動競賽及團康活動參與率」與「員工對工作環境整體滿意度」指標納入職安推動成果的統計報表中，並在永續報告書中以彩色圖表強調員工對活動及福利設施的高評價，而對實際職災件數與職業病通報則僅以合併數字概括呈現，未區分工種及風險等級。,Misleading,tcc,1101,173,https://hsxn1sjvkgtdpixe.public.blob.vercel-storage.com/tcc_1101_page_173.pdf,https://www.tccgroupholdings.com/tw/esgReport.html
10111,"瑞昱全員活動除公司攜手職工福利委員會舉辦一年一度的尾牙旺年晚會活動外，在「瑞昱家庭日」活動上，我們邀請同仁帶著眷屬親友一同共襄盛舉參加包含五大活動主題的家庭日活動，包含：(1) 瑞昱鐵人三項與體育競賽活動、(2) 瑞昱同仁團隊趣味競賽分組活動、(3) 大螃蟹、小螃蟹遊樂設施體驗與親子闖關活動、(4) 瑞昱園遊會同樂活動，以及 (5) 全員齊聚與資深同仁頒獎活動，打造專屬螃蟹家族「團隊、創新、活力」氛圍之家庭日活動，共創螃蟹大家庭特有的凝聚力！瑞昱三十八週年家庭日活動共約 6,237 名同仁、同仁親友及原鄉四校師生們參與，各項競賽共有 300 名同仁組隊參加。",S,Yes,瑞昱全員活動除公司攜手職工福利委員會舉辦一年一度的尾牙旺年晚會活動外，在「瑞昱家庭日」活動上，我們邀請同仁帶著眷屬親友一同共襄盛舉參加包含五大活動主題的家庭日活動，包含：(1) 瑞昱鐵人三項與體育競賽活動、(2) 瑞昱同仁團隊趣味競賽分組活動、(3) 大螃蟹、小螃蟹遊樂設施體驗與親子闖關活動、(4) 瑞昱園遊會同樂活動，以及 (5) 全員齊聚與資深同仁頒獎活動，打造專屬螃蟹家族「團隊、創新、活力」氛圍之家庭日活動，共創螃蟹大家庭特有的凝聚力！瑞,already,Yes,"瑞昱三十八週年家庭日活動共約 6,237 名同仁、同仁親友及原鄉四校師生們參與，各項競賽共有 300 名同仁組隊參加。",Clear,rt,2379,138,https://hsxn1sjvkgtdpixe.public.blob.vercel-storage.com/rt_2379_page_138.pdf,https://www.realtek.com/Article/Index?menu_id=912&lang=zh-TW
11069,### 董事會績效評估  為落實公司治理，強化董事會績效評估之功能及擴大評估結果之運用，並提升董事會運作之效能，本公司訂有《董事會績效評估要點》，每年應執行績效內部評估，惟至少每三年應由外部專業獨立機構或外部專家學者團隊執行評估一次。2024 年除執行董事會績效內部評估作業外，同時委由「安侯企業管理股份有限公司」執行外部評估。,G,Yes,為落實公司治理， 強化董事會績效評估之功能及擴大評估結果之運用，並提升董事會運作之效能，每年應執行績效內部評估，惟至少每三年應由外部專業獨立機構或外部專家學者團隊執行評估一次。,already,Yes,2024 年除執行董事會績效內部評估作業外，同時委由「安侯企業管理股份有限公司」執行外部評估。,Clear,esfh,2884,59,https://www.esunfhc.com/zh-tw/-/media/ESUNFHC/Files/CSR/FHC-CSR-Report/2024-Sustainability-ReportChinese.pdf,https://www.esunfhc.com/zh-tw/esg/resource-center/report
11629,為有效掌握各子公司每年度整體資安防禦體系的策略調整與強化趨勢，日月光投控於 2019 年起與第三方專業顧問合作，正式導入 NIST CSF 成熟度評估機制，透過五大關鍵指標：辨識 (Identify)、防護 (Protect)、偵測 (Detect)、應變 (Respond)、與復原 (Recover) 評鑑整體資安成熟度結果，逐年開始以精緻與深化各資安要求為執行方向，每一廠區透過自身成熟度評估成績與缺失建議，可進行個別化資安提升，本公司並對標半導體產業與瞭解自身狀況為目標，了解各子公司在資安不同領域、國別、或營運上的相應風險，進一步整合資源調適與支援指導，落實並持續強化企業整體性的資安管理基礎。2024 年延續去年的成熟度評估機制，委由資誠會計師事務所，透過一致的縱向量化指標，分別針對政策成熟度、控制成熟度、管理成熟度、稽核成熟度以及供應鏈成熟度等範圍，歸納出具體的評估結果，逐步強化企業關鍵營運系統的資安防禦能力。,G,Yes,對標半導體產業與瞭解自身狀況為目標，了解各子公司在資安不同領域、國別、或營運上的相應風險，進一步整合資源調適與支援指導，落實並持續強化企業整體性的資安管理基礎。,already,Yes,日月光投控於 2019 年起與第三方專業顧問合作，正式導入 NIST CSF 成熟度評估機制，透過五大關鍵指標：辨識 (Identify)、防護 (Protect)、偵測 (Detect)、應變 (Respond)、與復原 (Recover) 評鑑整體資安成熟度結果，逐年開始以精緻與深化各資安要求為執行方向，每一廠區透過自身成熟度評估成績與缺失建議，可進行個別化資安提升， ｜ 2024 年延續去年的成熟度評估機制，委由資誠會計師事務所，透過一致的縱向量化指標，分別針對政策成熟度、控制成熟度、管理成熟度、稽核成熟度以及供應鏈成熟度等範圍，歸納出具體的評估結果，逐步強化企業關鍵營運系統的資安防禦能力。,Clear,aseh,3711,83,https://www.aseglobal.com/ch/pdf/aseh-2024-csr-ch-final.pdf,https://www.aseglobal.com/ch/csr/csr-download/
90034,台泥致力打造安全工作環境，訂有《職業安全衛生管理相關內部控制政策》，主要聚焦於本公司正式員工之事故通報與統計作業，以提升內部職災指標之可控性；對於實際執行高風險作業之外包與承攬人員，則多以合約約定方式授權其自行管理安全紀錄，相關工傷案例原則上不納入本公司職安KPI與對外揭露範疇。現行安全管理規章中，將「安全訓練完成率」「健康講座參與人次」及「線上課程登入次數」等活動量化指標，併列為職業安全核心績效，用以彰顯整體安全管理成果，而未必反映實際工地或廠區之事故頻率與嚴重度。,S,Yes,台泥致力打造安全工作環境，,between_2_and_5_years,Yes,訂有《職業安全衛生管理相關內部控制政策》，主要聚焦於本公司正式員工之事故通報與統計作業，以提升內部職災指標之可控性；對於實際執行高風險作業之外包與承攬人員，則多以合約約定方式授權其自行管理安全紀錄，相關工傷案例原則上不納入本公司職安KPI與對外揭露範疇。現行安全管理規章中，將「安全訓練完成率」「健康講座參與人次」及「線上課程登入次數」等活動量化指標，併列為職業安全核心績效，用以彰顯整體安全管理成果，而未必反映實際工地或廠區之事故頻率與嚴重度。,Misleading,tcc,1101,173,https://hsxn1sjvkgtdpixe.public.blob.vercel-storage.com/tcc_1101_page_173.pdf,https://www.tccgroupholdings.com/tw/esgReport.html
10949,本行依循 ISO 14064-1 國際標準進行溫室氣體盤查，組織邊界設定方法使用營運控制法，排放量計算方式則採用排放係數法。係數引用來源為環境部公告之溫室氣體盤查表 6.0.4 版、能源局公告之電力排放係數等。  為實現永續營運理念與落實穩健減碳，本行以 2022 年為基準年，設定至 2030 年總對排量需減少 42% 的目標。2024 年度的範疇一排放量與 2023 年相近；範疇二排放量則較 2023 年減少 1.8%。2024 年範疇一及範疇二每百萬營收排放量為 0.1606 tCO₂e，較上年度減少 5.64%，已達成每百萬營收排碳較上年度減少 3% 之目標。,E,Yes,為實現永續營運理念與落實穩健減碳，本行以 2022 年為基準年，設定至 2030 年總對排量需減少 42% 的目標。,longer_than_5_years,Yes,本行依循 ISO 14064-1 國際標準進行溫室氣體盤查，組織邊界設定方法使用營運控制法，排放量計算方式則採用排放係數法。 ｜ 024 年度的範疇一排放量與 2023 年相近；範疇二排放量則較 2023 年減少 1.8%。2024 年範疇一及範疇二每百萬營收排放量為 0.1606 tCO₂e，較上年度減少 5.64%，已達成每百萬營收排碳較上年度減少 3% 之目標。,Clear,scsb,5876,88,https://hsxn1sjvkgtdpixe.public.blob.vercel-storage.com/scsb_5876_page_88.pdf,https://www.scsb.com.tw/content/csr/csr03_a.html
10629,設置中鋼節能減碳及碳中和推動小組，承諾對環境保護、氣候變遷採取具體行動。宣示公司新願景「智慧創新、綠能減碳、價值共創，成為永續成長的卓越企業。」並據以首編十年期經營發展策略，擘書中鋼的未來。參與臺灣碳權交易所揭牌後第一批碳權交易，取得五百公噸碳權，達成鋼鐵產品碳中和新里程。,E,Yes,設置中鋼節能減碳及碳中和推動小組，承諾對環境保護、氣候變遷採取具體行動。宣示公司新願景「智慧創新、綠能減碳、價值共創，成為永續成長的卓越企業。」並據以首編十年期經營發展策略，擘書中鋼的未來。參,between_2_and_5_years,Yes,參與臺灣碳權交易所揭牌後第一批碳權交易，取得五百公噸碳權，達成鋼鐵產品碳中和新里程。,Clear,csc,2002,4,https://hsxn1sjvkgtdpixe.public.blob.vercel-storage.com/csc_2002_page_4.pdf,https://www.csc.com.tw/csc/esg/ov/dow.html
10014,台達透過產品再設計、低碳材料議合及材料循環利用等措施，積極推動供應鏈範疇三的減碳行動，並依據以下流程，集團在各事業單位內逐步實施年度減碳對策。以 2021 年作為減碳目標的基準年，並依照集團的 SBT 目標，預計至 2030 年，範疇三碳排放將降低 25%。,E,Yes,台達透過產品再設計、低碳材料議合及材料循環利用等措施，積極推動供應鏈範疇三的減碳行動， ｜ 預計至 2030 年，範疇三碳排放將降低 25%,longer_than_5_years,Yes,依據以下流程，集團在各事業單位內逐步實施年度減碳對策。,Not Clear,delta,2308,77,https://hsxn1sjvkgtdpixe.public.blob.vercel-storage.com/delta_2308_page_77.pdf,https://esg.deltaww.com/CSR-Reports
10497,台泥參考《聯合國全球盟約 UNGC》永續供應鏈指南及「ISO 20400永續採購指南」，評估供應鏈永續及人權風險，同時針對台灣水泥與製品廠之供應商優先導入歐盟環境暨人權盡職調查(CSDDD)書面審查，透過五大步驟推展供應鏈永續管理計畫，台泥持續以高標準檢視供應商永續作為，期與供應商建立長期互利共榮的伙伴關係。,S,Yes,透過五大步驟推展供應鏈永續管理計畫，台泥持續以高標準檢視供應商永續作為，期與供應商建立長期互利共榮的伙伴關係。,between_2_and_5_years,Yes,台泥參考《聯合國全球盟約  ｜ UNGC》永續供應鏈指南及「ISO  ｜ 20400永續採購指南」，評估供應鏈永續及人權風險，同時針對台灣水泥與製品廠之供應商優先導入歐盟環境暨人權盡職調查(CSDDD)書面審查，,Clear,tcc,1101,73,https://hsxn1sjvkgtdpixe.public.blob.vercel-storage.com/tcc_1101_page_73.pdf,https://www.tccgroupholdings.com/tw/esgReport.html
10356,台塑工業 ( 寧波 ) 公司也致力於廢棄物管理並減量，主要透過末端處置進行。,E,Yes,台塑工業 ( 寧波 ) 公司也致力於廢棄物管理並減量，,between_2_and_5_years,Yes,主要透過末端處置進行。,Not Clear,fpc,1301,100,https://hsxn1sjvkgtdpixe.public.blob.vercel-storage.com/fpc_1301_page_100.pdf,https://www.fpg.com.tw/esg/tw/download
11342,"本公司於 2024 年 11 月通過 ISO27001:2022 驗證，範圍涵蓋台北總部關鍵系統、基礎設施與台南廠核心系統及工廠機房，全球核心系統涵蓋率約為 71%註，將逐步推動驗證範圍擴大至馬來西亞子公司及墨西哥子公司等其他營運據點取得驗證。（註：台灣總部及台南子公司已先取得 ISO27001 驗證，涵蓋率以台灣總部加上台南子公司間接員工人數占全球據點間接員工人數計算百分比。) 除了 ISO27001 認證持續推動以外，緯穎科技同時參考美國國家標準暨技術研究院（NIST）網路安全框架（Cybersecurity Framework, CSF2.0）的六大核心項目：治理、辨識、防護、偵測、應變與復原以規劃資訊安全發展藍圖並評鑑整體資安成熟度。",S,Yes,將逐步推動驗證範圍擴大至馬來西亞子公司及墨西哥子公司等其他營運據點取得驗證。,between_2_and_5_years,Yes,"本公司於 2024 年 11 月通過 ISO27001:2022 驗證，範圍涵蓋台北總部關鍵系統、基礎設施與台南廠核心系統及工廠機房，全球核心系統涵蓋率約為 71%註， ｜ （註：台灣總部及台南子公司已先取得 ISO27001 驗證，涵蓋率以台灣總部加上台南子公司間接員工人數占全球據點間接員工人數計算百分比。) 除了 ISO27001 認證持續推動以外，緯穎科技同時參考美國國家標準暨技術研究院（NIST）網路安全框架（Cybersecurity Framework, CSF2.0）的六大核心項目：治理、辨識、防護、偵測、應變與復原以規劃資訊安全發展藍圖並評鑑整體資安成熟度。",Clear,wiwynn,6669,41,https://www.wiwynn.com/hubfs/ESG/2025/files/Wiwynn_Sustainability_Report_ZH.pdf#pdfjs.action=download,https://www.wiwynn.com/zh/esg?srsltid=AfmBOorvFrT1ZHOSpBKt9v6gwVkwdiWT6ZYLhQDWqQ06r_frvS6qSFZM
11490,兆豐銀行於國內分行規劃友善服務空間，當高齡者、身心障礙、失智者或疑似失智者之客戶，不方便於營業廳櫃檯辦理業務時，可引導客戶至友善服務空間，由友善服務人員協助客戶辦理各項業務。另於蘭雅分行打造優質失智金融友善環境，除已具備無障礙服務櫃台、服務鈴、友善人員外，藉由參訪失智日照機構及醫界失智症專科醫師與會提供設置建議，規劃適合疑似失智者、高齡者及身心障礙者洽談辦理金融業務之「樂智友善服務區」，服務區內設有洽談室兼靜心室、互動式訓練機、多寶格展示櫃、觸摸牆及指標等；如分行行員遇到疑似失智之客戶，可將客戶引導至服務區，進行洽談或辦理金融業務，讓不同需求的客戶來到銀行，都能夠安心、放心，賓至如歸地被對待，落實真正普惠金融之精神。,S,Yes,落實真正普惠金融之精神。,already,Yes,當高齡者、身心障礙、失智者或疑似失智者之客戶，不方便於營業廳櫃檯辦理業務時，可引導客戶至友善服務空間， ｜ 於蘭雅分行打造優質失智金融友善環境，除已具備無障礙服務櫃台、服務鈴、友善人員外，藉由參訪失智日照機構及醫界失智症專科醫師與會提供設置建議，規劃適合疑似失智者、高齡者及身心障礙者洽談辦理金融業務之「樂智友善服務區」，,Clear,mega,2886,99,https://esg.megaholdings.com.tw/apifrontend/file/pdf/20250703140425535_%E5%85%86%E8%B1%90%E9%87%91%E6%8E%A72024%E6%B0%B8%E7%BA%8C%E5%A0%B1%E5%91%8A%E6%9B%B8_%E4%B8%AD%E6%96%87%E7%89%88.pdf,https://esg.megaholdings.com.tw/frontend/Download
10866,利害關係人意義與議合目的：  維持良好的互動是營運上的重點，制定年度目標時，將其納入評估考量因素，作為營運要點規劃，以達成廠鄉一家親的願景,S,Yes,制定 ｜ 定年度目標時，將其納入評估考量因素，作為營運要點規劃，以達成廠鄉一家親的願景,between_2_and_5_years,No,,,fpcc,6505,10,https://hsxn1sjvkgtdpixe.public.blob.vercel-storage.com/fpcc_6505_page_10.pdf,https://fpcc-esg.com/
90070,台達秉持「環保 節能 愛地球」的經營使命，長期關注氣候變遷議題，並訂定 2050 年全球據點達成淨零排放 (Net-Zero) 的長期策略與目標，並以少數在特定測試條件下表現最佳的高效產品型號作為整體產品線的代表案例，對外說明全面性節能成效，但未揭露其他主力銷售機種仍維持傳統能效水準與較高碳排放強度。,E,Yes,台達秉持「環保 節能 愛地球」的經營使命，長期關注氣候變遷議題，並訂定 2050 年全球據點達成淨零排放 (Net-Zero) 的長期策略與目標，,longer_than_5_years,Yes,並以少數在特定測試條件下表現最佳的高效產品型號作為整體產品線的代表案例，對外說明全面性節能成效，但未揭露其他主力銷售機種仍維持傳統能效水準與較高碳排放強度。,Misleading,delta,2308,9,https://hsxn1sjvkgtdpixe.public.blob.vercel-storage.com/delta_2308_page_9.pdf,https://esg.deltaww.com/CSR-Reports
12000,聯合國的氣候變遷評估報告和世界經濟論壇的全球風險報告持續警示全球暖化危機，各國亟需落實《巴黎協定》1.5°C目標。身為全球科技製造領導者，鴻海支持《巴黎氣候協定》將氣溫升幅限制在 1.5°C 之內的目標，將氣候行動列為永續發展核心，於2020年宣示「遵守廠區當地政府的 NDC 或碳排政策」、「2050價值鏈淨零」、「回應Climate Action 100+指導委員會的要求」三大氣候目標，並以科學基礎減量目標 (SBTi) 框架推動轉型。2024年4月，集團淨零目標正式通過SBTi審核，成為台灣高科技硬體設備產業第三家、全台灣第七家獲此國際認證的企業。鴻海依循TCFD框架，以永續委員會統籌氣候治理，透過情境分析量化轉型風險，並將財務衝擊納入決策，深化氣候韌性。鴻海的系統化氣候策略體系聚焦四大核心方針：,E,Yes,於2020年宣示「遵守廠區當地政府的 NDC 或碳排政策」、「2050價值鏈淨零」、「回應Climate Action 100+指導委員會的要求」三大氣候目標，並以科學基礎減量目標 (SBTi) 框架推動轉型,already,Yes,2024年4月，集團淨零目標正式通過SBTi審核，成為台灣高科技硬體設備產業第三家、全台灣第七家獲此國際認證的企業。,Clear,honhai,2317,18,https://image.honhai.com/upload/202512/global/HH_SR_2024_-_Chinese_(HD)_-_04_Dec_(1)_20251231_7009.pdf,https://www.honhai.com/zh-tw/CSR
10862,鴻海以「能力建設-盤查與減碳推動-綠電要求-淨零績效評價」四階段推動價值鏈淨零，打造低碳供應鏈。在2024年IPE評比中，鴻海榮獲「綠色供應鏈CITI指數」與「企業氣候行動CAT指數」雙料大中華區冠軍。更多細節請參考鴻海淨零戰略報告26-28頁，和本報告「鴻傳永續，共好夥伴」章節。,E,Yes,鴻海以「能力建設-盤查與減碳推動-綠電要求-淨零績效評價」四階段推動價值鏈淨零，打造低碳供應鏈。在,already,Yes,在2024年IPE評比中，鴻海榮獲「綠色供應鏈CITI指數」與「企業氣候行動CAT指數」雙料大中華區冠軍。更,Clear,honhai,2317,126,https://hsxn1sjvkgtdpixe.public.blob.vercel-storage.com/honhai_2317_page_126.pdf,https://www.honhai.com/zh-tw/CSR
11072,企業併購特別委員會  委員會成員有獨立董事三人參與，並由全體成員推舉獨立董事擔任召集人及會議主席，就併購計畫與交易之公平性、合理性進行審議。  執掌描述  就併購計畫與交易之公平性、合理性進行審議，公司並應將審議結果提報董事會及股東會。但依企業併購法規定無需召開股東會決議併購事項者，得不提報股東會。  因無併購計畫等議案，故2024年無召開企業併購特別委員會,G,No,,,,,,ltc,2301,32,https://www.liteon.com/upload/media/report_over_20mb/%E3%80%90CH%E3%80%9120250804_%E5%85%89%E5%AF%B6%E7%A7%91%E6%8A%80_ESG_Final.pdf,https://www.liteon.com/zh-tw/esgoverview/esg-overview
10193,為降低員工職業災害發生之機率，透過職安通報機制掌握職業災害事故，啟動事件調查追蹤，確認事發經過，探究發生原因進行通盤檢討，檢視分析改善機會點，評估環境設備改善，針對發生機率較高之職災事件，透過短片宣導等方式強化人員安全觀念訓練，實施改善，以消除、降低風險，防止類似災害發生，保障員工工作安全，創造友善職場環境。,S,Yes,為降低員工職業災害發生之機率， ｜ 保障員工工作安全，創造友善職場環境。,between_2_and_5_years,No,,,pcsc,2912,70,https://hsxn1sjvkgtdpixe.public.blob.vercel-storage.com/pcsc_2912_page_70.pdf,https://www.7-11.com.tw/Company/esg/reports.aspx
11134,熊鷹 Mountain Hawk-Eagle  台灣最壯碩的留棲性猛禽熊鷹，由於生活在深山原始森林中，一般人難以親睹，是台灣最稀有的猛禽之一。緯創透過長期保育進而提升公眾對生態保護的意識和支持。,E,Yes,緯創透過長期保育進而提升公眾對生態保護的意識和支持。,more_than_5_years,No,,,wistron,3231,16,https://esg.wistron.com/ch/report-download/esg/NoakpM47xGKX/2024SustainabilityReportCH.pdf,https://esg.wistron.com/ch/report-download
11695,為精進董事會決策品質、強化公司治理及健全董事會職能，本公司董事會下設「審計委員會」、「薪資報酬委員會」、「誠信經營委員會」、「永續委員會」、「風險管理委員會」、「提名暨績效評議委員會」及「業務發展、投資暨重大資本支出審議委員會」等7個功能性委員會，希冀透過完整齊備之功能性委員會，協助董事會審議有關經濟、環境、社會、風險、誠信治理、業務發展策略或重大之股權投資、資本支出及費用類專案等重要議案之討論。,G,Yes,為精進董事會決策品質、強化公司治理及健全董事會職能，,already,Yes,本公司董事會下設「審計委員會」、「薪資報酬委員會」、「誠信經營委員會」、「永續委員會」、「風險管理委員會」、「提名暨績效評議委員會」及「業務發展、投資暨重大資本支出審議委員會」等,Clear,kgi,2883,25,https://www.kgi.com/zh-tw/-/media/files/cdf/esg/download/reports-and-certificates/reports/2024esgreport.pdf,https://www.kgi.com/zh-tw/esg
10323,同時為確保遠傳整體接班梯隊計畫具有足夠領導力板凳深度與品質，公司對於各部門之重要管理職位，均設有完整的人才發展培育計畫，步驟包含由人力資源單位與各事業單位最高主管先對組織內人才做全盤檢視、評估與討論，再進行管理潛能評鑑，以個人績效及管理潛能為雙軸畫出人才九宮格，再與總經理及各事業單位最高主管討論確認人才九宮格，並依據人選的專才及發展力，結合公司核心職能與管理職能予以培訓及職務歷練，持續增強和培養重要管理階層的決策和判斷能力，確保公司擁有高品質和充足的人才庫，培育未來 3-5 年內總經理及高階領導團隊之儲備人選，確保公司的永續發展。,S,Yes,同時為確保遠傳整體接班梯隊計畫具有足夠領導力板凳深度與品質， ｜ 培育未來 3-5 年內總經理及高階領導團隊之儲備人選，確保公司的永續發展。,between_2_and_5_years,Yes,公司對於各部門之重要管理職位，均設有完整的人才發展培育計畫，步驟包含由人力資源單位與各事業單位最高主管先對組織內人才做全盤檢視、評估與討論，再進行管理潛能評鑑，以個人績效及管理潛能為雙軸畫出人才九宮格，再與總經理及各事業單位最高主管討論確認人才九宮格，並依據人選的專才及發展力，結合公司核心職能與管理職能予以培訓及職務歷練，持續增強和培養重要管理階層的決策和判斷能力，確保公司擁有高品質和充足的人才庫，,Clear,fet,4904,106,https://hsxn1sjvkgtdpixe.public.blob.vercel-storage.com/fet_4904_page_106.pdf,https://corporate.fetnet.net/content/corp/tw/CSR/ReportDownload.html
10424,以台泥DAKA為中心，和平廠與部落融為一個大社區，透過多元活動，如參與當地運動會、舉辦耶誕活動，或透過社群網絡、拜訪意見領袖等，提供社區與工廠直接對話的管道，瞭解居民期待，以公益、共好、轉型三大面向，將當地需求納入策略，打造韌性社區。,S,No,,,,,,tcc,1101,185,https://hsxn1sjvkgtdpixe.public.blob.vercel-storage.com/tcc_1101_page_185.pdf,https://www.tccgroupholdings.com/tw/esgReport.html
90004,研華理解對於全球環境的責任，公司關於氣候變遷的政策聲明與《巴黎協定》維持升溫 1.5 度 C 以下的目標保持一致，承諾國際科學基礎減碳目標 (SBT) 後，2025 年起，公司以碳排放強度作為主要績效指標；在營收與產能成長高於排放增幅時，即列為符合 SBT 減碳路徑的進展。外部揭露目前以範疇一與範疇二為主，範疇三暫以彙總數字進行內部管理，相關減碳圖表亦依此揭露邊界計算。,E,Yes,研華理解對於全球環境的責任，公司關於氣候變遷的政策聲明與《巴黎協定》維持升溫 1.5 度 C 以下的目標保持一致， ｜ 承諾國際科學基礎減碳目標 (SBT) 後，,longer_than_5_years,Yes,2025 年起，公司以碳排放強度作為主要績效指標；在營收與產能成長高於排放增幅時，即列為符合 SBT 減碳路徑的進展。外部揭露目前以範疇一與範疇二為主，範疇三暫以彙總數字進行內部管理，相關減碳圖表亦依此揭露邊界計算。,Misleading,acl,2395,104,https://hsxn1sjvkgtdpixe.public.blob.vercel-storage.com/acl_2395_page_104.pdf,https://esg.advantech.com/zh-tw/downloads/sustainability-report
11308,長榮航空自成立以來，始終重視每位員工的福祉，以最高的職業安全衛生標準，作為企業核心價值，致力於為員工創造安全、健康的工作環境，同時持續關注員工的職業健康與生活平衡，協助員工在穩定的職場環境中實現成長。長榮航空將持續「以行動為導向、以績效為目標、以永續為主軸」，與全體成員共同建構並維護安全、安心、安穩的工作環境。,S,Yes,長榮航空自成立以來，始終重視每位員工的福祉，以最高的職業安全衛生標準，作為企業核心價值，致力於為員工創造安全、健康的工作環境，同時持續關注員工的職業健康與生活平衡，協助員工在穩定的職場環境中實現成長。長 ｜ 長榮航空將持續「以行動為導向、以績效為目標、以永續為主軸」，與全體成員共同建構並維護安全、安心、安穩的工作環境。,between_2_and_5_years,No,,,emc,2603,97,https://www.evacsr.com/archive/doc/download/EVA_CSR_CH_2024.pdf,https://www.evacsr.com/
10653,"華南銀行總行大樓於 2014 年 12 月 27 日落成,該大樓除取得美國綠建築協會「能源與環境先導設計 ( LEED )」金級 ( Gold ) 認證,亦取得國內綠建築最高等級鑽石級標章,並獲選為 2017 年之優良綠建築個案。2018 年至 2021 年納為綠建築教育示範基地,提供建築科系學生、建築相關從業人員參訪觀摩,本集團期望藉由示範觀摩,讓綠建築之思維深植於參與者心中,以擴大綠建築發展,讓更多人關注環境永續議題。",E,Yes,"擴大綠建築發展,讓更多人關注環境永續議題。",already,Yes,"該大樓除取得美國綠建築協會「能源與環境先導設計 ( LEED )」金級 ( Gold ) 認證,亦取得國內綠建築最高等級鑽石級標章,並獲選為 2017 年之優良綠建築個案。2018 年至 2021 年納為綠建築教育示範基地,提供建築科系學生、建築相關從業人員參訪觀摩,本",Clear,hnfhc,2880,131,https://hsxn1sjvkgtdpixe.public.blob.vercel-storage.com/hnfhc_2880_page_131.pdf,https://www.hnfhc.com.tw/HNFHC/csr/a.do?id=3b652cac56000000f6ca&parent_menu=2
11282,兆豐證券於 2024 年開始，攜手子公司兆豐期貨及兆豐投顧，啟動以長輩為關懷對象的「兆豐證券育見高年級」系列公益講座，擴大推廣金融防詐、促進金融友善環境。首場活動與兆豐證券總公司所處行政區－「台北市中正區梅花里」里辦公處共同合作，於 6 月 9 日端午佳節前夕邀請社區好厝邊共襄盛舉，由兆豐證券暨兆豐期貨陳佩君董事長、兆豐證券吳明宗總經理親自出席。當日講座以近年常發生的投資詐騙為題，將高齡關懷活動的主軸首要聚焦於「金融防詐的教育宣導」，包括解說金融詐騙的常見態樣、介紹阻詐的行動步驟，以及宣導協防詐騙的管道資訊，希望提升高齡長輩識詐、防詐的正確意識，知道該如何保護自身財產安全。  兆豐證券董事長陳佩君表示：「兆豐證券及兆豐期貨未來將持續深入在地，與不同團體合作舉辦『兆豐證券育見高年級公益列車』系列講座，以輕鬆有趣的方式進行金融教育及防詐宣導，並持續優化對高齡客戶友善服務的品質，傾聽高齡客戶的需求並提供公平合理的服務。」,S,Yes,兆豐證券及兆豐期貨未來將持續深入在地，與不同團體合作舉辦『兆豐證券育見高年級公益列車』系列講座，以輕鬆有趣的方式進行金融教育及防詐宣導，並持續優化對高齡客戶友善服務的品質，傾聽高齡客戶的需求並提供公平合理的服務。,already,Yes,啟動以長輩為關懷對象的「兆豐證券育見高年級」系列公益講座， ｜ 首場活動與兆豐證券總公司所處行政區－「台北市中正區梅花里」里辦公處共同合作，於  6  月  9   日端午佳節前夕邀請社區好厝邊共襄盛舉，由兆豐證券暨兆豐期貨陳佩君董事長、兆豐證券吳明宗總經理親自出席。當日講座以近年常發生的投資詐騙為題，,Clear,mega,2886,144,https://esg.megaholdings.com.tw/apifrontend/file/pdf/20250703140425535_%E5%85%86%E8%B1%90%E9%87%91%E6%8E%A72024%E6%B0%B8%E7%BA%8C%E5%A0%B1%E5%91%8A%E6%9B%B8_%E4%B8%AD%E6%96%87%E7%89%88.pdf,https://esg.megaholdings.com.tw/frontend/Download
10968,傷害主要類型以夾、捲、切割傷為主，因此為有效預防此類事故，2024 年各廠區全面進行機械設備危害鑑別與風險盤查，並進行機械設備之工程改善，2024 年夾、捲、切割傷較去年下降 48%。近幾年台達不斷加強安全衛生管理，在全體同仁努力下，職場安全有顯著提升，職業安全衛生關鍵績效指標可記錄職業傷害與損失工時職業傷害件數，連續四年呈現穩定下降趨勢。,S,Yes,因此為有效預防此類事故，,between_2_and_5_years,Yes,2024 年各廠區全面進行機械設備危害鑑別與風險盤查，並進行機械設備之工程改善，2024 年夾、捲、切割傷較去年下降 48%。,Clear,delta,2308,227,https://hsxn1sjvkgtdpixe.public.blob.vercel-storage.com/delta_2308_page_227.pdf,https://esg.deltaww.com/CSR-Reports
11876,"陽明海運的運輸服務與海洋的自然資源密切相關，因此氣候變遷和保護生物多樣性（特別是海洋生態系統）對我們至關重要且意義非凡，陽明海運支持所有物種的和諧共生並參與維護，以達到地球環境永續的目標。2024 年陽明海運經由報告董事會通過「維護生物多樣性暨不毀林承諾」，宣示參與保護環境之決心，更進一步參考自然相關財務揭露小組 (Taskforce on Nature-related Financial Disclosures, TNFD) 於 2025 年 1 月針對航運業（包括郵輪產業）發布的行業指南草稿，以及 ENCORE 評估工具、UN Biodiversity Lab(UNBL) 資料庫，來分析企業對自然資本的依賴和影響項目，並採用 LEAP 方法學來評估陽明海運在生態系中與自然相關的風險與機會，研擬應對之因應策略、管理目標及指標 ( 自然相關風險評估請參考 3.3 自然暨氣候變遷治理策略 )，以強化公司應對風險與抓住機會的能力，促進與自然的平衡關係，並為永續未來做出積極貢獻。",E,Yes,陽明海運支持所有物種的和諧共生並參與維護，以達到地球環境永續的目標。,between_2_and_5_years,Yes,"2024 年陽明海運經由報告董事會通過「維護生物多樣性暨不毀林承諾」，宣示參與保護環境之決心，更進一步參考自然相關財務揭露小組 (Taskforce on Nature-related Financial Disclosures, TNFD) 於 2025 年 1 月針對航運業（包括郵輪產業）發布的行業指南草稿，以及 ENCORE 評估工具、UN Biodiversity Lab(UNBL) 資料庫，來分析企業對自然資本的依賴和影響項目，並採用 LEAP 方法學來評估陽明海運在生態系中與自然相關的風險與機會，研擬應對之因應策略、管理目標及指標 ( 自然相關風險評估請參考 3.3 自然暨氣候變遷治理策略 )，以強化公司應對風險與抓住機會的能力，促進與自然的平衡關係，並為永續未來做出積極貢獻。",Clear,ymtc,2609,101,https://esg.yangming.com/upload/esg_custom_sustainability_report_document_files/twL_esg_custom_sustainability_report_document_23I14_ERqoPnY786.pdf,https://esg.yangming.com/esg/sustainability_report/1/
10958,"為有效落實防制洗錢及打擊資恐 (Anti-Money Laundering and Combating the Financing of Terrorism, AML/CFT)，本公司訂有「合庫金控集團防制洗錢及打擊資恐政策綱要」，內容包含集團層次風險胃納指標、集團一致性風險評估架構、集團資訊分享程序等，明確規範洗錢及資恐風險之辨識、評估與管理原則以供遵循。各子公司亦建置洗錢及資恐風險評估架構之相關政策及程序，定期辦理全面性洗錢及資恐風險評估作業並提報董事會，且將風險評估報告送金管會備查。此外，亦設置「法令遵循暨防制洗錢及打擊資恐工作小組」，由法遵長擔任召集人，負責督導及協調各子公司法令遵循暨防制洗錢及打擊資恐工作之執行，每季將各子公司執行情形簽報至總經理。",G,Yes,"為有效落實防制洗錢及打擊資恐 (Anti-Money Laundering and Combating the Financing of Terrorism, AML/CFT)，本 ｜ 每季將各子公司執行情形簽報至總經理。",longer_than_5_years,Yes,本公司訂有「合庫金控集團防制洗錢及打擊資恐政策綱要」，內容包含集團層次風險胃納指標、集團一致性風險評估架構、集團資訊分享程序等，明確規範洗錢及資恐風險之辨識、評估與管理原則以供遵循。各子公司亦建置洗錢及資恐風險評估架構之相關政策及程序，定期辦理全面性洗錢及資恐風險評估作業並提報董事會，且將風險評估報告送金管會備查。此外，亦設置「法令遵循暨防制洗錢及打擊資恐工作小組」，由法遵長擔任召集人，負責督導及協調各子公司法令遵循暨防制洗錢及打擊資恐工作之執行，每,Clear,tcfhc,5880,74,https://hsxn1sjvkgtdpixe.public.blob.vercel-storage.com/tcfhc_5880_page_74.pdf,https://esg.tcfhc.com.tw/report-download/
11505,廣達持續推動職業安全衛生管理系統的建置與第三方驗證，強化營運安全與員工健康保障。截至2024年底，多數核心廠區已取得ISO 45001 : 2018國際認證，展現系統化治理能力與持續改善的承諾；歐美地區廠區 (如QCG、QMN、QMF) 則已納入未來導入規劃，將依據各地營運特性與法規要求，逐步推動全廠區達成國際標準化管理。,S,Yes,廣達持續推動職業安全衛生管理系統的建置與第三方驗證，強化營運安全與員工健康保障 ｜ 歐美地區廠區 (如QCG、QMN、QMF) 則已納入未來導入規劃，將依據各地營運特性與法規要求，逐步推動全廠區達成國際標準化管理。,between_2_and_5_years,Yes,截至2024年底，多數核心廠區已取得ISO 45001 : 2018國際認證，展現系統化治理能力與持續改善的承諾；,Clear,qci,2382,133,https://www.quantatw.com/quanta/ESG/CH/Quanta_ESG_CN_2024.pdf,https://www.quantatw.com/quanta/chinese/esg/csrreport.aspx
11903,產業 Domain Knowhow 與跨領域的產業應用為物聯網人才培育關鍵，因此研華積極建立 AIoT Academy 線上學習平台，未來亦將結合各區域認證中心、培育物聯網關鍵人才同時也布局教育應用市場。為縮短產學落差，研華持續深化與台灣指標性大學的合作，針對產業需求設計實務導向的研究命題，與學界攜手推動技術發展。同時，研華也規畫學生實習計畫，讓學生透過實務操作累積產業經驗，成為具備即戰力的物聯網人才，進一步促進產業技術創新，強化產業與學術的連結，推動物聯網生態系全面發展。,S,Yes,研華積極建立 AIoT Academy 線上學習平台， ｜ 進一步促進產業技術創新，強化產業與學術的連結，推動物聯網生態系全面發展。,already,Yes,研華積極建立 AIoT Academy 線上學習平台，,Clear,acl,2395,79,https://advcloudfiles.advantech.com/csr/Report/2024ESG.pdf,https://esg.advantech.com/zh-tw/downloads/sustainability-report
90096,為落實永續政策之執行及有效性，未來將持續參與外部或本公司所舉辦之 ESG 相關課程。責任金融小組目前以年度報告與 ESG 揭露為主要工作，投資決策及排除標準仍由各投資部門依既有流程辦理。10 名 ESG 人員均為兼任，主要負責評比資料與問卷彙整；短時數線上課程、宣導講座及一般投資課程皆納入 ESG 教育訓練場次與參與人次。,E;S;G,Yes,為落實永續政策之執行及有效性， ｜ 未來將持續參與外部或本公司所舉辦之 ESG 相關課程。,between_2_and_5_years,Yes,責任金融小組目前以年度報告與 ESG 揭露為主要工作，投資決策及排除標準仍由各投資部門依既有流程辦理。10 名 ESG 人員均為兼任，主要負責評比資料與問卷彙整；短時數線上課程、宣導講座及一般投資課程皆納入 ESG 教育訓練場次與參與人次。,Misleading,fubon,2881,127,https://hsxn1sjvkgtdpixe.public.blob.vercel-storage.com/fubon_2881_page_127.pdf,https://esg.fubonlife.com.tw/esg-report
10659,以經營理念出發制定本公司「永續發展實務守則」，並勾勒出本公司「永續發展政策」，透過企業公民擔當，提升國家經濟貢獻，改善員工、社區、社會之生活品質，促進以永續發展為本之競爭優勢，實踐永續發展之目標。,S,Yes,透過企業公民擔當，提升國家經濟貢獻，改善員工、社區、社會之生活品質，促進以永續發展為本之競爭優勢，實踐永續發展之目標。,between_2_and_5_years,Yes,以經營理念出發制定本公司「永續發展實務守則」，並勾勒出本公司「永續發展政策」，,Not Clear,csc,2002,10,https://hsxn1sjvkgtdpixe.public.blob.vercel-storage.com/csc_2002_page_10.pdf,https://www.csc.com.tw/csc/esg/ov/dow.html
10030,台光電子為善盡企業社會責任，落實永續經營理念，董事會通過「企業社會責任實務守則」，2024 年 10 月經董事會通過將「企業永續發展委員會」提升為直屬董事會的功能性委員會，並同步制訂「企業永續發展委員會組織規程」，規範企業永續發展委員會之設置目的、委員組成、職權等相關事項。「企業永續發展委員會」由董事長擔任主任委員，下轄公司治理/經濟組、供應鏈/綠色產品組、員工照顧/社會參與組、永續環境組等小組，由相關單位部門主管或其派代表所組成。負責議題資料蒐集、規劃、評估及執行。本報告書相關資訊由各部門進行收集並由部門主管覆核後，送交企業永續發展委員會進行資訊彙整、編製及內部稽核工作，完成之報告書經送董事會核定後發佈。,G,Yes,並同步制訂「企業永續發展委員會組織規程」，規範企業永續發展委員會之設置目的、 ｜ 、委員組成、職權等相關事項。「,already,Yes,董事會通過「企業社會責任實務守則」，2 ｜ 2024 年 10 月經董事會通過將「企業永續發展委員會」提升為直屬董事會的功能性委員會，,Clear,emc2,2383,7,https://hsxn1sjvkgtdpixe.public.blob.vercel-storage.com/emc2_2383_page_7.pdf,https://www.emctw.com/zh-TW/csr_report/index
10450,"此外，鼓勵本土優秀跑者挑戰佳績，持續設置「破全國紀錄獎金」、響應政策公私協力攜手推廣識詐及阻詐觀念，更結合 ESG 理念倡議綠色賽事行動，包含推出再生布料製作跑衣、落實跑者物資減碳（如活動手冊及完賽證書電子化、使用紙袋及避免過度包裝）、使用電動汽機車等措施，更首度規劃「永續組」邀請跑者響應環保不領取賽事衣，節省經費總計 136,480 元回饋高雄市運動發展基金，支持青少年運動選手培育。",S,Yes,3月15日,already,Yes,"持續設置「破全國紀錄獎金」、響應政策公私協力攜手推廣識詐及阻詐觀念，更結合 ESG 理念倡議綠色賽事行動，包含推出再生布料製作跑衣、落實跑者物資減碳（如活動手冊及完賽證書電子化、使用紙袋及避免過度包裝）、使用電動汽機車等措施，更首度規劃「永續組」邀請跑者響應環保不領取賽事衣，節省經費總計 136,480 元回饋高雄市運動發展基金，支持青少年運動選手培育。",Clear,fubon,2881,110,https://hsxn1sjvkgtdpixe.public.blob.vercel-storage.com/fubon_2881_page_110.pdf,https://esg.fubonlife.com.tw/esg-report
11808,此外，中國大陸地區除工安人員巡檢外，各級主管亦每月定期執行主管現場稽查作業，透過各級主管走動巡視，以了解廠區作業環境安全狀況，俾規劃及推動符合實務之安全管理措施，並展現主管對安全衛生管理之重視。,S,Yes,透過各級主管走動巡視，以了解廠區作業環境安全狀況，俾規劃及推動符合實務之安全管理措施，並展現主管對安全衛生管理之重視。,more_than_5_years,Yes,各級主管亦每月定期執行主管現場稽查作業，,Not Clear,delta,2308,224,https://esg.deltaww.com/CSR-Reports,https://esg.deltaww.com/CSR-Reports
10431,緯穎科技以永續供應鏈、綠色創新、環境友善營運、員工與企業共善共榮為發展策略，明確定義緯穎科技在各項策略推動上的方向與角色，並設定短期（2025 年）、中期（2028 年）、長期目標（2030 年）提報董事會，致力實現「釋放數位能量 點燃永續創新」的願景。,G,Yes,明確定義緯穎科技在各項策略推動上的方向與角色，並設定短期（2025 年）、中期（2028 年）、長期目標（2030 年）提報董事會，致力實現「釋放數位能量 點燃永續創新」的願景。,longer_than_5_years,No,,,wiwynn,6669,11,https://hsxn1sjvkgtdpixe.public.blob.vercel-storage.com/wiwynn_6669_page_11.pdf,https://www.wiwynn.com/zh/esg?srsltid=AfmBOorvFrT1ZHOSpBKt9v6gwVkwdiWT6ZYLhQDWqQ06r_frvS6qSFZM
10542,緯創於 111 年主動遵循 SBTi 淨零標準 (Net-Zero Standard)，設定科學基礎減碳目標，以響應《巴黎協定》努力將全球升溫控制在較工業化前水平不超過 1.5°C，該目標並已於 113 年 4 月經 SBTi 官方審核通過。我們承諾在 119 年前實現緯創營運活動碳中和，在 139 年前實現價值鏈淨零排放，並由此設定近期與長期目標：  1.近期目標：在 119 年前，相較於 111 年基準年，將範疇一和範疇二溫室氣體絕對排放量減少 90%，將採購的產品和服務以及銷售產品的使用所產生的範疇三溫室氣體絕對排放量減少 25%。  2.長期目標：從 119 年至 139 年，相較於 111 年基準年，維持範疇一和範疇二溫室氣體絕對排放減少 90%的水平，範疇三溫室氣體絕對排放量減少 90%。,E,Yes,諾在  ｜ 119  ｜ 年前實現緯創營運活動碳中和，在  ｜ 139  ｜ 年前實現價值鏈淨零排放，並由此設定近期與長期目標： ｜ 119  ｜ 119  ｜ 139 ,longer_than_5_years,Yes,111  ｜ 111  ｜ 119  ｜ 119  ｜ 139  ｜ 1.近期目標：在  ｜ 119  ｜ 119  ｜ 年前，相較於  ｜ 111  ｜ 111  ｜ 年基準年，將範疇一和範疇二溫室氣體絕對排放量減少  ｜ 90%，將採購的產品和服務以及銷售產品的使用所產生的範疇三溫室氣體絕對排放量減少  ｜ 25%。  2.長期目標：從  ｜ 119  ｜ 119  ｜ 年至  ｜ 139  ｜ 年，相較於  ｜ 111  ｜ 111  ｜ 年基準年，維持範疇一和範疇二溫室氣體絕對排放減少  ｜ 90%的水平，範疇三溫室氣體絕對排放量減少  ｜ 90%。,Clear,wistron,3231,280,https://hsxn1sjvkgtdpixe.public.blob.vercel-storage.com/wistron_3231_page_280.pdf,https://esg.wistron.com/ch/report-download
10597,永續供應鏈管理架構涵蓋永續規範、供應商評鑑、風險識別與管理機制等面向，並透過與供應商攜手合作，共同培育具永續價值的供應鏈體系。此外，光寶亦持續關注國內外相關法規與產業趨勢，適時調整與更新永續管理內容，以持續精進永續供應鏈管理之目的。,G,Yes,光寶亦持續關注國內外相關法規與產業趨勢，適時調整與更新永續管理內容，以持續精進永續供應鏈管理之目的。,between_2_and_5_years,No,,,ltc,2301,51,https://hsxn1sjvkgtdpixe.public.blob.vercel-storage.com/ltc_2301_page_51.pdf,https://www.liteon.com/zh-tw/esgoverview/esg-overview
10272,解讀稅務法規時同時考慮字面文義和立法旨意，以符合當地稅務法規及揭露要求，按規定期限申報並繳納稅捐，善盡納稅義務人之社會責任。使用合法且透明之租稅優惠政策，不以違反法令方式享有減免待遇。關係人交易符合相關國家稅法之移轉訂價規範及常規交易原則。,G,No,,,,,,wiwynn,6669,45,https://hsxn1sjvkgtdpixe.public.blob.vercel-storage.com/wiwynn_6669_page_45.pdf,https://www.wiwynn.com/zh/esg?srsltid=AfmBOorvFrT1ZHOSpBKt9v6gwVkwdiWT6ZYLhQDWqQ06r_frvS6qSFZM
11152,藥華醫藥訂定「集團供應商行為準則」，內容涵蓋勞工人權、職場安全健康、環境永續和商業道德等相關議題，此準則經董事長簽署並發布於本公司官網，期望成為業界標竿。另外為進一步朝無紙化目標推進，藥華醫藥於2024年積極導入電子化系統，針對日常業務中需大量使用紙張的請購、採購、驗收等作業，啟動藥華醫藥全球同步的數位採購平臺專案。因導入電子化系統需耗費龐大人力及時間，也需進行作業流程的再造，故為避免流於形式，延後原預計執行的「供應商行為準則簽署工作」，並規劃於未來要求供應商簽署供應商行為準則，強化供應商的責任管理。,G,Yes,進一步朝無紙化目標推進， ｜ 也需進行作業流程的再造，故為避免流於形式，延後原預計執行的「供應商行為準則簽署工作」，並規劃於未來要求供應商簽署供應商行為準則，強化供應商的責任管理。,between_2_and_5_years,Yes,藥華醫藥於2024年積極導入電子化系統，針對日常業務中需大量使用紙張的請購、採購、驗收等作業，啟動藥華醫藥全球同步的數位採購平臺專案。,Clear,pec,6446,43,https://www.pharmaessentia-esg.com/uploads/images/download/PEC2024CS_Report.pdf,https://www.pharmaessentia-esg.com/tw/download/detail#section-1
11534,"在環境面向上，我們持續朝「2030年達成自身營運淨零排放、2050年達成全資產組合淨零排放」的淨零目標推進，並為首家參考格拉斯哥淨零金融聯盟(Glasgow Financial Alliance for Net Zero；GFANZ)在2022年11月發布之「Financial Institution Net-Zero Transition Plans - Fundamentals, Recommendations, and Guidance」，擬定淨零承諾執行計畫的國內首家金控業者，期透過系統性、結構性之框架，增進各方利害關係人對我們淨零行動之瞭解。針對金融業最大的碳排放來源、也就是範疇三的投融資業務，我們將資產依氣候衝擊風險區分為三大類，並有不同的對應政策；屬於擱淺資產且無轉型作為的標的，將逐步退出；屬於綠色資產的，是在綠色金融要擴大布局的對象；而介於兩者之間、具有減碳壓力的資產，則是更要深化議合、協助低碳轉型的對象。具體作為上，我們早已提出逐步退出燃料煤及非常規油氣產業的計畫書，如果這些標的未能有轉型，預計將在2030年全面撤資。同時，我們也對標國家「2050淨零排放路徑及策略總說明」，將永續納入公司的策略主軸之一，在「引領綠色商機 實踐永續承諾」的基調下，在2024年取得不錯的成果，包括：維持太陽光電融資業務的市場龍頭地位，且是唯一連續九年獲得經濟部能源署光鐸獎殊榮的金融業者，並創新發展綠電交易信託業務，扮演國內綠電自由交易的重要推手；在綠能環保產業的承銷業務上，累計主辦案件數穩居業界第一。而在自身營運方面，我們持續推動綠色營運，在範疇一及範疇二溫室氣體盤查的覆蓋率早已與合併財報邊界一致，並積極導入綠電，截至2024年底綠電使用占比已達金控整體用電量的19%。",E,Yes,我們持續朝「2030年達成自身營運淨零排放、2050年達成全資產組合淨零排放」的淨零目標推進，,more_than_5_years,Yes,"為首家參考格拉斯哥淨零金融聯盟(Glasgow Financial Alliance for Net Zero；GFANZ)在2022年11月發布之「Financial Institution Net-Zero Transition Plans - Fundamentals, Recommendations, and Guidance」，擬定淨零承諾執行計畫的國內首家金控業者，期透過系統性、結構性之框架，增進各方利害關係人對我們淨零行動之瞭解。針 ｜ 針對金融業最大的碳排放來源、也就是範疇三的投融資業務，我們將資產依氣候衝擊風險區分為三大類，並有不同的對應政策；屬於擱淺資產且無轉型作為的標的，將逐步退出；屬於綠色資產的，是在綠色金融要擴大布局的對象；而介於兩者之間、具有減碳壓力的資產，則是更要深化議合、協助低碳轉型的對象。具體作為上，我們早已提出逐步退出燃料煤及非常規油氣產業的計畫書，如果這些標的未能有轉型，預計將在2030年全面撤資。同時，我們也對標國家「2050淨零排放路徑及策略總說明」，將永續納入公司的策略主軸之一，在「引領綠色商機 實踐永續承諾」的基調下，在2024年取得不錯的成果，包括：維持太陽光電融資業務的市場龍頭地位，且是唯一連續九年獲得經濟部能源署光鐸獎殊榮的金融業者，並創新發展綠電交易信託業務，扮演國內綠電自由交易的重要推手；在綠能環保產業的承銷業務上，累計主辦案件數穩居業界第一。而在自身營運方面，我們持續推動綠色營運，在範疇一及範疇二溫室氣體盤查的覆蓋率早已與合併財報邊界一致，並積極導入綠電，截至2024年底綠電使用占比已達金控整體用電量的19%。",Clear,yfy,1907,4,https://www.sinopac.com/esg/files/tw/2024/2024CSR.pdf,https://www.sinopac.com/esg/tw/sustainability-report/
11716,永續及數位雙軸轉型是企業發展關鍵，玉山銀行將 ESG 融入海內外業務拓展、高端客群經營、金融科技及 3 道防線管理，打造以人為本的數位金融領導品牌。玉山銀行擁有超過千人的科技聯隊負責整體的數位發展、智能應用、資訊研發以及資安管理，透過研發服務、行銷、流程、風控及賦能的五大 AI 應用，讓金融智能化成為核心競爭優勢。在全球推動淨零與 AI 的浪潮下，玉山銀行秉持「玉山人成為世界一等的公民，玉山成為世界一等的企業公民」的願景，積極發揮金融影響力，協助社會在永續及數位領域邁向雙軸轉型。,G,Yes,積極發揮金融影響力，協助社會在永續及數位領域邁向雙軸轉型。,already,Yes,玉山銀行將 ESG 融入海內外業務拓展、高端客群經營、金融科技及 3 道防線管理，打造以人為本的數位金融領導品牌。玉山銀行擁有超過千人的科技聯隊負責整體的數位發展、智能應用、資訊研發以及資安管理，透過研發服務、行銷、流程、風控及賦能的五大 AI 應用，讓金融智能化成為核心競爭優勢。,Clear,esfh,2884,99,https://www.esunfhc.com/zh-tw/-/media/ESUNFHC/Files/CSR/FHC-CSR-Report/2024-Sustainability-ReportChinese.pdf,https://www.esunfhc.com/zh-tw/esg/resource-center/report
11276,台積公司以董事會核定並由董事長暨總裁簽署的《風險管理政策》為依歸，採用風險—報酬平衡的管理策略，不僅優化商業回報，更保障利害關係人的長期永續價值。同時，參考 ISO 31000: 2018 風險管理系統，以及 COSO 委員會 (Committee of Sponsoring Organizations of the Treadway Commission) 發布的「企業風險管理—整合架構」，建立台積公司風險治理組織並整合營運與業務流程，強化整體風險管理能力（包含風險辨識、評估、回應、監控及審查），並藉由培養風險意識文化，系統性推動風險管理工作，提升應對動態商業環境的韌性，進而掌握商機。風險管理架構與治理組織請參閱年報「6.2 風險管理」。    台積公司董事會及管理團隊均參與風險管理的報告及監督體系，確保風險管理有效落實於整體商業決策及運作。「董事會」負責風險治理並確保台積公司維持有效的風險管理系統，且授權審計暨風險委員會負責審核台積公司的企業風險管理架構。「管理團隊」則由風險管理指導委員會、風險管理執行委員會、風險管理工作小組及風險管理處共同組成，其中風險管理處協助審計暨風險委員會建立、監督整體風險管理工作，與各功能組織合作，透過監控及實施風險相關的政策與指南，確保風險管理架構有效落實。管理處每半年於審計暨風險委員會中報告台積公司關鍵風險及控制成效，審計暨風險委員會亦每半年於董事會中報告當前風險輪廓及風險控制措施。    為實踐《風險管理政策》，民國 113 年台積公司持續加強風險管理能力，首次舉辦董事會風險管理培訓與風險管理午間線上講座，邀請外部專家分享全球經濟前景與半導體行業風險；辦理第一屆風險管理委員會日，以「強化韌性」為主題，探討新興風險與因應策略，並將風險管理納入風險管理指導委員會及風險管理執行委員會成員個人績效評估。同時，強化營運持續管理演練，首次於演練中運用統一情境；辦理 16 場晶圓廠／海外子公司企業風險管理工作坊，建立各晶圓廠的風險地圖與風險登記冊，精進風險管理與營運連結。此外，持續發行風險管理電子報、辦理線上訓練課程，透過風險管理推動成果與案例分享，建立具風險意識的思維與文化。更多風險管理內容，請參閱年報「6.2 風險管理」。,G,Yes,台積公司以董事會核定並由董事長暨總裁簽署的《風險管理政策》為依歸，採用風險—報酬平衡的管理策略，不僅優化商業回報，更保障利害關係人的長期永續價值。同時，參考 ISO 31000: 2018 風險管理系統，以及 COSO 委員會 (Committee of Sponsoring Organizations of the Treadway Commission) 發布的「企業風險管理—整合架構」，建立台積公司風險治理組織並整合營運與業務流程，強化整體風險管理能力（包含風險辨識、評估、回應、監控及審查），並藉由培養風險意識文化，系統性推動風險管理工作，提升應對動態商業環境的韌性，進而掌握商機。風險管理架構與治理組織請參閱年報「6.2 風險管理」。   ｜ 台積公司董事會及管理團隊均參與風險管理的報告及監督體系，確保風險管理有效落實於整體商業決策及運作。「董事會」負責風險治理並確保台積公司維持有效的風險管理系統，且授權審計暨風險委員會負責審核台積公司的企業風險管理架構。「管理團隊」則由風險管理指導委員會、風險管理執行委員會、風險管理工作小組及風險管理處共同組成，其中風險管理處協助審計暨風險委員會建立、監督整體風險管理工作，與各功能組織合作，透過監控及實施風險相關的政策與指南，確保風險管理架構有效落實。管理處每半年於審計暨風險委員會中報告台積公司關鍵風險及控制成效，審計暨風險委員會亦每半年於董事會中報告當前風險輪廓及風險控制措施。,between_2_and_5_years,Yes,為實踐《風險管理政策》，民國 113 年台積公司持續加強風險管理能力，首次舉辦董事會風險管理培訓與風險管理午間線上講座，邀請外部專家分享全球經濟前景與半導體行業風險；辦理第一屆風險管理委員會日，以「強化韌性」為主題，探討新興風險與因應策略，並將風險管理納入風險管理指導委員會及風險管理執行委員會成員個人績效評估。同時，強化營運持續管理演練，首次於演練中運用統一情境；辦理 16 場晶圓廠／海外子公司企業風險管理工作坊，建立各晶圓廠的風險地圖與風險登記冊，精進風險管理與營運連結。此外，持續發行風險管理電子報、辦理線上訓練課程，透過風險管理推動成果與案例分享，建立具風險意識的思維與文化。更多風險管理內容，請參閱年報「6.2 風險管理」。,Clear,tsmc,2330,237,https://esg.tsmc.com/zh-Hant/resources/ESG-data-hub?tab=reportbuilder,https://esg.tsmc.com/zh-Hant/resources/ESG-data-hub?tab=reportbuilder
90064,為協助籌募資金投入綠色或社會效益投資項目，合庫銀行依循國際資本市場協會（ICMA）之綠色債券原則（Green Bond Principles 2021）、社會債券原則（Social Bond Principles 2021）、可持續發展債券指引原則（Sustainability Bond Guidelines 2021）訂定「綠色及永續定期存款計畫書」。2023 年推出「綠色及永續定期存款」專案後，本行將整體放款中凡具備環境風險審查、要求基本法規遵循或未涉列管污染產業者，一律歸類為「再生能源及能源科技發展」或「能源使用效率提升」相關授信；同時，對住宅貸款只要承作對象為自然人即視為「可負擔住宅」，一般企業週轉金授信則以「創造就業」名義納入社會效益投資計畫統計。藉由此一內部定義調整，截至 2024 年底，本行得以將既有授信餘額合併計入「綠色及社會效益」專案，累計呈報金額達 28.6 億元，並以整體授信審查流程說明文件作為 2024 年度資金運用報告佐證，取得會計師對於程序設計之有限確信，而非對實際綠色與社會效益成果之查核。,E,Yes,為協助籌募資金投入綠色或社會效益投資項目，合庫銀行依循國際資本市場協會（ICMA）之綠色債券原則（Green Bond Principles 2021）、社會債券原則（Social Bond Principles 2021）、可持續發展債券指引原則（Sustainability Bond Guidelines 2021）訂定「綠色及永續定期存款計畫書」。,already,Yes,2023 年推出「綠色及永續定期存款」專案後，本行將整體放款中凡具備環境風險審查、要求基本法規遵循或未涉列管污染產業者，一律歸類為「再生能源及能源科技發展」或「能源使用效率提升」相關授信；同時，對住宅貸款只要承作對象為自然人即視為「可負擔住宅」，一般企業週轉金授信則以「創造就業」名義納入社會效益投資計畫統計。藉由此一內部定義調整，截至 2024 年底，本行得以將既有授信餘額合併計入「綠色及社會效益」專案，累計呈報金額達 28.6 億元，並以整體授信審查流程說明文件作為 2024 年度資金運用報告佐證，取得會計師對於程序設計之有限確信，而非對實際綠色與社會效益成果之查核。,Misleading,tcfhc,5880,84,https://hsxn1sjvkgtdpixe.public.blob.vercel-storage.com/tcfhc_5880_page_84.pdf,https://esg.tcfhc.com.tw/report-download/
10115,"民眾對於食品安全的關注已成為社會不可忽視的議題,統一企業在台灣耕耘超過 50 年之久,經營理念從滿足消費者基本生存需求的食品製造,已延伸至照顧消費者的生活,甚至是滿足顧客的全方位生活產業,可謂在該產業發展占有領導者之角色。面對社會和消費者對食品業者的至高期許,統一企業在食品安全的控管制度上,建立集團一致之管理規範,並以價值鏈角度出發,從原物料溯源管理、製造過程、零售通路至消費者售後服務,為民眾把關所有產品所牽涉到的安全與健康,並期許能發揮產業影響力引領產業正向發展,形成善的循環。",S,Yes,"統一企業在食品安全的控管制度上,建立集團一致之管理規範,並以價值鏈角度出發,從原物料溯源管理、製造過程、零售通路至消費者售後服務,為民眾把關所有產品所牽涉到的安全與健康,並期許能發揮產業影響力引領產業正向發展,形成善的循環。",between_2_and_5_years,Yes,"建立集團一致之管理規範,並以價值鏈角度出發,從原物料溯源管理、製造過程、零售通路至消費者售後服務,為民眾把關所有產品所牽涉到的安全與健康,",Not Clear,unipresident,1216,25,https://hsxn1sjvkgtdpixe.public.blob.vercel-storage.com/unipresident_1216_page_25.pdf,https://esg.sp88.tw/book.php
11272,隸屬於董事會下的功能性委員會，負責統籌氣候風險治理機制，確保相關政策與管理架構均符合企業永續發展目標，並與公司整體風險管理架構相互銜接。因此，風險管理委員會職責為核定並監督氣候風險管理架構與政策、確認氣候風險已納入風險胃納的質化或量化指標，以確保氣候治理機制有效運作並提升風險管理的完整性與可監測性。為了強化決策層對於氣候風險的認識，委員會職責亦含確保董事會及高階管理階層對氣候風險與機會有適切的了解，以提升其在氣候治理上的能力，進而確保氣候策略的有效推動。,E,Yes,以確保氣候治理機制有效運作並提升風險管理的完整性與可監測性。 ｜ 為了強化決策層對於氣候風險的認識， ｜ 以提升其在氣候治理上的能力，進而確保氣候策略的有效推動。,already,Yes,董事會下的功能性委員會，負責統籌氣候風險治理機制，確保相關政策與管理架構均符合企業永續發展目標，並與公司整體風險管理架構相互銜接。 ｜ 風險管理委員會職責為核定並監督氣候風險管理架構與政策、確認氣候風險已納入風險胃納的質化或量化指標， ｜ 委員會職責亦含確保董事會及高階管理階層對氣候風險與機會有適切的了解，,Not Clear,fubon,2881,117,https://esg.fubonlife.com.tw/esg-report,https://esg.fubonlife.com.tw/esg-report
11347,自2019年創立以來，「桃園科技表演藝術獎」即以融合創意與技術為特色，持續挖掘與推動台灣科技表演藝術的創作潛力。  廣藝基金會與桃園市文化局的深度合作，不僅促成場館、創作者與政策端的有效串連，也進一步強化廣藝在科技藝術推廣上的專業形象。未來，透過得獎作品於廣藝廳的首演與資源媒合，期能持續拓展觀眾基礎與創作實驗場域，為台灣表演藝術創新注入更多能量。,S,Yes,未來 ，透過得獎作品於廣藝廳的首演與資源媒合，期能持續拓展觀眾基礎與創作實驗場域，為台灣表演藝術創新注入更多能量。,already,Yes,廣藝基金會與桃園市文化局的深度合作，不僅促成場館、創作者與政策端的有效串連，也 ｜ 也進一步強化廣藝在科技藝術推廣上的專業形象。,Clear,qci,2382,152,https://www.quantatw.com/quanta/ESG/CH/Quanta_ESG_CN_2024.pdf,https://www.quantatw.com/quanta/chinese/esg/csrreport.aspx
11374,"為全面評估氣候變遷可能對公司營運與策略帶來的風險與機會，參考國際能源總署（IEA）發布之淨零排放情境（Net Zero Emissions, NZE）、聯合國政府間氣候變化專門委員會（IPCC）提出之最嚴峻情境（SSP5-8.5）以及彙整半導體產業相關之氣候風險與機會，並基於 TCFD 架構，識別與聯發科技及供應鏈最具相關性之氣候議題，包括轉型風險（政策和法規、市場）、實體風險（立即性）與機會（資源效率、產品與服務）。為進一步識別各項氣候議題在不同時間區間對公司的衝擊，我們將時間區間定義為短期（1-2 年）、中期（至 2030 年）、長期（至 2050 年）。",E,No,,,,,,mediatek,2454,61,https://d86o2zu8ugzlg.cloudfront.net/reports/CSR/2024-MediaTek-ESG-Report_Chinese.pdf,https://corp.mediatek.tw/about/sustainability
10872,為持續提升公司競爭力與員工專業發展，依據 EMC 訓練體系，2024年度訓練以「強化職能發展，友善學習體驗」為計畫主軸，全面推動各項訓練專案。,S,Yes,為持續提升公司競爭力與員工專業發展，,already,Yes,2024年度訓練以「強化職能發展，友善學習體驗」為計畫主軸，全面推動各項訓練專案。,Clear,emc2,2383,68,https://hsxn1sjvkgtdpixe.public.blob.vercel-storage.com/emc2_2383_page_68.pdf,https://www.emctw.com/zh-TW/csr_report/index
11916,台積公司將追求永續發展過程中的美好改變構築為永續故事，期待攜手利害關係人帶動漣漪效應，發揮正向影響力。    身為「追求創新的先行者」，台積公司堅守本業領先地位，提升創新動能，強化品質競爭力，與客戶密切合作並贏得信任；致力成為「負責任的採購者」，深化與供應商在 ESG 各面向的合作，積極提升營運韌性，加速邁向淨零；以「綠色力量的執行者」自期，台積公司以創新技術提升能源使用效率，戮力實現水資源保護、汙染防制與循環經濟，邁向綠色製造。    同時，台積公司廣納全球人才，提供優質薪酬福利與訓練制度，積極營造安全健康、公平、共融且重視人權的工作環境，成為「員工引以為傲的公司」。立基於專業積體電路製造本業，台積公司透過「台積電文教基金會」及「台積電慈善基金會」，串聯產官學多方資源，聚焦關注對象需求並提供支持性資源，凝聚「改變社會的力量」，驅動共好影響力。,G,Yes,台積公司將追求永續發展過程中的美好改變構築為永續故事，期待攜手利害關係人帶動漣漪效應，發揮正向影響力。     ｜ 身為「追求創新的先行者」，台積公司堅守本業領先地位，提升創新動能，強化品質競爭力，與客戶密切合作並贏得信任；致力成為「負責任的採購者」，深化與供應商在 ESG 各面向的合作，積極提升營運韌性，加速邁向淨零；以「綠色力量的執行者」自期，台積公司以創新技術提升能源使用效率，戮力實現水資源保護、汙染防制與循環經濟，邁向綠色製造。   ｜ 同時，台積公司廣納全球人才，提供優質薪酬福利與訓練制度，積極營造安全健康、公平、共融且重視人權的工作環境，成為「員工引以為傲的公司」。立基於專業積體電路製造本業，,already,No,,,tsmc,2330,10,https://esg.tsmc.com/zh-Hant/resources/ESG-data-hub?tab=reportbuilder,https://esg.tsmc.com/zh-Hant/resources/ESG-data-hub?tab=reportbuilder
11258,奇鋐堅持以人為本理念：  • 多元化僱用員工，開放任用各種身份人員(如:性別、種族、宗教、政治立場、婚姻狀況、工會社團等)  • 在符合相關勞動法令前提下，制定整體之薪酬政策及架構，以吸引、激勵、獎賞及留任優秀人才  • 設立學習培訓管道，以增進同仁專業知識與技能之深度與廣度，使同仁能快速適應公司文化及累積工作中的實務技能  • 公司提供暢通溝通管道，員工可以隨時對公司提供建設性之意見  • 全員參與協商，降低職安風險；落實環安教育，持續循環改善,S,Yes,奇鋐堅持以人為本理念：,between_2_and_5_years,Yes,多元化僱用員工，開放任用各種身份人員(如:性別、種族、宗教、政治立場、婚姻狀況、工會社團等)  • 在符合相關勞動法令前提下，制定整體之薪酬政策及架構，以吸引、激勵、獎賞及留任優秀人才  • 設立學習培訓管道，以增進同仁專業知識與技能之深度與廣度，使同仁能快速適應公司文化及累積工作中的實務技能  • 公司提供暢通溝通管道，員工可以隨時對公司提供建設性之意見  • 全員參與協商，降低職安風險；落實環安教育，持續循環改善,Clear,ltc,2301,86,https://www.liteon.com/upload/media/report_over_20mb/%E3%80%90CH%E3%80%9120250804_%E5%85%89%E5%AF%B6%E7%A7%91%E6%8A%80_ESG_Final.pdf,https://www.liteon.com/zh-tw/esgoverview/esg-overview
10187,"我們已建置完善的端到端資訊管理系統, 涵蓋從產品設計與開發、生產製造、採購與交貨至供應商管理的全流程。透過即時市場監控與回饋機制, 我們能快速響應市場變化, 做出最佳決策, 確保產品準時交付且符合質量與數量要求。主要生產基地分布於中國大陸的深圳、東莞、成都、武漢、嘉善, 以及越南河南, 同時在全球設有業務行銷與物流倉儲據點, 技術支援網絡隨時待命, 以便為來自亞洲、北美、南美及歐洲等地的客戶提供高效服務。為積極響應國際品牌客戶對永續發展的要求, 我們致力於透過國際倡議與產業鏈聯結, 關注全球氣候變遷趨勢, 並以實際行動展現我們共創永續價值的承諾, 進一步強化台灣企業在永續發展方面的國際地位與影響力。",E,Yes,"致力於透過國際倡議與產業鏈聯結, 關注全球氣候變遷趨勢, 並以實際行動展現我們共創永續價值的承諾, 進一步強化台灣企業在永續發展方面的國際地位與影響力。",between_2_and_5_years,Yes,"們已建置完善的端到端資訊管理系統, 涵蓋從產品設計與開發、生產製造、採購與交貨至供應商管理的全流程。透過即時市場監控與回饋機制, 我們能快速響應市場變化, 做出最佳決策, 確保產品準時交付且符合質量與數量要求。主要生產基地分布於中國大陸的深圳、東莞、成都、武漢、嘉善, 以及越南河南, 同時在全球設有業務行銷與物流倉儲據點, 技術支援網絡隨時待命, 以便為來自亞洲、北美、南美及歐洲等地的客戶提供高效服務。為積極響應國際品牌客戶對永續發展的要求, ",Clear,avc,3017,6,https://hsxn1sjvkgtdpixe.public.blob.vercel-storage.com/avc_3017_page_6.pdf,https://www.avc.co/zh-tw/CorporateResponsibility/CorporateCSR
11384,2021年行政院核定「核心戰略產業推動方案」接軌「新創重點產業放款方案」，並於2022年4月起實施，以資訊及數位、國防及戰略、資安卓越、臺灣精準健康、民生及戰備、綠電及再生能源等6大核心戰略，以期透過更廣泛的產業支持創造社會共融與永續發展，凱基銀行將持續配合政府政策，提供專業金融服務持續擔任產業升級推手。,E,Yes,凱基銀行將持續配合政府政策，提供專業金融服務持續擔任產業升級推手。,between_2_and_5_years,No,,,kgi,2883,62,https://www.kgi.com/zh-tw/-/media/files/cdf/esg/download/reports-and-certificates/reports/2024esgreport.pdf,https://www.kgi.com/zh-tw/esg
11848,製作詐騙案例教材提升第一線同仁識詐意識並主動關懷客戶資金用途，辨識可疑申辦動機，例如：提到「申購抽中數張股票」或朋友介紹投資「穩賺不賠」的金融商品時，第一線同仁就會提高警覺，主動進行關懷提問，透過關懷提問方式蒐集資訊判斷其是否誤入詐騙陷阱。同時，高齡客戶會再以「銀髮族權益確認書」再三確認申辦用途，也會針對陪同者身份與客戶關係進行確認，辨識異常。,S,No,,,,,,fubon,2881,77,https://esg.fubonlife.com.tw/esg-report,https://esg.fubonlife.com.tw/esg-report
90109,每年定期以風險評估篩選出需進行調查的供應商範圍，利用自家內部編製且未與國際最新制裁與高風險地區名單連動之「責任礦產參考名錄」，再將過去三年曾通過任一客戶基本稽核之供應商，納入持續符合衝突礦產要求，並不另外核對其現行礦源及冶煉廠。2024 年統計時，公司並未實際比對冶煉廠是否列載於 RMI 或其他國際公信機構的最新合格名單，而是以供應商自行填報或口頭說明為唯一佐證，只要供應商填答完整即被登錄為「合格冶煉廠」，導致名單中仍可能包含未受任何第三方查證、甚至位於高風險地區的冶煉廠，並在相關揭露中僅以『201 家合格冶煉廠』之數量作為風險控管充分的間接證據，未說明其判定基準與實際查核範圍之重大限縮。,S,Yes,每年定期以風險評估篩選出需進行調查的供應商範圍，利,longer_than_5_years,Yes,利用自家內部編製且未與國際最新制裁與高風險地區名單連動之「責任礦產參考名錄」，再將過去三年曾通過任一客戶基本稽核之供應商，納入持續符合衝突礦產要求，並不另外核對其現行礦源及冶煉廠。2024 年統計時，公司並未實際比對冶煉廠是否列載於 RMI 或其他國際公信機構的最新合格名單，而是以供應商自行填報或口頭說明為唯一佐證，只要供應商填答完整即被登錄為「合格冶煉廠」，導致名單中仍可能包含未受任何第三方查證、甚至位於高風險地區的冶煉廠，並在相關揭露中僅以『201 家合格冶煉廠』之數量作為風險控管充分的間接證據，未說明其判定基準與實際查核範圍之重大限縮。,Misleading,accton,2345,71,https://hsxn1sjvkgtdpixe.public.blob.vercel-storage.com/accton_2345_page_71.pdf,https://www.accton.com.tw/esg-documents/
10993,本公司遵守勞動法規及訂定外籍勞工管理辦法，保障員工的勞動人權與其權益。  ● 承諾：100% 符合相關勞動法規要求。管理措施有制定勞工人權保護守則及定期評估強制勞工風險。  大立光參酌國際勞動公約、RBA 責任商業聯盟行為準則，且致力遵守台灣勞動相關法律，制定內容含工時工資、人道待遇、不歧視、反職場霸凌且自由結社等勞工人權保護的管理守則；防止非志願勞工、性騷擾防治、職場母性保護、執行職務遭受不法侵害預防辦法。  「招募任用管理辦法」明確揭示禁用童工、青少年勞工夜間工作保護等標準；針對外籍勞工部分，除遵守勞動法規之外，特訂外籍勞工管理辦法，使其勞動權益獲得保障。管理部定期評估強制勞工風險，若有違反之情況，會揭露資訊給相關單位主管並做提醒，用以確保之後類似情況不會再發生。,S,Yes,承諾：100% 符合相關勞動法規要求。管理措施有制定勞工人權保護守則及定期評估強制勞工風險。  大立光參酌國際勞動公約、RBA 責任商業聯盟行為準則，且致力遵守台灣勞動相關法律，制定內容含工時工資、人道待遇、不歧視、反職場霸凌且自由結社等勞工人權保護的管理守則；防止非志願勞工、性騷擾防治、職場母性保護、執行職務遭受不法侵害預防辦法。,already,Yes,招募任用管理辦法」明確揭示禁用童工、青少年勞工夜間工作保護等標準；針對外籍勞工部分，除遵守勞動法規之外，特訂外籍勞工管理辦法，使其勞動權益獲得保障。管理部定期評估強制勞工風險，,Clear,largan,3008,79,https://hsxn1sjvkgtdpixe.public.blob.vercel-storage.com/largan_3008_page_79.pdf,https://www.largan.com.tw/tw/esg
10727,永續經營委員會至少每季召開 1 次，2024 年共召開 4 次，議案包括追蹤小組年度目標與專案執行情形、審議 ESG 政策與規章、陳報誠信經營落實情形等；另永續經營委員會及 6 大執行小組 2024 年向董事會報告永續發展相關事項共計 13 次，董事會對永續發展之督導情形如下，議案均經董事詳加審視，充分討論並提出相關建議，以精進永續發展執行成效：  1. 2024 年 4 月 29 日、7 月 27 日、11 月 25 日陳報「上市櫃公司永續發展路徑圖」溫室氣體盤查規畫書。  2. 2024 年 1 月 22 日、4 月 29 日修訂 4 項 ESG 相關政策及守則。  3. 2024 年 6 月 24 日通過永續報告書 (含永續發展執行目標及成果與利害關係人溝通實績)、氣候暨自然相關財務揭露報告書、訂定永續策略藍圖。  4. 2024 年 3 月 25 日、9 月 23 日陳報落實誠信經營情形及採行措施。  5. 2024 年 11 月 25 日審議永續揭露準則導入專案諮詢服務採購案。  6. 2024 年 12 月 20 日審議將永續資訊管理納入內部控制制度規畫案。,G,Yes,永續經營委員會至少每季召開 1 次，,longer_than_5_years,Yes,2024 年共召開 4 次，議案包括追蹤小組年度目標與專案執行情形、審議 ESG 政策與規章、陳報誠信經營落實情形等；另永續經營委員會及 6 大執行小組 2024 年向董事會報告永續發展相關事項共計 13 次，董事會對永續發展之督導情形如下，議案均經董事詳加審視，充分討論並提出相關建議，以精進永續發展執行成效：   ｜ 2024 年 4 月 29 日、7 月 27 日、11 月 25 日陳報「上市櫃公司永續發展路徑圖」溫室氣體盤查規畫書。  2. 2024 年 1 月 22 日、4 月 29 日修訂 4 項 ESG 相關政策及守則。  3. 2024 年 6 月 24 日通過永續報告書 (含永續發展執行目標及成果與利害關係人溝通實績)、氣候暨自然相關財務揭露報告書、訂定永續策略藍圖。  4. 2024 年 3 月 25 日、9 月 23 日陳報落實誠信經營情形及採行措施。  5. 2024 年 11 月 25 日審議永續揭露準則導入專案諮詢服務採購案。  6. 2024 年 12 月 20 日審議將永續資訊管理納入內部控制制度規畫案。,Clear,tcfhc,5880,21,https://hsxn1sjvkgtdpixe.public.blob.vercel-storage.com/tcfhc_5880_page_21.pdf,https://esg.tcfhc.com.tw/report-download/
10881,"本公司依循企業風險管理機制 (Enterprise Risk Management, ERM) 設置完善的風險管理三道防線，並依各道防線之職責辨識、衡量、監控及報告氣候相關風險，以確保風險管理程序持續有效運作。  第一道防線：各單位應就所轄業務範圍，承擔各自日常事務所產生的風險，負責辨識、管理、設計並執行有效的內部控制程序。  第二道防線：風險管理、法令遵循及其他獨立於第一道防線所稱之各單位且非為內部稽核單位，應訂定風險管理政策、監督風險承擔能力及承受現況，並報告風險控管情形。  第三道防線：內部稽核單位應以獨立超然之精神，查核與評估風險管理及內部控制制度之有效性，並適時提供改進建議。",G,No,,,,,,yuanta,2885,31,https://hsxn1sjvkgtdpixe.public.blob.vercel-storage.com/yuanta_2885_page_31.pdf,https://www.yuanta.com/TW/ESG/ESG-Report
11514,年度考核  考核對象：全體員工  評核方式：  每年舉辦二次年度考核，分別為六月的上期考核，以及十二月的下期考核。上期考核期間自一月一日起至六月三十日止；下期考核期間自七月一日起至十二月三十一日止。,S;G,No,,,,,,pec,6446,95,https://www.pharmaessentia-esg.com/uploads/images/download/PEC2024CS_Report.pdf,https://www.pharmaessentia-esg.com/tw/download/detail#section-1
11790,國巨公司辦公室及公共空間可以看到許多藝術品，每件作品的陳設都經細緻的思考與安排，將其以最和諧的姿態融入周遭環境。我們深信空間與藝術的交互作用是美學養成的一部份，亦是國巨基金會典藏不斷累積與茁壯之驅動力。2024 年我們將持續為國巨員工帶來友善的美學學習環境，包括將基金會典藏之藝術品融入辦公空間、提供藝術書籍給國內外員工以促進文化交流等。,S,Yes,2024 年我們將持續為國巨員工帶來友善的美學學習環境，,already,Yes,國巨公司辦公室及公共空間可以看到許多藝術品， ｜ 每件作品的陳設都經細緻的思考與安排，將其以最和諧的姿態融入周遭環境。我們深信空間與藝術的交互作用是美學養成的一部份，,Clear,yageo,2327,134,https://yageogroup.com/content/Resource%20Library/Compliance%20Report/YAGEO_ESG2024_tw.pdf,https://www.yageogroup.com/About/Sustainability
10615,公共政策不僅會影響國家經濟發展，更能促進及帶動社會的進步。對此，我們積極參與相關公協會組織及活動，結合我們在資通訊技術的核心能力，支援對社會大眾有益的公共政策與活動，包括文化、藝術、體育等，積極發揮企業社會影響力。我們參與將近 100 個國內、外公協會，藉由與同業、異業間的交流與合作，提升中華電信的技術能力，展現中華電信在產業中的領航角色，帶動整體產業鏈的發展。,S,Yes,公共政策不僅會影響國家經濟發展，更能促進及帶動社會的進步。對,already,Yes,極參與相關公協會組織及活動，結合我們在資通訊技術的核心能力，支援對社會大眾有益的公共政策與活動，包括文化、藝術、體育等，積極發揮企業社會影響力。我 ｜ 近 100 個國內、外公協會，藉由與同業、異業間的交流與合作，提升中華電信的技術能力，展現中華電信在產業中的領航角色，帶動整體產業鏈的發展。,Clear,cht,2412,80,https://hsxn1sjvkgtdpixe.public.blob.vercel-storage.com/cht_2412_page_80.pdf,https://www.cht.com.tw/zh-tw/home/cht/esg
10702,門市提袋全面採用符合全球標準 FSCᵀᴹ 認證的材質註，高達 80% 以上為回收紙漿製成。門市同時推動「自備環保袋，永續每一代」邀請民眾一同參與減碳行動，從源頭減少環境負擔；並設立 2025 至 2028 年每年減少 10% 紙袋採購的目標，持續以行動落實淨零永續的環保理念。廣告宣傳方面，2024 年配合巴黎奧運，於上半年為 MOD 新型機上盒 STB 504 取得 ISO 14067 認證及我國碳標籤。另一影視產品 Hami Video 亦於同年 4 月取得 ISO 14067 認證，6 月取得碳標籤。同年 5、6、7、8 月號 MOD 月刊於內頁以 1/2 頁面版位宣導中華電信 MOD 機上盒（STB 504）取得碳標籤，圖文搭配張貼探標籤之機上盒照片輔助說明。全臺發行量約 10 萬份，並於 MOD 官網與 Hami 書城同步刊登電子檔，減少紙本月刊印製所需。同年 7 月起，於 MOD 月刊封面內頁公告自 2025 年 2 月起將停止印製與寄送紙本 MOD 月刊。,E,Yes,門市同時推動「自備環保袋，永續每一代」邀請民眾一同參與減碳行動，從源頭減少環境負擔； ｜ 設立 2025 至 2028 年每年減少 10% 紙袋採購的目標，持續以行動落實淨零永續的環保理念。,between_2_and_5_years,Yes,半年為 MOD 新型機上盒 STB 504 取得 ISO 14067 認證及我國碳標籤。另,Clear,cht,2412,40,https://hsxn1sjvkgtdpixe.public.blob.vercel-storage.com/cht_2412_page_40.pdf,https://www.cht.com.tw/zh-tw/home/cht/esg
11433,緯穎科技重視客戶產品使用的安全性，避免產品使用的物質對人體及環境有風險或危害，確保客戶的健康與安全，增進客戶對公司產品的信心與肯定。  品質與無有害物質政策為「將零缺點且具有競爭力的綠色產品和服務，準時送達顧客」。  編列預算申請國際安規認證、導入ISO9001 品質管理系統、IECQ QC 080000 有害物質流程管理系統。,S,Yes,緯穎科技重視客戶產品使用的安全性，避免產品使用的物質對人體及環境有風險或危害，確保客戶的健康與安全，增進客戶對公司產品的信心與肯定。,between_2_and_5_years,Yes,編列預算申請國際安規認證、導入ISO9001 品質管理系統、IECQ QC 080000 有害物質流程管理系統。,Clear,wiwynn,6669,67,https://www.wiwynn.com/hubfs/ESG/2025/files/Wiwynn_Sustainability_Report_ZH.pdf#pdfjs.action=download,https://www.wiwynn.com/zh/esg?srsltid=AfmBOorvFrT1ZHOSpBKt9v6gwVkwdiWT6ZYLhQDWqQ06r_frvS6qSFZM
11406,為強化水管理力道，台泥自2022年起啟用用水足跡管理平台，全程監控台灣及中國大陸水泥廠之給水、用水、回收水與排放水數據，及時換算水回收率。台灣地區水泥廠2024年水回收率，皆優於水利署公告之用水回收率行業基準區間30-80%，亦針對取水進行水質檢測，以和平廠為例，為確保取水符合一定水質，對取自工業區之冷卻水訂有供水水質標準，地下水則每年進行一次檢測。台泥推動水資源開源節流，包含增設雨水回收系統、定期檢修避免浪費，葡萄牙據點也採取多項措施降低淡水消耗，如以空氣吹洗、乾式清掃代替濕式清潔，同時也致力於開發需水量更低的乾拌砂漿替代方案。,E,Yes,台泥推動水資源開源節流，包含增設雨水回收系統、定期檢修避免浪費，葡萄牙據點也採取多項措施降低淡水消耗，如以空氣吹洗、乾式清掃代替濕式清潔，同時也致力於開發需水量更低的乾拌砂漿替代方案。,more_than_5_years,Yes,台灣地區水泥廠2024年水回收率，皆優於水利署公告之用水回收率行業基準區間30-80%，,Clear,tcc,1101,95,https://media.taiwancement.com/web_tcc/comm/pdf/Sustainability_Report/2024/TW/%E5%8F%B0%E6%B3%A52024%E5%B9%B4%E6%B0%B8%E7%BA%8C%E5%A0%B1%E5%91%8A%E6%9B%B8.pdf,https://www.tccgroupholdings.com/tw/esgReport.html
11009,第二十屆（2024 年）台達董事會由十二席董事組成，包含四席具本公司員工身分之董事（執行董事）、三席不具本公司員工身分之董事（非執行董事）及五席獨立董事，任期三年。本公司董事長兼任執行長，除能有效將董事會擘劃之本公司發展藍圖落實到規劃執行面，亦考量公司之營運規模及為提升整體經營效率，本公司另設有總經理職位，執行長與總經理二者職權劃分不同。,G,No,,,,,,delta,2308,54,https://esg.deltaww.com/CSR-Reports,https://esg.deltaww.com/CSR-Reports
10650,2024 年先選定新竹廠與中山廠做為試點推動內部碳定價，同時建立內部碳定價的計算規則與運作機制。確定採用內部碳費模式 (Internal Carbon Fee) 作為運作機制，以各事業單位據點的範疇一與範疇二溫室氣體排放量計算達標情形，再依據目標達成狀況計算碳費，碳費單價參考世界銀行建議的 WB2C 目標碳價區間，將內部碳定價定為 100 USD/ton-CO2e。2025 年起再擴大到更多的製造與服務據點，同時開發數位平台管理碳排達標情況，將碳費計算自動化，提供事業群主管掌握各據點的減碳績效，以利全面實施內部碳定價的長期目標。,E,Yes,2025 年起再擴大到更多的製造與服務據點，同時開發數位平台管理碳排達標情況，將碳費計算自動化，提供事業群主管掌握各據點的減碳績效，以利全面實施內部碳定價的長期目標。,longer_than_5_years,Yes,2024 年先選定新竹廠與中山廠做為試點推動內部碳定價，同時建立內部碳定價的計算規則與運作機制。確定採用內部碳費模式 (Internal Carbon Fee) 作為運作機制，以各事業單位據點的範疇一與範疇二溫室氣體排放量計算達標情形，再依據目標達成狀況計算碳費，碳費單價參考世界銀行建議的 WB2C 目標碳價區間，將內部碳定價定為 100 USD/ton-CO2e。2,Clear,wistron,3231,112,https://hsxn1sjvkgtdpixe.public.blob.vercel-storage.com/wistron_3231_page_112.pdf,https://esg.wistron.com/ch/report-download
10794,在能源管理策略上，研華採取 節能、創能、購能 三大階段，以三層次推進模式持續強化能源管理，從多層面優化資源配置，逐步實現永續能源管理與再生能源轉型目標。,E,Yes,研華採取 節能、創能、購能 三大階段，以三層次推進模式持續強化能源管理， ｜ 逐步實現永續能源管理與再生能源轉型目標。,already,Yes,研華採取 節能、創能、購能 三大階段，以三層次推進模式持續強化能源管理，,Clear,acl,2395,123,https://hsxn1sjvkgtdpixe.public.blob.vercel-storage.com/acl_2395_page_123.pdf,https://esg.advantech.com/zh-tw/downloads/sustainability-report
11579,生態化設計指導：在前瞻技術開發流程及新產品開發流程，皆納入生態化設計指導方針，特別包含永續原材料的選擇 ( 挑選較低負面永續影響的材料、避免來自重要生物多樣性地區的材料、優先使用再生的金屬、礦物及獲第三方永續慣性認證的材料 )，並在專案查核表中納入此項目的審查，確保落實在每個技術或產品開發專案。,E,No,,,,,,aseh,3711,95,https://www.aseglobal.com/ch/pdf/aseh-2024-csr-ch-final.pdf,https://www.aseglobal.com/ch/csr/csr-download/
11912,本公司預計於 2025 年投入研發費用占營收 5~15%，惟將視全球市場狀況及公司實際營運情形適時規劃調整。,G,Yes,本公司預計於 2025 年投入研發費用占營收 5~15%，惟將視全球市場狀況及公司實際營運情形適時規劃調整。,within_2_years,No,,,largan,3008,41,https://www.largan.com.tw/tw/tool-download/esg_1_files/file/19/2024%E5%B9%B4ESG%E6%B0%B8%E7%BA%8C%E5%A0%B1%E5%91%8A%E6%9B%B8?note=,https://www.largan.com.tw/tw/esg
11444,中華電信戮力達成公司使命：「以客戶夥伴、科技平台、基礎網路、組織人才為基礎，藉由開放平台廣納合作夥伴，打造客戶信賴的數位生態系統，賦能個人及家庭客戶、政府及企業客戶、國際客戶及策略夥伴，持續不斷創新，為客戶、策略夥伴、股東以及員工創造價值」。    中華電信以四大核心價值觀：「誠信為本、客戶信賴、創新創價、承諾當責」，作為推動企業發展的行動準則。秉持「永遠走在最前面」的精神，結合科技與創新，致力推動永續發展；積極運用領先的 5G、AI 及 AIoT 技術，推動生物多樣性保護；持續邁向三大願景「成為以永續發展為基礎的國際標竿企業、成為數位生態系統協創者的領導品牌、成為遠遠超越兆元市值的頂尖科技企業集團」。,G,Yes,中華電信戮力達成公司使命：「以客戶夥伴、科技平台、基礎網路、組織人才為基礎，藉由開放平台廣納合作夥伴，打造客戶信賴的數位生態系統，賦能個人及家庭客戶、政府及企業客戶、國際客戶及策略夥伴，持續不斷創新，為客戶、策略夥伴、股東以及員工創造價值」。   ｜ 以四大核心價值觀：「誠信為本、客戶信賴、創新創價、承諾當責」，作為推動企業發展的行動準則。 ｜ 持續邁向三大願景「成為以永續發展為基礎的國際標竿企業、成為數位生態系統協創者的領導品牌、成為遠遠超越兆元市值的頂尖科技企業集團」。,between_2_and_5_years,Yes,以四大核心價值觀：「誠信為本、客戶信賴、創新創價、承諾當責」，作為推動企業發展的行動準則。,Clear,cht,2412,21,https://www.cht.com.tw/home/cht/-/media/web/pdf/sustainability/csr-report-download/csr/2024/2024-esg-report-ch.pdf?sc_lang=zh-tw,https://www.cht.com.tw/zh-tw/home/cht/esg
10995,南亞科技訂定《隱私權保護政策》、《公司機密管理辦法》、《個人資料管理作業細則》，並遵循 ISO 27001 國際資訊安全管理系統、個人資料保護法規範，以嚴謹的資訊安全管理與個資隱私防護措施，建構資料治理制度，制定資料標準與分級，落實資料存取權限管控及資料擁有者之覆核機制，確保資料的存取與共享受到妥善治理與保護，以及資料的可用性、完整性及保密性。,G,Yes,南亞科技訂定《隱私權保護政策》、《公司機密管理辦法》、《個人資料管理作業細則》，並遵循 ISO 27001 國際資訊安全管理系統、個人資料保護法規範，以嚴謹的資訊安全管理與個資隱私防護措施，,already,Yes,建構資料治理制度，制定資料標準與分級，落實資料存取權限管控及資料擁有者之覆核機制，確保資料的存取與共享受到妥善治理與保護，以及資料的可用性、完整性及保密性。,Clear,npc,1303,7,https://hsxn1sjvkgtdpixe.public.blob.vercel-storage.com/npc_1303_page_7.pdf,https://www.nanya.com/ESG/tw
10145,台達為電源管理與散熱管理解決方案的領導廠商，並在多項節能及新能源科技領域居領導地位，客戶遍及全球。近年來，台達整合旗下軟硬體系統產品，逐步從關鍵零組件製造商邁入整體節能解決方案提供者，深耕「電源及零組件」、「交通」、「自動化」與「基礎設施」四大事業範疇。台達總部設於台灣台北，營運據點遍布全球，包含歐、亞、美和非洲總計 40 個國家。台達秉持「環保 節能 愛地球」的經營使命，長期關注氣候變遷議題，並訂定 2050 年全球據點達成淨零排放 (Net-Zero) 的長期策略與目標，為亞洲高科技硬體設備產業首家、全球第 125 家通過「淨零科學減碳目標」(net-zero science-based target) 審查的企業。,E,Yes,台達秉持「環保 節能 愛地球」的經營使命，長期關注氣候變遷議題，並訂定 2050 年全球據點達成淨零排放 (Net-Zero) 的長期策略與目標，,longer_than_5_years,Yes,深耕「電源及零組件」、「交通」、「自動化」與「基礎設施」四大事業範疇。,Clear,delta,2308,9,https://hsxn1sjvkgtdpixe.public.blob.vercel-storage.com/delta_2308_page_9.pdf,https://esg.deltaww.com/CSR-Reports
10927,氣候變遷與自然系統發生變化已成為全球面對的重大挑戰之一，同時也是推動低碳轉型與綠色創新的契機，面對日益嚴峻的氣候風險、自然資源壓力與政策規範，台達持續強化營運韌性，積極將挑戰轉化為成長動能。自然與氣候相關的機會辨識、分析與推動，台達視其為重要的未來發展策略與商機動能，推動具前瞻性的氣候轉型行動，強化低碳產品與解決方案布局。,E,Yes,同時也是推動低碳轉型與綠色創新的契機，面對日益嚴峻的氣候風險、自然資源壓力與政策規範，台達持續強化營運韌性，積極將挑戰轉化為成長動能。自然與氣候相關的機會辨識、分析與推動，台達視其為重要的未來發展策略與商機動能，推動具前瞻性的氣候轉型行動，強化低碳產品與解決方案布局。,between_2_and_5_years,No,,,delta,2308,114,https://hsxn1sjvkgtdpixe.public.blob.vercel-storage.com/delta_2308_page_114.pdf,https://esg.deltaww.com/CSR-Reports
11362,接軌國際趨勢與脈動，Net Positive 國際大師 Paul Polman 及前聯合國環境署金融倡議 (UNEP FI) 氣候風險負責人 David Carlin 也透過錄製影片肯定玉山連年舉辦這麼有意義的倡議行動，並且鼓勵與會的企業主、醫療院所勇於創新並把握永續轉型的契機。活動中也透過座談會邀請安聯全球永續暨影響力投資總監 Matt Christensen、工研院董事長吳政忠、外貿協會董事長黃志芳進行專家交流，從不同面向分享國際趨勢、政策方向、淨零技術等關鍵議題，並和與會者進行熱烈互動以凝聚智慧討論氣候解方。,E,No,,,,,,esfh,2884,11,https://www.esunfhc.com/zh-tw/-/media/ESUNFHC/Files/CSR/FHC-CSR-Report/2024-Sustainability-ReportChinese.pdf,https://www.esunfhc.com/zh-tw/esg/resource-center/report
11048,持續深耕企業責任。安全是企業永續經營的基石，也是智邦科技長期以來不斷追求的目標。我們堅信，只有將安全文化深植於企業的每一個角落，才能真正實現對員工、客戶與社會的承諾。,S,Yes,持續深耕企業責任。 ｜ 安全是企業永續經營的基石，也是智邦科技長期以來不斷追求的目標。,between_2_and_5_years,No,,,accton,2345,147,https://www.accton.com.tw/wp-content/uploads/2025/06/Accton-2024ESG-CH.pdf,https://www.accton.com.tw/esg-documents/
10148,身為全球最大的工業電腦與物聯網技術與服務的提供者，研華理解對於全球環境的責任，公司關於氣候變遷的政策聲明與《巴黎協定》維持升溫 1.5 度 C 以下的目標保持一致，繼 2021 年通過並承諾國際科學基礎減碳目標 (SBT) 後，2023 年進一步通過加入 RE100 倡議並承諾 2040 年達成目標，將再生能源視為邁向淨零排放的重要策略，以及訂定於 2050 年達成淨零碳排目標。2025 年起，為更積極進行減碳計畫，將再以 1.5 度 C 科學基礎減碳目標 (SBT) 作為接下來 10 年的減碳目標並持續推動全球 RBUs RE100 等計畫。研華將氣候變遷納入企業永續經營重大風險項目之一，更依「減緩」及「調適」兩大面向進行管理。同時，我們也積極鑑別風險，建構調適能力，更進一步研析氣候變遷機會點，累積與深化研發能量，持續投資於綠色能源、節能產品與解決方案，並結合能源管理核心本業，推展節能永續。,E,Yes,研華理解對於全球環境的責任，公司關於氣候變遷的政策聲明與《巴黎協定》維持升溫 1.5 度 C 以下的目標保持一致， ｜ 承諾國際科學基礎減碳目標 (SBT) 後，,longer_than_5_years,Yes,025 年起，為更積極進行減碳計畫，將再以 1.5 度 C 科學基礎減碳目標 (SBT) 作為接下來 10 年的減碳目標並持續推動全球 RBUs RE100 等計畫。研華將氣候變遷納入企業永續經營重大風險項目之一，更依「減緩」及「調適」兩大面向進行管理。同時，我們也積極鑑別風險，建構調適能力，更進一步研析氣候變遷機會點，累積與深化研發能量，持續投資於綠色能源、節能產品與解決方案，並結合能源管理核心本業，推展節能永續。,Clear,acl,2395,104,https://hsxn1sjvkgtdpixe.public.blob.vercel-storage.com/acl_2395_page_104.pdf,https://esg.advantech.com/zh-tw/downloads/sustainability-report
10820,大立光為建立永續供應鏈，除遵守法規與道德採購外，更重要的是協助供應鏈永續經營，並規劃短、中長期的永續經營的目標與工作計畫如下表：,G,Yes,大立光為建立永續供應鏈，,between_2_and_5_years,Yes,除遵守法規與道德採購外，更重要的是協助供應鏈永續經營，並規劃短、中長期的永續經營的目標與工作計畫如,Not Clear,largan,3008,46,https://hsxn1sjvkgtdpixe.public.blob.vercel-storage.com/largan_3008_page_46.pdf,https://www.largan.com.tw/tw/esg
90025,4月16日，公司以4月16日當日單一線上金融教育活動報名頁面點擊數與影片觀看次數，直接推估為全國民眾保險理解度全面提升的量化證據，並將短暫的宣導參與紀錄對外界定為「長期防詐意識顯著增強」之實證基礎。,S,Yes,4月16日,already,Yes,公司以4月16日當日單一線上金融教育活動報名頁面點擊數與影片觀看次數，直接推估為全國民眾保險理解度全面提升的量化證據，並將短暫的宣導參與紀錄對外界定為「長期防詐意識顯著增強」之實證基礎。,Misleading,fubon,2881,6,https://hsxn1sjvkgtdpixe.public.blob.vercel-storage.com/fubon_2881_page_6.pdf,https://esg.fubonlife.com.tw/esg-report
10797,為支持地方教育，增加學生實務工作經驗，並降低人口外移的現象，本公司積極與各大專院校進行產學合作，提供實務工作場域，2024 年產學合作情形如下表。,S,No,,,,,,fpc,1301,152,https://hsxn1sjvkgtdpixe.public.blob.vercel-storage.com/fpc_1301_page_152.pdf,https://www.fpg.com.tw/esg/tw/download
10466,馬來西亞廠 (WYMY) 為第一個取得 GBI (Green Building Index) 綠色建築 Gold 等級認證之營運據點。將持續在全球各地落實綠色建築標準，強化環保與節能策略。推動自然保育與永續發展，以促進環保、公益及企業責任交流，實現人與環境共好及身心平衡。,E,Yes,將持續在全球各地落實綠色建築標準，強化環保與節能策略。推動自然保育與永續發展，以促進環保、公益及企業責任交流，實現人與環境共好及身心平衡。,already,Yes,馬來西亞廠 (WYMY) 為第一個取得 GBI (Green Building Index) 綠色建築 Gold 等級認證之營運據點。將,Clear,wiwynn,6669,14,https://hsxn1sjvkgtdpixe.public.blob.vercel-storage.com/wiwynn_6669_page_14.pdf,https://www.wiwynn.com/zh/esg?srsltid=AfmBOorvFrT1ZHOSpBKt9v6gwVkwdiWT6ZYLhQDWqQ06r_frvS6qSFZM
10336,藉由和合作夥伴持續地投入於環境與生態守護，促進人與自然的平衡與和諧，達到人與環境的共生共好。,E,Yes,2月20日,between_2_and_5_years,No,,,wistron,3231,179,https://hsxn1sjvkgtdpixe.public.blob.vercel-storage.com/wistron_3231_page_179.pdf,https://esg.wistron.com/ch/report-download
10819,"註 1：財務承諾碳排包含範疇一及範疇二的碳排放量；主權債財務承諾碳排僅計算範疇一。  註 2：主權債 - 包含 LULUCF 的財務承諾碳排為 4,600,215 tCO₂e，資料品質分數為 4.04。  註 3：專案投融資均為再生能源放款，依據實體活動基礎計算財務碳排放量。由於再生能源之碳排放係數為 0，故對應的範疇一與範疇二碳排放量皆為 0；另計算專案投融資的迴避碳排為 39,723 tCO₂e。  註 4：表格中” - ” 表示無該類別資產。",E,No,,,,,,cathay,2882,199,https://hsxn1sjvkgtdpixe.public.blob.vercel-storage.com/cathay_2882_page_199.pdf,https://www.cathayholdings.com/holdings/esg/reports/reports_download
11186,"走路不僅是運動還是世界衛生組織認證「最完美的運動」，可預防及改善心血管疾病、糖尿病、代謝症候群等慢性疾病、控制體重、預防骨質疏鬆、預防跌倒、更可紓解壓力。為養成同仁良好的健走習慣，連續 4 年結合公司創建之「Fun group 放個鹿 APP」，舉辦健走競賽活動，2024 年共 2,474 人報名參加，活動總步數約 5.2 億步。",S,Yes,為養成同仁良好的健走習慣，,already,Yes,"連續 4 年結合公司創建之「Fun group 放個鹿 APP」，舉辦健走競賽活動，2024 年共 2,474 人報名參加，活動總步數約 5.2 億步。",Clear,fubon,2881,71,https://esg.fubonlife.com.tw/esg-report,https://esg.fubonlife.com.tw/esg-report
11037,"大立光位於台中市精密機械科技創新園區及台中工業區，屬低至中度水資源風險區 (https://www.wri.org/aqueduct)，取水來源主要來自德基、鯉魚潭水庫水源及廠內回收水為主，廠區日用約 6,714 噸無取用地下水及地表水作為廠區水源，2024 年各廠區總自來水取水為 1,166 百萬公升，2024 年取水量 1,492 百萬公升、增加 27.9 % 因營收增加，透過每日抄錶數據彙整最近三年的自來水取水量、排水量及耗水量如下表：",E,No,,,,,,largan,3008,60,https://www.largan.com.tw/tw/tool-download/esg_1_files/file/19/2024%E5%B9%B4ESG%E6%B0%B8%E7%BA%8C%E5%A0%B1%E5%91%8A%E6%9B%B8?note=,https://www.largan.com.tw/tw/esg
11093,統計各營業單位耗電量與節電量後計算內部碳費。各營業單位的碳費佔總營收比例將納入年度績效考核中進行評估。節電成效越好則能帶動單位績效成長，有效於創造激勵環境，並客觀評估全行各據點的潛在能源成本。,E,No,,,,,,scsb,5876,92,https://www.scsb.com.tw/content/csr/files/csr03_a/2024report.pdf,https://www.scsb.com.tw/content/csr/csr03_a.html
10059,根據分析結果，本行臺灣營運據點之實體風險暴險情形皆不重大，惟為確實掌控實體風險之衝擊，各營業據點仍已建立應對計畫與防災作業流程，以及資料備援準備，可確保將短期天然災害所帶來的破壞降至最低，並維護災後營運。,E,Yes,確保將短期天然災害所帶來的破壞降至最低，並維護災後營運。,already,No,,,scsb,5876,75,https://hsxn1sjvkgtdpixe.public.blob.vercel-storage.com/scsb_5876_page_75.pdf,https://www.scsb.com.tw/content/csr/csr03_a.html
11834,陽明海運以建立完善且具永續精神之供應鏈管理制度為目標，規劃三項關鍵結果：「完善採購制度且具永續因子」、「有效掌握供應商永續管理成熟度、績效與持續追蹤」與「與供應商永續議合」，每年檢視與滾動式更新行動計畫及訂立目標，下表為各關鍵結果的行動計畫及短期與中長期目標。,S;E,Yes,陽明海運以建立完善且具永續精神之供應鏈管理制度為目標， ｜ 每年檢視與滾動式更新行動計畫及訂立目標，下表為各關鍵結果的行動計畫及短期與中長期目標。,more_than_5_years,No,,,ymtc,2609,67,https://esg.yangming.com/upload/esg_custom_sustainability_report_document_files/twL_esg_custom_sustainability_report_document_23I14_ERqoPnY786.pdf,https://esg.yangming.com/esg/sustainability_report/1/
11253,"和碩集團之溫室氣體盤查係依循GHG Protocol 指引、ISO 14064-1準則以及公司內部程序文件「溫室氣體排放盤查及臭氧危害物質管理辦法」執行，各類溫室氣體排放量之計算主要採用排放係數法進行量化。若因特殊需求或其它考量，則採用其它合理計算方式如直接量測法或質量平衡法。全球暖化潛勢(GWP)比率引用自聯合國政府間氣候變化專門委員會(IPCC)發表之第六次氣候變遷評估報告(AR6)，考量營運控制法為業界廣泛採用之盤查方式，故採用營運控制法進行溫室氣體量化。  和碩自2009年起導入溫室氣體盤查計畫並訂定到2020年的十年集團節能減碳目標，已於2020年到期並達標。2024年開始，依據集團新版溫室氣體減量目標，基準年自2009年調整為2021年。和碩集團溫室氣體排放盤查結果皆經由第三方驗證單位進行查證，並將查證聲明書公開揭露於公司官網。2024年溫室氣體排放之外部查證作業於2025年6月完成，2024年範疇一及範疇二溫室氣體排放總量為154,576公噸二氧化碳當量，其中電力使用為最主要的排放源，占排放量比例85.2%，溫室氣體排放總量相較前一年度下降原因為增加再生能源使用量。",E,No,,,,,,pegatron,4938,32,https://www.pegatroncorp.com/media/20250826083546321_2024_CSR_ZH.pdf,https://www.sustaihub.com/reports/%E5%92%8C%E7%A2%A9%E8%81%AF%E5%90%88%E7%A7%91%E6%8A%80%E8%82%A1%E4%BB%BD%E6%9C%89%E9%99%90%E5%85%AC%E5%8F%B8/e7bdbbd6-7493-401d-a2a2-b39b95a19700/
11105,為防止由於資訊系統的中斷、數據的丟失、敏感資訊的洩密所導致企業和客戶的損失。奇鋐科技導入資訊安全管理體系，深圳廠和東莞廠已通過ISO 27001資訊安全管理體系認證，確立資訊安全方針與目標，對資訊安全風險進行有效管理，保護公司核心資訊資產安全，降低重大緊急資訊安全事件發生風險。2024年奇鋐集團未接獲任何經證實的客戶隱私侵犯投訴，亦無侵犯客戶隱私或遺失客戶資料事件發生。,G,Yes,為防止由於資訊系統的中斷、數據的丟失、敏感資訊的洩密所導致企業和客戶的損失。奇鋐科技導入資訊安全管理體系，深圳廠和東莞廠已通過ISO 27001資訊安全管理體系認證，確立資訊安全方針與目標，對資訊安全風險進行有效管理，保護公司核心資訊資產安全，降低重大緊急資訊安全事件發生風險。,already,Yes,2024年奇鋐集團未接獲任何經證實的客戶隱私侵犯投訴，亦無侵犯客戶隱私或遺失客戶資料事件發生。,Not Clear,avc,3017,48,https://www.avc.co/Portals/0/zh-tw/FileUpload/%E4%BC%81%E6%A5%AD%E8%B2%AC%E4%BB%BB/2024%E6%B0%B8%E7%BA%8C%E5%A0%B1%E5%91%8A.pdf?ran=001,https://www.avc.co/zh-tw/CorporateResponsibility/CorporateCSR
10974,健康檢查：公司優於法規規定下，每年度為員工提供免費健康檢查及特別危害健康作業人員之特殊健康檢查，針對健康檢查結果進行統計分析可能致病因子，依照健康風險管理實施分級，追蹤高風險健康族群，推動職場健康促進與職業病預防，提供員工全方位醫療保健服務。2024 年度新增特殊檢項目及最近三年健康檢查類別項目與參與人數如下表：,S,Yes,推動職場健康促進與職業病預防，提供員工全方位醫療保健服務。,longer_than_5_years,Yes,每年度為員工提供免費健康檢查及特別危害健康作業人員之特殊健康檢查，針對健康檢查結果進行統計分析可能致病因子，依照健康風險管理實施分級，追蹤高風險健康族群，,Clear,largan,3008,86,https://hsxn1sjvkgtdpixe.public.blob.vercel-storage.com/largan_3008_page_86.pdf,https://www.largan.com.tw/tw/esg
11522,本公司及各子公司致力於打擊現代奴役，遵守勞動法規，提供平等就業機會，反對歧視、騷擾和剝削，尊重員工隱私與結社自由，在所有營運據點皆遵照當地勞動法規，也會定期收集員工意見與反饋，改善工作環境和福利待遇。除自我要求之外，也確保供應商符合相關要求。,S,Yes,本公司及各子公司致力於打擊現代奴役，遵守勞動法規，提供平等就業機會，反對歧視、騷擾和剝削，尊重員工隱私與結社自由，,between_2_and_5_years,Yes,在所有營運據點皆遵照當地勞動法規，也會定期收集員工意見與反饋，改善工作環境和福利待遇。除自我要求之外，也確保供應商符合相關要求。,Not Clear,fpc,1301,124,https://www.fpg.com.tw/uploads/images/ESG/%E5%8F%B0%E5%A1%912024%E5%B9%B4%E6%B0%B8%E7%BA%8C%E5%A0%B1%E5%91%8A%E6%9B%B8.pdf,https://www.fpg.com.tw/esg/tw/download
90111,每年定期以風險評估篩選出需進行調查的供應商範圍，利用過去公開媒體報導與網路搜尋結果自行匯整之『負面新聞觀察名單』，僅將曾被具名指涉涉及衝突礦產的冶煉廠列為高風險，其餘未出現在搜尋結果中的冶煉廠統一納入合規，且未交叉比對 RMI 或其他公信機構之最新合格與高風險冶煉廠清單。2024 年公司在統計供應商回覆時，只要冶煉廠名稱未出現在負面新聞觀察名單中，即自動歸類為『合格冶煉廠』並納入總數 201 家之內，相關說明中則將『未查得負面新聞』表述為『已通過國際標準審核』，並以此推論公司已在源頭完全扼制衝突礦產風險，而未揭露此判斷並無任何第三方稽核或現場查驗作為佐證。,S,Yes,每年定期以風險評估篩選出需進行調查的供應商範圍，利,longer_than_5_years,Yes,利用過去公開媒體報導與網路搜尋結果自行匯整之『負面新聞觀察名單』，僅將曾被具名指涉涉及衝突礦產的冶煉廠列為高風險，其餘未出現在搜尋結果中的冶煉廠統一納入合規，且未交叉比對 RMI 或其他公信機構之最新合格與高風險冶煉廠清單。2024 年公司在統計供應商回覆時，只要冶煉廠名稱未出現在負面新聞觀察名單中，即自動歸類為『合格冶煉廠』並納入總數 201 家之內，相關說明中則將『未查得負面新聞』表述為『已通過國際標準審核』，並以此推論公司已在源頭完全扼制衝突礦產風險，而未揭露此判斷並無任何第三方稽核或現場查驗作為佐證。,Misleading,accton,2345,71,https://hsxn1sjvkgtdpixe.public.blob.vercel-storage.com/accton_2345_page_71.pdf,https://www.accton.com.tw/esg-documents/
10007,"統一超商積極透過推動綠色採購管理設備、耗材與建材，選擇綠建材進行門市裝修並採購取得節能標章、環保標章或驗證或具有實際環保效益的設備與耗材應用於門市，2023 年擴大範圍率通路之先全面採用「FSC 森林永續認證」咖啡紙杯，採購金額為 617,979 仟元，相較 2023 年成長近 2 倍，在維持營運順暢與服務品質的同時，也降低消耗天然資源與環境負面影響。我們 2024 年綠色採購總金額達 27.82 億元，佔統一超商整年度採購總金額達 20.73%，達成原定年度採購佔比達 15% 之目標，並將 2025 年目標設定提高至 18%。",E,Yes,統一超商積極透過推動綠色採購管理設備、耗材與建材，選擇綠建材進行門市裝修並採購取得節能標章、環保標章或驗證或具有實際環保效益的設備與耗材應用於門市，,between_2_and_5_years,Yes,"2023 年擴大範圍率通路之先全面採用「FSC 森林永續認證」咖啡紙杯，採購金額為 617,979 仟元，相較 2023 年成長近 2 倍，在維持營運順暢與服務品質的同時，也降低消耗天然資源與環境負面影響。我們 2024 年綠色採購總金額達 27.82 億元，佔統一超商整年度採購總金額達 20.73%，達成原定年度採購佔比達 15% 之目標，並將 2025 年目標設定提高至 18%。",Clear,pcsc,2912,42,https://hsxn1sjvkgtdpixe.public.blob.vercel-storage.com/pcsc_2912_page_42.pdf,https://www.7-11.com.tw/Company/esg/reports.aspx
11265,為協助技職學子在求學階段提前瞭解半導體設備及廠務相關工作，台積公司自民國 112 年起與 3 所高工學校合作推動「營運組織設備星芒計畫」，透過校園分享會、企業參訪與獎助學金等方式，培養學子擁有設備機台改造與廠務工程所需的實作技能，激發持續學習並投身半導體產業的興趣，進而擴大產業人才庫。民國 113 年參與學生達 218 人次，歷年總計 327 人次。,S,Yes,透過校園分享會、企業參訪與獎助學金等方式，培養學子擁有設備機台改造與廠務工程所需的實作技能，激發持續學習並投身半導體產業的興趣，進而擴大產業人才庫。,already,Yes,台積公司自民國 112 年起與 3 所高工學校合作推動「營運組織設備星芒計畫」， ｜ 民國 113 年參與學生達 218 人次，歷年總計 327 人次。,Clear,tsmc,2330,63,https://esg.tsmc.com/zh-Hant/resources/ESG-data-hub?tab=reportbuilder,https://esg.tsmc.com/zh-Hant/resources/ESG-data-hub?tab=reportbuilder
11852,玉山銀行於 2024 年擔任國際投資人 K 集團 149MW 太陽光電暨 20MW/80MWh 儲能系統聯貸案的共同主辦行 (MLA) 及綠色貸款協調銀行 (Green Loan Coordinator)，案場座落於臺灣中部填海造陸之內海潮間帶，不僅是國內少見的水面型太陽光電，更是首件結合光電與儲能系統的政府標案，也因其位處天然航道與漁民捕魚養蚵區，開發過程充分照顧利害關係人意見，與當地漁業組織達成協議，保留部份天然航道，讓臺灣再生能源開發與在地生態環境得以共存共榮。,E,No,,,,,,esfh,2884,76,https://www.esunfhc.com/zh-tw/-/media/ESUNFHC/Files/CSR/FHC-CSR-Report/2024-Sustainability-ReportChinese.pdf,https://www.esunfhc.com/zh-tw/esg/resource-center/report
10331,為鞏固誠信經營之企業文化，國泰金控制定《誠信經營政策暨守則》、《誠信經營作業程序及行為指南》及《員工行為守則》政策，要求同仁遵守內部相關規範以及禁止不誠信行為，且須以合法方式參與公共事務。國泰長期參與公會與協會，國泰金控李長庚總經理現任「中華民國銀行商業同業公會全國聯合會」常務理事、「台北市銀行商業同業公會」理事；國泰人壽劉上旗總經理現任「中華民國人壽保險商業同業公會」常務監事；國泰世華銀行郭明鑑董事長現任「中華民國銀行商業同業公會全國聯合會」監事，積極促進產業與政府合作，研擬相關政策。國泰金控暨子公司公協會參與情形請詳見附錄表 33。,G,Yes,為鞏固誠信經營之企業文化，,already,Yes,國泰金控制定《誠信經營政策暨守則》、《誠信經營作業程序及行為指南》及《員工行為守則》政策，要求同仁遵守內部相關規範以及禁止不誠信行為，且須以合法方式參與公共事務。 ｜ 國泰長期參與公會與協會，國泰金控李長庚總經理現任「中華民國銀行商業同業公會全國聯合會」常務理事、「台北市銀行商業同業公會」理事；國泰人壽劉上旗總經理現任「中華民國人壽保險商業同業公會」常務監事；國泰世華銀行郭明鑑董事長現任「中華民國銀行商業同業公會全國聯合會」監事，積極促進產業與政府合作，研擬相關政策。,Clear,cathay,2882,180,https://hsxn1sjvkgtdpixe.public.blob.vercel-storage.com/cathay_2882_page_180.pdf,https://www.cathayholdings.com/holdings/esg/reports/reports_download
11689,2025 年，瑞昱將依「瑞昱慈善公益暨共好永續三年期 (2024-2026) 計劃」所指引之項目專案計劃，繼續關注偏鄉閱讀教育資源議題，永續推動知識學習、帶領孩子培養閱讀習慣，拓展多元視野、啟發智能發展和快樂學習成長。,S,Yes,2025 年，瑞昱將依「瑞昱慈善公益暨共好永續三年期 (2024-2026) 計劃」所指引之項目專案計劃，繼續關注偏鄉閱讀教育資源議題，永續推動知識學習、帶領孩子培養閱讀習慣，拓展多元視野、啟發智能發展和快樂學習成長。,within_2_years,No,,,rt,2379,153,https://www.realtek.com/images/csr/2024.pdf,https://www.realtek.com/Article/Index?menu_id=912&lang=zh-TW
11955,為實現廢棄物有效管理，廣達積極導入國際認證標準，逐步於各廠區推動「零廢棄物填埋計畫」。該計畫書採用全球公認的UL ECVP 2799 Zero Waste to Landfill標準作為指引，強調所有廠棄物流向的透明化與可追溯性，並須經過嚴格的合規管理、現場查驗與第三方稽核，確認其皆已透過回收、再利用或轉化方式處理，非以掩埋方式終結其生命週期。當廢棄物整體轉化率達80%以上時，企業始可取得認證。本公司於2024年成功推動多廠區取得認證，QCI、QSMC與QCMC取得鉑金級認證（轉化率100%），QMB取得銀級認證。未来，廣達將持續朝向全廠區全面達成零廢棄物填埋目標邁進，打造符永續發展願景的典範。,E,Yes,廣達積極導入國際認證標準，逐步於各廠區推動「零廢棄物填埋計畫」。 ｜ 未来，廣達將持續朝向全廠區全面達成零廢棄物填埋目標邁進，打造符永續發展願景的典範。,between_2_and_5_years,Yes,本公司於2024年成功推動多廠區取得認證，QCI、QSMC與QCMC取得鉑金級認證（轉化率100%），QMB取得銀級認證。,Clear,qci,2382,100,https://www.quantatw.com/quanta/ESG/CH/Quanta_ESG_CN_2024.pdf,https://www.quantatw.com/quanta/chinese/esg/csrreport.aspx
10555,監理壓力增加：各國政府和國際組織提高對金融機構之監理要求，如全球報告倡議組織 (GRI) 發布「GRI 101: 生物多樣性 2024」，並於 2026/1/1 正式生效，促使金融機構採取自然行動；國際永續發展標準委員會 (ISSB) 已經著手制定揭露標準草案 (IFRS S3)，將自然相關揭露納入框架中；自然相關財務揭露工作小組 (TNFD) 已於 2023 年 9 月發布指引，強調企業需揭露自然相關風險和機會，及對生物多樣性影響。兆豐需加強內部相關人員專業知識，並長期持續性的培訓和成本投入。,G,Yes,兆豐需加強內部相關人員專業知識，並長期持續性的培訓和成本投入。,longer_than_5_years,No,,,mega,2886,45,https://hsxn1sjvkgtdpixe.public.blob.vercel-storage.com/mega_2886_page_45.pdf,https://esg.megaholdings.com.tw/frontend/Download
11264,能元超商專注用電大戶需求，提供涵蓋「綠電供應－儲能調度－碳管理」整合型能源服務，打造超商般的銷售體驗，提供發電業者便利上架的綠電銷售平台；提供AI綠電最佳化匹配，為客戶規劃低餘電與高綠電使用效益之綠電布局，同時活化客戶閒置電力資源，代理參與台電電力交易，協助企業穩定電費結構並創造額外收益。並透過「線上綠電顧問」平台，運用大數據即時媒合多元綠電來源，提升採購效率，未來亦將導入「綠電＋碳管理」整合服務，透過中長期PPA鎖定電價，預測碳費負擔，有效控管能源與碳費成本。,E,Yes,能元超商專注用電大戶需求，提供涵蓋「綠電供應－儲能調度－碳管理」整合型能源服務，打造超商般的銷售體驗，提供發電業者便利上架的綠電銷售平台； ｜ 提供AI綠電最佳化匹配， ｜ 並透過「線上綠電顧問」平台，運用大數據即時媒合多元綠電來源，提升採購效率， ｜ 未來亦將導入「綠電＋碳管理」整合服務，透過中長期PPA鎖定電價，預測碳費負擔，有效控管能源與碳費成本。,between_2_and_5_years,Yes,為客戶規劃低餘電與高綠電使用效益之綠電布局，同時活化客戶閒置電力資源，代理參與台電電力交易，協助企業穩定電費結構並創造額外收益。,Not Clear,tcc,1101,112,https://media.taiwancement.com/web_tcc/comm/pdf/Sustainability_Report/2024/TW/%E5%8F%B0%E6%B3%A52024%E5%B9%B4%E6%B0%B8%E7%BA%8C%E5%A0%B1%E5%91%8A%E6%9B%B8.pdf,https://www.tccgroupholdings.com/tw/esgReport.html
11358,全球暖化不僅改變生態環境，極端氣候情頻傳更對人類生存造成威脅，若持續漠視眼前的危機、毫無節制地耗用各項資源，將使氣候變遷加劇，最終導致不可挽回的生態浩劫。為減緩氣候變遷影響，本集團積極管理溫室氣體排放，致力加入全球升溫控制在 1.5℃內的行列，以 2021 年首次完成國內外全據點通過「ISO 14064-1 溫室氣體盤查」之查證結果作為基準年，設定科學基礎減碳目標 (SBT)，並於 2023 年通過目標審查。本集團自身營運面 ( 範疇一加範疇二 ) 於 2032 年絕對排放量相較基準年 ( 2021 年 ) 減少 50.4%，平均每年減少 4.58%，2030 年減量目標為較 2021 年減少 41.24%，2024 年減量目標為較 2021 年減少 13.75%。,E,Yes,為減緩氣候變遷影響，本集團積極管理溫室氣體排放， 致力加入全球升溫控制在 1.5℃內的行列，,more_than_5_years,Yes,設定科學基礎減碳目標 (SBT)，並於 2023 年通過目標審查。,Clear,tcfhc,5880,50,https://esg.tcfhc.com.tw/uploads/download_item/download_file_zh/14/2024_ESG_REPORT_zh.pdf,https://esg.tcfhc.com.tw/report-download/
11057,聯電持續執行水車及自主節水 (含 U water) 以及認購再生水與海淡水，2024 年投入成本約 14.7 百萬 / 年，預估三年內每年成本 >20 百萬 / 年，十年內每年成本 >80 百萬 / 年；此財務值僅計算再生水的增加成本註及水車的合約費用。,E,Yes,聯電持續執行水車及自主節水 (含 U water) 以及認購再生水與海淡水，2024 年投入成本約 14.7 百萬 / 年，預估三年內每年成本 >20 百萬 / 年，十年內每年成本 >80 百萬 / 年；此財務值僅計算再生水的增加成本註及水車的合約費用。,already,Yes,2024  ｜ 年投入成本約  ｜ 年投 ｜ 14.7  ｜ 百萬  ｜ 百萬  ｜ 百萬  ｜ /  ｜ /  ｜ /  ｜ 年，預估三年內每年成本  ｜ 年， ｜ 年內 ｜ 年成 ｜ 百萬  ｜ 百萬  ｜ 百萬  ｜ /  ｜ /  ｜ /  ｜ 年，十年內每年成本  ｜ 年， ｜ 年內 ｜ 年成 ｜ 百萬  ｜ 百萬  ｜ 百萬  ｜ /  ｜ /  ｜ /  ｜ 年；,Clear,umc,2303,59,https://www.umc.com/upload/media/07_Sustainability/72_Reports_and_Results/1_Corporate_Sustainability_Reports/CSR_Reports/CS_Reort_chinese_pdf/2024_CSR_report_chi/UMC-2024-CH-elink.pdf,https://www.umc.com/zh-TW/Download/corporate_sustainability_reports
11914,台灣大基金會「以科技擁抱愛」精神，賦能科技教育，早於課綱加入科技教育前兩年，自2017年啟動兩階段的「Coding Fun偏鄉玩程式」，透過5G MR智慧教學、自走車、3D列印、APP遊戲設計、無人機等暑期營隊課程，啟發偏鄉學生程式概念。2024年首度納入生成式AI工具教學，以跨領域的多元教材激發孩子們對於科技學習的想像力與好奇心，讓偏鄉教育突破限制，持續投入科技資源培育未來人才，陪伴孩子用程式翻轉未來！,S,Yes,讓偏鄉教育突破限制，持續投入科技資源培育未來人才，,already,Yes,2017年啟動兩階段的「Coding Fun偏鄉玩程式」，透過5G MR智慧教學、自走車、3D列印、APP遊戲設計、無人機等暑期營隊課程，啟發偏鄉學生程式概念,Clear,twm,3045,83,https://corp.taiwanmobile.com/pdf/2024_C_ESG.pdf,https://corp.taiwanmobile.com/esg/esg-report.html
10384,長榮航空應用風險管理的方法論，經由空地勤安全教育與訓練的全面推廣，培養同仁安全意識、情境認知及落實標準的執行力，以「積極主動」及「前瞻預測」的態度來掌握作業及系統面的危害，並在第一時間採行有效的風險緩解措施以管控風險。在 SMS 的實務作業上，長榮航空推動「七化運動」作為全體同仁執行 SMS 的作業邏輯，闡述法規、政策、程序、文件、標準、行動、結果等七個執行階段的關聯，以期各項作業結果都能達成組織既定的目標。,S,Yes,長榮航空應用風險管理的方法論，經由空地勤安全教育與訓練的全面推廣，培養同仁安全意識、情境認知及落實標準的執行力，以「積極主動」及「前瞻預測」的態度來掌握作業及系統面的危害，並在第一時間採行有效的風險緩解措施以管控風險。在,between_2_and_5_years,Yes,在 SMS 的實務作業上，長榮航空推動「七化運動」作為全體同仁執行 SMS 的作業邏輯，闡述法規、政策、程序、文件、標準、行動、結果等七個執行階段的關聯，以期各項作業結果都能達成組織既定的目標。,Clear,emc,2603,60,https://hsxn1sjvkgtdpixe.public.blob.vercel-storage.com/emc_2603_page_60.pdf,https://www.evacsr.com/
11673,智邦、鈺登、越南智邦近年來積極參與校園徵才與實習說明會活動，期望透過該活動與年輕學子分享公司之核心價值與企業文化，並協助年輕學子探索未來職涯，透過面對面的校園徵才與實習說明會活動吸引優秀人才加入。2024 年度共參加 8 場校園徵才活動，並與新竹縣政府攜手合作「數位創新青年培育計畫」，共 8 名學生參與此計畫。透過實習計畫的推廣，提供豐富多元實習體驗與儲備優秀人才，表現優異之學子亦可優先獲得轉正機會，促成雙贏局勢。,S,Yes,智邦、鈺登、越南智邦近年來積極參與校園徵才與實習說明會活動， ｜ 並協助年輕學子探索未來職涯，,already,Yes,2024 年度共參加 8 場校園徵才活動，並與新竹縣政府攜手合作「數位創新青年培育計畫」，共 8 名學生參與此計畫。透過實習計畫的推廣，提供豐富多元實習體驗與儲備優秀人才，表現優異之學子亦可優先獲得轉正機會，促成雙贏局勢。,Clear,accton,2345,107,https://www.accton.com.tw/wp-content/uploads/2025/06/Accton-2024ESG-CH.pdf,https://www.accton.com.tw/esg-documents/
10394,"為了達成巴黎協定將升溫幅度控制在工業化前平均水準的攝氏1.5度內的目標，凱基金控已於2016年簽署加入碳揭露專案(Carbon Disclosure Project, CDP)，2018年12月正式簽署氣候相關財務揭露(Task Force on Climate-related Financials Disclosures, TCFD)，遵循該揭露架構，包含治理、策略、風險管理、指標與目標等四大核心要素，並於2021年承諾2045年達到全資產淨零碳排的目標。凱基銀行於2022年2月簽署加入「碳核算金融聯盟」(Partnership for Carbon Accounting Financials, PCAF)，積極導入國際投融資碳排管理標準；凱基證券2023年簽署國際組織綠色和平發起的「RE10x10氣候宣言」。凱基金控在2024年8月正式加入「自然相關財務揭露工作小組」(Taskforce on Nature-related Financial Disclosures, TNFD)，成為TNFD Adopters一員。此外，凱基金控於2025年3月通過科學基礎減量目標倡議(SBTi)審核減碳目標，正式承諾全球營運據點及投融資部位的減碳目標，未來將發揮金融影響力，攜手客戶共同推動淨零減碳。",E,Yes,為了達成巴黎協定將升溫幅度控制在工業化前平均水準的攝氏1.5度內的目標， ｜ 於2021年承諾2045年達到全資產淨零碳排的目標。 ｜ 正式承諾全球營運據點及投融資部位的減碳目標，未來將發揮金融影響力，攜手客戶共同推動淨零減碳。,longer_than_5_years,Yes,"簽署加入碳揭露專案(Carbon Disclosure Project, CDP)， ｜ 2018年12月正式簽署氣候相關財務揭露(Task Force on Climate-related Financials Disclosures, TCFD)， ｜ 於2022年2月簽署加入「碳核算金融聯盟」(Partnership for Carbon Accounting Financials, PCAF)， ｜ 凱基證券2023年簽署國際組織綠色和平發起的「RE10x10氣候宣言」。 ｜ 在2024年8月正式加入「自然相關財務揭露工作小組」(Taskforce on Nature-related Financial Disclosures, TNFD)，成為TNFD Adopters一員。 ｜ 凱基金控於2025年3月通過科學基礎減量目標倡議(SBTi)審核減碳目標，",Clear,kgi,2883,18,https://hsxn1sjvkgtdpixe.public.blob.vercel-storage.com/kgi_2883_page_18.pdf,https://www.kgi.com/zh-tw/esg
10182,世芯電子之「公司治理實務守則」已明訂董事會成員組成應考量多元化，且不限制性別、年齡、國籍及文化，除應具備執行業務所必需之條件，為達到公司治理之理想目標，董事會整體應具備包括營運判斷能力、會計及財務分析能力、經營管理能力、危機處理能力、產業知識、國際市場觀、領導能力與決策能力等多元化專業背景。,G,Yes,達到公司治理之理想目標，,between_2_and_5_years,Yes,董事會整體應具備包括營運判斷能力、會計及財務分析能力、經營管理能力、危機處理能力、產業知識、國際市場觀、領導能力與決策能力等多元化專業背景。,Not Clear,alchip,3661,35,https://hsxn1sjvkgtdpixe.public.blob.vercel-storage.com/alchip_3661_page_35.pdf,https://www.alchip.com/tw/About_Alchip/esg
11442,身為金管會永續金融先行者聯盟成員，第一金控戮力導入PCAF財務碳盤查及SBTi減碳路徑，金控及旗下子公司完成海內外全數營運據點溫室氣體盤查，且自2023年起遵循科學基礎減碳目標(SBT)，以升溫控制在1.5℃情境下，訂定集團範疇一及範疇二總碳排放量每年須較基準年(2022年)減量4.85%之減碳目標，並加入「碳核算金融聯盟」(PCAF)及科學基礎減量目標倡議(SBTi)，採用PCAF建議之方法學盤查範疇三投融資財務碳排放量，再依據盤查結果訂定重大投融資業務之短、中、長期減碳目標，已於2024年6月正式獲SBTi審查通過，並據以執行，同時建立投融資業務脫碳機制，針對煤炭開採之企業融資、興建燃煤電廠之專案融資(屬減碳轉型者除外)及非典型油氣營收占比逾一定比重之重企業融資案件，承諾不再承作新案或既有案件之增貸，預計2030年前部位歸零，且公開承諾不再新增投資於「無轉型計畫之高碳排企業」、「煤炭業務營收占比逾25%」及「非典型油氣業務營收占比逾10%」之企業，並已於2024年全面汰除此類企業之既有部位。,E,Yes,第一金控戮力導入PCAF財務碳盤查及SBTi減碳路徑，金控及旗下子公司完成海內外全數營運據點溫室氣體盤查，且自2023年起遵循科學基礎減碳目標(SBT)，以升溫控制在1.5℃情境下，訂定集團範疇一及範疇二總碳排放量每年須較基準年(2022年)減量4.85%之減碳目標，並加入「碳核算金融聯盟」(PCAF)及科學基礎減量目標倡議(SBTi)，採用PCAF建議之方法學盤查範疇三投融資財務碳排放量，再依據盤查結果訂定重大投融資業務之短、中、長期減碳目標， ｜ 預計2030年前部位歸零，且公開承諾不再新增投資於「無轉型計畫之高碳排企業」、「煤炭業務營收占比逾25%」及「非典型油氣業務營收占比逾10%」之,already,Yes,已於2024年6月正式獲SBTi審查通過，並據以執行，同時建立投融資業務脫碳機制，針對煤炭開採之企業融資、興建燃煤電廠之專案融資(屬減碳轉型者除外)及非典型油氣營收占比逾一定比重之重企業融資案件，承諾不再承作新案或既有案件之增貸， ｜ 並已於2024年全面汰除此類企業之既有部位。,Clear,ffhc,2892,4,https://csr.firstholding.com.tw/tc/doc/reports/20251631443101222245124_tc.pdf,https://csr.firstholding.com.tw/tc/csr_report.html
11516,大立光重視「誠信正直」的價值，且本於廉潔、透明及負責之經營理念，訂定「誠信經營守則暨檢舉申訴辦法」，協助公司建立誠信經營之企業文化及健全發展，良好商業之運作。以最高的從業道德標準自我要求，規範對象從公司董事、管理階層到受僱人等，由上而下身體力行，要求所有人以誠信作為執行職務的基本原則，嚴格禁止任何貪瀆、賄賂等不當得利行為。本公司設置隸屬董事會之推動企業誠信經營專職單位，由法務及稽核單位組成誠信經營推動小組，共同負責誠信經營政策與防範方案之修訂及監督執行，每年一次向董事會報告其執行情形，為防止利益衝突政策、提供適當陳述管道，於 2016 年訂定《誠信經營守則暨申訴檢舉辦法》。,G,Yes,訂定「誠信經營守則暨檢舉申訴辦法」，協助公司建立誠信經營之企業文化及健全發展，良好商業之運作。 ｜ 以最高的從業道德標準自我要求，規範對象從公司董事、管理階層到受僱人等，,already,Yes,求所有人以誠信作為執行職務的基本原則，嚴格禁止任何貪瀆、賄賂等不當得利行為。,Clear,largan,3008,25,https://www.largan.com.tw/tw/tool-download/esg_1_files/file/19/2024%E5%B9%B4ESG%E6%B0%B8%E7%BA%8C%E5%A0%B1%E5%91%8A%E6%9B%B8?note=,https://www.largan.com.tw/tw/esg
10717,萬海營運場所除了定期辦理年度消防設備檢修申報，每半年安排消防講習及緊急應變相關演練，透過成立消防任務編組，邀請各區消防隊員擔任講師進行演練，落實警報、滅火、疏散等標準應變流程，模擬意外事故發生時，迅速疏散員工，在連續假期間，與大樓物業保持緊密聯繫進行防備。,S,Yes,萬海營運場所除了定期辦理年度消防設備檢修申報，每半年安排消防講習及緊急應變相關演練，透過成立消防任務編組，邀請各區消防隊員擔任講師進行演練，,longer_than_5_years,Yes,落實警報、滅火、疏散等標準應變流程，模擬意外事故發生時，迅速疏散員工，在連續假期間，與大樓物業保持緊密聯繫進行防備。,Clear,wanhai,2615,84,https://hsxn1sjvkgtdpixe.public.blob.vercel-storage.com/wanhai_2615_page_84.pdf,https://esg.wanhai.com/wanhai/download?d=503295611635b4bd41da85
10063,第一銀行持續提升身心障礙及外籍客戶使用ATM之便利性，2024年底全台共計543台ATM符合輪椅客戶使用，其中符合無障礙環境(如坡道等)之ATM有523台(含容膝ATM5台)，又有232台為提供視障民眾使用之語音ATM，並已新增存款功能，視障民眾可透過耳機插座插入耳機，進入無障礙語音模式，各項操作位置設有點字說明，供其觸覺清楚辨識，並藉由語音引導視障民眾按步驟操作，讓視障民眾不借助他人即可自行操作ATM完成所需交易或查詢；2023年已完成現有ATM之多國語言服務布建，新增日語、越南語、印尼語及泰國語等介面，提升金融服務之包容性。,S,Yes,持續提升身心障礙及外籍客戶使用ATM之便利性， ｜ 提升金融服務之包容性。,already,Yes,2024年底全台共計543台ATM符合輪椅客戶使用，其中符合無障礙環境(如坡道等)之ATM有523台(含容膝ATM5台)，又有232台為提供視障民眾使用之語音ATM，並已新增存款功能，視障民眾可透過耳機插座插入耳機，進入無障礙語音模式，各項操作位置設有點字說明，供其觸覺清楚辨識，並藉由語音引導視障民眾按步驟操作，讓視障民眾不借助他人即可自行操作ATM完成所需交易或查詢；2023年已完成現有ATM之多國語言服務布建，新增日語、越南語、印尼語及泰國語等介面，,Clear,ffhc,2892,90,https://hsxn1sjvkgtdpixe.public.blob.vercel-storage.com/ffhc_2892_page_90.pdf,https://csr.firstholding.com.tw/tc/csr_report.html
11667,企業永續發展委員會每兩年討論氣候議題，掌握國際研究報告、產業趨勢、企業內外部調查，鑑別出短、中、長期氣候變遷可能對企業營運產生的風險與機會項目。相關機制建構除了靈活掌握氣候風險與機會，未來也將持續強化與財務資訊連結，以預先佈署相對應的因應能力。,G,Yes,企業永續發展委員會每兩年討論氣候議題，掌握國際研究報告、產業趨勢、企業內外部調查，鑑別出短、中、長期氣候變遷可能對企業營運產生的風險與機會項目。相關機制建構除了靈活掌握氣候風險與機會，未來也將持續強化與財務資訊連結，以預先佈署相對應的因應能力。 ｜ 企業永續發展委員會每兩年討論氣候議題，掌握國際研究報告、產業趨勢、企業內外部調查， ｜ 未來也 將持續強化與財務資訊連結，以預先佈署相對應的因應能力。,more_than_5_years,No,,,ltc,2301,64,https://www.liteon.com/upload/media/report_over_20mb/%E3%80%90CH%E3%80%9120250804_%E5%85%89%E5%AF%B6%E7%A7%91%E6%8A%80_ESG_Final.pdf,https://www.liteon.com/zh-tw/esgoverview/esg-overview
10908,本公司與工商時報邀請諸多產學界專業人士合辦 ESG 高峰論壇，共同探討金融業除自身永續發展及金融轉型外，更需運用其影響力帶領投融資企業共同重視 ESG 議題，主管機關持續關注國際永續趨勢，整合資源協助企業更有系統地轉型。,S,No,,,,,,yuanta,2885,30,https://hsxn1sjvkgtdpixe.public.blob.vercel-storage.com/yuanta_2885_page_30.pdf,https://www.yuanta.com/TW/ESG/ESG-Report
11051,身為專業的DMS(設計、製造、服務)代工廠，和碩秉持以符合經濟、社會及生態三者永續經營為方針的設計構想，除了設計創新、高科技的電子產品外，亦朝著永續發展的方向前進。在因應全球暖化與能資源匱乏的議題上，我們重視產品及服務在生命週期內對使用者安全與健康的影響，致力於產品能能源效率之提升。而為了降低對環境的衝擊，除依據國際環保法規以及客戶要求，對有害化學物質加以控管外，也在產品材質上使用可再生及可回收之物質，以期降低或消除產品設計及製造中各階段對健康及安全可能產生的負面影響。,E,Yes,亦朝著永續發展的方向前進。在因應全球暖化與能資源匱乏的議題上，我們重視產品及服務在生命週期內對使用者安全與健康的影響，致力於產品能能源效率之提升。 ｜ 而為了降低對環境的衝擊， ｜ 以期降低或消除產品設計及製造中各階段對健康及安全可能產生的負面影響。,between_2_and_5_years,Yes,除依據國際環保法規以及客戶要求，對有害化學物質加以控管外，也在產品材質上使用可再生及可回收之物質，,Not Clear,pegatron,4938,36,https://www.pegatroncorp.com/media/20250826083546321_2024_CSR_ZH.pdf,https://www.sustaihub.com/reports/%E5%92%8C%E7%A2%A9%E8%81%AF%E5%90%88%E7%A7%91%E6%8A%80%E8%82%A1%E4%BB%BD%E6%9C%89%E9%99%90%E5%85%AC%E5%8F%B8/e7bdbbd6-7493-401d-a2a2-b39b95a19700/
11401,本公司秉持壽險以人為本的精神，以本業結合 ESG，推動多面向金融商品及服務，並透過官網及社群平台等管道推廣，期攜手客戶及社會大眾共同守護健康、促進環境永續。,S,Yes,本公司秉持壽險以人為本的精神， ｜ 期攜手客戶及社會大眾共同守護健康、促進環境永續。,between_2_and_5_years,Yes,以本業結合 ESG，推動多面向金融商品及服務，並透過官網及社群平台等管道推廣，,Not Clear,fubon,2881,86,https://esg.fubonlife.com.tw/esg-report,https://esg.fubonlife.com.tw/esg-report
11462,本集團透過多元商品及服務帶動客戶推動永續發展，如：元大證券承銷國內首檔可持續發展連結轉換公司債 (SLCB)，發揮永續金融影響力；元大證券、元大投信與重點投資企業議合，促進議合企業展現具體的氣候因應行動並強化氣候韌性，如：積極響應國際自然保護聯盟、訂定維護生物多樣性相關規範、及評估設置淨零目標等。,S,Yes,本集團透過多元商品及服務帶動客戶推動永續發展，,already,Yes,元大證券承銷國內首檔可持續發展連結轉換公司債 (SLCB)，發揮永續金融影響力；元大證券、元大投信與重點投資企業議合，促進議合企業展現具體的氣候因應行動並強化氣候韌性，如：積極響應國際自然保護聯盟、訂定維護生物多樣性相關規範、及評估設置淨零目標等。,Clear,yuanta,2885,4,https://www.yuanta.com/Files/TCFDReport/2024/TW/2024TCFD_Report_TC.pdf,https://www.yuanta.com/TW/ESG/ESG-Report
10594,2024 年無創新研發與專利佈局相關實際負面衝擊。創新研發與專利佈局是瑞昱能持續保有競爭力的關鍵之一，若無完善的智財佈局及知識產權保護策略，可能出現訴訟爭議，影響產品上市與客戶服務，以及造成公司獲利能力下降等情況。2024年瑞昱無相關負面衝擊影響。,S,No,,,,,,rt,2379,59,https://hsxn1sjvkgtdpixe.public.blob.vercel-storage.com/rt_2379_page_59.pdf,https://www.realtek.com/Article/Index?menu_id=912&lang=zh-TW
11228,依據「風險管理政策與指導準則」訂定「氣候風險管理準則」，將氣候風險納入現有風險管理架構，同時將氣候風險與機會相關議題融入業務、策略及財務規畫中，並適用於本集團。根據本公司「風險管理政策與指導準則」，董事會為整體風險管理之最終承擔者，並明訂本公司及各子公司應建立風險辨識、衡量、監督及控管程序。高階管理者與風險控管單位分別負責監督及執行風險管理政策，並依規陳報執行情形。依循內部控制 3 道防線劃分明確氣候管理之權責歸屬，以發揮治理效能。,E,Yes,依據「風險管理政策與指導準則」訂定「氣候風險管理準則」，將氣候風險納入現有風險管理架構，同時將氣候風險與機會相關議題融入業務、策略及財務規畫中，並適用於本集團。,already,Yes,根據本公司「風險管理政策與指導準則」，董事會為整體風險管理之最終承擔者，並明訂本公司及各子公司應建立風險辨識、衡量、監督及控管程序。高階管理者與風險控管單位分別負責監督及執行風險管理政策，並依規陳報執行情形。依循內部控制 3 道防線劃分明確氣候管理之權責歸屬，以發揮治理效能。,Clear,tcfhc,5880,153,https://esg.tcfhc.com.tw/uploads/download_item/download_file_zh/14/2024_ESG_REPORT_zh.pdf,https://esg.tcfhc.com.tw/report-download/
10817,萬海持續推動職業安全衛生管理系統，目前母公司營運據點均通過 ISO 45001:2018 職業安全衛生管理系統及 CNS 45001:2018 中華民國職業安全衛生管理系統認證並取得管理系統證書，每年實施內部稽核及外部稽核各 1 次。萬海船隊自 1998 年依據國際安全管理章程 ( ISM Code ) 各項要求及規範，建立、實施及維護安全管理系統。,S;G,Yes,萬海持續推動職業安全衛生管理系統，,longer_than_5_years,Yes,，目前母公司營運據點均通過 ISO 45001:2018 職業安全衛生管理系統及 CNS 45001:2018 中華民國職業安全衛生管理系統認證並取得管理系統證書，每年實施內部稽核及外部稽核各 1 次。 ｜ 萬海船隊自 1998 年依據國際安全管理章程 ( ISM Code ) 各項要求及規範，建立、實施及維護安全管理系統。,Clear,wanhai,2615,81,https://hsxn1sjvkgtdpixe.public.blob.vercel-storage.com/wanhai_2615_page_81.pdf,https://esg.wanhai.com/wanhai/download?d=503295611635b4bd41da85
10502,長期計畫：  進一步與 ERP 資料（如 Backlog、Shipment）即時同步至 Salesforce，並以多系統整合的方式呈現客戶關鍵指標（如贏單率、客戶終身價值、平均折扣、進行中的商機數量）。此舉不僅減少紙本的使用，也能精準追蹤業績表現，節約資源進而降低碳排放，體現環境面的永續理念。,G,Yes,長期計畫：,longer_than_5_years,Yes,統整合的方式呈現客戶關鍵指標（如贏單率、客戶終身價值、平均折扣、進行中的商機數量）。,Not Clear,acl,2395,86,https://hsxn1sjvkgtdpixe.public.blob.vercel-storage.com/acl_2395_page_86.pdf,https://esg.advantech.com/zh-tw/downloads/sustainability-report
10649,廣達長期以來秉持「精研電腦、加速文明」的核心使命，將永續發展視為企業策略的重要一環，積極整合ESG理念於營運系統與日常管理之中。面對氣候變遷、地緣政治風險、全球供應鏈轉型與科技快速演進等挑戰，廣達不僅持續鞏固製造實力與技術領先，更進一步強化內部治理韌性，深化跨部門橫向協作，推動環境永續、人才共融與社會參與。,E;S;G,Yes,廣達不僅持續鞏固製造實力與技術領先，更進一步強化內部治理韌性，深化跨部門橫向協作，推動環境永續、人才共融與社會參與。,between_2_and_5_years,No,,,qci,2382,10,https://hsxn1sjvkgtdpixe.public.blob.vercel-storage.com/qci_2382_page_10.pdf,https://www.quantatw.com/quanta/chinese/esg/csrreport.aspx
10405,鯨豚類為海洋哺乳動物的一種，台灣周邊海域鯨豚種類豐富，目前有紀錄的鯨豚種類約 30 種。體型大者稱為鯨魚 (Whales)，體型小者稱為海豚 (Dolphins)。緯創透過長期保育進而提升公眾對生態保護的意識和支持。,E,Yes,緯創透過長期保育進而提升公眾對生態保護的意識和支持。,longer_than_5_years,No,,,wistron,3231,51,https://hsxn1sjvkgtdpixe.public.blob.vercel-storage.com/wistron_3231_page_51.pdf,https://esg.wistron.com/ch/report-download
10026,為維護企業整體資訊安全，強化各項資訊資產安全管理，確保其機密性、完整性及可用性，以維持本公司的永續經營，本公司已訂定及公布《資訊安全管理政策》並公布於官網，其政策適用於本公司各項資訊作業、資訊資產及資訊使用者，含員工、臨時雇員、訪客與本公司有業務往來廠商（含員工、臨時雇員等）於維護、保管、使用、管理本公司資訊資產時，皆應遵守本政策。,G,Yes,為維護企業整體資訊安全， ｜ ，強化各項資訊資產安全管理，確保其機密性、完整性及可用性，,already,Yes,本公司已訂定及公布《資訊安全管理政策》並,Clear,kgi,2883,38,https://hsxn1sjvkgtdpixe.public.blob.vercel-storage.com/kgi_2883_page_38.pdf,https://www.kgi.com/zh-tw/esg
10856,合庫集團對於性別及非性別騷擾皆採取零容忍之態度。為防止性騷擾事件的發生及保護被害人權益，本公司訂定「職場性騷擾防治政策」，嚴禁員工於工作場所內任何性騷擾之行為，違者將視情節輕重予以議處，另除張貼「免於性騷擾」廣告文宣外，更成立「性騷擾申訴評議委員會」，由外部專家委員以專業及超然立場處理性騷擾申訴案件；此外，也設立性騷擾申訴專線，建構暢通的申訴管道，並以密件方式處理申訴，使員工能在免受性騷擾的環境下安心工作，確保職場之多元與公平性。,S,Yes,為防止性騷擾事件 ｜ 件的發生及保護被害人權益，本公司訂定「職場性騷擾防治政策」，嚴禁員工於工作場所內任何性騷擾之行為，,already,Yes,件的發生及保護被害人權益，本公司訂定「職場性騷擾防治政策」，嚴禁員工於工作場所內任何性騷擾之行為，違者將視情節輕重予以議處，另除張貼「免於性騷擾」廣告文宣外，更成立「性騷擾申訴評議委員會」，由外部專家委員以專業及超然立場處理性騷擾申訴案件；此外，也設立性騷擾申訴專線，建構暢通的申訴管道，並以密件方式處理申訴，,Clear,tcfhc,5880,122,https://hsxn1sjvkgtdpixe.public.blob.vercel-storage.com/tcfhc_5880_page_122.pdf,https://esg.tcfhc.com.tw/report-download/
10047,緯創新竹廠自 2020 年起重啟啟動量產模式，追求營收成長並同步優化廢棄物管理流程。積極推動源頭減量、資源循環再利用與提升回收率，另透過設備升級及參數優化，降低化學品使用。於 2024 年積極推動循環經濟，同時導入 UL2799 廢棄物零掩埋認證，踴躍參與政府活動，於 2024 年取得廢棄物減量及循環經濟成效績優企業獎 - 特優獎的殊榮。未來緯創將持續與內外部利害關係人合作，共同實踐公司的環境保護承諾。,E,Yes,未來緯創將持續與內外部利害關係人合作，共同實踐公司的環境保護承諾。,already,Yes,推動源頭減量、資源循環再利用與提升回收率 設備升級及參數優化 推動循環經濟 導入 UL2799 廢棄物零掩埋認證,Clear,wistron,3231,121,https://hsxn1sjvkgtdpixe.public.blob.vercel-storage.com/wistron_3231_page_121.pdf,https://esg.wistron.com/ch/report-download
11142,"遠傳視覺智慧城市應用為發揮核心技術驅動全球邁向低碳、綠色發展的重點,自 2017 年起,開始投入智慧路燈的應用技術開發與試驗,智慧路燈的建置除提升用路人行車安全外,更減少路燈用電及碳排量,同時也是 5G 基地台與多元加值功能站。2019 年,以 5G、物聯網環境下,結合大數據及 AI,協助桃園市率先成為全台首座全面採用智能聯網路燈的城市。2021 年遠傳加入「5G 智慧杆標準推動聯盟」,共同推動智慧共杆標準制定與各城市場域應用服務驗證,攜手走進全球 5G 智慧杆的推動。2022 年桃園智慧路燈已全數建置完成 80,541 盞,除了節省用電、減少碳排放外,同時也能為城市改善公共照明,降低夜間事故與治安問題;桃園路燈標案於 2024 年全數建置 90,490 盞,整年省了 6,075 萬度用電量,總減碳量為 30,075 公噸。也於 2024 年取得台中路燈 15 區的節能路燈換裝暨維護案,汰換 129,520 盞路燈,預估每年將可協助臺中市政府節電 5,000~6,000 萬度電及減碳 25 萬噸。",E;S,Yes,"遠傳視覺智慧城市應用為發揮核心技術驅動全球邁向低碳、綠色發展的重點,",already,Yes,"自 2017 年起,開始投入智慧路燈的應用技術開發與試驗,智慧路燈的建置除提升用路人行車安全外,更減少路燈用電及碳排量,同時也是 5G 基地台與多元加值功能站。 ｜ 2019 年,以 5G、物聯網環境下,結合大數據及 AI,協助桃園市率先成為全台首座全面採用智能聯網路燈的城市。2021 年遠傳加入「5G 智慧杆標準推動聯盟」,共同推動智慧共杆標準制定與各城市場域應用服務驗證,攜手走進全球 5G 智慧杆的推動。 ｜ 2022 年桃園智慧路燈已全數建置完成 80,541 盞,除了節省用電、減少碳排放外,同時也能為城市改善公共照明,降低夜間事故與治安問題;桃園路燈標案於 2024 年全數建置 90,490 盞,整年省了 6,075 萬度用電量,總減碳量為 30,075 公噸。也於 2024 年取得台中路燈 15 區的節能路燈換裝暨維護案,汰換 129,520 盞路燈,預估每年將可協助臺中市政府節電 5,000~6,000 萬度電及減碳 25 萬噸。",Clear,fet,4904,71,https://corporate.fetnet.net/content/corp/tw/CSR/ReportDownload.html,https://corporate.fetnet.net/content/corp/tw/CSR/ReportDownload.html
11043,和泰汽車設有集團環境管理委員會及環境設施室，透過環境保護計畫與方案的推動，實現對環保的承諾與目標。為有效管理銷售與維修服務作業可能對環境造成的負面衝擊，和泰汽車將環保理念拓展至價值鏈的夥伴，推動經銷商體系全面實施 ISO 14001 國際環境管理系統，透過內部稽核與外部審查，確保環境管理業務能適切地有效運作。和泰汽車視合規為最基本的自我要求，過去四年未發生任何環境違規事件，環保法規罰鍰金額為 0。,E,Yes,和泰汽車設有集團環境管理委員會及環境設施室，透過環境保護計畫與方案的推動，實現對環保的承諾與目標。,between_2_and_5_years,Yes,為有效管理銷售與維修服務作業可能對環境造成的負面衝擊，和泰汽車將環保理念拓展至價值鏈的夥伴，推動經銷商體系全面實施 ISO 14001 國際環境管理系統，透過內部稽核與外部審查，確保環境管理業務能適切地有效運作。,Clear,hotaimotor,2207,92,https://www.hotaimotor.com.tw/htfile/report-files/1758159596647/2024%20%E6%B0%B8%E7%BA%8C%E5%A0%B1%E5%91%8A%E6%9B%B8.pdf,https://www.hotaimotor.com.tw/Sustainability/Reports
11919,"而為因應氣候變遷對金融業造成之經營風險，第一金控依氣候變遷相關財務揭露專案小組(Task Force on Climate-Related Financial Disclosures, TCFD)發佈之「氣候相關財務揭露建議書」盤點和辨識氣候變遷對本集團營運活動造成之風險與機會，訂定減緩措施及短中長期目標，落實KPI成效追蹤，並針對氣候風險案例進行情境分析，將所造成的財務衝擊予以量化，出版2021~2024年氣候相關財務揭露(TCFD)報告書，且連續四年取得英國標準協會(BSI)「LEVEL-5+」最高等級查核聲明，並將氣候變遷風險評估結果及其抵減措施、執行情形呈報審計委員會及董事會，透過控管相關風險指標，將氣候風險管理融入業務流程，不斷調整業務策略，持續強化氣候治理。另配合IFRS永續揭露準則之導入，整合集團永續與財報資訊，以利於2026年度年報辦理S1、S2相關資訊揭露。",E,Yes,"而為因應氣候變遷對金融業造成之經營風險，第一金控依氣候變遷相關財務揭露專案小組(Task Force on Climate-Related Financial Disclosures, TCFD)發佈之「氣候相關財務揭露建議書」盤點和辨識氣候變遷對本集團營運活動造成之風險與機會，訂定減緩措施及短中長期目標， ｜ 持續強化氣候治理。另配合IFRS永續揭露準則之導入，整合集團永續與財報資訊，以利於2026年度年報辦理S1、S2相關資訊揭露。",within_2_years,Yes,落實KPI成效追蹤，並針對氣候風險案例進行情境分析，將所造成的財務衝擊予以量化，出版2021~2024年氣候相關財務揭露(TCFD)報告書，且連續四年取得英國標準協會(BSI)「LEVEL-5+」最高等級查核聲明，並將氣候變遷風險評估結果及其抵減措施、執行情形呈報審計委員會及董事會，透過控管相關風險指標，將氣候風險管理融入業務流程，不斷調整業務策略，,Clear,ffhc,2892,64,https://csr.firstholding.com.tw/tc/doc/reports/20251631443101222245124_tc.pdf,https://csr.firstholding.com.tw/tc/csr_report.html
10510,"2024 年本公司產出之事業廢棄物共 191,535 噸，其中經由分類、回收、再使用及再生利用等資源化處理措施共 159,263 噸，占總產出量達 83.2%，其餘以焚化或掩埋等方式處理之一般事業廢棄物為 30,340 噸，有害事業廢棄物 1,932 噸。",E,No,,,,,,fpc,1301,100,https://hsxn1sjvkgtdpixe.public.blob.vercel-storage.com/fpc_1301_page_100.pdf,https://www.fpg.com.tw/esg/tw/download
11165,"本行於 2024 年度辦理全體員工進行「金融友善服務措施」及「金融服務業公平待客原則」線上課程，新進員工除上述課程外，另規劃「金融消費者保護法介紹」及「服務品質與服務五心」線上課程。對於營業單位的員工，配合金管會推動「建構 2030 年無障礙金融雙語服務環境」，營造友善雙語金融服務環境，於 2024 年度安排「銀行櫃檯英語會話課程」，以提供外國客戶優質的雙語服務。另將與財團法人手語翻譯協會合作，製作「上海商業儲蓄銀行常用手語 20 招」線上課程置於線上 e 學院平台，提供同仁自主學習，以落實本行「處處為您著想，處處予您滿意」之服務理念。2024 年相關課程參與總人次達 8,914 人次。",S,Yes,以落實本行「處處為您著想，處處予您滿意」之服務理念。,already,Yes,本行於 2024 年度辦理全體員工進行「金融友善服務措施」及「金融服務業公平待客原則」線上課程，新進員工除上述課程外，另規劃「金融消費者保護法介紹」及「服務品質與服務五心」線上課程。,Clear,scsb,5876,103,https://www.scsb.com.tw/content/csr/files/csr03_a/2024report.pdf,https://www.scsb.com.tw/content/csr/csr03_a.html
10676,CIMPOR位於葡萄牙的中央實驗室正在研發新技術，規劃將營建廢棄物拆解、處理，再製成性質近似傳統混凝土的「循環混凝土」。CIMPOR也規畫推動「預先碳酸化處理(Prior Carbonation)」，應用於再生混凝土粉塵及其他副產品，以將混凝土轉化成碳匯。若以上技術順利通過大規模驗證，將開創營建廢棄物回收再利用新領域，涵蓋混凝土回收、新型輔助膠結材料及人工骨材開發。,E,Yes,若以上技術順利通過大規模驗證，將開創營建廢棄物回收再利用新領域，涵蓋混凝土回收、新型輔助膠結材料及人工骨材開發。,between_2_and_5_years,Yes,CIMPOR位於葡萄牙的中央實驗室正在研發新技術，規劃將營建廢棄物拆解、處理，再製成性質近似傳統混凝土的「循環混凝土」。CIMPOR也規畫推動「預先碳酸化處理(Prior  ｜ Carbonation)」，應用於再生混凝土粉塵及其他副產品，以將混凝土轉化成碳匯。若,Not Clear,tcc,1101,104,https://hsxn1sjvkgtdpixe.public.blob.vercel-storage.com/tcc_1101_page_104.pdf,https://www.tccgroupholdings.com/tw/esgReport.html
10955,藥華醫藥採用委託研究機構之藥品安全風險標準作業流程，並依照各國藥品安全監視相關法規訂定「藥品風險管理計畫」，總部亦依據臺灣《藥品安全監視管理辦法》設置藥品安全監視計畫，2024年完成修訂，增修涵蓋藥品安全監視作業組織圖、各作業階段流程及職責、藥品安全監視作業品質系統、藥品安全監視之人員教育訓練流程、藥品安全監視相關文件管理，以及依據藥品安全監視品質文件SOP增訂文件編號、格式及生效日期等資訊。美國、日本及其他子公司亦依照當地法規需求與否訂定「藥品風險管理計畫」。依照法規要求，藥品上市後，必須蒐集實際臨床數據，以病患長期用藥是否產生慢性副作用做為「藥物風險效益評估」之依據。即使本公司目前尚未被法規單位要求提出藥品風險管理計畫，我們仍承諾持續蒐集藥品上市國家之安全性資訊，定期更新安全性報告及評估Ropeg之風險。,S,Yes,藥華醫藥採用委託研究機構之藥品安全風險標準作業流程，並依照各國藥品安全監視相關法規訂定「藥品風險管理計畫」，總部亦依據臺灣《藥品安全監視管理辦法》設置藥品安全監視計畫，,already,Yes,2024年完成修訂，增修涵蓋藥品安全監視作業組織圖、各作業階段流程及職責、藥品安全監視作業品質系統、藥品安全監視之人員教育訓練流程、藥品安全監視相關文件管理，以及依據藥品安全監視品質文件SOP增訂文件編號、格式及生效日期等資訊。 ｜ 美國、日本及其他子公司亦依照當地法規需求與否訂定「藥品風險管理計畫」。依照法規要求，藥品上市後，必須蒐集實際臨床數據，以病患長期用藥是否產生慢性副作用做為「藥物風險效益評估」之依據。 ｜ 即使本公司目前尚未被法規單位要求提出藥品風險管理計畫，我們仍承諾持續蒐集藥品上市國家之安全性資訊，定期更新安全性報告及評估Ropeg之風險。,Clear,pec,6446,64,https://hsxn1sjvkgtdpixe.public.blob.vercel-storage.com/pec_6446_page_64.pdf,https://www.pharmaessentia-esg.com/tw/download/detail#section-1
11337,"2024年4月起每日由法國巴黎飛往臺灣桃園之航班，以及12月16日1班由韓國仁川飛往臺灣桃園之航班添加永續航空燃油，全年共計使用76,136 USG(美制加侖)，約占0.01%全年航空用油量，為歷年新高。",E,No,,,,,,emc,2603,8,https://www.evacsr.com/archive/doc/download/EVA_CSR_CH_2024.pdf,https://www.evacsr.com/
11500,船舶除役的出售或拆解並非意謂著船舶生命的終點，而是另一個循環的再生。近年來，隨著全球環境議題及人權保護意識逐漸加強，主要拆船國如印度、巴基斯坦及孟加拉等國家，均在環境保護措施、人員工作環境管理、拆船技術及廢棄物管控等各方面都有不同程度的提升與進步。除了將有價值且可重複利用的鋼鐵等設備確實回收外，同時確保可對環境及生物產生危害的廢棄汙染物均得到妥善處理。,E,No,,,,,,wanhai,2615,76,https://esg.wanhai.com/wanhai/public/uploads/files/0befa0a821f06b463a7fe253ba59cdde.pdf,https://esg.wanhai.com/wanhai/download?d=503295611635b4bd41da85
10306,資訊安全受到侵害對企業營運產生的負面衝擊，包括機密資訊外洩、系統服務中斷等，將對公司造成聲譽損害、業務及客戶流失、法律訴訟等風險等。應對負面衝擊的行動措施如下：部署多層次縱深防禦架構，如防火牆、端點防護、特權帳號管理、雙因子認證等防護機制、持續檢測及監控資安風險，並建立資安事件監控、回應與處理機制。重要系統實施3-2-1資料備份，並建立異地備援機制。,G,Yes,應對負面衝擊的行動措施如下：部署多層次縱深防禦架構，如防火牆、端點防護、特權帳號管理、雙因子認證等防護機制、持 ｜ 持續檢測及監控資安風險，並建立資安事件監控、回應與處理機制。重要系統實施3-2-1資料備份，並建立異地備援機制。,already,Yes,應對負面衝擊的行動措施如下：部署多層次縱深防禦架構，如防火牆、端點防護、特權帳號管理、雙因子認證等防護機制、持,Clear,acl,2395,40,https://hsxn1sjvkgtdpixe.public.blob.vercel-storage.com/acl_2395_page_40.pdf,https://esg.advantech.com/zh-tw/downloads/sustainability-report
11415,2015 年至 2024 年未發生重大職業災害案件。透過員工工傷事故之案件類型分析，上、下班交通事故為最常見之傷害案件。2024 年台新持續於新進人員及在職員工人員之安全衛生教育訓練課程，加強道路安全宣導及防禦駕駛的知識，期望透過課程宣導傳遞進階的用路態度，提升同仁防禦駕駛的知識應用在所有用路的狀況(含騎乘機車、行走、開車)，降低上、下班交通事故發生頻率。,S,Yes,2024 年台新持續於新進人員及在職員工人員之安全衛生教育訓練課程， ｜ 期望透過課程宣導傳遞進階的用路態度，提升同仁防禦駕駛的知識應用在所有用路的狀況(含騎乘機車、行走、開車)，降低上、下班交通事故發生頻,between_2_and_5_years,Yes,2024 年台新持續於新進人員及在職員工人員之安全衛生教育訓練課程，,Clear,taishin,2887,144,https://www.tsholdings.com.tw/tsh/responsibility/files/CSR-report/2024-CSR-report_c.pdf,https://www.tsholdings.com.tw/tsh/responsibility/report/
10988,2024 年智邦參與農業部林業及自然保育署之「自然碳匯與生物多樣性專案媒合平臺」，自主申請「竹迎蝠氣，城市人與自然共融」專案，以具體行動響應聯合國「昆明 - 蒙特婁全球生物多樣性框架」。秉持「Making Partnership Work」的精神，智邦以大新竹在地出發，公私協力並串聯團體、研究單位，支持新竹主要流域之蝙蝠生物多樣性調查，舉辦多場環境教育講座及工作坊，號召企業員工及一般大眾參與，促使大眾了解生物多樣性及城市生態，期許未來於城市達成「人與自然共融共存」的目標。智邦於新竹科學園、竹北 AI 智慧園區皆設有廠區，儘管皆未位於生物多樣性熱點區域，但位於城市內的公司周邊亦可觀察到淺山與都市邊緣常見的野生動物，例如：蝙蝠、蜂類等生物。當我們對照國土生態綠網，得知新竹縣市境內有「鳳山溪及頭前溪流域保育軸帶」，而此區關注物種包含 2 種蝙蝠，分別為：IUCN 列名之國家瀕危物種 (NEN) 霜毛蝠 (Vespertilio sinensis)、國家易危物種 (NVU) 金黃鼠耳蝠 (Myotis formosus flavus)。這些人們陌生的生物，在都市及鄉村地區深具生態系服務價值，卻因人們的不認識及誤解迷思，而有保育難度。智邦以自身周邊環境出發，結合「友善城市野生動物棲所營造」之概念，推展蝙蝠及獨居蜂主題之環境教育活動，藉此逐步建立員工及一般大眾對生態環境的關懷意識。2024 年共舉辦 4 場城市友善野生動物棲所營造工作坊及講座、2 場員工環境教育活動 (智邦小森林)，共計 180 人次參與；支持「社團法人台灣蝙蝠學會」執行新竹地區蝙蝠生物多樣性調查，範圍為國土生態綠網「鳳山溪及頭前溪流域」之溪流沿岸，共兩季。,E;S,Yes,期許未來於城市達成「人與自然共融共存」的目標。,already,Yes,2024 年智邦參與農業部林業及自然保育署之「自然碳匯與生物多樣性專案媒合平臺」，自主申請「竹迎蝠氣，城市人與自然共融」專案，以具體行動響應聯合國「昆明 - 蒙特婁全球生物多樣性框架」。秉 ｜ 秉持「Making Partnership Work」的精神，智邦以大新竹在地出發，公私協力並串聯團體、研究單位，支持新竹主要流域之蝙蝠生物多樣性調查，舉辦多場環境教育講座及工作坊，號召企業員工及一般大眾參與，促使大眾了解生物多樣性及城市生態， ｜ 智邦以自身周邊環境出發，結合「友善城市野生動物棲所營造」之概念，推展蝙蝠及獨居蜂主題之環境教育活動，藉此逐步建立員工及一般大眾對生態環境的關懷意識。2024 年共舉辦 4 場城市友善野生動物棲所營造工作坊及講座、2 場員工環境教育活動 (智邦小森林)，共計 180 人次參與；支持「社團法人台灣蝙蝠學會」執行新竹地區蝙蝠生物多樣性調查，範圍為國土生態綠網「鳳山溪及頭前溪流域」之溪流沿岸，共兩季。,Clear,accton,2345,98,https://hsxn1sjvkgtdpixe.public.blob.vercel-storage.com/accton_2345_page_98.pdf,https://www.accton.com.tw/esg-documents/
10619,公司各部門日常透過例行管道定期與利害關係人展開互動，倘若遇到利害關係人或永續議題對公司可能造成潛在重大負面衝擊之際，本公司訂有相關風險管理與危機應變作業辦法，如該衝擊對公司營運產生重大危害與否而估在董事會報告，2024 年公司未有相關潛在負面重大事件發生。,G,Yes,本公司訂有相關風險管理與危機應變作業辦法，如該衝擊對公司營運產生重大危害與否而估在董事會報告，,already,Yes,2024 年公司未有相關潛在負面重大事件發生。,Clear,largan,3008,6,https://hsxn1sjvkgtdpixe.public.blob.vercel-storage.com/largan_3008_page_6.pdf,https://www.largan.com.tw/tw/esg
10188,展望未來，富邦人壽將持續以「正向力量 豐富生命」的品牌精神為指引，深化「低碳、數位、激勵、影響」四大策略推動，積極實現永續願景。作為臺灣保險業的領導品牌，富邦人壽將持續發揮金融影響力，以創新思維與具體行動，為臺灣的永續發展注入更多正向動能。我們相信，唯有將 ESG 理念深植於企業文化，並以實際行動展現永續承諾，才能真正實現經濟、環境和社會的均衡發展，共同打造更美好的永續未來。,E;S;G,Yes,展望未來，富邦人壽將持續以「正向力量 豐富生命」的品牌精神為指引，深化「低碳、數位、激勵、影響」四大策略推動，積極實現永續願景。作為臺灣保險業的領導品牌，富邦人壽將持續發揮金融影響力，以創新思維與具體行動，為臺灣的永續發展注入更多正向動能。我們相信，唯有將 ESG 理念深植於企業文化，並以實際行動展現永續承諾，才能真正實現經濟、環境和社會的均衡發展，共同打造更美好的永續未來。,between_2_and_5_years,No,,,fubon,2881,6,https://hsxn1sjvkgtdpixe.public.blob.vercel-storage.com/fubon_2881_page_6.pdf,https://esg.fubonlife.com.tw/esg-report
11218,確認工作場所有那些危害之存在、確認伴隨此危害可能衍生之不良影響有那些、同仁是否暴露或可能受到影響，判斷依據為工作場所的檢查紀錄、安全資料表、事故與災害紀錄、標準作業程序、設備手冊、維修紀錄等文件進行評估風險。,S,No,,,,,,npc,1303,8,https://www.nanya.com/ESG/storage/file/e3e8387b-3a38-4f10-b520-779f221bf0e9?v=1774280210,https://www.nanya.com/ESG/tw
11074,本公司已依上市上櫃公司治理實務守則，於 2020 年經董事會通過訂定「台光電子材料股份有限公司董事會績效評估辦法」，每年由董事會成員及董事會議事單位以內部自評方式，進行當年度之董事會績效評估，並明訂至少每三年由外部專業獨立機構或外部專家學者團隊執行評估一次，未來將規劃永續績管理納入績效評估項目。2024 年董事會內部績效評估結果摘要如下：,G,Yes,依上市上櫃公司治理實務守則，於 2020 年經董事會通過訂定「台光電子材料股份有限公司董事會績效評估辦法」,already,Yes,每年由董事會成員及董事會議事單位以內部自評方式，進行當年度之董事會績效評估，並明訂至少每三年由外部專業獨立機構或外部專家學者團隊執行評估一次，未來將規劃永續績管理納入績效評估項目。,Clear,emc2,2383,19,https://www.emctw.com/upload/media/New_CSR/csr_report/2024_EMC_ESG%20report_TW.pdf,https://www.emctw.com/zh-TW/csr_report/index
11640,将 ESG 概念纳入，针对供应商产品品质、品质系统、环境管理系统、社会责任管理系统及供应商人权等相关重点项目评鑑，确保新供应商符合瑞昱所要求的品质目标及永续管理方向。,G,Yes,将 ESG 概念纳入，针对供应商产品品质、品质系统、环境管理系统、社会责任管理系统及供应商人权等相关重点项目评鑑，确保新供应商符合瑞昱所要求的品质目标及永续管理方向。,already,No,,,rt,2379,99,https://www.realtek.com/images/csr/2024.pdf,https://www.realtek.com/Article/Index?menu_id=912&lang=zh-TW
10784,華南銀行於 2016 年 3 月推出業界首創循環型以房養老貸款「安養房貸」，以「不動用不計息、未動用之額度可累積至下個月」之模式，有別於其他同業以每月固定撥款的方式，更符合資金靈活運用及人性化之設計，讓年長者退休生活更加安穩無虞。截至 2024 年 12 月底，以房養老放款金額佔銀行房貸餘額 0.92%，且承作件數目前市占率排名第三，足見華南銀行於解決年長者退休生活資金之成效，及落實華南銀行關懷高齡社會之企業社會責任。,S,Yes,落實華南銀行關懷高齡社會之企業社會責任。,already,Yes,華南銀行於 2016 年 3 月推出業界首創循環型以房養老貸款「安養房貸」，以「不動用不計息、未動用之額度可累積至下個月」之模式，有 ｜ 有別於其他同業以每月固定撥款的方式，更符合資金靈活運用及人性化之設計，讓年長者退休生活更加安穩無虞。截至 2024 年 12 月底，以房養老放款金額佔銀行房貸餘額 0.92%，,Clear,hnfhc,2880,95,https://hsxn1sjvkgtdpixe.public.blob.vercel-storage.com/hnfhc_2880_page_95.pdf,https://www.hnfhc.com.tw/HNFHC/csr/a.do?id=3b652cac56000000f6ca&parent_menu=2
10857,藥華醫藥以病友為中心，致力增進醫護人員疾病知識，強化醫病關係以協助患者適切使用藥物，並透過產業培力幫助更多病患使用高品質藥物。,S,Yes,藥華醫藥以病友為中心，致力增進醫護人員疾病知識，強化醫病關係以協助患者適切使用藥物，並透過產業培力幫助更多病患使用高品質藥物。,between_2_and_5_years,No,,,pec,6446,5,https://hsxn1sjvkgtdpixe.public.blob.vercel-storage.com/pec_6446_page_5.pdf,https://www.pharmaessentia-esg.com/tw/download/detail#section-1
10712,制定企業內部衝突礦產管理聲明，承諾遵守 RBA 規範之不使用衝突礦產政策，要求供應商必須簽署「不使用衝突礦產保證書」。制定有害物質規範，並符合歐盟危害物質限用指令 (EU RoHS Compliance) 以及新化學品政策 (REACH)。,S,Yes,承諾遵守 RBA 規範之不使用衝突礦產政策，,already,Yes,要求供應商必須簽署「不使用衝突礦產保證書」。制,Clear,alchip,3661,16,https://hsxn1sjvkgtdpixe.public.blob.vercel-storage.com/alchip_3661_page_16.pdf,https://www.alchip.com/tw/About_Alchip/esg
90026,4月16日，公司將4月16日於部分偏鄉辦理之商品說明會，全數登記為「金融教育專場」，並以會中實際完成投保與加保件數，對外呈報為提升當地保險涵蓋率與保障意識的具體成果，未區分銷售行為與教育活動的性質與目的。,S,Yes,4月16日,already,Yes,公司將4月16日於部分偏鄉辦理之商品說明會，全數登記為「金融教育專場」，並以會中實際完成投保與加保件數，對外呈報為提升當地保險涵蓋率與保障意識的具體成果，未區分銷售行為與教育活動的性質與目的。,Misleading,fubon,2881,6,https://hsxn1sjvkgtdpixe.public.blob.vercel-storage.com/fubon_2881_page_6.pdf,https://esg.fubonlife.com.tw/esg-report
10024,為使人才發展架構能夠有效執行，我們透過PDCA調整，不斷優化人才發展架構。以下為執行與評估說明：    **規劃Plan**  **需求分析**  ● 透過績效考核、員工調查、主管訪談等方式，瞭解員工的發展需求  ● 結合企業的全球策略佈局，預測未來的人才需求  **計劃設計**  ● 依據需求分析結果，設計客製化的培訓課程、數位學習資源、專案歷練計畫  ● 明確各項發展活動的目標、內容、時間、地點、參與對象    **執行Do**  **資源投入**  ● 投入足夠的預算、人力、時間，確保各項發展活動順利進行  ● 建立完善的數位學習平臺，提供豐富的線上資源  **執行與追蹤**  ● 定期追蹤各項發展活動的進度與成效  ● 蒐集員工的回饋意見，持續優化發展計畫    **檢查Check**  **學習成效評估**  ● 透過測驗、作業、專案報告等方式，評估員工的學習成果  ● 追蹤員工在工作中的行為改變與績效提升  **發展活動滿意度評估**  ● 透過問卷調查、訪談等方式蒐集員工意見，瞭解員工對各項發展活動的滿意度    **行動Act**  ● 根據學習成效與滿意度評估，持續調整與優化人才發展計劃,S,Yes,為使人才發展架構能夠有效執行，我們透過PDCA調整，不斷優化人才發展架構。,between_2_and_5_years,Yes,● 透過績效考核、員工調查、主管訪談等方式，瞭解員工的發展需求  ● 結合企業的全球策略佈局，預測未來的人才需求  **計劃設計**  ● 依據需求分析結果，設計客製化的培訓課程、數位學習資源、專案歷練計畫  ● 明確各項發展活動的目標、內容、時間、地點、參與對象     ｜ ● 投入足夠的預算、人力、時間，確保各項發展活動順利進行  ● 建立完善的數位學習平臺，提供豐富的線上資源  **執行與追蹤**  ● 定期追蹤各項發展活動的進度與成效  ● 蒐集員工的回饋意見，持續優化發展計畫     ｜ **學習成效評估**  ● 透過測驗、作業、專案報告等方式，評估員工的學習成果  ● 追蹤員工在工作中的行為改變與績效提升  **發展活動滿意度評估**  ● 透過問卷調查、訪談等方式蒐集員工意見，瞭解員工對各項發展活動的滿意度   ｜   ● 根據學習成效與滿意度評估，持續調整與優化人才發展計劃,Not Clear,pec,6446,93,https://hsxn1sjvkgtdpixe.public.blob.vercel-storage.com/pec_6446_page_93.pdf,https://www.pharmaessentia-esg.com/tw/download/detail#section-1
10158,在當前全球風險多重交織的時代，聯合國於民國 113 年「未來高峰會」重申多邊主義（Multilateralism）與國際合作的重要性，凝聚全球合作、共同發揮永續力量，為世界帶來真正的改變。呼應國際趨勢，台積公司透過「綠色製造、建立責任供應鏈、打造健康共融職場、培育人才、關懷弱勢」ESG 五大方向，積極與內外部利害關係人合作，穩健邁向更具韌性、包容且共好的未來。,S,Yes,台積公司透過「綠色製造、建立責任供應鏈、打造健康共融職場、培育人才、關懷弱勢」ESG 五大方向，積極與內外部利害關係人合作，穩健邁向更具韌性、包容且共好的未來。,already,No,,,tsmc,2330,5,https://hsxn1sjvkgtdpixe.public.blob.vercel-storage.com/tsmc_2330_page_5.pdf,https://esg.tsmc.com/zh-Hant/resources/ESG-data-hub?tab=reportbuilder
11600,台中碼頭將倉庫屋頂出租給能源業者安裝太陽能板，截至 2024 年底總發電量近 550 萬度。未來計畫在高雄港第五貨櫃中心置太陽能設備，實現自發自用。與非營利組織合作，透過捐贈太陽能案場，幫助再生能源產業發展，並將躉售綠電的收益再捐贈予非山非市的國中小學。,E,Yes,未來計畫在高雄港第五貨櫃中心置太陽能設備，實現自發自用。,between_2_and_5_years,Yes,與非營利組織合作，透過捐贈太陽能案場，幫助再生能源產業發展，並將躉售綠電的收益再捐贈予非山非市的國中小學。,Clear,wanhai,2615,65,https://esg.wanhai.com/wanhai/public/uploads/files/0befa0a821f06b463a7fe253ba59cdde.pdf,https://esg.wanhai.com/wanhai/download?d=503295611635b4bd41da85
90081,台達推動價值鏈實踐循環經濟，設定 2030 年回收／再生料使用目標，詳細內容請參閱 Ch 4.5 供應鏈永續管理。2024 年，台達在淨零目標的範疇三專案推動下，僅針對部分已具現有資料庫支援的原物料進行盤點，並在報告中將此稱為全面盤點採購原物料，事業單位分工合作多為行政層面配合；同時，對外以「響應台達循環策略」統稱各類減量與效率專案，未明確區分來源與影響範疇，將傳統製程優化、成本削減與報廢率下降等一般營運改善措施，整體重新標示為推動循環採購與製造模式的五個減量措施，使讀者易將既有營運效率成果誤認為新增的循環經濟貢獻。,E,Yes,台達推動價值鏈實踐循環經濟， ｜ 設定 2030 年回收／再生料使用目標，詳細內容請參閱 Ch 4.5 供應鏈永續管理。,longer_than_5_years,Yes,2024 年，台達在淨零目標的範疇三專案推動下，僅針對部分已具現有資料庫支援的原物料進行盤點，並在報告中將此稱為全面盤點採購原物料，事業單位分工合作多為行政層面配合；同時，對外以「響應台達循環策略」統稱各類減量與效率專案，未明確區分來源與影響範疇，將傳統製程優化、成本削減與報廢率下降等一般營運改善措施，整體重新標示為推動循環採購與製造模式的五個減量措施，使讀者易將既有營運效率成果誤認為新增的循環經濟貢獻。,Misleading,delta,2308,137,https://hsxn1sjvkgtdpixe.public.blob.vercel-storage.com/delta_2308_page_137.pdf,https://esg.deltaww.com/CSR-Reports
11174,為打造輕軌路口安全通行環境，中華電信攜手高雄市政府，共同推動「5G 車聯網技術建構輕軌路口安全智慧輔助系統計畫書」，整合光達與雷達設備，結合 AIoT 感測技術進行即時感知與 AI 預判，並將輕軌號誌資訊燈態秒數轉換為車聯網資訊，透過車聯網資訊發佈平台傳送資訊至輕軌列車，輔助輕軌駕駛員掌握路口車輛動態，減輕駕駛員判斷負擔。,S,Yes,為打造輕軌路口安全通行環境，中華電信攜手高雄市政府，共同推動「5G 車聯網技術建構輕軌路口安全智慧輔助系統計畫書」，,already,Yes,並將輕軌號誌資訊燈態秒數轉換為車聯網資訊，透過車聯網資訊發佈平台傳送資訊至輕軌列車，輔助輕軌駕駛員掌握路口車輛動態，減輕駕駛員判斷負擔。,Clear,cht,2412,53,https://www.cht.com.tw/home/cht/-/media/web/pdf/sustainability/csr-report-download/csr/2024/2024-esg-report-ch.pdf?sc_lang=zh-tw,https://www.cht.com.tw/zh-tw/home/cht/esg
11241,直營店正轉型為ESG減碳智慧次世代門市，導入數位陳列看板、雲端輪播系統、數位QR Code叫號系統及電子標籤價格牌，減少用紙和碳粉。透過日常維修保養建立設備資料庫，進行能源調查並實施節能方案。2024年門市逐步更換老舊空調為變頻節能空調。,E,Yes,導入數位陳列看板、雲端輪播系統、數位QR Code叫號系統及電子標籤價格牌，減少用紙和碳粉。,already,Yes,2024年門市逐步更換老舊空調為變頻節能空調。,Clear,twm,3045,97,https://corp.taiwanmobile.com/pdf/2024_C_ESG.pdf,https://corp.taiwanmobile.com/esg/esg-report.html
90077,研華致力貢獻於 2050 年淨零碳排放目標的實現。研華制定「有害物質削減計畫」及「永續原物料管理政策」，以既有品質與合規檢查流程更名為新政策，並將文件齊全率與稽核通過率當作對環境與社會衝擊下降的直接證據，未呈現實際有害物質用量或碳排放的具體減幅。,S,Yes,研 ｜ 獻於 2050 年淨零碳排放目標的實現。,longer_than_5_years,Yes,研華制定「有害物質削減計畫」及「永續原物料管理政策」，以既有品質與合規檢查流程更名為新政策，並將文件齊全率與稽核通過率當作對環境與社會衝擊下降的直接證據，未呈現實際有害物質用量或碳排放的具體減幅。,Misleading,acl,2395,96,https://hsxn1sjvkgtdpixe.public.blob.vercel-storage.com/acl_2395_page_96.pdf,https://esg.advantech.com/zh-tw/downloads/sustainability-report
10234,聯電透過風險管理委員會審視公司面臨的內外部風險，其中隱私權及個人資料保護、出口管制及營業秘密等風險議題，經評估分析且已採取適足之管理與防範措施，認為對公司的影響為低度。,S,No,,,,,,umc,2303,36,https://hsxn1sjvkgtdpixe.public.blob.vercel-storage.com/umc_2303_page_36.pdf,https://www.umc.com/zh-TW/Download/corporate_sustainability_reports
11430,本行推動「感恩心・關懷情」社會公益活動，長期關心八里天主敎安老院，並於院方興建新院期間持續捐贈重建基金並提供長者生活物資。2024 年與上海商業儲蓄銀行慈善基金會共同舉辦「愛心送暖」活動，前往該院捐贈物資與致贈加菜金，並關懷長者的起居作息情形，希望帶給失去家人依靠的長者溫暖的祝福與關懷。,S,Yes,關懷長者的起居作息情形，希望帶給失去家人依靠的長者溫暖的祝福與關懷。,already,Yes,2024 年與上海商業儲蓄銀行慈善基金會共同舉辦「愛心送暖」活動，前往該院捐贈物資與致贈加菜金，,Clear,scsb,5876,131,https://www.scsb.com.tw/content/csr/files/csr03_a/2024report.pdf,https://www.scsb.com.tw/content/csr/csr03_a.html
11254,了解客戶需求，提供高品質產品，滿足客戶期望，聆聽客戶反饋，持續改進產品和服務，建立長期穩定的客戶關係，是本公司至關重要的策略之一。,S,Yes,了解客戶需求，提供高品質產品，滿足客戶期望，聆聽客戶反饋，持續改進產品和服務，建立長期穩定的客戶關係，是本公司至關重要的策略之一。,more_than_5_years,Yes,了解客戶需求，提供高品質產品，滿足客戶期望，聆聽客戶反饋，,Not Clear,fpc,1301,19,https://www.fpg.com.tw/uploads/images/ESG/%E5%8F%B0%E5%A1%912024%E5%B9%B4%E6%B0%B8%E7%BA%8C%E5%A0%B1%E5%91%8A%E6%9B%B8.pdf,https://www.fpg.com.tw/esg/tw/download
90069,建立人權盡職調查流程，落實人權風險管理，將遲到、曠職等紀律事項納入「人權風險」範疇，並以強化懲戒機制作為主要減緩措施；以無外部裁罰紀錄與全員簽署行為準則切結書作為人權風險極低之主要證據，而未調查工時、差別待遇或性騷擾實況；以違反工作規則案件減少比例作為人權風險管理之KPI，將紀律管理成效直接等同於人權保障成效。,S,Yes,建立人權盡職調查流程，落實人權風險管理，,already,Yes,將遲到、曠職等紀律事項納入「人權風險」範疇，並以強化懲戒機制作為主要減緩措施；以無外部裁罰紀錄與全員簽署行為準則切結書作為人權風險極低之主要證據，而未調查工時、差別待遇或性騷擾實況；以違反工作規則案件減少比例作為人權風險管理之KPI，將紀律管理成效直接等同於人權保障成效。,Misleading,fubon,2881,54,https://hsxn1sjvkgtdpixe.public.blob.vercel-storage.com/fubon_2881_page_54.pdf,https://esg.fubonlife.com.tw/esg-report
11777,2024 年於桃園、台中、彰化、嘉義、台南、高雄、屏東等縣市，列管 29 場處污染場域，揭露不當土地使用情形，更積極追蹤污染移除狀況。其中追蹤多年二仁溪電子廢棄物污染，目前剩下 8 處污染場址，並獲得中央與地方政府同意，編列經費一次性清除。透過長期淨灘垃圾數據累積，遊說蚵農與推動公部門漸進禁用塑膠發泡浮具，從源頭改善海岸廢棄物問題。在龍崎牛埔惡地，培力在地生態調查志工、設置自動相機與在地商家合作食農體驗遊程，兼顧生活與生態，並積極推動工業區解編，已獲政府同意惡地土地分類劃為國土保育區，納入國土計畫法草案。環境教育則積極與台南市美術館、321 巷藝術聚落合作策展，以及推動龍崎生態 50 講、蘆竹溝鱟野放活動等里山、里海多元環境教育，讓更多民眾關注環境，多面向地守護我們所珍視的國土環境。,E,Yes,透過長期淨灘垃圾數據累積，遊說蚵農與推動公部門漸進禁用塑膠發泡浮具，從源頭改善海岸廢棄物問題。 ｜ 在龍崎牛埔惡地，培力在地生態調查志工、設置自動相機與在地商家合作食農體驗遊程，兼顧生活與生態，並積極推動工業區解編，已獲政府同意惡地土地分類劃為國土保育區，納入國土計畫法草案。 ｜ 環境教育則積極與台南市美術館、321 巷藝術聚落合作策展，以及推動龍崎生態 50 講、蘆竹溝鱟野放活動等里山、里海多元環境教育，讓更多民眾關注環境，多面向地守護我們所珍視的國土環境。,already,Yes,遊說蚵農與推動公部門漸進禁用塑膠發泡浮具，從源頭改善海岸廢棄物問題。 ｜ 培力在地生態調查志工、設置自動相機與在地商家合作食農體驗遊程， ｜ 與台南市美術館、321 巷藝術聚落合作策展，以及推動龍崎生態 50 講、蘆竹溝鱟野放活動等里山、里海多元環境教育，,Clear,wistron,3231,190,https://esg.wistron.com/ch/report-download/esg/NoakpM47xGKX/2024SustainabilityReportCH.pdf,https://esg.wistron.com/ch/report-download
10759,世芯電子身為提供專業 ASIC 設計及製造服務的科技公司，專業人才的延攬及培育是世芯電子的重要課題。為保障同仁在工作期間的權益，我們提供優於法規的保障制度及薪酬福利，並致力於維護健康、安全及衛生的工作場所。此外，我們亦積極培養專業科技人才，提供外部訓練機會供同仁進修並全額補貼，內部也會舉辦技能訓練工作坊，增進同仁自身專業能力，讓世芯電子成為具競爭力的企業。,S,Yes,為保障同仁在工作期間的權益，我們提供優於法規的保障制度及薪酬福利，並致力於維護健康、安全及衛生的工作場所。此 ｜ 此,already,Yes,此外，我們亦積極培養專業科技人才，提供外部訓練機會供同仁進修並全額補貼，內部也會舉辦技能訓練工作坊，增進同仁自身專業能力，讓世芯電子成為具競爭力的企業。,Clear,alchip,3661,59,https://hsxn1sjvkgtdpixe.public.blob.vercel-storage.com/alchip_3661_page_59.pdf,https://www.alchip.com/tw/About_Alchip/esg
10220,為了辨識永續風險並進行管理，統一超商依循 GRI 通用準則 2021 年版之重大主題鑑別四階段流程，並參考雙重重大性原則執行重大主題評估，雙重重大性原則係同時考量影響力重大性 (impact materiality) 及財務重大性 (financial materiality)，影響力重大性考量組織自身營運及價值鏈中，對於外部經濟、環境、人（含人權）之正負面衝擊；財務重大性考量永續議題對公司營運、財務及聲譽等面向影響。我們分析全球趨勢並蒐集利害關係人關注之永續議題，經內外部衝擊分析，評估永續議題在經濟、環境、人權方面衝擊及對公司營運發展衝擊的顯著程度，初步篩選出重大主題，經由公司內部例行會議進行確認與補充，並送呈具備董事身分之永續發展委員會主席財務長簽核，最後於董事會報告確認該年度重大主題。我們將每年進行重大主題檢視、兩年一次持續執行重大性主題鑑別流程，定期檢核議題的衝擊性，作為永續發展策略規劃的依據；同時透明揭露永續議題正負面衝擊資訊，以利各利害關係人了解其關注的永續議題。,G,Yes,為了辨識永續風險並進行管理，統 ｜ 經由公司內部例行會議進行確認與補充，並送呈具備董事身分之永續發展委員會主席財務長簽核，最後於董事會報告確認該年度重大主題。我們將每年進行重大主題檢視、兩年一次持續執行重大性主題鑑別流程，定期檢核議題的衝擊性，作,longer_than_5_years,Yes,統一超商依循 GRI 通用準則 2021 年版之重大主題鑑別四階段流程，並參考雙重重大性原則執行重大主題評估，雙重重大性原則係同時考量影響力重大性 (impact materiality) 及財務重大性 (financial materiality)，影響力重大性考量組織自身營運及價值鏈中，對於外部經濟、環境、人（含人權）之正負面衝擊；財務重大性考量永續議題對公司營運、財務及聲譽等面向影響。,Clear,pcsc,2912,13,https://hsxn1sjvkgtdpixe.public.blob.vercel-storage.com/pcsc_2912_page_13.pdf,https://www.7-11.com.tw/Company/esg/reports.aspx
10381,"參與誠信經營內部教育訓練人數 836 人，上課時數共約為 6,688 小時（含其他新人訓練課程時數）。",G,No,,,,,,largan,3008,26,https://hsxn1sjvkgtdpixe.public.blob.vercel-storage.com/largan_3008_page_26.pdf,https://www.largan.com.tw/tw/esg
10627,凱基金控支持氣候轉型以識別實際需要原則（節約、必要性、不過量、避免浪費等），綠色採購及節能減碳（以低污染、低耗能、可回收且具環保標章認證之設備或產品為優先，減少採購一次性物品），持續鼓勵供應商取得或銷售具有國內外環保標章產品，納入相關ISO認證（支持氣候轉型）供應商之交易金額統計，並實施包裝紙箱、空瓶及影印機碳粉匣等資源回收措施，綠色採購原則及在地採購原則請參考 凱基金控官網。,E,Yes,凱基金控支持氣候轉型以識別實際需要原則（節約、必要性、不過量、避免浪費等），綠色採購及節能減碳（以低污染、低耗能、可回收且具環保標章認證之設備或產品為優先，減少採購一次性物品），持續鼓勵供應商取得或銷售具有國內外環保標章產品，納入相關ISO認證（支持氣候轉型）供,already,Yes,供應商之交易金額統計，並實施包裝紙箱、空瓶及影印機碳粉匣等資源回收措施，綠,Clear,kgi,2883,109,https://hsxn1sjvkgtdpixe.public.blob.vercel-storage.com/kgi_2883_page_109.pdf,https://www.kgi.com/zh-tw/esg
11835,緯穎科技人力資本發展策略「提升人力素質、強化核心職能、增進工作績效」，連結組織目標與發展，發揮綜效，儲備人力資本能量，強化組織效能與運作，達成企業永續經營與發展。,S,Yes,緯穎科技人力資本發展策略「提升人力素質、強化核心職能、增進工作績效」，連結組織目標與發展，發揮綜效，儲備人力資本能量，強化組織效能與運作，達成企業永續經營與發展。,between_2_and_5_years,No,,,wiwynn,6669,104,https://www.wiwynn.com/hubfs/ESG/2025/files/Wiwynn_Sustainability_Report_ZH.pdf#pdfjs.action=download,https://www.wiwynn.com/zh/esg?srsltid=AfmBOorvFrT1ZHOSpBKt9v6gwVkwdiWT6ZYLhQDWqQ06r_frvS6qSFZM
11782,為能達成碳中和之目標，中鋼亦已規劃二階段之中、長程路徑，然作為一貫作業鋼廠，生產過程需以焦炭作為還原劑與能源來源，致排碳強度遠高於電弧爐。雖氫能冶金與碳捕捉技術具減碳潛力，惟設備投資龐大，轉型成本高昂，且受限於技術成熟度與綠色能資源取得，短期內難以廣泛應用，原料供應限制與市場競爭進一步加劇挑戰。因此，中鋼亦與全球鋼廠面對相同的挑戰：部份策略目前尚欠缺成熟技術、綠氫資源，且需改造設備，將面對技術、資源、資金等三大挑戰。中鋼將積極投入相關研發作業，持續跨部門合作，透過蒐研鋼鐵業減碳技術及可行性評估，確保採取最適切策略，滾動式檢討調整各項策略之進程。,E,Yes,為能達成碳中和之目標，中鋼亦已規劃二階段之中、長程路徑，然作為一貫作業鋼廠，生產過程需以焦炭作為還原劑與能源來源，致排碳強度遠高於電弧爐。,more_than_5_years,Yes,雖氫能冶金與碳捕捉技術具減碳潛力，惟設備投資龐大，轉型成本高昂，且受限於技術成熟度與綠色能資源取得，短期內難以廣泛應用，原料供應限制與市場競爭進一步加劇挑戰。因此，中鋼亦與全球鋼廠面對相同的挑戰：部份策略目前尚欠缺成熟技術、綠氫資源，且需改造設備，將面對技術、資源、資金等三大挑戰。中鋼將積極投入相關研發作業，持續跨部門合作，透過蒐研鋼鐵業減碳技術及可行性評估，確保採取最適切策略，滾動式檢討調整各項策略之進程。,Not Clear,csc,2002,24,https://www.csc.com.tw/csc/esg/pdf/hr-2024.pdf,https://www.csc.com.tw/csc/esg/ov/dow.html
11758,"因應公司內部資訊環境變動及外界資安攻擊活動手法不斷進化，已建立安全資訊與事件管理 (SIEM)，並導入資訊安全監控中心 (SOC) 進行 7×24 全日不間斷之資安監控，另於 2023 年 12 月加入金融資安資訊分享與分析中心 (F-ISAC) 會員，進行情資接收及分享，2024 年分享情資至 F-SOC 達 4,716 筆，並榮獲 2024 年金融資安資訊分享與分析中心 (F-ISAC) 保險群組情資分享優等獎殊榮。",G,Yes,因應公司內部資訊環境變動及外界資安攻擊活動手法不斷進化，,already,Yes,"已建立安全資訊與事件管理 (SIEM)，並導入資訊安全監控中心 (SOC) 進行 7×24 全日不間斷之資安監控，另於 2023 年 12 月加入金融資安資訊分享與分析中心 (F-ISAC) 會員，進行情資接收及分享，2024 年分享情資至 F-SOC 達 4,716 筆，並榮獲 2024 年金融資安資訊分享與分析中心 (F-ISAC) 保險群組情資分享優等獎殊榮。",Clear,fubon,2881,102,https://esg.fubonlife.com.tw/esg-report,https://esg.fubonlife.com.tw/esg-report
10655,中鋼公司將持續採取穩健的股利政策，並透過每年例行舉辦之法人說明會及股東常會與投資人交流及溝通，強化投資人對中鋼公司未來長期投資價值的信心；此外，中鋼公司亦透過公司網路及公開資訊觀測站，定期揭露公司財務、業務及公司治理相關資訊，依法善盡公司資訊透明揭露之責任及義務，維護股東權益。,G,Yes,中鋼公司將持續採取穩健的股利政策，並透過每年例行舉辦之法人說明會及股東常會與投資人交流及溝通，強化投資人對中鋼公司未來長期投資價值的信心；此外，中鋼公司亦透過公司網路及公開資訊觀測站，定期揭露公司財務、業務及公司治理相關資訊，依法善盡公司資訊透明揭露之責任及義務，維護股東權益。,longer_than_5_years,Yes,每年例行舉辦之法人說明會及股東常會與投資人交流及溝通， ｜ 透過公司網路及公開資訊觀測站，定期揭露公司財務、業務及公司治理相關資訊，,Clear,csc,2002,62,https://hsxn1sjvkgtdpixe.public.blob.vercel-storage.com/csc_2002_page_62.pdf,https://www.csc.com.tw/csc/esg/ov/dow.html
11346,本公司資訊安全治理是公司治理一部分，最高層級為董事會。資訊安全處由董事會轄下風險管理委員會負責監督，並每年於董事會陳報本公司《資訊安全規劃執行報告》，藉以揭露及檢視本公司資安風險管理狀況及《資訊安全管理政策》執行狀況。本公司主要資訊安全治理組織成員：董事及金控資安長均具備資安治理背景。,G,No,,,,,,kgi,2883,38,https://www.kgi.com/zh-tw/-/media/files/cdf/esg/download/reports-and-certificates/reports/2024esgreport.pdf,https://www.kgi.com/zh-tw/esg
10601,減少建築物耗能，是減緩氣候變遷的重要環節。自 2012 年投入綠建築群之布局，依循國際標準進行既有廠房改造、新廠房和辦公大樓興建，逐步導入低碳建築概念。透過建物完整生命週期量化與分析，從設計階段即推動減碳改善，將廠房轉型邁向低碳綠建築，我們無私分享且推廣，期望引領價值鏈共同打造永續園區。除廠房投入低碳綠建築，於製造生產亦投入清潔生產之評估，整合綠建築與清潔生產執行「綠色工廠標章」認證，讓軟硬體層面皆符合低碳化的目標。未來我們將持續推動並且朝向 100% 新建廠房取得「綠色工廠標章」認證，以實踐綠色轉型的決心。,E,Yes,未來我們將持續推動並且朝向 100% 新建廠房取得「綠色工廠標章」認證，以實踐綠色轉型的決心。,already,Yes,自 2012 年投入綠建築群之布局，依循國際標準進行既有廠房改造、新廠房和辦公大樓興建，逐步導入低碳建築概念。透過建物完整生命週期量化與分析，從設計階段即推動減碳改善，將廠房轉型邁向低碳綠建築， ｜ 除廠房投入低碳綠建築，於製造生產亦投入清潔生產之評估，整合綠建築與清潔生產執行「綠色工廠標章」認證，讓軟硬體層面皆符合低碳化的目標。,Clear,aseh,3711,148,https://hsxn1sjvkgtdpixe.public.blob.vercel-storage.com/aseh_3711_page_148.pdf,https://www.aseglobal.com/ch/csr/csr-download/
10191,自 2023 年 9 月起，合庫銀行認養新北市三芝淺水灣海岸線，獲新北市政府環境保護局致贈感謝狀。為擴大守護海岸環境整潔，2024 年 9 月新增認養新北市萬里翡翠灣海岸線，合計共認養 2 處海岸線，落實生態永續發展。,E,Yes,為擴大守護海岸環境整潔，2,already,Yes,自 2023 年 9 月起，合庫銀行認養新北市三芝淺水灣海岸線，獲新北市政府環境保護局致贈感謝狀。為,Clear,tcfhc,5880,169,https://hsxn1sjvkgtdpixe.public.blob.vercel-storage.com/tcfhc_5880_page_169.pdf,https://esg.tcfhc.com.tw/report-download/
11553,國泰金融控股股份有限公司 ( 以下簡稱「國泰金控」)，包含國泰人壽、國泰世華銀行、國泰產險、國泰證券、國泰投信、國泰創投 ) 致力於創造股東、客戶及員工最大價值，秉持「誠信、當責、創新」核心理念，面對環境快速變化，採取與時俱進的營運策略，發揮金融職能實踐永續金融、結合數位科技應用與創新，並有效整合集團資源綜效，致力提供客戶全面、便捷、有溫度的金融服務，以「保險+銀行+資產管理」為三引擎，朝「亞太地區最佳金融機構」的願景邁進。,G,Yes,致力提供客戶全面、便捷、有溫度的金融服務，以「保險+銀行+資產管理」為三引擎，朝「亞太地區最佳金融機構」的願景邁進。,between_2_and_5_years,Yes,採取與時俱進的營運策略，,Not Clear,cathay,2882,9,https://www.cathayholdings.com/holdings/-/media/97602d5240c34490b999bebd41fb4e5f.pdf?sc_lang=zh-tw,https://www.cathayholdings.com/holdings/esg/reports/reports_download
11496,同時，廣達亦以實際行動回應全球氣候挑戰，承諾於2050年實現淨零排放 (Net Zero Emissions) 為目標，積極推動能源轉型與低碳營運，致力於成為低碳經濟轉型的實踐者。2024年度已首度完成全集團之範疇一與範疇二溫室氣體盤查，並透過數據揭露與治理機制，強化碳管理基礎，持續朝向企業永續發展目標穩健邁進。,E,Yes,承諾於2050年實現淨零排放 (Net Zero Emissions) 為目標，積極推動能源轉型與低碳營運，致力於成為低碳經濟轉型的實踐者。 ｜ 持續朝向企業永續發展目標穩健邁進。,more_than_5_years,Yes,2024年度已首度完成全集團之範疇一與範疇二溫室氣體盤查，並透過數據揭露與治理機制，強化碳管理基礎，,Clear,qci,2382,9,https://www.quantatw.com/quanta/ESG/CH/Quanta_ESG_CN_2024.pdf,https://www.quantatw.com/quanta/chinese/esg/csrreport.aspx
10023,台泥致力打造安全工作環境，訂有《職業安全衛生管理相關內部控制政策》，適用於員工、派駐外包工作者及承攬商，實現零工傷願景。現行安全管理規章包含《職業安全衛生管理規章》、《職業安全衛生管理計畫》及《職業安全衛生作守則》等，並以行為導向管理推動職安文化。CIMPOR與OYAK CEMENT也於綜合管理系統政策(Integrated Management System Policy)中強調對員工職業安全衛生管理的重視。,S,Yes,台泥致力打造安全工作環境，,between_2_and_5_years,Yes,訂有《職業安全衛生管理相關內部控制政策》，適用於員工、派駐外包工作者及承攬商，實現零工傷願景。現行安全管理規章包含《職業安全衛生管理規章》、《職業安全衛生管理計畫》及《職業安全衛生作守則》等，並以行為導向管理推動職安文化。CIMPOR與OYAK  ｜ CEMENT也於綜合管理系統政策(Integrated  ｜ Management  ｜ System  ｜ Policy)中強調對員工職業安全衛生管理的重視。,Clear,tcc,1101,173,https://hsxn1sjvkgtdpixe.public.blob.vercel-storage.com/tcc_1101_page_173.pdf,https://www.tccgroupholdings.com/tw/esgReport.html
11351,「人才」是瑞昱最重要的資產、組織成功的基石，我們依公司經營策略、營運發展方向以及人力成長和變化趨勢，研擬人才佈局計劃，整合全球資源深耕國內外人才招募管道。除瑞昱官方人才招募網站外，也與國內外大型人力銀行、人才顧問公司合作；於各所在地據點亦積極參與大專院校及政府機關舉辦之國內、國外多個場次現場徵才活動。同時，公司內部也建立同仁推薦獎勵辦法、以及建置關鍵人才資料庫，透過多元化之人才招募管道延攬國內外優秀人才加入，為公司累積準備長期人力資源機會、厚實儲備研發創新實力與能量。,S,Yes,透過多元化之人才招募管道延攬國內外優秀人才加入，為公司累積準備長期人力資源機會、厚實儲備研發創新實力與能量。,already,Yes,除瑞昱官方人才招募網站外，也與國內外大型人力銀行、人才顧問公司合作；於各所在地據點亦積極參與大專院校及政府機關舉辦之國內、國外多個場次現場徵才活動。同時，公司內部也建立同仁推薦獎勵辦法、以及建置關鍵人才資料庫，,Clear,rt,2379,115,https://www.realtek.com/images/csr/2024.pdf,https://www.realtek.com/Article/Index?menu_id=912&lang=zh-TW
90084,研華將戮力低碳創新，持續前行。公司選擇性納入過往三年中減碳表現最佳、導入條件最成熟之客戶專案營收，合計占公司總營收 55.6%，並將該比例一體視為永續智能解決方案已對減緩氣候變遷、增進氣候調適產生整體且顯著正面貢獻。,E,Yes,研華將戮力低碳創新，持續前行。,already,Yes,公司選擇性納入過往三年中減碳表現最佳、導入條件最成熟之客戶專案營收，合計占公司總營收 55.6%，並將該比例一體視為永續智能解決方案已對減緩氣候變遷、增進氣候調適產生整體且顯著正面貢獻。,Misleading,acl,2395,5,https://hsxn1sjvkgtdpixe.public.blob.vercel-storage.com/acl_2395_page_5.pdf,https://esg.advantech.com/zh-tw/downloads/sustainability-report
10687,"註 1：直接溫室氣體排放 (範疇 1 的排放)：包含固定式設備之燃料燃燒、製程排放、交通運輸上之移動燃燒源、逸散性的排放源 (如消防設施、冷媒逸散等)。  註 2：能源間接溫室氣體排放 (範疇 2 的排放)：主要排放源為外購電力及外購蒸汽。  註 3：各種排放源溫室氣體排放量的計算主要採用排放係數法，並以量測或質量平衡計算所得係數為優先，其次當地或國際公告的適用係數，其範疇 1 之排放係數包括中國能源統計年鑑、省級溫室氣體清單編制指南、中華人民共和國國家標準、泰國能源係數 (依據 Carbon Label & Carbon Footprint for Organization 公告之係數)、臺灣環保署溫室氣體排放係數管理表 6.0.4 版、以及臺灣能源局燃料建議之排放係數 (依據 IPCC2006 的排放係數產出)；範疇 2 之排放係數包括臺灣能源局公告 2024 年之電力排放係數 (0.474 公斤 CO₂e/ 度)、2022 中國區域電網基準線排放因數 (天津 0.7041 公斤 CO₂e/ 度、江蘇 0.5978 公斤 CO₂e/ 度、廣東 0.4403 公斤 CO₂e/ 度)、泰國能源部能源政策和規劃辦公室公告之係數 (0.4200 公斤 CO₂e/ 度)、墨西哥環境部電力係數公告之係數 (0.438 公斤 CO₂e/ 度)、以及越南自然資源與環境部公告之係數 (0.6592 公斤 CO₂e/ 度)。  註 4：溫室氣體排放統計地點包含廠區佔總營收 1% 以上的廠區，包含臺灣 (4 個營運據點)、中國地區 (常州 4 廠區、天津、廣州 3 廠區、惠州、東莞 2 廠區)、泰國、越南、墨西哥共 18 個據點。  註 5：全球暖化潛勢 (Global warming potential, GWP) 採用聯合國政府間氣候變遷專家小組 (IPCC) 第六次評估報告 (AR6) 之係數。",E,No,,,,,,ltc,2301,71,https://hsxn1sjvkgtdpixe.public.blob.vercel-storage.com/ltc_2301_page_71.pdf,https://www.liteon.com/zh-tw/esgoverview/esg-overview
10822,本行已導入溫室氣體盤查制度及環境、能源、水資源相關的 ISO 管理系統，並維持管理流程的標準化，有效執行減碳行動。短期內，本行以設備汰換作為主要減量策略，透過引進高效節能設備、採用油電混合車或電動車取代傳統燃油車輛等方式，降低營運過程碳排放量。長期而言，本行將透過落實能源管理目標，持續追蹤並優化減碳措施，同時逐步提升再生能源採購量與碳權抵換比例，以確保短、中、長期減碳承諾的有效落實。,E,Yes,本行已導入溫室氣體盤查制度及環境、能源、水資源相關的 ISO 管理系統，並維持管理流程的標準化，有效執行減碳行動。,already,Yes,短期內，本行以設備汰換作為主要減量策略，透過引進高效節能設備、採用油電混合車或電動車取代傳統燃油車輛等方式，降低營運過程碳排放量。長期而言，本行將透過落實能源管理目標，持續追蹤並優化減碳措施，同時逐步提升再生能源採購量與碳權抵換比例，以確保短、中、長期減碳承諾的有效落實。 ｜ 短期內，本行以設備汰換作為主要減量策略，透過引進高效節能設備、採用油電混合車或電動車取代傳統燃油車輛等方式，降低營運過程碳排放量。長期而言，本行將透過落實能源管理目標，持續追蹤並優化減碳措施，同時逐步提升再生能源採購量與碳權抵換比例，以確保短、中、長期減碳承諾的有效落實。,Clear,scsb,5876,85,https://hsxn1sjvkgtdpixe.public.blob.vercel-storage.com/scsb_5876_page_85.pdf,https://www.scsb.com.tw/content/csr/csr03_a.html
11743,合庫融合企業核心理念與策略方向，建構完整教育訓練及進修課程，並依照職務階級與專業職能規劃訓練藍圖，為員工建立有效之職涯發展培訓計畫，期能育才、留才及協助員工實踐職涯理想，創造企業與員工共同成長的雙贏局面。,S,Yes,合庫融合企業核心理念與策略方向，建構完整教育訓練及進修課程，並依照職務階級與專業職能規劃訓練藍圖，為員工建立有效之職涯發展培訓計畫，期能育才、留才及協助員工實踐職涯理想，創造企業與員工共同成長的雙贏局面。,between_2_and_5_years,No,,,tcfhc,5880,116,https://esg.tcfhc.com.tw/uploads/download_item/download_file_zh/14/2024_ESG_REPORT_zh.pdf,https://esg.tcfhc.com.tw/report-download/
11286,"自 2013 年開始響應環境部全民綠生活綠色採購活動，本公司已連續 4 年榮獲基隆市政府頒發「民間企業綠色採購之優良企業」，2024 年綠色採購金額達新臺幣 86,832,417 元，較 2023 年成長 79.80%。成長主因為再生能源採購範圍由七堵辦公大樓擴大至基隆、高雄等自有辦公室，並涵蓋公務車與電腦設備採購，進一步提升環保採購規模與效益。  陽明海運作為環境部綠色辦公措施綠色夥伴一員，積極推動相關綠色行動包含：  - 辦公大樓：於臺北自有辦公大樓設置綠化設施，裝設太陽能光電系統、栽種景觀植栽，並搭配雨水回收系統進行灌溉，減少城市排水壓力及保護水資源，打造具多功能特性之生態綠屋頂。  - 日常營運：選用環境部所認列之綠色服務、綠色餐廳及保險服務，並優先使用具環保標章之產品以節省能資源，鼓勵採用視訊會議以減少差旅之碳排放，推行無紙化以降低紙張使用量。  - 活動推廣：不定期舉辦環境教育課程、淨灘與淨港活動，鼓勵同仁親身參與共同實踐環境保護的責任，期許同仁於活動中瞭解陽明海運對於永續的承諾，共同為生態盡一份心力。  - 再生能源：2023 年本公司已採購再生能源憑證，透過綠電轉供於總部七堵辦公大樓使用，2024 年基隆、高雄自有辦公室亦加入綠電採購的行列，未來將逐年提升綠電使用之比例，詳細資訊請參考 3.4 低碳技術研發與投資章節。",E,Yes,自 2013 年開始響應環境部全民綠生活綠色採購活動，,between_2_and_5_years,Yes,"本公司已連續 4 年榮獲基隆市政府頒發「民間企業綠色採購之優良企業」，2024 年綠色採購金額達新臺幣 86,832,417 元，較 2023 年成長 79.80%。",Clear,ymtc,2609,65,https://esg.yangming.com/upload/esg_custom_sustainability_report_document_files/twL_esg_custom_sustainability_report_document_23I14_ERqoPnY786.pdf,https://esg.yangming.com/esg/sustainability_report/1/
11784,台積公司引領先鋒性的減碳技術與低碳營運作為，我們以實際行動跨步充滿企圖心的淨零排放藍圖、營運碳中和，投資跨世代的減碳節水技術與循環經濟模式，支持使用再生能源，並致力於涵養一個包容、賦權的創新工作環境。,E,Yes,台積公司引領先鋒性的減碳技術與低碳營運作為，我們以實際行動跨步充滿企圖心的淨零排放藍圖、營運碳中和，投資跨世代的減碳節水技術與循環經濟模式，支持使用再生能源，並致力於涵養一個包容、賦權的創新工作環境。,already,No,,,tsmc,2330,4,https://esg.tsmc.com/zh-Hant/resources/ESG-data-hub?tab=reportbuilder,https://esg.tsmc.com/zh-Hant/resources/ESG-data-hub?tab=reportbuilder
11214,• 訂定「企業社會責任實務守則」、「公司治理實務守則」、「誠信經營守則」  • 成立「審計委員會」  • 獨立董事席次達 20%  • 主辦第 11 屆 APEC SMEFI 年會，以「深耕中小企業融資及支持 SME 創新需求」為中心主題，扶持中小企業成長,G,No,,,,,,tcfhc,5880,22,https://esg.tcfhc.com.tw/uploads/download_item/download_file_zh/14/2024_ESG_REPORT_zh.pdf,https://esg.tcfhc.com.tw/report-download/
90006,研華理解對於全球環境的責任，公司關於氣候變遷的政策聲明與《巴黎協定》維持升溫 1.5 度 C 以下的目標保持一致，承諾國際科學基礎減碳目標 (SBT) 後，同時，公司在計算產品「避免排放」時，預設所有客戶皆以最節能模式操作設備，且完全淘汰舊有高耗能設備，並假設此情境在產品全生命週期內維持不變，再將此理論值於報告中與公司營運範疇一與範疇二排放直接相扣，以「淨減排量」名義呈現，對外說明整體淨減排表現已達甚至超越 SBT 要求，而未明確區分自身排放與下游客戶行為之間的因果與責任邊界。,E,Yes,研華理解對於全球環境的責任，公司關於氣候變遷的政策聲明與《巴黎協定》維持升溫 1.5 度 C 以下的目標保持一致， ｜ 承諾國際科學基礎減碳目標 (SBT) 後，,longer_than_5_years,Yes,同時，公司在計算產品「避免排放」時，預設所有客戶皆以最節能模式操作設備，且完全淘汰舊有高耗能設備，並假設此情境在產品全生命週期內維持不變，再將此理論值於報告中與公司營運範疇一與範疇二排放直接相扣，以「淨減排量」名義呈現，對外說明整體淨減排表現已達甚至超越 SBT 要求，而未明確區分自身排放與下游客戶行為之間的因果與責任邊界。,Misleading,acl,2395,104,https://hsxn1sjvkgtdpixe.public.blob.vercel-storage.com/acl_2395_page_104.pdf,https://esg.advantech.com/zh-tw/downloads/sustainability-report
10355,日月光投控逐一確認 17 項重大議題在上游採購、日月光生產廠區、客戶使用與社區等四大衝擊階段的影響。並對應 19 個 GRI Standard 主題以及 4 個日月光自訂主題，揭露屬於日月光投控的重大議題，公開揭露重大議題之雙重重大性影響範疇、管理方針、風險描述等內容。其他非重大議題，亦同步揭露於永續報告書中。,G,No,,,,,,aseh,3711,43,https://hsxn1sjvkgtdpixe.public.blob.vercel-storage.com/aseh_3711_page_43.pdf,https://www.aseglobal.com/ch/csr/csr-download/
11003,智邦於 2020 年成立專職資安管理組織 – 資訊安全處，負責集團之網路安全問題，活動和威脅情報的推行、規畫、監控及管理作業，以便主動檢測，調查和響應智邦面臨的安全威脅。,S;G,Yes,智邦於 2020 年成立專職資安管理組織 – 資訊安全處，,already,Yes,負責集團之網路安全問題，活動和威脅情報的推行、規畫、監控及管理作業，以便主動檢測，調查和響應智邦面臨的安全威脅。,Clear,accton,2345,58,https://www.accton.com.tw/wp-content/uploads/2025/06/Accton-2024ESG-CH.pdf,https://www.accton.com.tw/esg-documents/
11746,藥華醫藥總部2023年10月導入ISO 27001 : 2022資訊安全管理系統，並於2024年4月通過稽核審查、7月9日正式取得認證。導入ISO 27001後，公司的資訊安全從被動防禦轉向主動管理，建立更健全的資安管理架構，強化資訊安全防護能力，不僅符合法規要求，也增強國際競爭力，提升員工資安意識。未來，短期內我們期待能填補資安人力缺口或尋求外部資安顧問協助，並將部署SASE、SIEM及SOC視為長期目標，強化公司整體資安防護能力。,S,Yes,公司的資訊安全從被動防禦轉向主動管理，建立更健全的資安管理架構，強化資訊安全防護能力， ｜ 不僅符合法規要求，也增強國際競爭力，提升員工資安意識。,between_2_and_5_years,Yes,藥華醫藥總部2023年10月導入ISO 27001 : 2022資訊安全管理系統，並於2024年4月通過稽核審查、7月9日正式取得認證。導入ISO 27001後，,Clear,pec,6446,39,https://www.pharmaessentia-esg.com/uploads/images/download/PEC2024CS_Report.pdf,https://www.pharmaessentia-esg.com/tw/download/detail#section-1
10284,為配合人員發展之訓練需求，本行除各分行及各部門基礎課程外，另有上銀 e 學院為跨越時空之學習平臺，提供多元化訓練方式及開放式學習課堂等，便利的學習條件和無限制學習空間，員工可透過網路參加本行於 e-learning 系統所開設之各項專業或知識性課程，例如：防制洗錢、法令遵循、資訊安全與風險意識，不受時間和地點的限制亦能即時檢視成效。根據自身需求使用此項便捷有效率之學習途徑。同時，2024 年亦調訓全行人員參加「誠信是我們的價值」、「金融友善服務措施」等線上課程，透過課程凝聚全體共識，落實本行「處處為您著想」的服務理念，深化企業文化教育。,S,Yes,落實本行「處處為您著想」的服務理念，深化企業文化教育。,already,Yes,可透過網路參加本行於 e-learning 系統所開設之各項專業或知識性課程，例如：防制洗錢、法令遵循、資訊安全與風險意識，不受時間和地點的限制亦能即時檢視成效。根據自身需求使用此項便捷有效率之學習途徑。同時，2024 年亦調訓全行人員參加「誠信是我們的價值」、「金融友善服務措施」等線上課程，,Clear,scsb,5876,104,https://hsxn1sjvkgtdpixe.public.blob.vercel-storage.com/scsb_5876_page_104.pdf,https://www.scsb.com.tw/content/csr/csr03_a.html
10035,本集團以獨立超然之精神執行稽核業務，隸屬於董事會，協助董事會及高階管理階層審查與評估風險管理是否有效運作，包含評估第一道及第二道防線監控之有效性，並適時提出改進建議。內部稽核單位建立及執行集團內部稽核制度，查核與評估內部控制之有效性，並定期向審計委員會及董事會報告。對本公司每年至少辦理 1 次一般業務查核。,G,Yes,本集團以獨立超然之精神執行稽核業務，隸屬於董事會， ｜ 本公司每年至少辦理 1 次一般業務查核。,already,Yes,協助董事會及高階管理階層審查與評估風險管理是否有效運作，包含評估第一道及第二道防線監控之有效性，並適時提出改進建議。 ｜ 內部稽核單位建立及執行集團內部稽核制度，查核與評估內部控制之有效性，並定期向審計委員會及董事會報告。對,Clear,hnfhc,2880,46,https://hsxn1sjvkgtdpixe.public.blob.vercel-storage.com/hnfhc_2880_page_46.pdf,https://www.hnfhc.com.tw/HNFHC/csr/a.do?id=3b652cac56000000f6ca&parent_menu=2
11896,"依據例行性、非例行性作業及內、外部事件等，針對 1,180 項作業進行危害鑑別，從對人員傷病影響及防護設施的完整、有效性兩個面向實施風險評估，其中有 2 項作業具不可接受風險，透過每月監督法規遵循情形，以及執行新進人員教育訓練與現場巡查等措施，已降為可接受風險。",S,No,,,,,,wiwynn,6669,123,https://www.wiwynn.com/hubfs/ESG/2025/files/Wiwynn_Sustainability_Report_ZH.pdf#pdfjs.action=download,https://www.wiwynn.com/zh/esg?srsltid=AfmBOorvFrT1ZHOSpBKt9v6gwVkwdiWT6ZYLhQDWqQ06r_frvS6qSFZM
10549,台塑推動永續投資轉型，聚焦高值化、綠色轉型及數位創新為核心，致力於開發新技術新產品，朝電子／半導體、綠能環保及醫療保健三大全球發展趨勢邁進，導入 AI 技術，強化競爭力，實現創新與永續的成長動能。,S;E,Yes,台塑推動永續投資轉型，聚焦高值化、綠色轉型及數位創新為核心， ｜ 致力於開發新技術新產品， ｜ ，朝電子／半導體、綠能環保及醫療保健三大全球發展趨勢邁進，導入 AI 技術，強化競爭力，實現創新與永續的成長動能。,between_2_and_5_years,No,,,fpc,1301,34,https://hsxn1sjvkgtdpixe.public.blob.vercel-storage.com/fpc_1301_page_34.pdf,https://www.fpg.com.tw/esg/tw/download
90063,台塑工業 (寧波) 空氣污染物自主減量。公司未對實際排放總量或質量流率進行具體減少，而是藉由提高排放煙囪高度與加大稀釋空氣量，使廠界與周邊監測點的揮發性有機物濃度看似下降；該作法僅改變污染物在空間中的分布與稀釋效果，並於相關揭露中將濃度下降解讀為排放量「減量」成果。,E,Yes,台塑工業 (寧波)  空氣污染物自主減量,already,Yes,公司未對實際排放總量或質量流率進行具體減少，而是藉由提高排放煙囪高度與加大稀釋空氣量，使廠界與周邊監測點的揮發性有機物濃度看似下降；該作法僅改變污染物在空間中的分布與稀釋效果，並於相關揭露中將濃度下降解讀為排放量「減量」成果。,Misleading,fpc,1301,90,https://hsxn1sjvkgtdpixe.public.blob.vercel-storage.com/fpc_1301_page_90.pdf,https://www.fpg.com.tw/esg/tw/download
10288,永續長辦公室依據衝擊顯著性門檻，自 21 項永續議題遴選 12 項議題為 2024 年度重大主題，並提報永續發展委員會及董事會。報導揭露：依據 GRI 報導要求，於本報告書說明重大主題的因應策略、短中長期目標、成果績效及管理方針。2024 年度 12 項重大主題總計對應 14 個 GRI 主題，包含 13 個 GRI 準則主題及 1 個一般揭露主題。,E,Yes,自 21 項永續議題遴選 12 項議題為 2024 年度重大主題，並提報永續發展委員會及董事會。報導揭露：依據 GRI 報導要求，於本報告書說明重大主題的因應策略、短中長期目標、成果績效及管理方針。,longer_than_5_years,Yes,2024 年度 12 項重大主題總計對應 14 個 GRI 主題，包含 13 個 GRI 準則主題及 1 個一般揭露主題。,Clear,esfh,2884,21,https://hsxn1sjvkgtdpixe.public.blob.vercel-storage.com/esfh_2884_page_21.pdf,https://www.esunfhc.com/zh-tw/esg/resource-center/report
10049,大立光面對公司治理、風險管理與法規遵循等永續經營的各項重大主題，成立 ESG 委員會。本著誠信經營與資訊透明的理念，遵循法規、提升經營績效，健全內控與人員管理機制與 ISO 管理系統驗證，落實經營理念與道德規範的優質企業文化，訂定重大主題目標與績效如下：,G,Yes,落實經營理念與道德規範的優質企業文化，訂 ｜ 訂定重大主題目標與績效如,already,Yes,全內控與人員管理機制與 ISO 管理系統驗證，,Clear,largan,3008,17,https://hsxn1sjvkgtdpixe.public.blob.vercel-storage.com/largan_3008_page_17.pdf,https://www.largan.com.tw/tw/esg
10943,同仁如有需求 (如員工為撫育未滿 3 歲子女)，除得申請育嬰留職停薪外，亦可依工作規則向公司申請每天工作時間減少 1 小時，或由公司視業務需要，同意勞工於不變更每日正常工作時數下，彈性調整工作開始及終止之時間；同仁如提出兼職申請，在與公司利益不衝突之情況下，公司得同意同仁兼職，且部分子公司因業務需要，長期聘僱部分工時員工。,S,No,,,,,,tcfhc,5880,114,https://hsxn1sjvkgtdpixe.public.blob.vercel-storage.com/tcfhc_5880_page_114.pdf,https://esg.tcfhc.com.tw/report-download/
11315,研華於 2024 年正式啟動 CST（Corporate Structure Transformation）企業轉型計畫，以企業成長驅動制度、組織經營模式升級、數位轉型為三大核心方向，推動企業未來的發展藍圖。為確保計畫能夠落實至關鍵人才培育，研華進一步設立專業學院，提供系統化的學習資源，強化組織核心競爭力。AI 學院以數位轉型目標為核心，培養內部 AI 技術人才，加速 AI 技術在各業務單位的應用，提升營運效率與決策能力；而 M&A 學院則與企業成長驅動制度緊密連結，透過併購與投資專業的培訓，強化團隊在市場拓展與企業成長策略上的專業能力。,S,Yes,進一步設立專業學院，,already,Yes,提供系統化的學習資源，強化組織核心競爭力。 AI  培養內部  AI   技術人才，加速  AI   技術在各業務單位的應用，提升營運效率與決策能力；,Clear,acl,2395,163,https://advcloudfiles.advantech.com/csr/Report/2024ESG.pdf,https://esg.advantech.com/zh-tw/downloads/sustainability-report
10592,台新青少年基金會為台灣首創之國高中生志願服務公益平台，以培育青少年領袖人才、擴大社會參與、培育善良品格及公民素養為目的，每年持續舉辦「台新青少年志工菁英獎」，串聯教育界、政府、全國中等學校及公益社團等機構組織，鼓勵及表揚青少年積極參與志願服務，長期深耕至今已舉辦 24 屆。,S,Yes,以培育青少年領袖人才、擴大社會參與、培育善良品格及公民素養為目的，每年持續舉辦「台新青少年志工菁英獎」，串聯教育界、政府、全國中等學校及公益社團等機構組織，鼓勵及表揚青少年積極參與志願服務，,longer_than_5_years,Yes,長期深耕至今已舉辦 24 屆。,Clear,taishin,2887,169,https://hsxn1sjvkgtdpixe.public.blob.vercel-storage.com/taishin_2887_page_169.pdf,https://www.tsholdings.com.tw/tsh/responsibility/report/
11816,台達視自然與氣候相關機會為推動未來成長的重要策略方向與關鍵商機動能，於年度全球策略會議中與各地重要主管分享相關分析成果與行動方案，藉此凝聚共識並推動跨區域協作與落實。台達長期聚焦前瞻技術研發，積極投入創新應用、自動化、低碳與低環衝擊產品與解決方案的發展，持續拓展氣能技術、智慧電網與再生電力匹配系統等新興綠色市場，以及擬定碳權管理與投資可能性，並致力結合產業夥伴的力量共同合作低碳應用等，為台達永續轉型注入創新動能，加速邁向淨零目標。,E,Yes,台達長期聚焦前瞻技術研發，積極投入創新應用、自動化、低碳與低環衝擊產品與解決方案的發展，持續拓展氣能技術、智慧電網與再生電力匹配系統等新興綠色市場，以及擬定碳權管理與投資可能性，並致力結合產業夥伴的力量共同合作低碳應用等，為台達永續轉型注入創新動能，加速邁向淨零目標。,more_than_5_years,Yes,年度全球策略會議中與各地重要主管分享相關分析成果與行動方案，藉此凝聚共識並推動跨區域協作與落實。,Clear,delta,2308,114,https://esg.deltaww.com/CSR-Reports,https://esg.deltaww.com/CSR-Reports
90080,台達推動價值鏈實踐循環經濟，設定 2030 年回收／再生料使用目標，詳細內容請參閱 Ch 4.5 供應鏈永續管理。講述企業永續轉型與實踐路徑時，多著重在介紹企業品牌故事與成功案例，而未提供具體轉型時間表與量化減量目標，將近 500 人參與係包含重複報名、短時間登入與旁聽人員，而未加以區分實際完成課程者。2024 年，台達在淨零目標的範疇三專案推動下，延續過往既有採購盤點流程，僅在報告名稱中新增「淨零」與「範疇三」字詞，即對外稱為專案，事業單位分工合作主要著重於彙整文件，而非實質調整原物料結構。,E,Yes,台達推動價值鏈實踐循環經濟， ｜ 設定 2030 年回收／再生料使用目標，詳細內容請參閱 Ch 4.5 供應鏈永續管理。,longer_than_5_years,Yes,講述企業永續轉型與實踐路徑時，多著重在介紹企業品牌故事與成功案例，而未提供具體轉型時間表與量化減量目標，將近 500 人參與係包含重複報名、短時間登入與旁聽人員，而未加以區分實際完成課程者。2024 年，台達在淨零目標的範疇三專案推動下，延續過往既有採購盤點流程，僅在報告名稱中新增「淨零」與「範疇三」字詞，即對外稱為專案，事業單位分工合作主要著重於彙整文件，而非實質調整原物料結構。,Misleading,delta,2308,137,https://hsxn1sjvkgtdpixe.public.blob.vercel-storage.com/delta_2308_page_137.pdf,https://esg.deltaww.com/CSR-Reports
10859,113 年透過重大性分析流程鑑別出 10 項重大主題，檢視鑑別結果，相較 112 年，增加重大風險事件、鋼鐵產品永續價值創造、員工薪酬與福利、循環經濟 / 廢棄物與副產物 4 項，減少資訊 / 網路安全、原物料、水資源 3 項。中鋼內部各單位針對各重大主題之經濟、環境及人(人權)面向進行實際和潛在衝擊之鑑別，衝擊範疇主要集中在價值鏈核心中鋼本身，創新研發之重大主題涉及價值鏈下游客戶，並研擬衝擊預防、減緩和控制補救措施說明，以有效回應利害關係人。中鋼對於各議題之管理方式均源自於四大精神及經營理念，並涵蓋於永續發展政策和風險控管策略中。再依議題所屬之面向細分，經濟面議題之管理主要由年度經營方針與目標展開，環境面之議題和社會面之職業安全衛生議題涵蓋於環安衛政策中，其餘社會面議題之管理由社會參與四大理念展開。,G,No,,,,,,csc,2002,18,https://hsxn1sjvkgtdpixe.public.blob.vercel-storage.com/csc_2002_page_18.pdf,https://www.csc.com.tw/csc/esg/ov/dow.html
11967,依本公司薪資報酬委員會組織規程，薪資報酬委員會之成員由董事會決議委任之，成員不少於三人，過半數成員應由獨立董事擔任，並由全體成員推舉具獨立董事身分之一人擔任召集人。第五屆薪資報酬委員會成員皆由獨立董事組成，成員資料請詳參 2024 年年報 P.49。薪資報酬委員會依據其專業，訂定並定期檢視董事及經理人績效評估與薪資報酬之政策、制度、標準與結構，並依據公司之經營績效與組織經營對於社會與環境之影響，定期評估並訂定董事及經理人之薪資報酬，以深植統一的企業倫理與文化，追求永續經營。,G,Yes,薪資報酬委員會依據其專業，訂定並定期檢視董事及經理人績效評估與薪資報酬之政策、制度、標準與結構，並依據公司之經營績效與組織經營對於社會與環境之影響，定期評估並訂定董事及經理人之薪資報酬，以深植統一的企業倫理與文化，追求永續經營。,more_than_5_years,Yes,依本公司薪資報酬委員會組織規程，薪資報酬委員會之成員由董事會決議委任之，成員不少於三人，過半數成員應由獨立董事擔任，並由全體成員推舉具獨立董事身分之一人擔任召集人。第五屆薪資報酬委員會成員皆由獨立董事組成， ｜ 訂定並定期檢視董事及經理人績效評估與薪資報酬之政策、制度、標準與結構，並依據公司之經營績效與組織經營對於社會與環境之影響，定期評估並訂定董事及經理人之薪資報酬，,Clear,unipresident,1216,18,https://esg.sp88.tw/upload/pj/202508071622071323.pdf,https://esg.sp88.tw/book.php
10802,在快速變化的環境，金融業需要專業與跨域的創新科技人才，我們透過獎學金、金融教育、學術活動與產學合作等，培養未來的員工與開發新興金融科技的應用。,S,No,,,,,,taishin,2887,154,https://hsxn1sjvkgtdpixe.public.blob.vercel-storage.com/taishin_2887_page_154.pdf,https://www.tsholdings.com.tw/tsh/responsibility/report/
11839,客戶滿意度調查為達成持續營運與成長的長遠目標，我們開啟市場成功之鑰：顧客滿意。基於強化顧客滿意度的理念，善用企業資源管理規劃(ERP)、採購平台兩項管理系統，積極提供客戶、供應商與大立光三贏哲學，讓成本、品質、服務最佳化，在此互惠過程中創造更好的業績與未來更多的新訂單。,S,Yes,客戶滿意度調查為達成持續營運與成長的長遠目標,between_2_and_5_years,Yes,開啟市場成功之鑰：顧客滿意。基於強化顧客滿意度的理念，善用企業資源管理規劃(ERP)、採購平台兩項管理系統，積極提供客戶、供應商與大立光三贏哲學，讓成本、品質、服務最佳化，在此互惠過程中創造更好的業績與未來更多的新訂單。,Clear,largan,3008,38,https://www.largan.com.tw/tw/tool-download/esg_1_files/file/19/2024%E5%B9%B4ESG%E6%B0%B8%E7%BA%8C%E5%A0%B1%E5%91%8A%E6%9B%B8?note=,https://www.largan.com.tw/tw/esg
11521,除了珊瑚復育之外，2024 年台達在中國大陸首次開展城市自然觀察，與山水自然保護中心合作，支持傳粉昆蟲與蜻蜓觀察項目，推動志願者參與活動，搜集數據提供園林規劃參考，製作傳粉植物教案讓大眾了解其重要性。從 3 月到 10 月間，總共開展傳粉培訓及觀察活動、金海濕地蜻蜓觀察、濕地科普攤位、北京奧森公園昆蟲陷阱製作等多項活動 51 次，超過 200 人次公眾志願者參與。台達員工志願者積極參與其中，共有 55 人次參與 9 場活動。台達希望借由城市自然觀察，讓更多人了解別與我們生活息息相關的傳粉昆蟲，為創造和諧共生的美好未來一起努力。,E,Yes,除了珊瑚復育之外，2024 年台達在中國大陸首次開展城市自然觀察，與山水自然保護中心合作，支持傳粉昆蟲與蜻蜓觀察項目，推動志願者參與活動，搜集數據提供園林規劃參考，製作傳粉植物教案讓大眾了解其重要性。,already,Yes,從 3 月到 10 月間，總共開展傳粉培訓及觀察活動、金海濕地蜻蜓觀察、濕地科普攤位、北京奧森公園昆蟲陷阱製作等多項活動 51 次，超過 200 人次公眾志願者參與。台達員工志願者積極參與其中，共有 55 人次參與 9 場活動。,Clear,delta,2308,215,https://esg.deltaww.com/CSR-Reports,https://esg.deltaww.com/CSR-Reports
11453,我們總結台灣塑膠工業股份有限公司 2024 年永續報告書內容，對於台塑公司之相關運作與永續績效則提供了一個公平的觀點。基於保證範圍限制事項、台塑公司所提供資訊與數據以及抽樣之測試，此報告書並無重大之不實陳述。我們相信有關台塑公司的環境、社會及治理等績效資訊是被正確無誤地呈現。報告書所揭露之永續績效資訊展現了台塑公司對識別利害關係人的努力。,G,No,,,,,,fpc,1301,35,https://www.fpg.com.tw/uploads/images/ESG/%E5%8F%B0%E5%A1%912024%E5%B9%B4%E6%B0%B8%E7%BA%8C%E5%A0%B1%E5%91%8A%E6%9B%B8.pdf,https://www.fpg.com.tw/esg/tw/download
11776,"和泰集團長期致力於推廣交通安全公益活動，關注行人用路安全，為打造更安全的交通環境。為提升導護志工值勤時的安全，及維護孩童上下學時秩序，和泰集團自 2001 年開始，以縣市為單位，每年輪流捐贈全台縣市國小導護志工裝備，包含反光背心與指揮旗，14 年來已累積捐贈近 13 萬套導護志工裝備，全台超過 2,700 所小學、百萬名導護志工及學童受惠。2024 年和泰集團攜手和泰純青基金會，加入關係企業和泰產險、和運租車、大全彩藝與經銷商國都汽車共同響應，傾集團之力，共捐贈全台國中小學一萬套導護志工裝備，盼能一同守護學童用路安全，並積極在交通安全公益領域盡一份心力，善盡汽車本業社會責任。",S,Yes,和泰集團長期致力於推廣交通安全公益活動，關注行人用路安全，為打造更安全的交通環境。,more_than_5_years,Yes,"和泰集團自 2001 年開始，以縣市為單位，每年輪流捐贈全台縣市國小導護志工裝備，包含反光背心與指揮旗，14 年來已累積捐贈近 13 萬套導護志工裝備，全台超過 2,700 所小學、百萬名導護志工及學童受惠。2024 年和泰集團攜手和泰純青基金會，加入關係企業和泰產險、和運租車、大全彩藝與經銷商國都汽車共同響應，傾集團之力，共捐贈全台國中小學一萬套導護志工裝備，盼能一同守護學童用路安全，並積極在交通安全公益領域盡一份心力，善盡汽車本業社會責任。",Clear,hotaimotor,2207,63,https://www.hotaimotor.com.tw/htfile/report-files/1758159596647/2024%20%E6%B0%B8%E7%BA%8C%E5%A0%B1%E5%91%8A%E6%9B%B8.pdf,https://www.hotaimotor.com.tw/Sustainability/Reports
11626,緯創以「創新而永續」為發展願景，深植四大核心價值：客戶導向、誠信正直、創新突破和永續發展。積極回應社會關注的永續議題，緯創人透過公司及基金會的多元平台，在環境保護、社會公益等領域展現影響力，並善用專業技術能力，透過產學研合作模式，促進產業創新與社會發展。,S;G,Yes,緯創以「創新而永續」為發展願景，深植四大核心價值：客戶導向、誠信正直、創新突破和永續發展。積極回應社會關注的永續議題，緯創人透過公司及基金會的多元平台，在環境保護、社會公益等領域展現影響力，並善用專業技術能力，透過產學研合作模式，促進產業創新與社會發展。,between_2_and_5_years,No,,,wistron,3231,176,https://esg.wistron.com/ch/report-download/esg/NoakpM47xGKX/2024SustainabilityReportCH.pdf,https://esg.wistron.com/ch/report-download
11946,緯穎科技以「環境友善營運」為永續發展策略之一，致力將永續意識融入日常營運，導入 IECQ QC 080000:2017( 有害物質流程管理系統 )、ISO 14001:2015( 環境管理系統 )、ISO 14064-1:2018( 溫室氣體盤查管理系統 ) 以及 ISO 50001:2018 ( 能源管理系統 ) 等；並參考溫室氣體盤查議定書 (GHG protocol)，依照 ISO 14064-1:2018 進行溫室氣體盤查，以營運控制權設定組織邊界，取證涵蓋率達 100%。隨著產業蓬勃發展，緯穎科技近年來持續擴大營運規模，整體碳排放量呈上升趨勢。為達成減碳目標，除了積極在各廠區導入節能措施外，也在全球推動綠電採購，並於海外營運據點設置屋頂太陽能板等設備，以提升綠電使用率，2024 年全球再生能源使用比例達 66.77%。,E,Yes,緯穎科技以「環境友善營運」為永續發展策略之一，致力將永續意識融入日常營運， ｜ 隨著產業蓬勃發展，緯穎科技近年來持續擴大營運規模，整體碳排放量呈上升趨勢。為達成減碳目標，,between_2_and_5_years,Yes,導入 IECQ QC 080000:2017( 有害物質流程管理系統 )、ISO 14001:2015( 環境管理系統 )、ISO 14064-1:2018( 溫室氣體盤查管理系統 ) 以及 ISO 50001:2018 ( 能源管理系統 ) 等；並參考溫室氣體盤查議定書 (GHG protocol)，依照 ISO 14064-1:2018 進行溫室氣體盤查，以營運控制權設定組織邊界，取證涵蓋率達 100%。 ｜ 除了積極在各廠區導入節能措施外，也在全球推動綠電採購，並於海外營運據點設置屋頂太陽能板等設備，以提升綠電使用率，2024 年全球再生能源使用比例達 66.77%。,Clear,wiwynn,6669,78,https://www.wiwynn.com/hubfs/ESG/2025/files/Wiwynn_Sustainability_Report_ZH.pdf#pdfjs.action=download,https://www.wiwynn.com/zh/esg?srsltid=AfmBOorvFrT1ZHOSpBKt9v6gwVkwdiWT6ZYLhQDWqQ06r_frvS6qSFZM
11008,本公司及子公司對所有正式員工進行績效考核，經營主管定期於每年年底評核，其餘員工則每月定期工作評核，年底彙總成績作為年終考績參考，確保考核客觀性。2024 年本公司與各子公司性別、職級員工定期評核比例為 100%，與過往相比相當。,S,Yes,本公司及子公司對所有正式員工進行績效考核，經營主管定期於每年年底評核，其餘員工則每月定期工作評核，年底彙總成績作為年終考績參考，確保考核客觀性。,more_than_5_years,Yes,2024 年本公司與各子公司性別、職級員工定期評核比例為 100%，與過往相比相當。,Clear,fpc,1301,121,https://www.fpg.com.tw/uploads/images/ESG/%E5%8F%B0%E5%A1%912024%E5%B9%B4%E6%B0%B8%E7%BA%8C%E5%A0%B1%E5%91%8A%E6%9B%B8.pdf,https://www.fpg.com.tw/esg/tw/download
10194,台達持續訂定及推動內外部氣候變遷目標，2021 年承諾 2030 年全球達成 RE100、2022 年通過科學減碳目標倡議組織 (SBTi) 的淨零科學減碳目標審核。,E,Yes,台達持續訂定及推動內外部氣候變遷目標，2021 年承諾 2030 年全球達成 RE100、2022 年通過科學減碳目標倡議組織 (SBTi) 的淨零科學減碳目標審核。,longer_than_5_years,Yes,022 年通過科學減碳目標倡議組織 (SBTi) 的淨零科學減碳目標審核。,Clear,delta,2308,117,https://hsxn1sjvkgtdpixe.public.blob.vercel-storage.com/delta_2308_page_117.pdf,https://esg.deltaww.com/CSR-Reports
11211,為將ESG內化至組織管理與運作中，分別進行以下作為：  • 董事會：董事會自評自2017年起納入ESG績效自評；委託中華公司治理協會自2018年起每三年一次評估董事會效能。  • 高階主管與同仁：為更強化企業永續發展績效與高階管理階層薪酬之連結，高階管理階層變動薪酬與 ESG 績效等連動比率為30%。每年不定期舉辦教育訓練，與高階主管及同仁說明ESG重點策略及執行方式，促使全體員工貫徹企業永續經營願景，詳參3.1.2高階薪酬。,S,Yes,為將ESG內化至組織管理與運作中,already,Yes,評自2017年起納入ESG績效自評； ｜ 階主管與同仁：為更強化企業永續發展績效與高階管理階層薪酬之連結，高階管理階層變動薪酬與 ESG 績效等連動比率為30%。每年不定期舉辦教育訓練，與高階主管及同仁說明ESG重點策略及執行方式，促使全體員工貫徹企業永續經營願景，詳參3.1.2高階薪酬。,Clear,twm,3045,31,https://corp.taiwanmobile.com/pdf/2024_C_ESG.pdf,https://corp.taiwanmobile.com/esg/esg-report.html
11484,"在 RCP 2.6 的情境下，約有 0.89% 的不動產擔保品位於本世紀末高淹水風險區域，約占整體不動產放款總額 2.21%，預期損失率為 0.19%，可能增加預期損失金額約新臺幣 1,490.2 百萬元，尚屬於可控範圍；而全台營運據點及自有不動產約有 0.83% 位於本世紀末高淹水風險區域；至於供應商部分，約有 1.16% 位於本世紀末高淹水風險區域。  在 RCP 8.5 的情境下，約有 9.24% 的不動產擔保品位於本世紀末高淹水風險區域，約占整體不動產放款總額 8.85%，預期損失率為 0.75%，尚屬於可控範圍；而全台營運據點及自有不動產約有 8.26% 位於本世紀末高淹水風險區域，主要位於南部地區；至於供應商部分，約有 2.91% 位於本世紀末高淹水風險區域。",E,No,,,,,,yuanta,2885,53,https://www.yuanta.com/Files/TCFDReport/2024/TW/2024TCFD_Report_TC.pdf,https://www.yuanta.com/TW/ESG/ESG-Report
11034,為加速低碳轉型，本公司推動海運生質燃油測試計畫，並與長租船舶船東協商參與測試。根據試驗結果，持續優化生質燃油的應用模式，逐步實現生質燃油的常態化使用。本公司將持續推動生質燃油使用計畫，以提高再生能源占比，邁向 2050 年淨零碳排目標。,E,Yes,本公司推動海運生質燃油測試計畫， ｜ 本公司將持續推動生質燃油使用計畫，以提高再生能源占比，邁向 2050 年淨零碳排目標。,more_than_5_years,No,,,ymtc,2609,76,https://esg.yangming.com/upload/esg_custom_sustainability_report_document_files/twL_esg_custom_sustainability_report_document_23I14_ERqoPnY786.pdf,https://esg.yangming.com/esg/sustainability_report/1/
11807,和泰汽車 2024 年共聘僱 47 位新人，佔全體員工的 8.1%，我們秉持「適才適所」與「人盡其才」的理念，致力打造友善的工作環境。透過多元管道，持續招募相關領域的專業人才，共同與和泰汽車成長茁壯。,S,Yes,致力打造友善的工作環境。透過多元管道，持續招募相關領域的專業人才，共同與和泰汽車成長茁壯。,between_2_and_5_years,Yes,和泰汽車 2024 年共聘僱 47 位新人，佔全體員工的 8.1%，我們秉持「適才適所」與「人盡其才」的理念，,Clear,hotaimotor,2207,81,https://www.hotaimotor.com.tw/htfile/report-files/1758159596647/2024%20%E6%B0%B8%E7%BA%8C%E5%A0%B1%E5%91%8A%E6%9B%B8.pdf,https://www.hotaimotor.com.tw/Sustainability/Reports
11106,台灣正面臨高齡化及少子化等人口結構改變的挑戰，國泰金控為台灣最大型金融機構之一，每兩人中有一人是國泰金控的客戶，我們期望能藉此發揮影響力，並將健康促進範疇由個人拓展至家戶，在協助民眾照料自身健康的同時，我們也重視校園學子的交通與人身安全風險，面對高齡長者更是關注其身心靈健康。此外員工更是我們最重要的資產，期望透過健全心身照顧機制，成為員工最堅強的後盾，以達協助大眾、保戶與員工「全齡家戶邁向全人健康」之願景。,S,Yes,我們期望能藉此發揮影響力，並將健康促進範疇由個人拓展至家戶，在協助民眾照料自身健康的同時，我們也重視校園學子的交通與人身安全風險，面對高齡長者更是關注其身心靈健康。此外員工更是我們最重要的資產，期望透過健全心身照顧機制，成為員工最堅強的後盾，以達協助大眾、保戶與員工「全齡家戶邁向全人健康」之願景。,between_2_and_5_years,No,,,cathay,2882,20,https://www.cathayholdings.com/holdings/-/media/97602d5240c34490b999bebd41fb4e5f.pdf?sc_lang=zh-tw,https://www.cathayholdings.com/holdings/esg/reports/reports_download
11156,聲明書範疇及確信標準  1) 確信範疇為瑞昱半導體 2024 年永續報告書所揭露每一項，報導期間為 2024 年 1 月 1 日至 2024 年 12 月 31 日。  2) 依循 AA1000 確信標準第三版第二類型之中度保證等級，並含對於數據產生及管理之系統及流程、包含對於數據彙總及報導於聲明書內，數據之可信賴性的查證。  3) 永續報告書已聲明其係依循 GRI 準則及 SASB 準則所編撰。  4) 查證範圍定義於「上市公司編製與申報永續報告書作業辦法」中重要指標所揭露數據及指標。,G,No,,,,,,rt,2379,169,https://www.realtek.com/images/csr/2024.pdf,https://www.realtek.com/Article/Index?menu_id=912&lang=zh-TW
10186,國巨各廠區依據環境政策執行環境管理系統，考量廠區地理位置、氣候、空氣品質、水質、土地使用、既有之污染物、自然資源可取得性及生物多樣性等環境狀況。為保持營運必須之穩定水資源，並管控國巨原水取用及廢水排水對環境造成之影響，各廠區皆訂定用水管理目標，在節約用水的同時，更積極提升循環回收水及用水效益。,E,Yes,保持營運必須之穩定水資源，並管控國巨原水取用及廢水排水對環境造成之影響，各廠區皆訂定用水管理目標，在節約用水的同時，更積極提升循環回收水及用水效益。,between_2_and_5_years,Yes,國巨各廠區依據環境政策執行環境管理系統，考量廠區地理位置、氣候、空氣品質、水質、土地使用、既有之污染物、自然資源可取得性及生物多樣性等環境狀況。,Not Clear,yageo,2327,87,https://hsxn1sjvkgtdpixe.public.blob.vercel-storage.com/yageo_2327_page_87.pdf,https://www.yageogroup.com/About/Sustainability
11962,廠區製程中使用之危害性化學品，由培訓合格專業人員負責管理。對於危險化學品採購規定、領用、儲存及使用進行全面控管，於 2024 年度台灣廠區環保行動作為，對於主要使用石化清潔劑進行環保清潔劑全面汰換，持續減緩環境衝擊；透過年度定期實施安全衛生訓練計畫，提供人員操作訓練、應急處置及知識培訓，並規範將 SDS ( 安全資料表 ) 置於明顯易見處，於緊急事故發生時，供現場人員查閱有效實施應變處理。,S,Yes,對於主要使用石化清潔劑進行環保清潔劑全面汰換，持續減緩環境衝擊；透過年度定期實施安全衛生訓練計畫，,more_than_5_years,Yes,對於主要使用石化清潔劑進行環保清潔劑全面汰換， 提供人員操作訓練、應急處置及知識培訓，並規範將 SDS ( 安全資料表 ) 置於明顯易見處，於緊急事故發生時，供現場人員查閱有效實施應變處理。,Clear,Wistron,3231,169,https://esg.wistron.com/ch/report-download/esg/NoakpM47xGKX/2024SustainabilityReportCH.pdf,https://esg.wistron.com/ch/report-download
10646,財務重要性與影響重要性的分數以1到5的範圍進行評分，其中1代表最低影響。整體而言，所有利害關係人的平均分數（在調整樣本大小偏差後）在財務重要性維度為3.79，在影響重要性維度為3.92。,G,No,,,,,,honhai,2317,23,https://hsxn1sjvkgtdpixe.public.blob.vercel-storage.com/honhai_2317_page_23.pdf,https://www.honhai.com/zh-tw/CSR
11425,電力消耗主要來自辦公設備，透過主要耗用電力設備之管理，控管空調、電梯、照明設備及辦公電腦與事務機之使用，有效降低用電量，執行方案如下：  - 汰換空調主機設備、兆金大樓、銀行及證券分支機構汰換空調主機設備及冰水主機。  - 樓梯間引入自然採光並減少照明燈具，於出入較少處安裝紅外線感應裝置自動起閉照明。  - 配合台電用戶電能計畫，控制電能使用。  - 透過減碳宣導及教育，張貼節能標語推廣空調、電梯、電腦、飲水機節電。  - 銀行子公司辦理內部節能競賽，以引導各單位落實節能減碳。,E,No,,,,,,mega,2886,153,https://esg.megaholdings.com.tw/apifrontend/file/pdf/20250703140425535_%E5%85%86%E8%B1%90%E9%87%91%E6%8E%A72024%E6%B0%B8%E7%BA%8C%E5%A0%B1%E5%91%8A%E6%9B%B8_%E4%B8%AD%E6%96%87%E7%89%88.pdf,https://esg.megaholdings.com.tw/frontend/Download
11562,藉由創造良好入職學習體驗，提升新聯電人的組織歸屬感。除所有新進員工皆需完成之新人訓練課程外，尚規劃「新人體驗營」，課程包含結合組織特質文化，由高階主管親自講授之公司願景、策略、優勢課程，更有聯電特有職場抗壓與正向態度課程，以加速新人融入企業文化。,S,Yes,藉由創造良好入職學習體驗，提升新聯電人的組織歸屬感。,already,Yes,新進員工皆需完成之新人訓練課程外，尚規劃「新人體驗營」，課程包含結合組織特質文化，由高階主管親自講授之公司願景、策略、優勢課程，更有聯電特有職場抗壓與正向態度課程，以加速新人融入企業文化。,Clear,umc,2303,153,https://www.umc.com/upload/media/07_Sustainability/72_Reports_and_Results/1_Corporate_Sustainability_Reports/CSR_Reports/CS_Reort_chinese_pdf/2024_CSR_report_chi/UMC-2024-CH-elink.pdf,https://www.umc.com/zh-TW/Download/corporate_sustainability_reports
11886,因應資安風險對企業營運所帶來的高度挑戰，本公司亦導入風險管理思維，投保涵蓋日月光投控及所有從屬公司之資安保險，作為後層資安防護機制，期能於事件發生時迅速應變與控制衝擊，降低對公司本身、客戶及供應鏈可能造成的損失，並協助企業快速恢復正常營運。,G,Yes,期能於事件發生時迅速應變與控制衝擊，降低對公司本身、客戶及供應鏈可能造成的損失，並協助企業快速恢復正常營運。,between_2_and_5_years,Yes,導入風險管理思維，投保涵蓋日月光投控及所有從屬公司之資安保險，作為後層資安防護機制，,Not Clear,aseh,3711,85,https://www.aseglobal.com/ch/pdf/aseh-2024-csr-ch-final.pdf,https://www.aseglobal.com/ch/csr/csr-download/
10128,現任董事擁有上市櫃公司之經營企業管理實務，均具備領導決策、危機處理及國際市場觀外，其中 4 位獨立董事中，沈平獨立董事及鄭敦謙獨立董事，具有財務會計、產業知識及營運判斷等專業，陳希佳獨立董事為眾才國際法律事務所合夥人，程守真獨立董事為常在國際法律事務所合夥人，2 位獨立董事具有法律專業背景及實務經驗。另 4 位非獨立董事中，董定宇董事長、蔡輝亮董事、李文雄董事、謝孟璋董事等，均有擔任上市櫃公司之董事長或總經理等重要管理職務經驗，公司產業含括科技、生化、食品、製造業等，具備行銷、科技、經營管理、產業知識及營運判斷等專業能力。,G,No,,,,,,emc2,2383,18,https://hsxn1sjvkgtdpixe.public.blob.vercel-storage.com/emc2_2383_page_18.pdf,https://www.emctw.com/zh-TW/csr_report/index
10735,"聯發科技因應產業的擴增，2024 年持續擴充 IT 資料中心之規模，共使用 190,603 千度電力，用電量相較於前一年成長 6.6%，雖總用電量提升，惟聯發科技一直以來致力於節能減碳之措施，今年度節電比例達 16.5%，順利達成 2023 年所設定之節電目標 16.5%。未來將持續規劃實施各項能源減量措施，同時維持設定 2025 年之節電目標為 16.5%。",E,Yes,未來將持續規劃實施各項能源減量措施，同時維持設定 2025 年之節電目標為 16.5%。,longer_than_5_years,Yes,"2024 年持續擴充 IT 資料中心之規模，共使用 190,603 千度電力，用電量相較於前一年成長 6.6%，雖總用電量提升，惟聯發科技一直以來致力於節能減碳之措施，今年度節電比例達 16.5%，順利達成 2023 年所設定之節電目標 16.5%。未",Clear,mediatek,2454,64,https://hsxn1sjvkgtdpixe.public.blob.vercel-storage.com/mediatek_2454_page_64.pdf,https://corp.mediatek.tw/about/sustainability
11894,自2016年起，「勇敢追夢」計畫持續支持優秀人才，致力於幫助更多人才接軌專業領域，躍上國際舞台。因應2024巴黎奧運，「勇敢追夢7.0」委託新銳創作者李洹宇製作中華隊官方應援曲《Never Give Up》，由金曲獎原住民歌手芮西瓦領唱，融合排灣族母語RAP，並攜手「舉重女神」郭婞淳、「柔道男神」楊勇緯共同合唱，集結34位台灣優秀運動員拍攝專屬MV，傳遞奧運精神，展現永不放棄的決心。此外，邀請李祈悅導演拍攝紀錄短片《Road to Champions 無懼之路》，累積超過300小時的拍攝素材，深入記錄19位台灣大運動家族選手備戰歷程，透過鏡頭真實呈現選手們在追求卓越成績背後，所付出的無數汗水與努力，每一分榮耀背後的堅持與付出。,S,Yes,自2016年起，「勇敢追夢」計畫持續支持優秀人才，致力於幫助更多人才接軌專業領域，,already,Yes,2024巴黎奧運，「勇敢追夢7.0」委託新銳創作者李洹宇製作中華隊官方應援曲《Never Give Up》，由金曲獎原住民歌手芮西瓦領唱，融合排灣族母語RAP，並攜手「舉重女神」郭婞淳、「柔道男神」楊勇緯共同合唱，集結34位台灣優秀運動員拍攝專屬MV，傳遞奧運精神，展現永不放棄的決心。此外，邀請李祈悅導演拍攝紀錄短片《Road to Champions 無懼之路》，累積超過300小時的拍攝素材，,Clear,twm,3045,133,https://corp.taiwanmobile.com/pdf/2024_C_ESG.pdf,https://corp.taiwanmobile.com/esg/esg-report.html
11435,績效與薪酬的連結依萬海《薪資報酬委員會組織規程》辦理，萬海亦將依實際經營狀況及相關法規，適時檢討並調整酬金制度。萬海董事酬金除參酌同業通常水準支給情形外，依董事其個人對本公司營運參與之程度及個人績效貢獻，評估項目包含董事之出席及進修情形、對公司營運之參與程度、與經營團隊互動與溝通情形、對內部控制制度與風險管理之評估與監督等，由薪資報酬委員會建議審議給予合理報酬後，提報董事會討論與決議核定酬金。,S,Yes,萬海亦將依實際經營狀況及相關法規，適時檢討並調整酬金制度。,between_2_and_5_years,Yes,績效與薪酬的連結依萬海《薪資報酬委員會組織規程》辦理，,Clear,wanhai,2615,39,https://esg.wanhai.com/wanhai/public/uploads/files/0befa0a821f06b463a7fe253ba59cdde.pdf,https://esg.wanhai.com/wanhai/download?d=503295611635b4bd41da85
10066,本公司成立 ESG 永續委員會（以下簡稱 ESG 委員會）指派執行副總擔任主任委員，各相關部門主管擔任公司治理組、經濟組、環境組、社會組的委員，永續長負責向董事長報告，其組織架構、職掌及負責單位摘要如下圖。,G,No,,,,,,largan,3008,6,https://hsxn1sjvkgtdpixe.public.blob.vercel-storage.com/largan_3008_page_6.pdf,https://www.largan.com.tw/tw/esg
10185,緯創長期深耕外部創新，自 2010 年起積極參與新創圈活動與投資，與各類新創夥伴攜手合作：與時代基金會共同培育未來創業人才，攜手規劃 Wistron Lab@Garage+ 新創空間，並捐助支持 AAMA 台北搖籃計畫等，持續推動創新生態系的發展。,S,Yes,緯創長期深耕外部創新，自 2010 年起積極參與新創圈活動與投資，與各類新創夥伴攜手合作：,longer_than_5_years,Yes,與時代基金會共同培育未來創業人才，攜手規劃 Wistron Lab@Garage+ 新創空間，並捐助支持 AAMA 台北搖籃計畫等，持續推動創新生態系的發展。,Clear,wistron,3231,61,https://hsxn1sjvkgtdpixe.public.blob.vercel-storage.com/wistron_3231_page_61.pdf,https://esg.wistron.com/ch/report-download
10506,聯電董事會中，所有獨立董事在加入本屆董事會之前均具有於科技產業或金融機構擔任職的業界經驗，同時累積企業風險管理的專業知識。其在擔任聯電董事期間，參與公司風險管理的政策規劃，審核公司的長期策略、監督並指導企業風險管理委員會的執行，協助公司改善風險管理文化與應對新興風險的潛在危機。其中，永續發展暨提名委員會由 6 位獨立董事組成，督導企業永續委員會與企業風險管理委員會，其於公司進行重要策略擬定與決策時，依其專業背景知識，同步考量公司可能伴隨之相關永續風險與機會。,G,No,,,,,,umc,2303,12,https://hsxn1sjvkgtdpixe.public.blob.vercel-storage.com/umc_2303_page_12.pdf,https://www.umc.com/zh-TW/Download/corporate_sustainability_reports
90058,同時為展現高度重視客戶個人資料安全的堅持與承諾，本公司將行政流程、IT 系統維護紀錄及員工保密條款納入個資安全機制，年度績效以文件檢視、簽名覆核次數及內部自評結果為主要指標；實際外洩事件通報、弱點修補時效與各系統保護覆蓋率未另行分列。,G,Yes,同時為展現高度重視客戶個人資料安全的堅持與承諾，並,already,Yes,本公司將行政流程、IT 系統維護紀錄及員工保密條款納入個資安全機制，年度績效以文件檢視、簽名覆核次數及內部自評結果為主要指標；實際外洩事件通報、弱點修補時效與各系統保護覆蓋率未另行分列。,Misleading,chailease,5871,78,https://hsxn1sjvkgtdpixe.public.blob.vercel-storage.com/chailease_5871_page_78.pdf,https://www.chaileaseholding.com/CSR/ReportDownload
10258,雖目前評估供應鏈對本行營運之影響甚微，本行仍將持續關注供應商供貨之穩定度，並適時開發新供應商，以提高替代性。此外，為提升供應商的氣候風險準備度，本行未來將舉辦供應商大會，宣導氣候風險相關防範措施與救災知識，並建議高風險供應商設置防洪設備。,E,Yes,本行仍將持續關注供應商供貨之穩定度，並適時開發新供應商，以提高替代性。 ｜ 為提升供應商的氣候風險準備度，本行未來將舉辦供應商大會，宣導氣候風險相關防範措施與救災知識，並建議高風險供應商設置防洪設備。,between_2_and_5_years,No,,,scsb,5876,77,https://hsxn1sjvkgtdpixe.public.blob.vercel-storage.com/scsb_5876_page_77.pdf,https://www.scsb.com.tw/content/csr/csr03_a.html
90015,每年依據員工健康檢查異常分析、健康管理成效、流行病學與問卷回饋，進行檢視與改善。進行健檢結果異常分級管理及追蹤的指標設計上，僅要求完成線上閱讀健檢報告解說頁面，即可被計為「已完成追蹤」，而真正需要後續診治與工作調整的個案，若未主動提出申請，便不納入未改善統計，造成異常分級管理成效被過度美化。對於提供員工協助方案 (EAP) 心理諮商服務，內部將任何與心理相關的宣導郵件開信紀錄、瀏覽心理衛教文章次數，也統計為「EAP 使用量」，再以累積點擊數揭露員工高度運用心理諮商服務，實際一對一諮商場次卻極為有限，且多集中於少數職等較高之同仁，與對外說明之普惠性支持存在落差。,S,Yes,每年依據員工健康檢查異常分析、健康管理成效、流行病學與問卷回饋， ｜ 進行檢視與改善。,longer_than_5_years,Yes,進行健檢結果異常分級管理及追蹤的指標設計上，僅要求完成線上閱讀健檢報告解說頁面，即可被計為「已完成追蹤」，而真正需要後續診治與工作調整的個案，若未主動提出申請，便不納入未改善統計，造成異常分級管理成效被過度美化。對於提供員工協助方案 (EAP) 心理諮商服務，內部將任何與心理相關的宣導郵件開信紀錄、瀏覽心理衛教文章次數，也統計為「EAP 使用量」，再以累積點擊數揭露員工高度運用心理諮商服務，實際一對一諮商場次卻極為有限，且多集中於少數職等較高之同仁，與對外說明之普惠性支持存在落差。,Misleading,esfh,2884,146,https://hsxn1sjvkgtdpixe.public.blob.vercel-storage.com/esfh_2884_page_146.pdf,https://www.esunfhc.com/zh-tw/esg/resource-center/report
11409,在再生能源策略 (RE100) 推動下，日月光投控可完全滿足 IEA-APS 與 IEA-STEPS 的轉型目標。而 SBT 減量路徑規劃每年減量 4.2%，約 2038 年剩 10% 最終殘餘排放。隨著低碳能源採購比例逐年提高，預估於 2047 年左右日月光投控將可達成 SBTi 淨零目標 (SBT-NZ)。此外，雖然初期亦能符合 IEA 淨零情境 (IEA-NZ) 的要求，但自 2037 年起，隨著排放的要求日益嚴格，單靠再生能源轉型將難以滿足，仍需搭配其他類型的減碳方案，方能實現目標。,E,Yes,預估於 2047 年左右日月光投控將可達成 SBTi 淨零目標 (SBT-NZ)。,more_than_5_years,Yes,在再生能源策略 (RE100) 推動下，日月光投控可完全滿足 IEA-APS 與 IEA-STEPS 的轉型目標。而 SBT 減量路徑規劃每年減量 4.2%，約 2038 年剩 10% 最終殘餘排放。隨著低碳能源採購比例逐年提高， ｜ SBT 減量路徑規劃每年減量 4.2%，約 2038 年剩 10% 最終殘餘排放。,Clear,aseh,3711,114,https://www.aseglobal.com/ch/pdf/aseh-2024-csr-ch-final.pdf,https://www.aseglobal.com/ch/csr/csr-download/
11875,藉由系統性管理及預防，降低資安風險，強化企業數位韌性，確保客戶隱私與交易安全，避免網路攻擊帶來的營業損失及聲譽風險。,S,Yes,降低資安風險，強化企業數位韌性，確保客戶隱私與交易安全，,between_2_and_5_years,No,,,accton,2345,27,https://www.accton.com.tw/wp-content/uploads/2025/06/Accton-2024ESG-CH.pdf,https://www.accton.com.tw/esg-documents/
10011,為提升水資源之使用效率，公司妥善利用水資源，並採取可行的污染防治和控制技術。水資源節約亦是能資源節約計畫的一環，以加強水資源的利用效率為目標，定期針對節水績效加以檢討並持續改善。目前和碩各營運中心及廠區主要用水來源皆為自來水，近年來積極推動相關節水活動，各營運中心及廠區皆擬訂並實施節約用水之管控措施，如華東營運中心加強了水龍頭省水設計與在生產考量情況下調整廠區衛生間沖水時間，用水量也隨之下降。而水污染防治亦從節約用水做起，和碩各營運中心及廠區除擬訂並實施節約用水之管控措施外，亦在各類耗水設備運作中，積極尋求水資源回收的可行性。,E,Yes,為提升水資源之使用效率，公司妥善利用水資源，並採取可行的污染防治和控制技術。 ｜ 以加強水資源的利用效率為目標，定期針對節水績效加以檢討並持續改善。,already,Yes,目前和碩各營運中心及廠區主要用水來源皆為自來水，近年來積極推動相關節水活動，各營運中心及廠區皆擬訂並實施節約用水之管控措施，如華東營運中心加強了水龍頭省水設計與在生產考量情況下調整廠區衛生間沖水時間，用水量也隨之下降。而水污染防治亦從節約用水做起，和碩各營運中心及廠區除擬訂並實施節約用水之管控措施外，亦在各類耗水設備運作中，積極尋求水資源回收的可行性。,Clear,pegatron,4938,33,https://hsxn1sjvkgtdpixe.public.blob.vercel-storage.com/pegatron_4938_page_33.pdf,https://www.sustaihub.com/reports/%E5%92%8C%E7%A2%A9%E8%81%AF%E5%90%88%E7%A7%91%E6%8A%80%E8%82%A1%E4%BB%BD%E6%9C%89%E9%99%90%E5%85%AC%E5%8F%B8/e7bdbbd6-7493-401d-a2a2-b39b95a19700/
11280,統一企業持續推動職業安全衛生管理系統 (ISO 45001 與 CNS 45001)，運用科技化的安全衛生管理制度，結合教育訓練、案例宣導、交互稽核及自主提案、工安體驗感等活動，以此提高全員安全意識，落實分級稽核輔導與查核。公司將持續貫徹安全衛生管理制度與規範，改善與提升管理績效，落實員工安全與健康管理照護，確保達到工安零災害。,S,Yes,統一企業持續推動職業安全衛生管理系統 (ISO 45001 與 CNS 45001)， ｜ 公司將持續貫徹安全衛生管理制度與規範，改善與提升管理績效，落實員工安全與健康管理照護，確保達到工安零災害。,between_2_and_5_years,Yes,運用科技化的安全衛生管理制度，結合教育訓練、案例宣導、交互稽核及自主提案、工安體驗感等活動，以此提高全員安全意識，落實分級稽核輔導與查核。,Clear,unipresident,1216,61,https://esg.sp88.tw/upload/pj/202508071622071323.pdf,https://esg.sp88.tw/book.php
11918,此外，手作 DIY 環節將教導同仁利用回收材料製作環保用品，例如可重複使用的食品袋或天然清潔劑，讓減塑融入日常生活。生態導覽與體驗活動則帶領同仁探索自然碳匯、生物多樣性及塑膠污染的解決策略，增強大家對自然永續的認識。我們期待，這些多元活動能啟發同仁的行動力，將企業永續精神轉化為具體行動，為地球的未來共同努力。,S,Yes,我們期待，這些多元活動能啟發同仁的行動力，將企業永續精神轉化為具體行動，為地球的未來共同努力。,already,Yes,手作 DIY 環節將教導同仁利用回收材料製作環保用品，例如可重複使用的食品袋或天然清潔劑，讓減塑融入日常生活。 ｜ 生態導覽與體驗活動則帶領同仁探索自然碳匯、生物多樣性及塑膠污染的解決策略，增強大家對自然永續的認識。,Clear,wistron,3231,103,https://esg.wistron.com/ch/report-download/esg/NoakpM47xGKX/2024SustainabilityReportCH.pdf,https://esg.wistron.com/ch/report-download
11335,我們針對氣候相關遊說活動與行業協會參與建立了一套管理系統，管理範疇包含日月光投控與三大子公司全球所有營運據點，透過明確且系統化的評估與管理機制，以確保氣候相關公共事務參與符合公司永續及氣候變遷政策與「巴黎協定」。    日月光投控支持政府制訂符合「巴黎協定」相關之政策與推行，恪守台灣《政治獻金法》第七條規定，外國人民或法人占股份有限公司之股東權 30% 以上者不得進行政治獻金之捐贈。因外國人民及法人占日月光投控股東權 30% 以上，在台灣我們主要透過參與行業協會組織，以倡議或政策建議的方式提供政府制定氣候相關政策與法令參考。,G,Yes,日月光投控支持政府制訂符合「巴黎協定」相關之政策與推行，恪守台灣《政治獻金法》第七條規定，外國人民或法人占股份有限公司之股東權 30% 以上者不得進行政治獻金之捐贈。因外國人民及法人占日月光投控股東權 30% 以上，,already,No,,,alchip,3661,238,https://www.alchip.com/upload/2025_12_30/3_202512301527131uw1v1jhM1.pdf,https://www.alchip.com/tw/About_Alchip/esg
10567,為客觀評估並持續追蹤氣候變遷對授信業務與營運的影響，本行依循《本國銀行辦理氣候變遷情境分析作業規畫》（以下簡稱「作業規畫」），針對 2024 年底國內外授信、票債券及股權投資等銀行簿部位，分析其長期及短期在不同氣候情境下可能面臨的風險衝擊。本行參照作業規畫書的方法學，採用總體經濟途徑（如 GDP、銀行放款利率、失業率、通膨率等因子）與個體經濟途徑（如營收損失、擔保品損失、額外支出成本等因子）進行綜合分析，並結合本行的違約回收機率評估模型進行估值，藉此評估投融資客戶在不同氣候情境下的財務韌性，進而判斷其償債能力與擔保品價值的變化對本行信用風險的潛在影響。,E,Yes,為客觀評估並持續追蹤氣候變遷對授信業務與營運的影響，,already,Yes,本行依循《本國銀行辦理氣候變遷情境分析作業規畫》（以下簡稱「作業規畫」），針對 2024 年底國內外授信、票債券及股權投資等銀行簿部位，分析其長期及短期在不同氣候情境下可能面臨的風險衝擊。,Clear,scsb,5876,77,https://hsxn1sjvkgtdpixe.public.blob.vercel-storage.com/scsb_5876_page_77.pdf,https://www.scsb.com.tw/content/csr/csr03_a.html
10318,員工職涯發展：績效評核有助於健全公司人力資源體系，進一步完善整體經營體系。大立光新進員工到職 3 個月進行考核，引導主管與同仁瞭解公司在行為面、結果面及人格特質面向上對大家的期待，朝共同的目標前進。  主管依據作業規範執行公平、合理、客觀的績效考核作業，讓團隊中的每一份子，皆能清楚的認識其職務應扮演的角色，並努力達成各類職位上之績效要求，同時給予員工明確工作目標與未來績效改進方針，以達到整體性之經營目標。  2024 年度新進人數為 836 人 ( 台籍新進人數 )，實際考核共 681 人，不因性別而有所差異。制度的目的除強調同仁與主管間工作目標達成共識外，亦善用系統，將功能調整為「發展員工為主、評核績效為輔」的機制，使系統兼具評量性與發展性二大目標功能，希望能藉此培育及發展員工個人能力，使其獲得嫻熟掌握業務的能力，成為主管的左右手、公司的棟樑，進而提升公司競爭力及整體組織效能。同時透過內部推薦之方式，任用所需之管理職位人員，使推薦晉升的人員都可適才適所。,S,Yes,，同時給予員工明確工作目標與未來績效改進方針，以達到整體性之經營目標。,already,Yes,2024 年度新進人數為 836 人 ( 台籍新進人數 )，實際考核共 681 人，不因性別而有所差異。制度的目的除強調同仁與主管間工作目標達成共識外，亦善用系統，將功能調整為「發展員工為主、評核績效為輔」的機制，使系統兼具評量性與發展性二大目標功能，希望能藉此培育及發展員工個人能力，使,Clear,largan,3008,75,https://hsxn1sjvkgtdpixe.public.blob.vercel-storage.com/largan_3008_page_75.pdf,https://www.largan.com.tw/tw/esg
11664,"【 萬海造樹海 】植樹造林養護計畫  認植養護全台灣超過 60 萬棵樹，截至 2024 年已種植 353,898 棵樹苗。詳見章節 3.7.2 植樹造林",E,No,,,,,,wanhai,2615,108,https://esg.wanhai.com/wanhai/public/uploads/files/0befa0a821f06b463a7fe253ba59cdde.pdf,https://esg.wanhai.com/wanhai/download?d=503295611635b4bd41da85
11135,永續及風險管理工作小組並擔任本公司 IFRS 永續揭露準則導入計畫推動專案小組，依金管會規定時程安排導入計畫，預計於 2026 年完成導入作業，導入工作執行期間安排每季一次向董事會報告執行進度。,G,Yes,依金管會規定時程安排導入計畫，預計於 2026 年完成導入作業，導入工作執行期間安排每季一次向董事會報告執行進度。,within_2_years,No,,,fpcc,6505,26,https://fpcc-esg.com/upload/files/f_250609091453.pdf,https://fpcc-esg.com/
11954,為實踐企業永續、具體落實與監督企業永續政策及永續經營發展策略，和泰汽車於 2018 年設置「企業社會責任委員會」，為董事會下之功能性委員會，並於 2021 年 12 月更名為「永續發展委員會」。一年至少召開兩次會議，並透過定期會議的召開，訂定和泰年度永續政策並檢視各項 ESG 議題方針執行情形。2024 年已針對環境、社會以及公司治理 ESG 運作成成果提報 12 月董事會。有重大事件或議題時，各單位先行與各董事報告，再依董事建議調整議題內容後，再依法提報審計委員會，最後提報董事會作討論，若董事有建議，亦會記載在會議紀錄中，2024 年未有重大關鍵事件發生。,G,Yes,一年至少召開兩次會議，並透過定期會議的召開，訂定和泰年度永續政策並檢視各項 ESG 議題方針執行情形。,more_than_5_years,Yes,2024 年已針對環境、社會以及公司治理 ESG 運作成成果提報 12 月董事會。有重大事件或議題時，各單位先行與各董事報告，再依董事建議調整議題內容後，再依法提報審計委員會，最後提報董事會作討論，若董事有建議，亦會記載在會議紀錄中，2024 年未有重大關鍵事件發生。,Clear,hotaimotor,2207,21,https://www.hotaimotor.com.tw/htfile/report-files/1758159596647/2024%20%E6%B0%B8%E7%BA%8C%E5%A0%B1%E5%91%8A%E6%9B%B8.pdf,https://www.hotaimotor.com.tw/Sustainability/Reports
11112,藥華醫藥設計雙軌並進多元人才發展架構，以孕育多元化的人才，發展架構結合「專業職能」與「管理職能」兩條發展軌道，並融入多元化的學習與職涯發展規劃，以滿足不同員工的需求與潛力。同時藥華醫藥亦可培育管理職級體系與專業職級體系的專業人才，以培養未來的專業中高階層人才，確保人才供應，降低人才斷層風險。,,Yes,藥華醫藥設計雙軌並進多元人才發展架構，以孕育多元化的人才，發展架構結合「專業職能」與「管理職能」兩條發展軌道，並融入多元化的學習與職涯發展規劃，以滿足不同員工的需求與潛力。 ｜ 同時藥華醫藥亦可培育管理職級體系與專業職級體系的專業人才，以培養未來的專業中高階層人才，確保人才供應，降低人才斷層風險。,between_2_and_5_years,No,,,pec,6446,91,https://www.pharmaessentia-esg.com/uploads/images/download/PEC2024CS_Report.pdf,https://www.pharmaessentia-esg.com/tw/download/detail#section-1
90010,為確保保證程序的一致性，本次數據保證作業以 ISAE 3000 原則及 VeriSustain 公開說明為參考，由內部團隊依簡化程序進行抽樣覆核；查核範圍聚焦既有內部流程可提供之文件，未採用完整技術檢核清單或逐筆外部驗證。,G,Yes,為確保保證程序的一致性，,between_2_and_5_years,Yes,本次數據保證作業以 ISAE 3000 原則及 VeriSustain 公開說明為參考，由內部團隊依簡化程序進行抽樣覆核；查核範圍聚焦既有內部流程可提供之文件，未採用完整技術檢核清單或逐筆外部驗證。,Misleading,pegatron,4938,20,https://hsxn1sjvkgtdpixe.public.blob.vercel-storage.com/pegatron_4938_page_20.pdf,https://www.sustaihub.com/reports/%E5%92%8C%E7%A2%A9%E8%81%AF%E5%90%88%E7%A7%91%E6%8A%80%E8%82%A1%E4%BB%BD%E6%9C%89%E9%99%90%E5%85%AC%E5%8F%B8/e7bdbbd6-7493-401d-a2a2-b39b95a19700/
10782,"為因應目前社會環境變遷，協助偏遠地區弱勢家庭學童，因學習資源缺乏等造成學習低落與學業成就偏低等問題，社福會贊助課輔計畫、獎助學金、才藝培力等三方面，以彌補家庭及學校教育之不足。2024 年偏鄉弱勢學童課輔計畫實施範圍涵括台南、高雄、屏東、嘉義等地區共計 18 班，全年課輔經費共投入 4,600 仟元，約 900 名弱勢學童受益。另外，社福會亦提供 210 位學童共計 586,000 元的獎助學金，肯定學業表現優良的課輔學生，增進學習動機與學習的自主性，並招待學童前往走馬瀨農場、國立台灣歷史博物館、PARK* Avenue 7-ELEVEN Fresh 康橋門市、康是美、星巴克康橋門市、台南市立新總圖書館舉辦 2 場獎助學金頒發典禮暨半日遊活動。",S,Yes,為因應目前社會環境變遷，協助偏遠地區弱勢家庭學童，因學習資源缺乏等造成學習低落與學業成就偏低等問題，社福會贊助課輔計畫、獎助學金、才藝培力等三方面，以彌補家庭及學校教育之不足。2,already,Yes,"2024 年偏鄉弱勢學童課輔計畫實施範圍涵括台南、高雄、屏東、嘉義等地區共計 18 班，全年課輔經費共投入 4,600 仟元，約 900 名弱勢學童受益。另外，社福會亦提供 210 位學童共計 586,000 元的獎助學金，肯定學業表現優良的課輔學生，增進學習動機與學習的自主性，並招待學童前往走馬瀨農場、國立台灣歷史博物館、PARK* Avenue 7-ELEVEN Fresh 康橋門市、康是美、星巴克康橋門市、台南市立新總圖書館舉辦 2 場獎助學金頒發典禮暨半日遊活動。",Clear,unipresident,1216,69,https://hsxn1sjvkgtdpixe.public.blob.vercel-storage.com/unipresident_1216_page_69.pdf,https://esg.sp88.tw/book.php
10437,聯電持續執行減少溫室氣體排放量措施，外購綠電費用投入成本現況 2024 年 >2 億、2025–2030 年預估 >50 億，既有設備汰舊換新設置 L/S 投入成本 2024 年 >1 億、2025–2030 年預估 >9 億；其效益 2024 年約減少 900 萬碳稅、2025–2030 年預估減少碳費／碳稅 10 億元以上。,E,Yes,聯電持續執行減少溫室氣體排放量措施，,already,Yes,外購綠電費用投入成本現況  ｜ 投入成本現 ｜ 2024  ｜ 2024  ｜ 2024  ｜ 年  ｜ 年  ｜ 億、2025–2030  ｜ 億、2025–2030  ｜ 年預 ｜ 年預 ｜ 億，既有設備汰舊換新設置  ｜ L/S  ｜ 投入成本  ｜ 2024  ｜ 2024  ｜ 2024  ｜ 年  ｜ 年  ｜ 億、2025–2030  ｜ 億、2025–2030  ｜ 年預 ｜ 年預 ｜ 億；其效益  ｜ 2024  ｜ 2024  ｜ 2024  ｜ 年約 ｜ 年約 ｜ 900  ｜ 萬碳稅、2025–2030  ｜ 年預 ｜ 年預 ｜ 10  ｜ 億元以上。,Clear,umc,2303,58,https://hsxn1sjvkgtdpixe.public.blob.vercel-storage.com/umc_2303_page_58.pdf,https://www.umc.com/zh-TW/Download/corporate_sustainability_reports
11829,"台新金控深耕台灣這塊土地，茁壯我們的經營版圖，積極朝向亞太區域金融格局，我們長期的成功來自這個社會的支持。為了促進社會共好，台新金控從在地與社會需求出發，秉持「認真永續．綠色生活」的永續主軸，結合金融產業的核心能力，攜手利害關係人共同實踐社會參與的理念。台新金控切入社會公益、藝文推廣、體育推動與學術交流四大主軸，同時回應聯合國永續發展目標 ( SDGs )，優先著重於 SDG 1 消除貧窮、SDG 4 優質教育及 SDG 8 尊嚴工作與經濟成長三大關鍵目標。為更有效衡量投入資源及產出效益，台新採用 LBG ( London Benchmarking Group, LBG ) 管理模式，利用投入及產出的量化數據方式，評估台新在各項社會參與的投入資源、效益、成果及對社會長期的影響力。",E;S,Yes,台新金控深耕台灣這塊土地，茁壯我們的經營版圖，積極朝向亞太區域金融格局，我們長期的成功來自這個社會的支持。為了促進社會共好，,more_than_5_years,Yes,"台新金控從在地與社會需求出發，秉持「認真永續．綠色生活」的永續主軸，結合金融產業的核心能力，攜手利害關係人共同實踐社會參與的理念。｜ 台新金控切入社會公益、藝文推廣、體育推動與學術交流四大主軸，同時回應聯合國永續發展目標 ( SDGs )，優先著重於 SDG 1 消除貧窮、SDG 4 優質教育及 SDG 8 尊嚴工作與經濟成長三大關鍵目標。為更有效衡量投入資源及產出效益，台新採用 LBG ( London Benchmarking Group, LBG ) 管理模式，利用投入及產出的量化數據方式，評估台新在各項社會參與的投入資源、效益、成果及對社會長期的影響力。",Clear,taishin,2887,153,https://www.tsholdings.com.tw/tsh/responsibility/files/CSR-report/2024-CSR-report_c.pdf,https://www.tsholdings.com.tw/tsh/responsibility/report/
10330,2024 年兆豐集團員工公傷率為 3.94%，較 2023 年上升 0.65%；損失日數比率則為 28.36%，較 2023 年下降 4.81%；未發生承攬商於工作場所受傷之事件。惟 2024 年發生 1 起員工出差通勤之死亡事故，兆豐集團亦加強對同仁之交通安全宣導。,S,No,,,,,,mega,2886,136,https://hsxn1sjvkgtdpixe.public.blob.vercel-storage.com/mega_2886_page_136.pdf,https://esg.megaholdings.com.tw/frontend/Download
11655,正面衝擊具顯著性之永續議題  治理及經濟面：②永續供應鏈管理 ③創新管理與智財權保護 ④客戶關係經營 ⑤資訊安全管理與隱私權保護  環境面：①產品責任與生命週期評估 ②氣候策略與行動 ③能源管理 ④水及廢水管理 ⑥廢棄物管理及循環再生  社會面：①多元與共融 ②人才吸引與留任 ③職業健康與安全 ④人力資本發展 ⑤人權維護 ⑥社會貢獻與參與    負面衝擊具顯著性之永續議題  治理及經濟面：②永續供應鏈管理 ⑤資訊安全管理與隱私權保護 ⑥誠信經營  環境面：①產品責任與生命週期評估 ②空氣污染防制 ③能源管理 ④水及廢水管理 ⑥廢棄物管理及循環再生 ⑦生物多樣性  社會面：②人才吸引與留任,S,No,,,,,,umc,2303,16,https://www.umc.com/upload/media/07_Sustainability/72_Reports_and_Results/1_Corporate_Sustainability_Reports/CSR_Reports/CS_Reort_chinese_pdf/2024_CSR_report_chi/UMC-2024-CH-elink.pdf,https://www.umc.com/zh-TW/Download/corporate_sustainability_reports
10183,聯電集團於 2021 年宣告加入 RE100 國際再生能源倡議，成為全球第二家加入 RE100 行列的半導體晶圓代工業者，承諾 2050 年 100% 採用再生能源。2024 年，聯電集團的再生能源使用占比達 17.1%，除了台灣廠區已完成太陽光電系統設置極大化外，集團總計亦採購超過 6.5 億度的再生能源，更持續積極地支持與推動能源轉型政策，新簽訂離岸風電購電協議，將承購 30 年總量超過 300 億度的再生能源，穩健朝聯電集團 2030 年 50% 再生能源使用目標推進。未來，聯電將持續提升再生能源使用比例，透過如擴大購電協議簽訂量、參與綠電案場建置、評估導入新興再生能源技術等各項行動，布局多元化供應來源，並與價值鏈夥伴一起帶動綠能產業的蓬勃發展，逐步實踐 RE100 及 2050 淨零排放目標。,E,Yes,年宣 ｜ 承諾  ｜ 2050  ｜ 年  ｜ 100%  ｜ 採用再生能源。 ｜ 年， ｜ 年總 ｜ 年  ｜ 2050 ,longer_than_5_years,Yes,年宣 ｜ 年  ｜ 年， ｜ 聯電集團的再生能源使用占比達  ｜ 17.1%，除了台灣廠區已完成太陽光電系統設置極大化外，集團總計亦採購超過  ｜ 6.5  ｜ 億度的再生能源，更持續積極地支持與推動能源轉型政策，新簽訂離岸風電購電協議，將承購  ｜ 30  ｜ 年總 ｜ 300 ｜ 億度的再生能源，穩健朝聯電集團  ｜ 30  ｜ 年  ｜ 50%  ｜ 再生能源使用目標推進。 ｜ 聯電將持續提升再生能源使用比例，透過如擴大購電協議簽訂量、參與綠電案場建置、評估導入新興再生能源技術等各項行動，布局多元化供應來源，並與價值鏈夥伴一起帶動綠能產業的蓬勃發展，,Clear,umc,2303,106,https://hsxn1sjvkgtdpixe.public.blob.vercel-storage.com/umc_2303_page_106.pdf,https://www.umc.com/zh-TW/Download/corporate_sustainability_reports
10596,為使國人醫療保障更到位，2022 年健保署推動「健保協同商保」，本公司獲邀成為首波合作保險公司之一，於官網成立「健保協同商保專區」提供癌症精準醫療、醫材、實支實付、重大傷病等四大類商品保障升級資訊，並在「全民健保行動快易通 / 健康存摺」APP 建置查詢入口，透過內部宣導及外部社群媒體的廣宣推播，2024 年符合超高齡化社會醫療趨勢，持續新增如器官退化、癌症實驗等創新型態商品，專區截至 2024 年 12 月底總累計頁面瀏覽量約 4 萬。,S,Yes,為使國人醫療保障更到位，2022 年健保署推動「健保協同商保」，本公司獲邀成為首波合作保險公司之一，,already,Yes,於官網成立「健保協同商保專區」提供癌症精準醫療、醫材、實支實付、重大傷病等四大類商品保障升級資訊，並在「全民健保行動快易通 / 健康存摺」APP 建置查詢入口，透過內部宣導及外部社群媒體的廣宣推播，2024 年符合超高齡化社會醫療趨勢，持續新增如器官退化、癌症實驗等創新型態商品，專區截至 2024 年 12 月底總累計頁面瀏覽量約 4 萬。,Clear,fubon,2881,90,https://hsxn1sjvkgtdpixe.public.blob.vercel-storage.com/fubon_2881_page_90.pdf,https://esg.fubonlife.com.tw/esg-report
10803,萬海秉持誠信經營的原則，堅守「顧客至上、全員參與、環境保護、永續經營」之經營理念，致力於提供高品質的服務。密集的航次、準確的船期、親切的服務，是萬海對客戶的永恒承諾，在穩健而務實的經營下，深獲客戶的支持與信賴。萬海全體遵循「連結、分享、包容」之企業願景，共同合作、學習新知識，實現個人和企業的成長，以提供優質服務及回饋社會為宗旨。,S;E,Yes,萬海秉持誠信經營的原則，堅守「顧客至上、全員參與、環境保護、永續經營」之經營理念，致力於提供高品質的服務。密,between_2_and_5_years,No,,,wanhai,2615,7,https://hsxn1sjvkgtdpixe.public.blob.vercel-storage.com/wanhai_2615_page_7.pdf,https://esg.wanhai.com/wanhai/download?d=503295611635b4bd41da85
90095,為落實永續政策之執行及有效性，未來將持續參與外部或本公司所舉辦之 ESG 相關課程。本公司投資部門隸屬於「責任金融小組」負責將原有信用評等、產業配比與法令遵循流程重新歸類為「責任投資規劃與推動」項下作業，並將所有既有排除高風險產業之做法，對外界定為 ESG 篩選機制。各投資部門指派 ESG 人員共計 10 人，主要負責在既有投資審查表單中新增 ESG 欄位、套用外部 ESG 評級資料，以及整理年度已完成之一般投資專案，統稱為 ESG 專案，以提高 ESG 專案件數指標。為增加 ESG 專業能力，公司將所有既定金融專業講座與內訓，凡課程名稱中含有「風險管理」或「公司治理」等字眼者，悉數歸為「ESG 教育訓練」，並於 2024 年度將參與這些一般專業課程之人次。,E;S;G,Yes,為落實永續政策之執行及有效性， ｜ 未來將持續參與外部或本公司所舉辦之 ESG 相關課程。,between_2_and_5_years,Yes,本公司投資部門隸屬於「責任金融小組」負責將原有信用評等、產業配比與法令遵循流程重新歸類為「責任投資規劃與推動」項下作業，並將所有既有排除高風險產業之做法，對外界定為 ESG 篩選機制。各投資部門指派 ESG 人員共計 10 人，主要負責在既有投資審查表單中新增 ESG 欄位、套用外部 ESG 評級資料，以及整理年度已完成之一般投資專案，統稱為 ESG 專案，以提高 ESG 專案件數指標。為增加 ESG 專業能力，公司將所有既定金融專業講座與內訓，凡課程名稱中含有「風險管理」或「公司治理」等字眼者，悉數歸為「ESG 教育訓練」，並於 2024 年度將參與這些一般專業課程之人次。,Misleading,fubon,2881,127,https://hsxn1sjvkgtdpixe.public.blob.vercel-storage.com/fubon_2881_page_127.pdf,https://esg.fubonlife.com.tw/esg-report
90007,為幫助國內家庭經濟困難及高風險家庭的學生，本公司持續聚焦提升社會大眾對弱勢學童議題之認知與「感受度」，以賽事主場 LED 看板、轉播口播露出及球員社群貼文導流為主，強調每一分得分皆象徵對弱勢學童的支持。惟實際捐贈金額依公司年度行銷預算及品牌合作成效機動調整，並非完全按每分固定金額投入；2024 年公司將原體育行銷預算部分重新標註為「助學相關支出」，合併對外揭露為約新臺幣 164 萬元之「教育支持總投入」，其中包含廣告採購、活動執行與行政成本，對弱勢學童實際發放之現金助學金僅為其中一部分，仍以提升品牌能見度與球隊聲量為主要目的。,S,Yes,為幫助國內家庭經濟困難及高風險家庭的學生，,already,Yes,本公司持續聚焦提升社會大眾對弱勢學童議題之認知與「感受度」，以賽事主場 LED 看板、轉播口播露出及球員社群貼文導流為主，強調每一分得分皆象徵對弱勢學童的支持。惟實際捐贈金額依公司年度行銷預算及品牌合作成效機動調整，並非完全按每分固定金額投入；2024 年公司將原體育行銷預算部分重新標註為「助學相關支出」，合併對外揭露為約新臺幣 164 萬元之「教育支持總投入」，其中包含廣告採購、活動執行與行政成本，對弱勢學童實際發放之現金助學金僅為其中一部分，仍以提升品牌能見度與球隊聲量為主要目的。,Misleading,fubon,2881,113,https://hsxn1sjvkgtdpixe.public.blob.vercel-storage.com/fubon_2881_page_113.pdf,https://esg.fubonlife.com.tw/esg-report
10691,本公司設有法令遵循單位，負責法令遵循制度之規劃、管理及執行，每年依董事會通過之法令遵循年度計畫，推動各項法令遵循業務如下，並由總機構法令遵循主管每半年度定期向董事會報告，以維持適當有效之法令遵循機制運行。各項法令遵循作業亦會藉由與各單位日常溝通、照會或意見徵詢對於業務進行反饋，以及定期或不定期之檢討，或透過裁罰個案缺失情形了解主管機關之監理態度、趨勢，進而檢視、評估、調整相關遵法作業，以持續精進遵法作為，降低違反法令遵循之風險。,G,Yes,以維持適當有效之法令遵循機制運行。 ｜ 以持續精進遵法作為，降低違反法令遵循之風險。,already,Yes,本公司設有法令遵循單位，負責法令遵循制度之規劃、管理及執行，每年依董事會通過之法令遵循年度計畫，推動各項法令遵循業務如下，並由總機構法令遵循主管每半年度定期向董事會報告， ｜ 各項法令遵循作業亦會藉由與各單位日常溝通、照會或意見徵詢對於業務進行反饋，以及定期或不定期之檢討，或透過裁罰個案缺失情形了解主管機關之監理態度、趨勢，進而檢視、評估、調整相關遵法作業，,Clear,fubon,2881,44,https://hsxn1sjvkgtdpixe.public.blob.vercel-storage.com/fubon_2881_page_44.pdf,https://esg.fubonlife.com.tw/esg-report
11175,本公司所屬工作場所內之承攬商、勞工或參訪人員等所有人員執行職務發現有發生立即危害之虞，在不危及其他人員安全下，得自行停止作業及退避至安全場所並向本公司或相關人員報告進行改善以降低危險及預防事故發生。  2024 年職業傷害所造成的死亡比率 (0)、失能傷害頻率 (0.47)、失能傷害嚴重率 (7) 及總合傷害指數為 (0.06)，發生件數較 2023 年多 3 件。員工職災計 5 件、承攬商職災計 3 件，共造成 8 人失能傷害。,S,Yes,以降低危險及預防事故發生。,already,Yes,本公司所屬工作場所內之承攬商、勞工或參訪人員等所有人員執行職務發現有發生立即危害之虞，在不危及其他人員安全下， ｜ 得自行停止作業及退避至安全場所並向本公司或相關人員報告進行改善以 ｜ 2024 年職業傷害所造成的死亡比率 (0)、失能傷害頻率 (0.47)、失能傷害嚴重率 (7) 及總合傷害指數為 (0.06)，發生件數較 2023 年多 3 件。員工職災計 5 件、承攬商職災計 3 件，共造成 8 人失能傷害。,Clear,fpcc,6505,81,https://fpcc-esg.com/upload/files/f_250609091453.pdf,https://fpcc-esg.com/
10617,玉山致力於推動永續發展，與財富管理業務合作夥伴共同簽署「玉山銀行財富管理業務合作夥伴永續發展承諾書」。截至 2024 年底，已成功與 25 家合作夥伴完成簽署，將持續擴大合作範圍，邀請更多夥伴加入。玉山期望與合作夥伴共同推廣 ESG 相關金融商品，以實際行動將永續發展理念融入金融服務，以致達成永續發展目標。,S,Yes,以實際行動將永續發展理念融入金融服務，以致達成永續發展目標。,already,Yes,財富管理業務合作夥伴共同簽署「玉山銀行財富管理業務合作夥伴永續發展承諾書」。截至 2024 年底，已成功與 25 家合作夥伴完成簽署， ｜ 合作夥伴共同推廣 ESG 相關金融商品，,Clear,esfh,2884,86,https://hsxn1sjvkgtdpixe.public.blob.vercel-storage.com/esfh_2884_page_86.pdf,https://www.esunfhc.com/zh-tw/esg/resource-center/report
11934,董事會成員8席中：具員工身份之董事占 13%(1 位)；2 位獨立董事任期年資在 3 年以下，2 位獨立董事任期年資在 3-9 年；2 位董事年齡在 71 歲以上，3 位在 61~70 歲，3 位在 60 歲以下。本公司注重董事會成員組成之性別平等，目前董事會成員男性占 87%(7 位)，女性占 13%(1 位)，未來將盡力增加女性董事席次，以達成目標。,G,Yes,注重董事會成員組成之性別平等，,between_2_and_5_years,Yes,董事會成員男性占 87%(7 位)，女性占 13%(1 位)， 未來將盡力增加女性董事席次，以達成目標。,Clear,emc2,2383,18,https://www.emctw.com/upload/media/New_CSR/csr_report/2024_EMC_ESG%20report_TW.pdf,https://www.emctw.com/zh-TW/csr_report/index
11468,"2024 年統一企業總消耗能源總量為 1,705,790 十億焦耳 (GJ)，外購電力占消耗能源總量 43.53%，再生能源使用率 0.0018%，統一企業主要消耗能源以電力和天然氣為主，詳細歷年能源使用請參考附錄一 ESG 資訊表中的能源消耗狀況、非再生能源消耗情況與再生能源發電情況。降低能源使用量是企業減碳的首要任務，統一企業透過設定各廠節電率進行能源使用管理，在 2024 年各總廠平均節電率達 2.17%，未來統一企業將持續強化對於各總廠的節電率的管理，預期未來每年節電率均大於等於 1.0%，期望在 2030 年範疇一及二的溫室氣體排放量較 2005 年下降 38%。同時為因應當前綠能設置法規如台灣的能源大戶設置再生能源規範以及台南、台中與桃園等地的低碳城市發展條例，統一企業亦逐步完善集團的綠能轉型計畫，統一企業於 2024 年透過沼氣、太陽能、風力等發電方式，合計發電量達 684,423.95 度，其中 2024 年將部分太陽能與沼氣發電由自發自用轉為售出，總再生能源售出量達 675,761 度。統一企業近三年已投入 119.38 百萬元進行各項節能改善措施，未來將持續投入資源提升綠能發電量，並在 2024 年於新市物流園區設置 2.05MW、於新市總廠設置 0.35MW、於楊梅總廠設置 0.16MW 的太陽能發電設施。",E,Yes,未來統一企業將持續強化對於各總廠的節電率的管理，預期未來每年節電率均大於等於 1.0%，期望在 2030 年範疇一及二的溫室氣體排放量較 2005 年下降 38%。 ｜ 統一企業近三年已投入 119.38 百萬元進行各項節能改善措施，未來將持續投入資源提升綠能發電量，,more_than_5_years,Yes,"為因應當前綠能設置法規如台灣的能源大戶設置再生能源規範以及台南、台中與桃園等地的低碳城市發展條例，統一企業亦逐步完善集團的綠能轉型計畫，統一企業於 2024 年透過沼氣、太陽能、風力等發電方式，合計發電量達 684,423.95 度，其中 2024 年將部分太陽能與沼氣發電由自發自用轉為售出，總再生能源售出量達 675,761 度。 ｜ 在 2024 年於新市物流園區設置 2.05MW、於新市總廠設置 0.35MW、於楊梅總廠設置 0.16MW 的太陽能發電設施。",Clear,unipresident,1216,49,https://esg.sp88.tw/upload/pj/202508071622071323.pdf,https://esg.sp88.tw/book.php
10179,"落實環境永續、實踐永續承諾是本公司的企業使命,本公司遵循永續經營理念,將環境永續納入公司營運與管理,並以 2050 年淨零排放為首要目標,打造綠色金融品牌,致力實現六大環境永續承諾,包含永續營運、氣候調適、綠色採購、綠色金融、友善環境與企業公益。此外,本公司也積極透過內外部活動及論壇,提升員工及社會大眾的環境永續意識,並透過制定具包容性且具永續風險意識的投資方針,兼顧環境保護、企業誠信及社會責任等要點納入投資時之考量,尋找永續投資標的進行投資,發揮企業影響力,影響各利害關係人從關注、了解進而參與環境議題,共同守護環境,邁向減碳未來。",E,Yes,"落實環境永續、實踐永續承諾是本公司的企業使命,本公司遵循永續經營理念,將環境永續納入公司營運與管理,並以 2050 年淨零排放為首要目標,打造綠色金融品牌,致力實現六大環境永續承諾,包含永續營運、氣候調適、綠色採購、綠色金融、友善環境與企業公益。此外,本公司也積極透過內外部活動及論壇,提升員工及社會大眾的環境永續意識,並透過制定具包容性且具永續風險意識的投資方針,兼顧環境保護、企業誠信及社會責任等要點納入投資時之考量,尋找永續投資標的進行投資,發揮企業影響力,影響各利害關係人從關注、了解進而參與環境議題,共同守護環境,邁向減碳未來。",longer_than_5_years,Yes,"將環境永續納入公司營運與管理, ｜ 本公司也積極透過內外部活動及論壇, ｜ 透過制定具包容性且具永續風險意識的投資方針,兼顧環境保護、企業誠信及社會責任等要點納入投資時之考量,尋找永續投資標的進行投資,發揮企業影響力,影響各利害關係人從關注、了解進而參與環境議題,",Not Clear,fubon,2881,115,https://hsxn1sjvkgtdpixe.public.blob.vercel-storage.com/fubon_2881_page_115.pdf,https://esg.fubonlife.com.tw/esg-report
90045,廣達每年持續執行溫室氣體盤查，涵蓋範疇一、二和三，並依據ISO 14064標準進行內外部查核與第三方驗證，確保數據透明與準確。為支持減碳行動，亦同步推動節能改善與再生能源導入。展望長期，廣達進一步承諾於2050年實現淨零排放(Net Zero Emissions)的願景，並將持續依循TCFD、SBTi與ISSB等國際標準，滾動檢視目標與行動策略，強化低碳治理能力，主要指標包括：各範疇(Scope 1、2、3)溫室氣體排放強度與單位產品排放量之年減少率，作為衡量減碳績效之核心依據，絕對排放量僅作為內部管理參考且不列入對外年度主要KPI；再生能源使用比例則將綠電實際採購量、已簽訂但尚未履約之合約容量，以及透過購買國內外碳權與碳中和憑證換算之「等效綠電」一併納入計算，使整體再生能源占比大幅提升。具SBT目標之供應商與客戶涵蓋率計算時，廣達將合作夥伴任何形式之減碳聲明、一般性環境政策或正在評估SBT目標之意向，統一納入「具SBT導向」，不限定為SBTi正式核可目標，以擴大涵蓋範圍。重大氣候風險財務衝擊評估進程方面。,E,Yes,廣達每年持續執行溫室氣體盤查，涵蓋範疇一、二和三，並依據ISO 14064標準進行內外部查核與第三方驗證，確保數據透明與準確。為支持減碳行動，亦同步推動節能改善與再生能源導入。 ｜ 展望長期，廣達進一步承諾於2050年實現淨零排放(Net Zero Emissions)的願景，並將持續依循TCFD、SBTi與ISSB等國際標準，滾動檢視目標與行動策略，強化低碳治理能力，,longer_than_5_years,Yes,主要指標包括：各範疇(Scope 1、2、3)溫室氣體排放強度與單位產品排放量之年減少率，作為衡量減碳績效之核心依據，絕對排放量僅作為內部管理參考且不列入對外年度主要KPI；再生能源使用比例則將綠電實際採購量、已簽訂但尚未履約之合約容量，以及透過購買國內外碳權與碳中和憑證換算之「等效綠電」一併納入計算，使整體再生能源占比大幅提升。具SBT目標之供應商與客戶涵蓋率計算時，廣達將合作夥伴任何形式之減碳聲明、一般性環境政策或正在評估SBT目標之意向，統一納入「具SBT導向」，不限定為SBTi正式核可目標，以擴大涵蓋範圍。重大氣候風險財務衝擊評估進程方面，廣達優先揭露因能源效率提升、品牌價值增加與市場需求擴大所帶來的「氣候機會」預估收益。,Misleading,qci,2382,84,https://hsxn1sjvkgtdpixe.public.blob.vercel-storage.com/qci_2382_page_84.pdf,https://www.quantatw.com/quanta/chinese/esg/csrreport.aspx
10505,廣達每年持續執行溫室氣體盤查，涵蓋範疇一、二和三，並依據ISO 14064標準進行內外部查核與第三方驗證，確保數據透明與準確。為支持減碳行動，亦同步推動節能改善與再生能源導入。主要指標包括：各範疇(Scope 1、2、3)溫室氣體絕對排放量、再生能源使用比例、具SBT目標之供應商與客戶涵蓋率，以及重大氣候風險財務衝擊評估進程。廣達透過定期盤點與數據量化，系統性檢視氣候行動推准成效，並作為調整策略與資源配置之依據。展望長期，廣達進一步承諾於2050年實現淨零排放(Net Zero Emissions)的願景，並將持續依循TCFD、SBTi與ISSB等國際標準，滾動檢視目標與行動策略，強化低碳治理能力，引領企業邁向氣候韌性與永續成長。,E,Yes,廣達每年持續執行溫室氣體盤查，涵蓋範疇一、二和三，並依據ISO 14064標準進行內外部查核與第三方驗證，確保數據透明與準確。為支持減碳行動，亦同步推動節能改善與再生能源導入。 ｜ 展望長期，廣達進一步承諾於2050年實現淨零排放(Net Zero Emissions)的願景，並將持續依循TCFD、SBTi與ISSB等國際標準，滾動檢視目標與行動策略，強化低碳治理能力，,longer_than_5_years,Yes,主要指標包括：各範疇(Scope 1、2、3)溫室氣體絕對排放量、再生能源使用比例、具SBT目標之供應商與客戶涵蓋率，以及重大氣候風險財務衝擊評估進程。廣達透過定期盤點與數據量化，系統性檢視氣候行動推准成效，並作為調整策略與資源配置之依據。,Clear,qci,2382,84,https://hsxn1sjvkgtdpixe.public.blob.vercel-storage.com/qci_2382_page_84.pdf,https://www.quantatw.com/quanta/chinese/esg/csrreport.aspx
11209,"推動無紙化，全年合計省紙量為 11,198,110 張紙，可減少約 72 公噸 CO₂e。綠色採購金額 226,049,970 元，較 2023 年增加 20.69%。推動購買電動機車，累計至 2024 年底已近 4 萬台，共帶進近 35 億元簽帳金額。",E,Yes,推動無紙化，全 ｜ 累計至 2024 年底已近 4 萬台，,already,Yes,"全年合計省紙量為 11,198,110 張紙，可減少約 72 公噸 CO₂e。綠色採購金額 226,049,970 元，較 2023 年增加 20.69%。",Clear,taishin,2887,40,https://www.tsholdings.com.tw/tsh/responsibility/files/CSR-report/2024-CSR-report_c.pdf,https://www.tsholdings.com.tw/tsh/responsibility/report/
90002,"持續於金控 LINE@、M+ 企業即時通訊、News 富邦影片推播及舉辦保戶首次申辦成功即贈超商購物金的活動來推廣申辦電子通知單，2024 年新增 148,937 要保人申辦電子通知單，共節省 1,191,496 張紙，可減少 25,783 公斤的碳排放量；同時將行動投保、線上理賠、APP 推播、電子帳單等不同性質之數位化專案所帶來之作業效率提升，一併以「等同節省紙本與差旅」方式折算，合計揭露節省逾 20,000,000 件紙本，相當於減少約 500,000 公斤碳排放量。累計至 2024 年總申辦 1,627,050 要保人，連同上述所有數位服務一併計入後，本公司對外揭露為「電子通知等數位服務」總計減少超過 30,000,000 件紙本，減少逾 750,000 公斤碳排放量。",E,Yes,持續於金控 LINE@、M+ 企業即時通訊、News 富邦影片推播及舉辦保戶首次申辦成功即贈超商購物金的活動來推廣申辦電子通知單，,already,Yes,"2024 年新增 148,937 要保人申辦電子通知單，共節省 1,191,496 張紙，可減少 25,783 公斤的碳排放量；同時將行動投保、線上理賠、APP 推播、電子帳單等不同性質之數位化專案所帶來之作業效率提升，一併以「等同節省紙本與差旅」方式折算，合計揭露節省逾 20,000,000 件紙本，相當於減少約 500,000 公斤碳排放量。累計至 2024 年總申辦 1,627,050 要保人，連同上述所有數位服務一併計入後，本公司對外揭露為「電子通知等數位服務」總計減少超過 30,000,000 件紙本，減少逾 750,000 公斤碳排放量。",Misleading,fubon,2881,97,https://hsxn1sjvkgtdpixe.public.blob.vercel-storage.com/fubon_2881_page_97.pdf,https://esg.fubonlife.com.tw/esg-report
10824,"本公司為與利害關係人有效溝通並落實永續作為，每年依循 GRI 準則與財務及非財務雙重重大性原則，同時參考國內外金融發展趨勢及標竿企業關注之永續議題並檢視營運現況，以永續性、重大性、完整性及利害關係人包容性之 4 大原則出發，邀請永續經營委員會 6 大執行小組成員討論及彙整內外部利害關係人建議，評估永續議題對於經濟、環境和人群 ( 包含人權 ) 之永續與財務衝擊程度，鑑別出重大主題並呼應 SDGs。此外，重大主題評估結果列入各子公司經營考核項目並融入企業風險管理 ( Enterprise Risk Management, ERM )，持續聚焦發展方向，精進利害關係人關注議題之作為。",S,Yes,每年依循 GRI 準則與財務及非財務雙重重大性原則，,longer_than_5_years,Yes,邀請永續經營委員會 6 大執行小組成員討論及彙整內外部利害關係人建議，評估永續議題對於經濟、環境和人群 ( 包含人權 ) 之永續與財務衝擊程度，鑑別出重大主題並呼應 SDGs。此,Clear,tcfhc,5880,28,https://hsxn1sjvkgtdpixe.public.blob.vercel-storage.com/tcfhc_5880_page_28.pdf,https://esg.tcfhc.com.tw/report-download/
11720,為了更貼近 Z 世代學生的媒體使用習慣，光寶於 2024 年初創立了官方 IG 帳號。透過這個平台，我們希望能與學生建立更緊密的聯繫。帳號內容涵蓋光寶的三大核心方向：Value (公司價值與願景)、Career (員工職涯與培訓資源)、Welfare (多元福利與支持)。並且利用 Reels 和限時動態等活潑的方式，與學生進行互動交流。,S,No,,,,,,ltc,2301,107,https://www.liteon.com/upload/media/report_over_20mb/%E3%80%90CH%E3%80%9120250804_%E5%85%89%E5%AF%B6%E7%A7%91%E6%8A%80_ESG_Final.pdf,https://www.liteon.com/zh-tw/esgoverview/esg-overview
10582,國泰金控於 2024 年 9 月正式成立「國泰金融控股股份有限公司企業工會」，參與國泰金控工會之在職發起人數占員工總數 4%（排除協理級以上員工）。子公司包含國泰人壽、國泰世華銀行、國泰產險、國泰投信皆已成立工會。,S,No,,,,,,cathay,2882,217,https://hsxn1sjvkgtdpixe.public.blob.vercel-storage.com/cathay_2882_page_217.pdf,https://www.cathayholdings.com/holdings/esg/reports/reports_download
11693,聯電 2030 低碳供應鏈專案，於 2022 年舉辦啟始會議，對參與供應商進行碳排放調查，聘請顧問公司提供教育和培訓，指導其進行溫室氣體盤查。並要求所有供應商建立碳減排計畫。聯電完成第一階供應商生物多樣性調查，所有供應商工廠均不位於生物多樣性地區。2024 年第一階供應商生物多樣性調查完成率為 100%，共 718 家。對第一階供應商進行 RBA、UNGP 和 UMC 供應商行為準則之調查，以減少上游供應鏈對人權和職業安全健康的影響。,E,Yes,聯電 2030 低碳供應鏈專案，於 2022 年舉辦啟始會議，對參與供應商進行碳排放調查，聘請顧問公司提供教育和培訓，指導其進行溫室氣體盤查。並要求所有供應商建立碳減排計畫。,more_than_5_years,Yes,聯電完成第一階供應商生物多樣性調查，所有供應商工廠均不位於生物多樣性地區。2024 年第一階供應商生物多樣性調查完成率為 100%，共 718 家。對第一階供應商進行 RBA、UNGP 和 UMC 供應商行為準則之調查，以減少上游供應鏈對人權和職業安全健康的影響。,Clear,umc,2303,69,https://www.umc.com/upload/media/07_Sustainability/72_Reports_and_Results/1_Corporate_Sustainability_Reports/CSR_Reports/CS_Reort_chinese_pdf/2024_CSR_report_chi/UMC-2024-CH-elink.pdf,https://www.umc.com/zh-TW/Download/corporate_sustainability_reports
10228,"推動 ISO 45001 職業安全衛生管理系統認證。職業安全衛生課程總訓練人次數 13,018 人次，完訓率 100%。2024 年無重大職業災害 (死亡 / 殘廢) 案件。",S,Yes,推動 ISO 45001 職業安全衛生管理系統認證。職業,already,Yes,"業安全衛生課程總訓練人次數 13,018 人次，完訓率 100%。2024 年無重大職業災害 (死亡 / 殘廢) 案件。",Clear,taishin,2887,40,https://hsxn1sjvkgtdpixe.public.blob.vercel-storage.com/taishin_2887_page_40.pdf,https://www.tsholdings.com.tw/tsh/responsibility/report/
11440,推動各項低碳作為以提高能源、資源使用效率，有效降低營運成本並減少金融活動與服務對環境之影響，以達環境永續之願景。,E,Yes,推動各項低碳作為以提高能源、資源使用效率，有效降低營運成本並減少金融活動與服務對環境之影響，以達環境永續之願景。,already,No,,,hnfhc,2880,128,https://www.hnfhc.com.tw/uploads/file/20250731170734721493.pdf,https://www.hnfhc.com.tw/HNFHC/csr/a.do?id=3b652cac56000000f6ca&parent_menu=2
11530,在邁向達成民國 119 年聯合國永續發展目標（SDGs）的中程，台積電文教基金會與台積電慈善基金會推動各項社會計畫，實現 SDGs，並持續擴大台積公司產學合作領域，強化 SDG 17 多元合作夥伴關係。為確保最佳化資源配置，透過影響力管理計畫（IMP）與「衝擊報導與投資標準架構（IRIS+）」，全面分析與衡量社會影響力。,S,Yes,在邁向達成民國 119 年聯合國永續發展目標（SDGs）的中程，台積電文教基金會與台積電慈善基金會推動各項社會計畫，實現 SDGs，並持續擴大台積公司產學合作領域，強化 SDG 17 多元合作夥伴關係。,more_than_5_years,Yes,為確保最佳化資源配置，透過影響力管理計畫（IMP）與「衝擊報導與投資標準架構（IRIS+）」，全面分析與衡量社會影響力。,Not Clear,tsmc,2330,5,https://esg.tsmc.com/zh-Hant/resources/ESG-data-hub?tab=reportbuilder,https://esg.tsmc.com/zh-Hant/resources/ESG-data-hub?tab=reportbuilder
10761,本公司2024年以驅動集團加速成長、健全金控整體財務表現、保持穩健的股利政策為策略方向，建構凱基人壽業務及投資獲利成長動能，以因應市場環境變遷；充分運用集團資源，發揮業務綜效，促使凱基銀行業務規模的增長；深化其子公司合作發揮綜效；擴大凱基投信客戶基礎，建立零售業務，達成管理資產規模的永續成長；深化開發資本與臺灣及臺商企業的合作，以及發展適合臺灣財富管理市場的私募資產類產品。,G,No,,,,,,kgi,2883,7,https://hsxn1sjvkgtdpixe.public.blob.vercel-storage.com/kgi_2883_page_7.pdf,https://www.kgi.com/zh-tw/esg
10176,為因應全球氣候變遷挑戰與利害關係人對企業減碳責任的期待，廣達已明確訂定階段性氣候行動目標，朝向科學基礎減碳與淨零轉型邁進。2022年承諾採用1.5°C減碳路徑，並於2024年通過科學基礎目標倡議(SBTi)審查，成為符合國際準則的低碳企業。廣達承諾以2022年為基準年，至2030年實現下列具體目標：,E,Yes,廣達已明確訂定階段性氣候行動目標，朝向科學基礎減碳與淨零轉型邁進。 ｜ 。2022年承諾採用1.5°C減碳路徑，並於2024年通過科學基礎目標倡議(SBTi)審查，成為符合國際準則的低碳企業。廣達承諾以2022年為基準年，至2030年實現下列具體目標：,longer_than_5_years,Yes,2 ｜ 2022年承諾採用1.5°C減碳路徑，並於2024年通過科學基礎目標倡議(SBTi)審查，,Clear,qci,2382,84,https://hsxn1sjvkgtdpixe.public.blob.vercel-storage.com/qci_2382_page_84.pdf,https://www.quantatw.com/quanta/chinese/esg/csrreport.aspx
10945,合庫金控提供依循 GRI 永續性報導準則 2021 之自我宣告，並對每個涵蓋其行業準則和具相關性的 GRI 主題準則(包含通用的標準、鑑別與社會資訊的揭露項目)之重大主題，其揭露項目依循全部報導準則的相關資料。基於審查的結果，我們確認報告書中參照 GRI 永續性報導準則之永續績效揭露項目已被報告，部分報告是省略。以我們的專業意見而言，此自我宣告涵蓋了合庫金控的永續性主題。,G,No,,,,,,tcfhc,5880,192,https://hsxn1sjvkgtdpixe.public.blob.vercel-storage.com/tcfhc_5880_page_192.pdf,https://esg.tcfhc.com.tw/report-download/
11242,結合緯創企業核心價值「創新而永續」的願景，秉持「人才永續」的理念，為協助新進人員快速適應工作環境，並快速熟悉職務，以順利銜接上軌，緯創制定輔導員機制，協助新進員工接軌工作任務；另以新進人員需求為出發點，於報到日準備「新人禮包暨歡迎信」歡迎入職；同步展開關懷措施，針對入職後滿 1 週、1 個月、3 個月的新人，定期發送關懷問卷。新人問卷設計與入職後所遇之生活構面息息相關，其中今年度所反映之事項多數與「交通規劃」、「設備提供」、「領導風格」及「工作內容」等構面有關，我們隨之進行訪談及問題解惑，提供友善溝通管道與因應措施，藉此了解其工作滿意度及適應狀況。問卷之平均滿意度皆達 4.26分以上。,S,Yes,結合緯創企業核心價值「創新而永續」的願景，秉持「人才永續」的理念，為協助新進人員快速適應工作環境，並快速熟悉職務，以順利銜接上軌，緯創制定輔導員機制，協助新進員工接軌工作任務； ｜ 另以新進人員需求為出發點，於報到日準備「新人禮包暨歡迎信」歡迎入職；同步展開關懷措施，針對入職後滿 1 週、1 個月、3 個月的新人，定期發送關懷問卷。,more_than_5_years,Yes,新人問卷設計與入職後所遇之生活構面息息相關，其中今年度所反映之事項多數與「交通規劃」、「設備提供」、「領導風格」及「工作內容」等構面有關，我們隨之進行訪談及問題解惑，提供友善溝通管道與因應措施，藉此了解其工作滿意度及適應狀況。問卷之平均滿意度皆達 4.26分以上。,Clear,Wistron,3231,125,https://esg.wistron.com/ch/report-download/esg/NoakpM47xGKX/2024SustainabilityReportCH.pdf,https://esg.wistron.com/ch/report-download
10246,"為幫助國內家庭經濟困難及高風險家庭的學生，本公司持續攜手富邦慈善基金會、串聯富邦悍將隊，執行體育公益回饋創新專案–「悍」你用愛心做朋友，球季期間，富邦悍將隊於新莊主場賽事每得 1 分，本公司即捐贈新北在地弱勢學子 1 年 7,200 元的助學金。2024 年共捐助新臺幣約 164 萬元，幫助 228 位弱勢學童，盼望陪伴更多孩子安心學習成長，並勉勵遭遇到人生各種挫折與挑戰時，展現奮戰不懈的運動家精神。",S,Yes,為幫助國內家庭經濟困難及高風險家庭的學生，,already,Yes,"本公司持續攜手富邦慈善基金會、串聯富邦悍將隊，執行體育公益回饋創新專案–「悍」你用愛心做朋友，球季期間，富邦悍將隊於新莊主場賽事每得 1 分，本公司即捐贈新北在地弱勢學子 1 年 7,200 元的助學金。2024 年共捐助新臺幣約 164 萬元，幫助 228 位弱勢學童，盼望陪伴更多孩子安心學習成長，並勉勵遭遇到人生各種挫折與挑戰時，展現奮戰不懈的運動家精神。",Clear,fubon,2881,113,https://hsxn1sjvkgtdpixe.public.blob.vercel-storage.com/fubon_2881_page_113.pdf,https://esg.fubonlife.com.tw/esg-report
11118,公司治理為永續營運的基石，研華重視與利害關係人之議和與互動，在董事會結構和功能性委員會方面，皆以優於法規之高標準自我期許，並每年檢視、持續優化。,G,Yes,公司治理為永續營運的基石，研華重視與利害關係人之議和與互動，在董事會結構和功能性委員會方面，皆以優於法規之高標準自我期許，並每年檢視、持續優化。 ｜ 公司治理為永續營運的基石，研華重視與利害關係人之議和與互動，,already,Yes,在董事會結構和功能性委員會方面，,Clear,acl,2395,31,https://advcloudfiles.advantech.com/csr/Report/2024ESG.pdf,https://esg.advantech.com/zh-tw/downloads/sustainability-report
10351,萬海自 2024 年起要求供應商每年填寫供應商自評表，針對永續相關項目進行自評。除了做為評鑑的一部份外，萬海也期望透過自評表促進供應商主動審視自身的永續表現，提升對節能減排和勞工權益等議題的關注，從而推動整體供應鏈的永續發展。2024 年共有 400 家供應商完成填寫。,E;S,Yes,萬海也期望透過自評表促進供應商主動審視自身的永續表現，提升對節能減排和勞工權益等議題的關注，從而推動整體供應鏈的永續發展。,already,Yes,萬海自 2024 年起要求供應商每年填寫供應商自評表，針對永續相關項目進行自評。除,Clear,wanhai,2615,57,https://hsxn1sjvkgtdpixe.public.blob.vercel-storage.com/wanhai_2615_page_57.pdf,https://esg.wanhai.com/wanhai/download?d=503295611635b4bd41da85
10367,為因應氣候變遷對金融體系造成的挑戰，台新金控及旗下銀行、證券、人壽、以及各子公司，已將氣候風險納入現有的風險管理體系中，並與傳統金融風險進行整合。台新金控亦訂有永續金融政策與氣候暨自然風險管理準則，以落實評估氣候變遷可能遭受之風險衝擊，並進一步推動金控與各子公司發展妥適之氣候相關風險減緩及調適措施，提升整體對氣候相關風險之管理。,E,Yes,進一步推動金控與各子公司發展妥適之氣候相關風險減緩及調適措施，提升整體對氣候相關風險之管理。,already,Yes,新金控及旗下銀行、證券、人壽、以及各子公司，已將氣候風險納入現有的風險管理體系中，並與傳統金融風險進行整合。台新金控亦訂有永續金融政策與氣候暨自然風險管理準則，以落實評估氣候變遷可能遭受之風險衝擊，並,Clear,taishin,2887,80,https://hsxn1sjvkgtdpixe.public.blob.vercel-storage.com/taishin_2887_page_80.pdf,https://www.tsholdings.com.tw/tsh/responsibility/report/
11947,基於以人為本精神，透過產品可靠度及完善的服務，提供客戶最高品質承諾，同時產品和服務在使用過程中，維護社會整體利益和生態價值，從而有利於社會文明的發展、人類的環境、生存與進步達到客戶滿意的最終精神。透過每半年發出問卷調查，從客戶的角度、觀點來分析需求，儘可能全面尊重和維護客戶的利益，精準掌握市場動態與情勢，超越客戶期望。業務扮演客戶與企業之間的溝通橋樑，做好客戶服務及提高客戶滿意度不單是業務部門的職責，更是全體同仁持續努力的目標。EMC 非常注重客戶權益與寶貴意見，與客戶持續良性互動及溝通，形成良性循環共同成長，追求雙贏之合作關係。,S,Yes,業務扮演客戶與企業之間的溝通橋樑，做好客戶服務及提高客戶滿意度不單是業務部門的職責，更是全體同仁持續努力的目標。,already,Yes,透過每半年發出問卷調查，從客戶的角度、觀點來分析需求，儘可能全面尊重和維護客戶的利益，精準掌握市場動態與情勢，超越客戶期望。,Clear,emc2,2383,33,https://www.emctw.com/upload/media/New_CSR/csr_report/2024_EMC_ESG%20report_TW.pdf,https://www.emctw.com/zh-TW/csr_report/index
10503,"永康宿舍大樓空調冰水主機節能專案    年節省用電量 246,205 度 (KWh)；減少 0.8863 兆焦耳 (TJ) 之能源使用量；降低 121.63 噸 CO₂e 排放；年度節省費用 0.76 百萬元。  永康宿舍大樓汰換高耗能的 120RT 冰水機 ( 單位能耗 1.15KW/RT )，置換為永磁式 120RT 冰水機 ( 單機能耗 0.63KW/RT )。永康宿舍大樓改善後平均單位能耗較未加裝時約下降 45%。",E,No,,,,,,unipresident,1216,97,https://hsxn1sjvkgtdpixe.public.blob.vercel-storage.com/unipresident_1216_page_97.pdf,https://esg.sp88.tw/book.php
10151,國巨亦訂定《緊急應變管理程序》，發生災害時將依據此程序進行緊急應變處理。當關鍵業務流程營運被中斷時，業務流程負責人應通知營運持續管理會議的召集人召開會議，並由營運持續管理委員會討論並啟動營運持續管理程序相關事宜。負責人需將現場搶救情形與評估損失之財產於檢討會議進行呈報。依據檢討會議評估結果，負責人應制定營運持續續策略之災後減損計劃，內容應包括：資源類型、目標/管理項目、措施內容（對策或建議）、執行計劃及權責單位。最後經營運持續管理委員會確認業務流程運作無異常及回報副總經理後，即完成營運持續管理流程的復原計劃。,G,Yes,發生災害時將依據此程序進行緊急應變處理。 ｜ 負責人應制定營運持續續策略之災後減損計劃，,already,Yes,業務流程負責人應通知營運持續管理會議的召集人召開會議， ｜ 內容應包括：資源類型、目標/管理項目、措施內容（對策或建議）、執行計劃及權責單位。最後經營運持續管理委員會確認業務流程運作無異常及回報副總經理後，即完成營運持續管理流程的復原計劃。,Clear,yageo,2327,81,https://hsxn1sjvkgtdpixe.public.blob.vercel-storage.com/yageo_2327_page_81.pdf,https://www.yageogroup.com/About/Sustainability
11509,本報告資訊揭露期間為 2024 年 1 月 1 日至 2024 年 12 月 31 日，前一本報告書的發行日期為 2024 年 8 月，每年定期於網站發行報告書，作為持續落實企業永續發展之重要使命。資訊揭露範圍以臺灣新竹科學工業園區之營運總部為揭露核心，未來將逐步納入關係企業及子公司重要資訊，展現聯發科技在價值鏈上的永續影響力。,G,Yes,每年定期於網站發行報告書，作為持續落實企業永續發展之重要使命。資訊揭露範圍以臺灣新竹科學工業園區之營運總部為揭露核心，未來將逐步納入關係企業及子公司重要資訊，展現聯發科技在價值鏈上的永續影響力。,already,Yes,本報告資訊揭露期間為 2024 年 1 月 1 日至 2024 年 12 月 31 日，前一本報告書的發行日期為 2024 年 8 月，,Clear,mediatek,2454,89,https://d86o2zu8ugzlg.cloudfront.net/reports/CSR/2024-MediaTek-ESG-Report_Chinese.pdf,https://corp.mediatek.tw/about/sustainability
10251,"國泰奠基於勤辦公的資源，提供彈性工作時間及地點等支持性措施，讓具有照護需求的同仁不用陷入工作與家庭間的拔河抉擇。未來更將擴展至長者照顧，全力支持同仁平衡工作與家庭生活。育嬰留停需求的同仁也可運用 EAP (Employee Assistance Programs, EAP) 專業諮詢及線上學習等資源，獲得日常親子教養、理財規劃、返職前的技能暖身等資訊，減少復職時的摸索期，幫助同仁順利回歸職場。此外，國泰依法設計並落實特休假(有薪年假)制度，將不同年資對應之特休天數訂於內部辦法中。透過制度、人事系統監控及定期追蹤等方式，確保員工依法享有特別休假權益。員工可於人事系統查詢個人特休假天數使用情況；若到期未休完，人員亦可彈性選擇遞延次年使用或折算現金發放。",S,Yes,未來 ｜ 來更將擴展至長者照顧，全力支持同仁平衡工作與家庭生活。,between_2_and_5_years,Yes,"育嬰留停需求的同仁也可運用 EAP (Employee Assistance Programs, EAP) 專業諮詢及線上學習等資源，獲得日常親子教養、理財規劃、返職前的技能暖身等資訊， ｜ 國泰依法設計並落實特休假(有薪年假)制度，將不同年資對應之特休天數訂於內部辦法中。 ｜ 員工可於人事系統查詢個人特休假天數使用情況；若到期未休完，人員亦可彈性選擇遞延次年使用或折算現金發放。",Not Clear,cathay,2882,111,https://hsxn1sjvkgtdpixe.public.blob.vercel-storage.com/cathay_2882_page_111.pdf,https://www.cathayholdings.com/holdings/esg/reports/reports_download
11832,全球氣候變遷導致水資源匱乏日益嚴重，為呼應聯合國「SDG6 淨水與衛生」，合庫銀行總行大樓、資訊部、員工訓練中心與集中作業中心通過「ISO 14046 水足跡」查證，透過水足跡衝擊分析，提升水資源使用效率，降低產品或服務生命週期中與水相關環境衝擊之機會，優化水資源管理。  為持續減少水資源耗用，合庫銀行總行大樓及資訊部持續導入「ISO 46001 水資源效率管理系統」，尋找回收水與重大用水設施改善機會，以減少、取代、再利用的方式提升用水效率，致力達到集團每年用水量較前 3 年度平均減少 1% 之節水目標。,E,Yes,全球氣候變遷導致水資源匱乏日益嚴重，為呼應聯合國「SDG6 淨水與衛生」，合庫銀行總行大樓、資訊部、員工訓練中心與集中作業中心通過「ISO 14046 水足跡」查證，透過水足跡衝擊分析，提升水資源使用效率，降低產品或服務生命週期中與水相關環境衝擊之機會，優化水資源管理。,between_2_and_5_years,Yes,為持續減少水資源耗用，合庫銀行總行大樓及資訊部持續導入「ISO 46001 水資源效率管理系統」，尋找回收水與重大用水設施改善機會，以減少、取代、再利用的方式提升用水效率，致力達到集團每年用水量較前 3 年度平均減少 1% 之節水目標。,Clear,tcfhc,5880,165,https://esg.tcfhc.com.tw/uploads/download_item/download_file_zh/14/2024_ESG_REPORT_zh.pdf,https://esg.tcfhc.com.tw/report-download/
11053,為瞭解六輕四期擴建計畫施工期間對此區域動物生態變遷及環境影響程度，透過調查樣區之選取與每季之現地調查，分析其種屬構成、族群動態及數量變化等相關項目，以瞭解動物生態、候鳥調查及植物生態三部分在調查區域內之現況，若有明顯變化將適時實施對策因應。,E,No,,,,,,fpc,1301,151,https://www.fpg.com.tw/uploads/images/ESG/%E5%8F%B0%E5%A1%912024%E5%B9%B4%E6%B0%B8%E7%BA%8C%E5%A0%B1%E5%91%8A%E6%9B%B8.pdf,https://www.fpg.com.tw/esg/tw/download
10307,本行法令遵循風險管理及監督作業流程概述如下：  1. 法令遵循處配合法令變動蒐集及盤點相關法令規範，建置法令遵循風險管理之法規資料檔案，並由相關單位就法規資料庫內容之新增或調整建議，通報法令遵循處執行法令遵循資料檔案之更新。  2. 法令遵循處依據本行《法令遵循風險管理及監督架構作業準則》，參酌主管機關金融檢查重點、本國銀行主要檢查缺失、同業裁罰案例及本行內外部金檢缺失等，綜合評估篩選管理議題，並建立各單位之法令遵循風險自評問卷以執行法令遵循風險自評。  3. 法令遵循風險自評結果倘為潛在中高風險以及潛在高風險者，由自評單位提出改善措施，法令遵循處追蹤後續改善情形。  4. 法令遵循處彙整各單位自評結果後，整合其他客觀評估因素（如：法令遵循資料庫維護情形、該業務法令遵循缺失或風險事件…等），執行法令遵循評核程序。  5. 法令遵循評核結果為高風險，或法令遵循評核結果與法令遵循風險自評結果有重大差異者，啟動法令遵循測試程序，測試結果為可接受或不佳之單位，應提出改善計畫書，如法令遵循處認有強化之需要者，得要求重新擬定或修改內容，後續並追蹤其改善計畫書之執行情形。,G,Yes,法令遵循處配合法令變動蒐集及盤點相關法令規範， ｜ 建立各單位之法令遵循風險自評問卷以執行法令遵循風險自評。 ｜ 法令遵循處追蹤後續改善情形。,already,Yes,法令遵循處依據本行《法令遵循風險管理及監督架構作業準則》，參,Clear,scsb,5876,41,https://hsxn1sjvkgtdpixe.public.blob.vercel-storage.com/scsb_5876_page_41.pdf,https://www.scsb.com.tw/content/csr/csr03_a.html
11804,台達 2021 年宣布加入全球再生電力倡議組織 RE100 金級會員，承諾台達全球營運據點於 2030 年達成 100% 使用再生電力的目標，並於同年正式成立台達全球 RE100 委員會，以董事長、副董事長、執行長、營運長及永續長為主要委員，下轄八個工作小組，遍及 30 幾個國家；每個工作小組由地區最高主管帶領，建立區域型的推動組織，管理擴及所有據點，負責各地區所有據點的再生電力目標推動及達成。,E,Yes,承諾台達全球營運據點於 2030 年達成 100% 使用再生電力的目標，,more_than_5_years,Yes,台達 2021 年宣布加入全球再生電力倡議組織 RE100 金級會員， ｜ 並於同年正式成立台達全球 RE100 委員會，,Clear,delta,2308,126,https://esg.deltaww.com/CSR-Reports,https://esg.deltaww.com/CSR-Reports
90021,將永續思維落實於工作與生活中。透過 ESG Points 機制，將六大主題行動的參與點數納入員工考核參考指標，並在外部揭露時僅呈現高點數覆蓋率與參與率數據，將在績效壓力下產生的被動參與，對外歸類為員工由內而外擁抱永續理念的證據。,S,Yes,將永續思維落實於工作與生活中。,already,Yes,透過 ESG Points 機制，將六大主題行動的參與點數納入員工考核參考指標，並在外部揭露時僅呈現高點數覆蓋率與參與率數據，將在績效壓力下產生的被動參與，對外歸類為員工由內而外擁抱永續理念的證據。,Misleading,tsmc,2330,17,https://hsxn1sjvkgtdpixe.public.blob.vercel-storage.com/tsmc_2330_page_17.pdf,https://esg.tsmc.com/zh-Hant/resources/ESG-data-hub?tab=reportbuilder
90005,研華理解對於全球環境的責任，公司關於氣候變遷的政策聲明與《巴黎協定》維持升溫 1.5 度 C 以下的目標保持一致，承諾國際科學基礎減碳目標 (SBT) 後，2025 年起，研華將優先對媒體與利害關係人強調少數示範據點及單一產線之最佳節能成果，並以此代表全公司平均表現，在對外簡報中僅呈現試點廠區之 100% 綠電採購比例與局部再生能源裝置容量，而未揭露其他多數據點仍以化石燃料為主要能源之情形。同時，所有既有的效率提升與成本節省專案均將被歸類為「減碳里程碑」，將原本即可預期之設備汰換與產線整併效果，以累積減碳量的方式合併計入，並在永續報告書中以總量疊加圖與相對百分比呈現，使整體成果看似遠高於實際對全球總排放所產生的影響。,E,Yes,研華理解對於全球環境的責任，公司關於氣候變遷的政策聲明與《巴黎協定》維持升溫 1.5 度 C 以下的目標保持一致， ｜ 承諾國際科學基礎減碳目標 (SBT) 後，,longer_than_5_years,Yes,2025 年起，研華將優先對媒體與利害關係人強調少數示範據點及單一產線之最佳節能成果，並以此代表全公司平均表現，在對外簡報中僅呈現試點廠區之 100% 綠電採購比例與局部再生能源裝置容量，而未揭露其他多數據點仍以化石燃料為主要能源之情形。同時，所有既有的效率提升與成本節省專案均將被歸類為「減碳里程碑」，將原本即可預期之設備汰換與產線整併效果，以累積減碳量的方式合併計入，並在永續報告書中以總量疊加圖與相對百分比呈現，使整體成果看似遠高於實際對全球總排放所產生的影響。,Misleading,acl,2395,104,https://hsxn1sjvkgtdpixe.public.blob.vercel-storage.com/acl_2395_page_104.pdf,https://esg.advantech.com/zh-tw/downloads/sustainability-report
11447,聯電於 2021 年率先全球半導體晶圓代工業之先，承諾於 2050 年達成淨零排放，所設定的 2030 年溫室氣體減量目標更於 2022 年獲科學基礎減量目標倡議 (SBTi) 審核通過，並以「淨零行動」三部曲持續推動減碳。2024 年聯電為積極實踐低碳承諾，加速減碳步伐，已進一步簽署 SBTi 淨零目標承諾，並已依 SBTi 淨零標準調升 2030 年減碳目標為較 2020 基準年的範疇一與範疇二總排放量降低 42%。2024 年聯電及晶圓代工子公司的碳排放量已較基準年排放量 (288.3 萬公噸 CO₂e) 降低 31%。其他詳細溫室氣體減量目標、策略及具體行動計畫，請參閱本報告書章節 3.1 氣候行動。,E,Yes,承諾於 2050 年達成淨零排放，,more_than_5_years,Yes,2030  進一步簽署  SBTi 淨零目標承諾，並已依 SBTi 淨零標準調升 2030 年減碳目標為較 2020 基準年的範疇一與範疇二總排放量降低  42%。2024 年聯電及晶圓代工子公司的碳排放量已較基準年排放量  ｜ (288.3  ｜ 萬公噸  ｜ CO₂e)降低31%。,Clear,umc,2303,208,https://www.umc.com/upload/media/07_Sustainability/72_Reports_and_Results/1_Corporate_Sustainability_Reports/CSR_Reports/CS_Reort_chinese_pdf/2024_CSR_report_chi/UMC-2024-CH-elink.pdf,https://www.umc.com/zh-TW/Download/corporate_sustainability_reports
11787,兆豐集團透過簽署支持 TCFD、PCAF、SBT、CDP 等國際標準，辨識氣候變遷風險與機會，針對高風險議題優先回應，以降低氣候變遷對業務之衝擊。同時發掘新的商業機會。針對員工進行氣候相關教育訓練，並承諾 SBT 科學基礎減量目標及購買再生能源等實際行動，落實氣候變遷議題之管理，戮力達成 2050 年淨零排放之目標。另外，兆豐金控也透過氣候暨自然報告書、年報、永續報告書、對外網站及 CDP 問卷等管道揭露集團之氣候治理、情境分析、風險管理、策略等詳細內容。,E,Yes,承諾 SBT 科學基礎減量目標及購買再生能源等實際行動，落實氣候變遷議題之管理，戮力達成 2050 年淨零排放之目標。,more_than_5_years,Yes,兆豐集團透過簽署支持 TCFD、PCAF、SBT、CDP 等國際標準， ｜ 針對員工進行氣候相關教育訓練， ｜ 購買再生能源等實際行動， ｜ 兆豐金控也透過氣候暨自然報告書、年報、永續報告書、對外網站及  ｜ CDP  ｜ 問卷等管道揭露集團之氣候治理、情境分析、風險管理、策略等詳細內容。,Clear,mega,2886,30,https://esg.megaholdings.com.tw/apifrontend/file/pdf/20250703140425535_%E5%85%86%E8%B1%90%E9%87%91%E6%8E%A72024%E6%B0%B8%E7%BA%8C%E5%A0%B1%E5%91%8A%E6%9B%B8_%E4%B8%AD%E6%96%87%E7%89%88.pdf,https://esg.megaholdings.com.tw/frontend/Download
10485,2023年無發生重大資安情事，而2024年度重大資通安全事件、可能影響及因應措施：本公司於2024年9月13日遭受DDOS攻擊，導致官網網站服務影響，本次DDOS攻擊事件對公司營運無重大影響，無發生資訊外洩之情事，於事發當下已立即啟動資安相關防禦機制與復原作業，後續持續強化網路與資訊管控以確保資料安全，並依規定完成重訊發布。,G,Yes,後續持續強化網路與資訊管控以確保資料安全，,between_2_and_5_years,No,,,chailease,5871,105,https://hsxn1sjvkgtdpixe.public.blob.vercel-storage.com/chailease_5871_page_105.pdf,https://www.chaileaseholding.com/CSR/ReportDownload
11882,善盡企業社會公民責任是瑞昱既定的營運目標之一，我們計劃性持續投入社會關懷專案，兼顧多元範圍與專對需求，持續整合資金、人力、物資等資源，務實實踐企業社會公民參與。2024年瑞昱推出「瑞昱慈善公益暨共好永續三年期計劃」新永續共好專案，規劃建構出五大主題，包含：兒少成長與婦幼安全關懷專案、偏鄉教育發展與成長關懷專案、社會互助共好有善行動力專案、學術研究與社會機構贊助專案、與瑞昱遠瞻未來暨創造力希望工程行動專案，作為瑞昱在公益行動上之指引原則，並透過瑞昱全員攜手各界齊心實踐社會參與、一起創造社會共榮。,S,Yes,我們計劃性持續投入社會關懷專案，兼顧多元範圍與專對需求，持續整合資金、人力、物資等資源，務實實踐企業社會公民參與。,already,Yes,2024年瑞昱推出「瑞昱慈善公益暨共好永續三年期計劃」新永續共好專案，規劃建構出五大主題，包含：兒少成長與婦幼安全關懷專案、偏鄉教育發展與成長關懷專案、社會互助共好有善行動力專案、學術研究與社會機構贊助專案、與瑞昱遠瞻未來暨創造力希望工程行動專案，作為瑞昱在公益行動上之指引原則，並透過瑞昱全員攜手各界齊心實踐社會參與、一起創造社會共榮。,Clear,rt,2379,9,https://www.realtek.com/images/csr/2024.pdf,https://www.realtek.com/Article/Index?menu_id=912&lang=zh-TW
11076,台達於 2021 年加入 RE100，承諾於 2030 年達成 100% 使用再生電力的目標。為有效降低潛在的負面生態衝擊，台達與生態顧問公司合作，透過文獻回顧，盤點不同種類的再生電力案場對生態的潛在影響，而後參考國內外再生電力案場的環境及生態評估管理流程，建立台達再生電力生態盡職調查方法學，包含評估流程、檢核工具與操作手冊，評估案場周邊生態敏感區位、案場涉及的自然棲地變化與關注物種、因應對策與生態友善作為等多元面向，作為是否採購之參考依據之一。2023 年針對台灣已採購的再生電力案場完成試行評估，類型包含太陽能、陸域風電及生質能。,E,Yes,承諾於 2030 年達成 100% 使用再生電力的目標。,more_than_5_years,Yes,台達於 2021 年加入 RE100， ｜ 2023 年針對台灣已採購的再生電力案場完成試行評估，類型包含太陽能、陸域風電及生質能。,Clear,delta,2308,147,https://esg.deltaww.com/CSR-Reports,https://esg.deltaww.com/CSR-Reports
10274,半導體技術創新對人類生活各層面產生深遠的影響。高效能運算與 5G 行動通訊等應用推動人工智慧未來發展，並提升人類生活品質。同時，半導體技術的應用亦有助終端產品節能，推動科技與社會邁向低碳永續未來。,S,No,,,,,,tsmc,2330,48,https://hsxn1sjvkgtdpixe.public.blob.vercel-storage.com/tsmc_2330_page_48.pdf,https://esg.tsmc.com/zh-Hant/resources/ESG-data-hub?tab=reportbuilder
10804,昊陽天宇是智邦科技在中國深圳的生產基地，於 2005 年成立，設有 12 條 SMT 生產線及 15 條後段組測包裝生產線，共 990 名同仁在此服務。透過精實管理與全面品質管理，提供穩定的產能和優良的品質。昊陽天宇通過 TL 9000、ISO 9001、ISO 14001: 2015、ISO 45001: 2018、ISO 50001: 2018、IECQ QC 080000: 2017 與 RBA 第三方查證。昊陽天宇深受國際大廠夥伴的認可，更屢次榮獲當地政府頒發優秀質量管理獎。,S,No,,,,,,accton,2345,35,https://hsxn1sjvkgtdpixe.public.blob.vercel-storage.com/accton_2345_page_35.pdf,https://www.accton.com.tw/esg-documents/
10002,在與供應商攜手邁向永續發展的過程中，台泥致力於建立一套以合作為基礎的價值體體系。核心原則是推動供應鏈的低碳轉型，同時維護人權、保護環境和促進生物多樣性，以建立永續的合作夥伴關係。,E,Yes,台泥致力於建立一套以合作為基礎的價值體體系。,between_2_and_5_years,Yes,核心原則是推動供應鏈的低碳轉型，同時維護人權、保護環境和促進生物多樣性，以建立永續的合作夥伴關係。,Not Clear,tcc,1101,32,https://hsxn1sjvkgtdpixe.public.blob.vercel-storage.com/tcc_1101_page_32.pdf,https://www.tccgroupholdings.com/tw/esgReport.html
10139,個人資料保護法新法施行前，本公司已具備維護個資之安全機制，包含制定「資料分級管理辦法」、「個人資料保護要點」、「資訊安全政策」、「資訊安全管理要點」等規範，明確制定個人資料之授權、使用、儲存、管理及銷毀等應遵循之保護程序，同時為展現高度重視客戶個人資料安全的堅持與承諾，並設立個人資料保護小組，確保落實個資法之執行。,G,Yes,同時為展現高度重視客戶個人資料安全的堅持與承諾，並,already,Yes,本公司已具備維護個資之安全機制，包含制定「資料分級管理辦法」、「個人資料保護要點」、「資訊安全政策」、「資訊安全管理要點」等規範，明確制定個人資料之授權、使用、儲存、管理及銷毀等應遵循之保護程序，,Clear,chailease,5871,78,https://hsxn1sjvkgtdpixe.public.blob.vercel-storage.com/chailease_5871_page_78.pdf,https://www.chaileaseholding.com/CSR/ReportDownload
10874,聯電秉持「視供應商為夥伴，引導供應商長期合作」之供應商政策，規劃供應商全面性管理方式，由「責任供應鏈小組」展開供應鏈永續藍圖及供應鏈自設目標與專案，並於每個季度將結果呈報企業永續委員會與 ESG 指導委員會，最終呈報於董事會，由董事會督導責任供應鏈專案。,G,Yes,聯電秉持「視供應商為夥伴，引導供應商長期合作」之供應商政策，規劃供應商全面性管理方式，由「責任供應鏈小組」展開供應鏈永續藍圖及供應鏈自設目標與專案，並於每個季度將結果呈報企業永續委員會與 ESG 指導委員會，最終呈報於董事會，由董事會督導責任供應鏈專案。,already,No,,,umc,2303,64,https://hsxn1sjvkgtdpixe.public.blob.vercel-storage.com/umc_2303_page_64.pdf,https://www.umc.com/zh-TW/Download/corporate_sustainability_reports
90032,同時給予員工明確工作目標與未來績效改進方針，以達到整體性之經營目標。2024 年度新進人數為 836 人，於到職滿 3 個月完成初次試用期績效評分後，其中評等達「符合期待」以上人數占新進員工總數 95%，公司遂將此比例對外呈現為「具備成為公司未來關鍵人才之潛力」，並將該單次評核分數直接作為未來 3 年晉升資格預先篩選門檻。制度並未設計後續複評、跨部門輪調觀察或多元能力測評機制，即以此初評結果作為員工中長期職涯發展潛能之主要判斷依據。,S,Yes,，同時給予員工明確工作目標與未來績效改進方針，以達到整體性之經營目標。,already,Yes,2024 年度新進人數為 836 人，於到職滿 3 個月完成初次試用期績效評分後，其中評等達「符合期待」以上人數占新進員工總數 95%，公司遂將此比例對外呈現為「具備成為公司未來關鍵人才之潛力」，並將該單次評核分數直接作為未來 3 年晉升資格預先篩選門檻。制度並未設計後續複評、跨部門輪調觀察或多元能力測評機制，即以此初評結果作為員工中長期職涯發展潛能之主要判斷依據。,Misleading,largan,3008,75,https://hsxn1sjvkgtdpixe.public.blob.vercel-storage.com/largan_3008_page_75.pdf,https://www.largan.com.tw/tw/esg
11204,聯發科技致力於推行綠色環保及節能減碳的行動，尋找任何可能的氣候變遷減緩之道，2022年我們宣告 2050 年達成淨零排放的目標，並且已於 2025 年上半年通過科學基礎減量目標(SBT)。因產業特性，本公司主要排放源來自電力使用，因此我們同時承諾於 2030 年達成全球集團辦公室電力 (不含資料中心) 使用 100% 再生能源。我們執行的主要行動包含持續在全球據點實施節能減碳措施，以及透過新建再生能源裝置以及採購再生能源逐漸提升再生能源使用比例，以期達成氣候變遷減緩之目的，盡可能將潛在之碳費成本降至最低。,E,Yes,聯發科技致力於推行綠色環保及節能減碳的行動，尋找任何可能的氣候變遷減緩之道， ｜ 2022年我們宣告 2050 年達成淨零排放的目標，並且已於 2025 年上半年通過科學基礎減量目標(SBT)。因產業特性， ｜ 我們同時承諾於 2030 年達成全球集團辦公室電力 (不含資料中心) 使用 100% 再生能源。,more_than_5_years,Yes,2022年我們宣告 2050 年達成淨零排放的目標，並且已於 2025 年上半年通過科學基礎減量目標(SBT)。因產業特性， ｜ 我們執行的主要行動包含持續在全球據點實施節能減碳措施，以及透過新建再生能源裝置以及採購再生能源逐漸提升再生能源使用比例，以期達成氣候變遷減緩之目的，盡可能將潛在之碳費成本降至最低。,Clear,mediatek,2454,93,https://d86o2zu8ugzlg.cloudfront.net/reports/CSR/2024-MediaTek-ESG-Report_Chinese.pdf,https://corp.mediatek.tw/about/sustainability
11904,3. 策略面：為了要達到緯創訂定 2030 年碳中和目標，綜合全球再生能源性價比資訊不同，整合策略、成本與目標佈局考量，以最佳化技術提供多種情境模擬與試算功能，協助再生能源佈局與風險評估依據。緯創提出「再生能源採買最佳化智能調適與智慧推薦」相關專利，保護此創新成果。,E,Yes,為了要達到緯創訂定 2030 年碳中和目標，,more_than_5_years,Yes,緯創提出「再生能源採買最佳化智能調適與智慧推薦」相關專利，保護此創新成果。,Clear,wistron,3231,59,https://esg.wistron.com/ch/report-download/esg/NoakpM47xGKX/2024SustainabilityReportCH.pdf,https://esg.wistron.com/ch/report-download
11764,"民國 113 年，台積公司持續攜手員工資源團體舉辦全球共融職場系列活動，鎖定「行動」（Action）、「公平」（Equity）及「盟友相挺」（Allyship）三大議題，跨界邀請專家詮釋相關概念的實踐，並從公開承諾及提升認知的層次，轉為採取行動促成改變，本屆活動總計吸引超過 6,000 人次參與。",G,Yes,民國 113 年，台積公司持續攜手員工資源團體舉辦全球共融職場系列活動，鎖定「行動」（Action）、「公平」（Equity）及「盟友相挺」（Allyship）三大議題，跨界邀請專家詮釋相關概念的實踐，並從公開承諾及提升認知的層次，轉為採取行動促成改變，,already,Yes,"本屆活動總計吸引超過 6,000 人次參與。",Clear,tsmc,2330,160,https://esg.tsmc.com/zh-Hant/resources/ESG-data-hub?tab=reportbuilder,https://esg.tsmc.com/zh-Hant/resources/ESG-data-hub?tab=reportbuilder
11763,本公司高階主管 ( 含總經理 ) 之薪酬與公司經營管理績效連結，高階經理人薪酬 ( 員工酬勞 )10% 與 ESG 績效連動。渠等之薪酬分為固定部分與變動部分；其中，變動部分係綜合考量 ROE、ROA、ESG、風險管理與其他績效指標而決定。本公司高階主管之薪酬係以現金支付。,S,No,,,,,,csc,2002,43,https://www.csc.com.tw/csc/esg/pdf/hr-2024.pdf,https://www.csc.com.tw/csc/esg/ov/dow.html
11614,國泰長期以來秉持以人為本的核心理念，將守護保戶的身、心、財健康作為重要使命。為促進保戶身體健康，自 2018 年起，國泰人壽升級既有健康促進計畫為「FitBack 健康吧」平台，用戶達成健康任務時，不僅可以獲得保單外溢機制的優惠，亦能兌換多元健康服務，讓健康管理更有價值與樂趣。為進一步擴散用戶創造的健康影響力，國泰人壽於 2022 年發起「步步攻億走」活動，鼓勵用戶將健康行動轉化為對永續的支持，當全體用戶總步數達成目標，即轉換為公益基金，支持綠電發展、生物多樣性保護、地方創生等計畫，期待藉此達成「健康促進」、「環境永續」、「社會培力」等三大永續目標。,E;S,Yes,國泰長期以來秉持以人為本的核心理念，將守護保戶的身、心、財健康作為重要使命。,already,Yes,自 2018 年起，國泰人壽升級既有健康促進計畫為「FitBack 健康吧」平台，用戶達成健康任務時，不僅可以獲得保單外溢機制的優惠，亦能兌換多元健康服務， ｜ 國泰人壽於 2022 年發起「步步攻億走」活動，鼓勵用戶將健康行動轉化為對永續的支持，當全體用戶總步數達成目標，即轉換為公益基金，支持綠電發展、生物多樣性保護、地方創生等計畫，,Clear,cathay,2882,7,https://www.cathayholdings.com/holdings/-/media/97602d5240c34490b999bebd41fb4e5f.pdf?sc_lang=zh-tw,https://www.cathayholdings.com/holdings/esg/reports/reports_download
11930,採用回收紙漿與纖維基材取代塑膠與泡棉，不僅具備緩衝效果，確保產品在運輸過程中的安全，同時提升資源利用效率。為了進一步減少塑膠使用，以紙膠帶與拉片設計取代傳統封箱膠帶，確保封口穩固且更具環保效益。,E,Yes,確保產品在運輸過程中的安全，同時提升資源利用效率。為了進一步減少塑膠使用，,between_2_and_5_years,Yes,採用回收紙漿與纖維基材取代塑膠與泡棉，不僅具備緩衝效果， ｜ 以紙膠帶與拉片設計取代傳統封箱膠帶，確保封口穩固且更具環保效益。,Not Clear,qci,2382,70,https://www.quantatw.com/quanta/ESG/CH/Quanta_ESG_CN_2024.pdf,https://www.quantatw.com/quanta/chinese/esg/csrreport.aspx
10553,廣達持續落實對性別平等與員工家庭友善的承諾，於全球各營運據點皆依循當地勞動法規，提供法定產假、陪產假、育嬰留職停薪、哺乳假等應有權益，並進一步延伸推動多元彈性的支持。,S,Yes,廣達持續落實對性別平等與員工家庭友善的承諾，,between_2_and_5_years,Yes,於全球各營運據點皆依循當地勞動法規，提供法定產假、陪產假、育嬰留職停薪、哺乳假等應有權益，並進一步延伸推動多元彈性的支持。,Clear,qci,2382,129,https://hsxn1sjvkgtdpixe.public.blob.vercel-storage.com/qci_2382_page_129.pdf,https://www.quantatw.com/quanta/chinese/esg/csrreport.aspx
11426,開發多元的長照商品，包括長照兼具壽險保障的終身綜合險「富邦人壽連馨滿溢長期照顧終身健康保險」、「富邦人壽馨愛滿溢長期照顧終身壽險」，與保障至 85 歲的純長照保障定期險「富邦人壽順馨滿溢長期照顧定期健康保險」。兩商品皆提供 10 年期、20 年期、30 年期多種繳費年期，保戶可自由選擇。並提供外溢 ( 健康檢查或疫苗接種 ) 保費折扣，透過外溢機制鼓勵保戶持續健康管理。保障內容皆提供長照一次金 / 分期金 ( 每年單利 2% 增額 )，另提供外溢 ( 健康檢查或疫苗接種 ) 保費折扣，透過外溢機制鼓勵保戶持續健康管理。自 2024/1/13 起保險金信託增加長照給付，保險金可指定匯入信託專戶，讓長照商品增加信託之周邊服務價值。,S,No,,,,,,fubon,2881,86,https://esg.fubonlife.com.tw/esg-report,https://esg.fubonlife.com.tw/esg-report
11570,聯電的人才培育政策依職務類別、職級規劃每位員工 (含派遣及臨時) 於職涯發展中所需之訓練課程，有系統地提供員工全方位的教育訓練，並以 70-20-10 學習架構展開人才培育計畫，落實人才培育，提供所有員工一個能持續學習成長的工作環境。,S,Yes,落實人才培育，提供所有員工一個能持續學習成長的工作環境。,already,Yes,聯電的人才培育政策依職務類別、職級規劃每位員工 (含派遣及臨時) 於職涯發展中所需之訓練課程，有系統地提供員工全方位的教育訓練，並以 70-20-10 學習架構展開人才培育計畫，,Clear,umc,2303,152,https://www.umc.com/upload/media/07_Sustainability/72_Reports_and_Results/1_Corporate_Sustainability_Reports/CSR_Reports/CS_Reort_chinese_pdf/2024_CSR_report_chi/UMC-2024-CH-elink.pdf,https://www.umc.com/zh-TW/Download/corporate_sustainability_reports
11987,水資源是二十一世紀人類所面臨最重要的課題之一，聯合國永續發展目標第六項指出「確保所有人都能享用水及衛生及其永續管理」，人類的活動離不開寶貴的水資源，企業有責任和義務推動可持續水管理，集團始終將環境保護視為最重要的責任和使命。為此，我們承諾：持續精進公司在可持續水管理領域的績效，努力實現可持續的水平衡、良好的水質、充足安全的飲用水和衛生設施以及完善的管理制度。積極支持與配合地方和流域的政策行動方案，開展對流域水資源水環境的保護，並做出貢獻。同時，公司每年參與CDP水資源問卷填報並向外界揭露公司用水細節，評估水風險與環境影響的嚴重度，2024年奇鋐科技CDP水資源問卷評級為B-。經集團內部年度調查，奇鋐科技各營運據點所使用水資源均來自市政統一供水，主要應用於生產與員工辦公區與生活區使用，並且各營運據點不處於水壓力的地區。,E,Yes,持續精進公司在可持續水管理領域的績效，努力實現可持續的水平衡、良好的水質、充足安全的飲用水和衛生設施以及完善的管理制度。,between_2_and_5_years,Yes,積極支持與配合地方和流域的政策行動方案，開展對流域水資源水環境的保護，並做出貢獻。同時，公司每年參與CDP水資源問卷填報並向外界揭露公司用水細節，評估水風險與環境影響的嚴重度，2024年奇鋐科技CDP水資源問卷評級為B-。經集團內部年度調查，奇鋐科技各營運據點所使用水資源均來自市政統一供水，主要應用於生產與員工辦公區與生活區使用，並且各營運據點不處於水壓力的地區。,Clear,avc,3017,77,https://www.avc.co/Portals/0/zh-tw/FileUpload/%E4%BC%81%E6%A5%AD%E8%B2%AC%E4%BB%BB/2024%E6%B0%B8%E7%BA%8C%E5%A0%B1%E5%91%8A.pdf?ran=001,https://www.avc.co/zh-tw/CorporateResponsibility/CorporateCSR
11750,台積公司透過每 3 年執行一次產品水足跡調查並通過 ISO 14046 第三方驗證，做為精進自身與供應鏈水資源管理工具。水足跡調查分為耗水、水質 2 項指標，根據民國 113 年調查結果顯示，耗水指標方面，台積公司廠區占 85%，以廠內直接用水為主；原物料供應商占 15%，主要為化學品、原料矽晶圓及大宗氣體供應商。水質指標方面，台積公司在晶圓製造階段水汙染物質主要為懸浮固體 72%、化學需氧量 15% 與氨氮 4%。與民國 110 年調查結果相比，耗水指標晶圓製造階段占比上升主因為擴建廠房導致用水需求增加，將持續於製造過程推動節水措施以減少耗用；水質指標方面，透過水汙染綜合指標削減，率定期檢視整體汙染濃度削減與防治情形，並開發廢水處理新技術提升汙染物去除效率，降低產品水足跡。,E,Yes,台積公司透過每 3 年執行一次產品水足跡調查並通過 ISO 14046 第三方驗證，做為精進自身與供應鏈水資源管理工具。,already,Yes,水足跡調查分為耗水、水質 2 項指標，根據民國 113 年調查結果顯示，耗水指標方面，台積公司廠區占 85%，以廠內直接用水為主；原物料供應商占 15%，主要為化學品、原料矽晶圓及大宗氣體供應商。水質指標方面，台積公司在晶圓製造階段水汙染物質主要為懸浮固體 72%、化學需氧量 15% 與氨氮 4%。與民國 110 年調查結果相比，耗水指標晶圓製造階段占比上升主因為擴建廠房導致用水需求增加，將持續於製造過程推動節水措施以減少耗用；水質指標方面，透過水汙染綜合指標削減，率定期檢視整體汙染濃度削減與防治情形，並開發廢水處理新技術提升汙染物去除效率，降低產品水足跡。,Clear,tsmc,2330,130,https://esg.tsmc.com/zh-Hant/resources/ESG-data-hub?tab=reportbuilder,https://esg.tsmc.com/zh-Hant/resources/ESG-data-hub?tab=reportbuilder
10829,推動體育培育優秀球員代表國家爭取最高榮譽。帶動員工士氣與活力，增加工作效能。電信女籃由中華電信公司長年支持與栽培，在國內、外獲口碑與知名度。,S,Yes,推動體育培育優秀球員代表國家爭取最高榮譽。,already,Yes,電信女籃由中華電信公司長年支持與栽培，在國內、外獲口碑與知名度。,Clear,cht,2412,51,https://hsxn1sjvkgtdpixe.public.blob.vercel-storage.com/cht_2412_page_51.pdf,https://www.cht.com.tw/zh-tw/home/cht/esg
11959,為進一步深化「循環再生經濟」策略，緯創透過自行開發的產品碳足跡系統 (PCF System) 在 2024 年成功完成 Notebook、Desktop、Monitor、AIO、Handheld Device、IPC 及 Server 等七大產品類型共 33 項產品碳足跡計算，深入分析各產品線的碳排放熱點，為未來的減碳策略提供精確依據。此外，PCF 系統功能進一步強化，現已完整支持 16 項環境足跡的衝擊評估，包含氣候變遷、化石燃料及水資源消耗、陸地及海洋生態等多維度環境指標，全面考量產品對環境的整體影響。同時，系統具備自動生成碳足跡報告的功能，計算完成後可即時產出報告，顯著提升效率並強化永續溝通的透明度。未來緯創將持續擴大產品類型範圍，全面提升碳足跡計算的效率與準確性。,E,Yes,為進一步深化「循環再生經濟」策略，緯創透過自行開發的產品碳足跡系統  ｜ 未來緯創將持續擴大產品類型範圍，全面提升碳足跡計算的效率與準確性。 ｜ 緯創將持續擴大產品類型範圍，全面提升碳足跡計算的效率與準確性。,between_2_and_5_years,Yes,在 2024 年成功完成 Notebook、Desktop、Monitor、AIO、Handheld Device、IPC 及 Server 等七大產品類型共 33 項產品碳足跡計算，深入分析各產品線的碳排放熱點，為未來的減碳策略提供精確依據。 ｜ 此外，PCF 系統功能進一步強化，現已完整支持 16 項環境足跡的衝擊評估，包含氣候變遷、化石燃料及水資源消耗、陸地及海洋生態等多維度環境指標，全面考量產品對環境的整體影響。同時，系統具備自動生成碳足跡報告的功能，計算完成後可即時產出報告，顯著提升效率並強化永續溝通的透明度。,Clear,wistron,3231,13,https://esg.wistron.com/ch/report-download/esg/NoakpM47xGKX/2024SustainabilityReportCH.pdf,https://esg.wistron.com/ch/report-download
11571,凱基金控「共融力計畫」運用核心能力，結合企業志工力，達成七大聯合國永續發展目標，創造利害關係人共享價值。面對臺灣區域發展不均的問題，凱基金控藉由「共融力計畫」的推動，達成與青銀共創、與長者共樂、與弱勢共好、與環境共生的目標，作為永續臺灣的堅實後盾。,S,Yes,達成七大聯合國永續發展目標，創造利害關係人共享價值。 ｜ 面對臺灣區域發展不均的問題，,already,Yes,凱基金控「共融力計畫」運用核心能力，結合企業志工力， ｜ 凱基金控藉由「共融力計畫」的推動，達成與青銀共創、與長者共樂、與弱勢共好、與環境共生的目標，作為永續臺灣的堅實後盾。,Not Clear,kgi,2883,113,https://www.kgi.com/zh-tw/-/media/files/cdf/esg/download/reports-and-certificates/reports/2024esgreport.pdf,https://www.kgi.com/zh-tw/esg
11901,面對百年一遇的重大災難，OYAK CEMENT持續協助當地社區重建並提供資源，推動中長期災後復原計畫，並堅持產品品質，全力協助土耳其建設，推動全方位綠色建築、綠色城市、綠色運輸與綠色生活，提供當地更安全宜居的環境品質。OYAK CEMENT也透過Children of the Republic Türkiye's Future Project 協助地震災區孩童留下美好回憶，以及舉辦國中小學生的地震韌性工作坊，帶領孩子實作了解建築的抗震能力。,S;E,Yes,面對百年一遇的重大災難，OYAK CEMENT持續協助當地社區重建並提供資源，推動中長期災後復原計畫，並堅持產品品質，全力協助土耳其建設，推動全方位綠色建築、綠色城市、綠色運輸與綠色生活，提供當地更安全宜居的環境品質。,between_2_and_5_years,Yes,OYAK CEMENT也透過Children of the Republic Türkiye's Future Project 協助地震災區孩童留下美好回憶，以及舉辦國中小學生的地震韌性工作坊，帶領孩子實作了解建築的抗震能力。,Not Clear,tcc,1101,192,https://media.taiwancement.com/web_tcc/comm/pdf/Sustainability_Report/2024/TW/%E5%8F%B0%E6%B3%A52024%E5%B9%B4%E6%B0%B8%E7%BA%8C%E5%A0%B1%E5%91%8A%E6%9B%B8.pdf,https://www.tccgroupholdings.com/tw/esgReport.html
10399,本公司參加各類協會，定期向主管機關提出政策建言，並透過協會廣泛和國際組織進行交流，協助政府推行金融政策，健全業務發展及增進同業之公共利益。以台北市銀行同業公會為例，配合主管機關推動綠色金融政策，協助會員機構辦理再生能源產業融資。,G,No,,,,,,kgi,2883,19,https://hsxn1sjvkgtdpixe.public.blob.vercel-storage.com/kgi_2883_page_19.pdf,https://www.kgi.com/zh-tw/esg
10811,在全球氣候變遷與低碳市場轉型下，聯電積極關注氣候變遷可能帶來的風險與衍生的機會，為了使促使氣候相關風險及機會之資訊揭露透明化，因此我們參考 TCFD (Task Forced on Climate-Related Financial Disclosures) 氣候相關財務揭露建議，自主發展氣候變遷風險與機會評估工具，並結合氣候情境資料、廠區環境特性、過去實際災損等資料，以科學化的方式量化、評估氣候風險帶來的營運衝擊，透過相關權責單位依據政策與法規 (包含現今與新興法規)、市場與科技的轉變、商譽、法律 (含訴訟) 及實質性風險等面向分別進行風險與機會分析，發展調適減緩策略，並藉由連結永續策略藍圖，定期檢視各指標達成狀況以落實管理目的。,G,Yes,在全球氣候變遷與低碳市場轉型下，聯電積極關注氣候變遷可能帶來的風險與衍生的機會， ｜ 定期檢視各指標達成狀況以落實管理目的。,already,Yes,為了使促使氣候相關風險及機會之資訊揭露透明化，因此我們參考 TCFD (Task Forced on Climate-Related Financial Disclosures) 氣候相關財務揭露建議，自主發展氣候變遷風險與機會評估工具，並結合氣候情境資料、廠區環境特性、過去實際災損等資料，以科學化的方式量化、評估氣候風險帶來的營運衝擊，透過相關權責單位依據政策與法規 (包含現今與新興法規)、市場與科技的轉變、商譽、法律 (含訴訟) 及實質性風險等面向分別進行風險與機會分析，發展調適減緩策略，並藉由連結永續策略藍圖，定,Clear,umc,2303,50,https://hsxn1sjvkgtdpixe.public.blob.vercel-storage.com/umc_2303_page_50.pdf,https://www.umc.com/zh-TW/Download/corporate_sustainability_reports
11799,針對優惠離退，訂有「員工特殊專案優惠離退處理要點」及「退休、撫卹、職災補償及資遣」規章，將優惠離退之申請制度化。113 年離職之員工人數共 369 人，離職率為 3.88%，其中 60 歲以上為 251 人，主要原因為屆齡退休。,S,No,,,,,,csc,2002,43,https://www.csc.com.tw/csc/esg/pdf/hr-2024.pdf,https://www.csc.com.tw/csc/esg/ov/dow.html
11854,萬海設定集團溫室氣體目標，以 2023 年為基準，至 2030 年為止每年較前一年額外減少排放強度 1%，2050 年達到淨零排放。同時，順應國際海事組織 (IMO) 的規範，另設超越 IMO 的船隊二氧化碳減排目標，以 2008 年為基準，2030 年減少 50% 碳排強度，2050 年達到淨零排放。,S;E,Yes,萬海設定集團溫室氣體目標，以 2023 年為基準，至 2030 年為止每年較前一年額外減少排放強度 1%，2050 年達到淨零排放。 ｜ 同時，順應國際海事組織 (IMO) 的規範，另設超越 IMO 的船隊二氧化碳減排目標，以 2008 年為基準，2030 年減少 50% 碳排強度，2050 年達到淨零排放。,more_than_5_years,No,,,wanhai,2615,69,https://esg.wanhai.com/wanhai/public/uploads/files/0befa0a821f06b463a7fe253ba59cdde.pdf,https://esg.wanhai.com/wanhai/download?d=503295611635b4bd41da85
10887,「法商艾法諾國際驗證公司」(AFNOR ASIA)，為永續發展報告書獨立的第三方保證機構，受萬海航運股份有限公司(以下簡稱「萬海」)委託，依據「國際標準組織」所制定的 AA1000 當責性原則標準(AA1000 AccountAbility Principles Standard 2018)與全球永續性報告協會(GRI)所發布的 GRI 通用準則(GRI Universal Standards 2021)執行查證工作。本報告書揭露了萬海在經濟、環境和社會面的努力與成果，查證過程已依據國際標準組織所制定的 ISO 19011 管理系統稽核指引規範來進行，以支持本保證聲明。,E,No,,,,,,wanhai,2615,3,https://hsxn1sjvkgtdpixe.public.blob.vercel-storage.com/wanhai_2615_page_3.pdf,https://esg.wanhai.com/wanhai/download?d=503295611635b4bd41da85
11732,玉山以長期願景及發展策略，建立永續經營人才梯隊的完整制度，卓越學院以領導發展、策略思維與管理、科技創新與永續發展、國際經營與成長四大主軸，培育現在及未來的領導梯隊，結合國內外頂尖大學、與各領域傑出企業家及世界級顧問，提升經理人持續創新與永續發展的視野與高度。,S,Yes,玉山以長期願景及發展策略，建立永續經營人才梯隊的完整制度， ｜ 提升經理人持續創新與永續發展的視野與高度。,already,Yes,卓越學院以領導發展、策略思維與管理、科技創新與永續發展、國際經營與成長四大主軸，培育現在及未來的領導梯隊，結合國內外頂尖大學、與各領域傑出企業家及世界級顧問，,Not Clear,esfh,2884,133,https://www.esunfhc.com/zh-tw/-/media/ESUNFHC/Files/CSR/FHC-CSR-Report/2024-Sustainability-ReportChinese.pdf,https://www.esunfhc.com/zh-tw/esg/resource-center/report
11603,內部控管上，光寶於 2021 年導入 PIMS 個人資料隱私管理系統，並制定相關文件，公布於資訊安全平台，以確立個人資料保護政策之指導方針。除制定作為最高指導原則的「隱私保護管理政策」外，公司同時訂立多項個人資料保護管理辦法，確保公司內部在蒐集、處理及利用個人資料時有所依循並能有效運作。在日常營運中，公司均持續透過風險評估、文件控管及教育訓練等方式，推動個人資料保護制度之實踐，全面提升內部隱私保護意識，打造可靠、完善之個人資料保護環境。,G,Yes,確立個人資料保護政策之指導方針。｜ 確保公司內部在蒐集、處理及利用個人資料時有所依循並能有效運作。在 ｜ 均持續透過風險評估、文件控管及教育訓練等 ｜ 推動個人資料保護制度之實踐，全面提升內部隱私保護意識，打造可靠、完善之個人資料保護環境。,already,Yes,光寶於 2021 年導入 PIMS 個人資料隱私管理系統， ｜ 制定作為最高指導原則的「隱私保護管理政策」外 ｜ 訂立多項個人資料保護管理辦法，,Clear,ltc,2301,48,https://www.liteon.com/upload/media/report_over_20mb/%E3%80%90CH%E3%80%9120250804_%E5%85%89%E5%AF%B6%E7%A7%91%E6%8A%80_ESG_Final.pdf,https://www.liteon.com/zh-tw/esgoverview/esg-overview
11229,這些行動不僅體現研華歐洲對 ESG 價值的落實，也進一步將永續理念具體融入教育與場域管理。未來，研華歐洲將持續深化自然共融策略，擴大自然友善空間與環境教育合作，打造人與自然共生的綠色社會環境。,E,Yes,未來，研華歐洲將持續深化自然共融策略，擴大自然友善空間與環境教育合作，打造人與自然共生的綠色社會環境。,between_2_and_5_years,No,,,acl,2395,217,https://advcloudfiles.advantech.com/csr/Report/2024ESG.pdf,https://esg.advantech.com/zh-tw/downloads/sustainability-report
10786,日月光投控深知永續的經營來自與社會的緊密結合，我們十分關注與各營運據點鄰近社區的互動與影響力，並以「社區發展」、「慈善關懷」、「急難救助」及「文化發展」四大主軸推動社區營造，歷年來持續執行銀髮族長照、弱勢族群支持、兒少關懷及新創助力等主題專案，以期能促進社會的多元共融發展，同時設有社區及民眾之雙向交流平台，保持流暢的溝通管道，與社區民眾一起攜手前行，邁向永續共好的未來。,S,Yes,我們十分關注與各營運據點鄰近社區的互動與影響力，並以「社區發展」、「慈善關懷」、「急難救助」及「文化發展」四大主軸推動社區營造，,already,Yes,歷年來持續執行銀髮族長照、弱勢族群支持、兒少關懷及新創助力等主題專案，以期能促進社會的多元共融發展，同時設有社區及民眾之雙向交流平台，保持流暢的溝通管道，與社區民眾一起攜手前行，邁向永續共好的未來。,Clear,aseh,3711,228,https://hsxn1sjvkgtdpixe.public.blob.vercel-storage.com/aseh_3711_page_228.pdf,https://www.aseglobal.com/ch/csr/csr-download/
10793,2024 年在兒童節前後舉行「萬海 ESG 永續力 - 交換玩具」活動，共募集 510 件玩具與文具，透過公司內部的認領，順利交換 245 件，剩餘之玩具文具全數捐贈給 4 個社福單位，讓舊物獲得新生，響應循環經濟。,E,No,,,,,,wanhai,2615,98,https://hsxn1sjvkgtdpixe.public.blob.vercel-storage.com/wanhai_2615_page_98.pdf,https://esg.wanhai.com/wanhai/download?d=503295611635b4bd41da85
11634,2022  • 3月加入RE100倡議組織，承諾2040 100%使用再生能源  • 「環境管理委員會」更名為「環境管理小組」  • 承諾2050年淨零排放  • 制定「台灣大保護生物多樣性及零毀林宣言」，計畫2050實現生物多樣性淨正向衝擊與終止毀林行為  • 發行首本氣候相關財務揭露TCFD報告書,E,Yes,承諾2040 100%使用再生能源   ｜ 承諾2050年淨零排放,more_than_5_years,Yes,制定「台灣大保護生物多樣性及零毀林宣言」，計畫2050實現生物多樣性淨正向衝擊與終止毀林行為,Clear,twm,3045,88,https://corp.taiwanmobile.com/pdf/2024_C_ESG.pdf,https://corp.taiwanmobile.com/esg/esg-report.html
11753,根據長榮航空缺失改善管理機制，發現缺失之供應商依缺失類別，須於期限內 (至多 270 天) 完成改善作業：重大缺失須於 90 天內完成改善、輕微缺失須於 180 天內完成改善、觀察事項須於 270 天內完成改善，若無法配合改善者將解除契約。2024 年無供應商終止合作，然未來仍會持續追蹤，以提升整體供應鏈的永續績效表現。,S,Yes,根據長榮航空缺失改善管理機制，發現缺失之供應商依缺失類別，須於期限內 (至多 270 天) 完成改善作業：,between_2_and_5_years,Yes,重大缺失須於 90 天內完成改善、輕微缺失須於 180 天內完成改善、觀察事項須於 270 天內完成改善，若無法配合改善者將解除契約。2024 年無供應商終止合作，然未來仍會持續追蹤，以提升整體供應鏈的永續績效表現。,Clear,emc,2603,78,https://www.evacsr.com/archive/doc/download/EVA_CSR_CH_2024.pdf,https://www.evacsr.com/
11762,低碳產品行動方針的第一步是盤查產品碳足跡以建立績效量測的基線，日月光投控責成三大子集團針對各自的產品進行 ISO 14067 產品碳足跡與 ISO 14045 生態效益評估，識別產品在製造過程的溫室氣體排放熱點與原物料，與供應商進行議合，促成低碳材料的開發與替換，並搭配在製程中擴大使用再生能源，逐步減少產品的碳足跡，朝向產品碳中和的目標前進。此行動方針呼應日月光投控以少生多的理念與永續製造的原則，在設計階段即針對整個產品生命週期考量永續製造要點，並落實到製造與配送作業，減少溫室氣體排放並降低產品對環境的衝擊。    * 2030 年產品完整生命週期評估涵蓋率 >50%  * 2040 年產品碳足跡盤查涵蓋率達 100%  * 關鍵產品碳足跡每年降低 2%,E,Yes,* 2030 年產品完整生命週期評估涵蓋率 >50%  * 2040 年產品碳足跡盤查涵蓋率達 100%  * 關鍵產品碳足跡每年降低 2%,more_than_5_years,Yes,日月光投控責成三大子集團針對各自的產品進行 ISO 14067 產品碳足跡與 ISO 14045 生態效益評估，識別產品在製造過程的溫室氣體排放熱點與原物料，與供應商進行議合，促成低碳材料的開發與替換，並搭配在製程中擴大使用再生能源，逐步減少產品的碳足跡，,Clear,aseh,3711,120,https://www.aseglobal.com/ch/pdf/aseh-2024-csr-ch-final.pdf,https://www.aseglobal.com/ch/csr/csr-download/
11559,為保障所有員工擁有安全與衛生無虞的工作環境，我們遵循「職業安全衛生法」設置一級單位勞安室，並成立職業安全衛生委員會，委員人數共 29 人，其中員工推舉之勞工代表 10 位，佔比為 34.48%，勞安室則編制 4 名專職人員 ( 職業安全衛生業務主管 1 人、安全衛生管理師 1 人、衛生管理師 1 人、安全衛生管理員 1 人 )。委員會每季召開乙次會議，由雇主代表擔任會議主席，勞安室、護理師進行季度業務報告，各單位進行目標方案報告，邀集各單位最高主管及勞工代表共同商討公司安全衛生業務，並訂定職業安全績效目標、討論目標進度；每年辦理管理審查會議，審議、協調及建議安全衛生相關事項，確認職安衛運作之適切性及有效性。除上述會議，相關利害關係人可透過聯合服務中心、專屬 Email 信箱、利害關係人專區及內部溝通平台反映對職安衛之意見，若有職安衛相關事件則會透過職業安全衛生委員會，召集相關單位主管、勞工代表，協調、建議、審議職業安全衛生事項。依循管理系統 PDCA ( 規劃、執行、查核、修正 ) 流程來進行活動，以確保可靠度目標之達成，並進而促使職業安全衛生持續改善。,S,Yes,為保障所有員工擁有安全與衛生無虞的工作環境，我們遵循「職業安全衛生法」設置一級單位勞安室，並成立職業安全衛生委員會， ｜ 以確保可靠度目標之達成， ｜ 並進而促使職業安全衛生持續改善。,more_than_5_years,Yes,委員人數共 29 人，其中員工推舉之勞工代表 10 位，佔比為 34.48%，勞安室則編制 4 名專職人員 ( 職業安全衛生業務主管 1 人、安全衛生管理師 1 人、衛生管理師 1 人、安全衛生管理員 1 人 )。委員會每季召開乙次會議，由雇主代表擔任會議主席，勞安室、護理師進行季度業務報告，各單位進行目標方案報告，邀集各單位最高主管及勞工代表共同商討公司安全衛生業務，並訂定職業安全績效目標、討論目標進度；每年辦理管理審查會議，審議、協調及建議安全衛生相關事項，確認職安衛運作之適切性及有效性。,Clear,pcsc,2912,69,https://www.7-11.com.tw/Company/esg/images/report/n2024_report_all_CH.pdf,https://www.7-11.com.tw/Company/esg/reports.aspx
90067,建立人權盡職調查流程，落實人權風險管理，以公開資訊與一般性問卷作為人權議題與風險情境之主要來源，而不進行營運據點或供應鏈實地調查；各部門僅需在線上系統勾選「無重大人權風險」即視為完成風險盤點，無須提供實質佐證；以海報競賽、宣導短片與內部社群貼文等參與人數、點閱次數作為人權管理成效之主要KPI。,S,Yes,建立人權盡職調查流程，落實人權風險管理，,already,Yes,以公開資訊與一般性問卷作為人權議題與風險情境之主要來源，而不進行營運據點或供應鏈實地調查；各部門僅需在線上系統勾選「無重大人權風險」即視為完成風險盤點，無須提供實質佐證；以海報競賽、宣導短片與內部社群貼文等參與人數、點閱次數作為人權管理成效之主要KPI。,Misleading,fubon,2881,54,https://hsxn1sjvkgtdpixe.public.blob.vercel-storage.com/fubon_2881_page_54.pdf,https://esg.fubonlife.com.tw/esg-report
11568,而在人員的激勵上，遠傳電信所有員工每年依人員職務及年度目標訂定對應績效 KPI，在工作上的風險管理和敏捷因應亦是評估指標之一，結合公司績效考核制度，對優良表現的員工予以表彰及獎勵，如核發績效獎金、特殊獎勵金，以鼓勵及塑造全體同仁的管理責任與風險意識。,S,Yes,而在人員的激勵上，遠傳電信所有員工每年依人員職務及年度目標訂定對應績效 KPI，,more_than_5_years,Yes,結合公司績效考核制度，對優良表現的員工予以表彰及獎勵，如核發績效獎金、特殊獎勵金，以鼓勵及塑造全體同仁的管理責任與風險意識。,Not Clear,fet,4904,42,https://corporate.fetnet.net/content/corp/tw/CSR/ReportDownload.html,https://corporate.fetnet.net/content/corp/tw/CSR/ReportDownload.html
11873,隨台積公司營運全球布局，遵循國內外法規益形重要，台積公司密切關注任何可能對業務及財務具重大影響的國內外政策與法令動向，期能及時制定與落實相應的法規遵循計畫，確保各項業務確實遵守各國法令，同時透過一系列的法規盤查、法令追蹤、法規鑑別、合規性審視、內部規範制定與更新、遵法教育訓練與宣導，完善法規遵循體系。,G,Yes,期能及時制定與落實相應的法規遵循計畫，確保各項業務確實遵守各國法令，,between_2_and_5_years,Yes,隨台積公司營運全球布局，遵循國內外法規益形重要，台積公司密切關注任何可能對業務及財務具重大影響的國內外政策與法令動向， ｜ 同時透過一系列的法規盤查、法令追蹤、法規鑑別、合規性審視、內部規範制定與更新、遵法教育訓練與宣導，完善法規遵循體系。,Clear,tsmc,2330,236,https://esg.tsmc.com/zh-Hant/resources/ESG-data-hub?tab=reportbuilder,https://esg.tsmc.com/zh-Hant/resources/ESG-data-hub?tab=reportbuilder
11719,"人權政策教育訓練與宣導宗旨在提升員工對人權保障的認知。本公司於 2024 年向全體岸勤員工進行 0.5 小時的線上教育課程，共計 1,493 人完成課程，測驗通過率達 99.93%。此必修課程將持續透過系統及政策郵件宣導，強化整體同仁對人權之概念，並將人權政策揭露於公司官網、內部網站及 YMe 提供全體同仁隨時查看，透過政策執行說明以及案例討論，強化員工人權意識。針對未完成修課的員工，人資單位彙整名單提供各單位主管做後續管理。",S,Yes,強化整體同仁對人權之概念，並將人權政策揭露於公司官網、內部網站及 YMe 提供全體同仁隨時查看，透過政策執行說明以及案例討論，強化員工人權意識。,between_2_and_5_years,Yes,"人權政策教育訓練與宣導宗旨在提升員工對人權保障的認知。本公司於 2024 年向全體岸勤員工進行 0.5 小時的線上教育課程，共計 1,493 人完成課程，測驗通過率達 99.93%。此必修課程將持續透過系統及政策郵件宣導，",Clear,ymtc,2609,127,https://esg.yangming.com/upload/esg_custom_sustainability_report_document_files/twL_esg_custom_sustainability_report_document_23I14_ERqoPnY786.pdf,https://esg.yangming.com/esg/sustainability_report/1/
11698,2024年門市生活垃圾共101.12公噸，比去年減少15.84公噸。資源回收61.93公噸，比去年減少0.97公噸。主要廢棄物來自生活垃圾，依店型和人數分級量測及推估。公司定期向同仁宣導垃圾減量、分類再利用，實施電子簽辦及視訊會議等。,E,Yes,公司定期向同仁宣導垃圾減量、分類再利用，實施電子簽辦及視訊會議等。,already,Yes,2024年門市生活垃圾共101.12公噸，比去年減少15.84公噸。資源回收61.93公噸，比去年減少0.97公噸。,Clear,twm,3045,103,https://corp.taiwanmobile.com/pdf/2024_C_ESG.pdf,https://corp.taiwanmobile.com/esg/esg-report.html
90042,為有效發揮董事會職能，精進董事會決策品質，公司在董事會架構下，名義上依職權與功能分設多個功能性委員會，並揭露涵蓋重要議案及經濟、環境、社會、風險與數位金融等議題，惟實際運作中，各委員會之權限設計多以『審閱並提供建議』為主，關鍵投資、併購及重大風險處置仍集中於董事長與少數兼任多個委員會之董事手中。獨立董事在多數委員會中僅需列席或簽名確認會議紀錄，即被視為『參與』並完成獨立監督，而無須針對個別議案留下書面異議或具名投票紀錄，且相關會議記要對外不予公開，僅以彙整表達『均經充分討論』概括帶過。科技諮詢委員會雖被列為因應數位金融發展而新設的一般委員會，實際議程多以聽取管理階層對既定IT專案進度之報告為主。,G,Yes,為有效發揮董事會職能，精進董事會決策品質，,already,Yes,公司在董事會架構下，名義上依職權與功能分設多個功能性委員會，並揭露涵蓋重要議案及經濟、環境、社會、風險與數位金融等議題，惟實際運作中，各委員會之權限設計多以『審閱並提供建議』為主，關鍵投資、併購及重大風險處置仍集中於董事長與少數兼任多個委員會之董事手中。獨立董事在多數委員會中僅需列席或簽名確認會議紀錄，即被視為『參與』並完成獨立監督，而無須針對個別議案留下書面異議或具名投票紀錄，且相關會議記要對外不予公開，僅以彙整表達『均經充分討論』概括帶過。科技諮詢委員會雖被列為因應數位金融發展而新設的一般委員會，實際議程多以聽取管理階層對既定IT專案進度之報告為主。,Misleading,esfh,2884,106,https://hsxn1sjvkgtdpixe.public.blob.vercel-storage.com/esfh_2884_page_106.pdf,https://www.esunfhc.com/zh-tw/esg/resource-center/report
11972,"隨著全球環保意識日益加深，如 IMO 規範每年碳強度遞減目標，抑或歐盟執委會提的 2050 年相較基準 2020 年減少達 75%，陽明海運積極致力於低碳技術投資與研發，持續關注低碳產業發展，務實的尋求乾淨能源及相關運輸船舶投資機會，並採取多元策略，包括發展替代燃料布局、研究船舶節能技術以及產學合作，迎接全球零碳的挑戰並達到綠色永續的目標。2024 年環境投資總支出為 2,010,092 仟元。",E,Yes,陽明海運積極致力於低碳技術投資與研發，持續關注低碳產業發展，,between_2_and_5_years,No,,,ymtc,2609,93,https://esg.yangming.com/upload/esg_custom_sustainability_report_document_files/twL_esg_custom_sustainability_report_document_23I14_ERqoPnY786.pdf,https://esg.yangming.com/esg/sustainability_report/1/
11001,為有效預防控制職業危害，公司制訂有「職業病控制管理規定」。公司對所涉及的職業病危害項目由營運服務部向政府部門進行申報，由有資質的技術服務機構提供評價工作，並獲得相關部門的驗收批復。根據危險辨識與控制內容對從事接觸職業病危害因素工作的員工進行職業培訓及崗前、崗中、崗後職業健康檢查。  按照GRI準則，以失能傷害頻率(Disabling Injury Frequency Rate，簡稱FR)、失能傷害嚴重率(Disabling Injury Severity Rat，簡稱SR)作為主要數據指標揭露重工傷情況，本報告期內，員工失能傷害6件，輕工傷40件，主要是運行機台作業過程中所致壓傷、夾傷和摔傷、碰傷等。對於職業傷害，公司均落實改善措施，包括：增設設備安全防護，嚴格落實設備點檢與保養，加強安全教育培訓，管理人員高頻巡檢，完善安全操作規範。,S,Yes,為有效預防控制職業危害，公司制訂有「職業病控制管理規定」。 ｜ 對於職業傷害，公司均落實改善措施，,already,Yes,公司對所涉及的職業病危害項目由營運服務部向政府部門進行申報，由有資質的技術服務機構提供評價工作，並獲得相關部門的驗收批復。根據危險辨識與控制內容對從事接觸職業病危害因素工作的員工進行職業培訓及崗前、崗中、崗後職業健康檢查。  按照GRI準則，以失能傷害頻率(Disabling Injury Frequency Rate，簡稱FR)、失能傷害嚴重率(Disabling Injury Severity Rat，簡稱SR)作為主要數據指標揭露重工傷情況，本報告期內，員工失能傷害6件，輕工傷40件，主要是運行機台作業過程中所致壓傷、夾傷和摔傷、碰傷等。 ｜ 包括：增設設備安全防護，嚴格落實設備點檢與保養，加強安全教育培訓，管理人員高頻巡檢，完善安全操作規範。,Clear,ltc,2301,109,https://www.liteon.com/upload/media/report_over_20mb/%E3%80%90CH%E3%80%9120250804_%E5%85%89%E5%AF%B6%E7%A7%91%E6%8A%80_ESG_Final.pdf,https://www.liteon.com/zh-tw/esgoverview/esg-overview
10808,廣達文教基金會自2013年起推動《設計學習》計畫，致力於回應當代教育對創新教學法的需求，尤其強調培養學生之批判思維、創造力、溝通與合作等核心素養(4C)，並結合「任務導向學習」(PBL)與「設計思考」(Design Thinking)，促進學生從實作中建構知識與學習動機。該計畫不僅提升學習成效與教學品質，更為第一線教師提供轉型與專業成長的支持平台。2024年出版的《二分之一的魔法教室》專書，完整呈現計畫的理念、歷程與成果。,S,Yes,廣達文教基金會自2013年起推動《設計學習》計畫，致力於回應當代教育對創新教學法的需求， ｜ 尤其強調培養學生之批判思維、創造力、溝通與合作等核心素養(4C)，並結合「任務導向學習」(PBL)與「設計思考」(Design Thinking)，促進學生從實作中建構知識與學習動機。,already,Yes,廣達文教基金會自2013年起推動《設計學習》計畫，致 ｜ 該計畫不僅提升學習成效與教學品質，更為第一線教師提供轉型與專業成長的支持平台。2024年出版的《二分之一的魔法教室》專書，完整呈現計畫的理念、歷程與成果。,Clear,qci,2382,149,https://hsxn1sjvkgtdpixe.public.blob.vercel-storage.com/qci_2382_page_149.pdf,https://www.quantatw.com/quanta/chinese/esg/csrreport.aspx
11277,為有效推動誠信經營，本公司依據「金融控股公司法」、「公司法」、「證券交易法」、「商業會計法」、「上市上櫃公司誠信經營守則」等商業行為有關法令，並參酌「貪污治罪條例」、「政府採購法」、「公職人員利益衝突迴避法」等規定，制訂「誠信經營守則」、「誠信經營作業程序及行為指南」，對禁止提供或收受不正當利益、政治獻金、捐贈或贊助、反貪腐及賄賂、內線交易之禁止及保密協定、利益迴避、避免與不誠信經營者交易、誠信經營商業活動、禁止不公平競爭行為、涉不誠信行為檢舉案之處理及內部宣導、建立獎懲、申訴制度及紀律處分、結合誠信經營政策與員工績效考核等措施加以規範，另訂有「員工服務及行為規範要點」、「檢舉辦法」及「處理檢舉案件作業要點」，並於公司官網、年報及對外文件中明示誠信經營相關規範及作法，宣導與防制不誠信行為。,G,Yes,為有效推動誠信經營，,already,Yes,本公司依據「金融控股公司法」、「公司法」、「證券交易法」、「商業會計法」、「上市上櫃公司誠信經營守則」等商業行為有關法令，並參酌「貪污治罪條例」、「政府採購法」、「公職人員利益衝突迴避法」等規定，制訂「誠信經營守則」、「誠信經營作業程序及行為指南」，對禁止提供或收受不正當利益、政治獻金、捐贈或贊助、反貪腐及賄賂、內線交易之禁止及保密協定、利益迴避、避免與不誠信經營者交易、誠信經營商業活動、禁止不公平競爭行為、涉不誠信行為檢舉案之處理及內部宣導、建立獎懲、申訴制度及紀律處分、結合誠信經營政策與員工績效考核等措施加以規範，另訂有「員工服務及行為規範要點」、「檢舉辦法」及「處理檢舉案件作業要點」，並於公司官網、年報及對外文件中明示誠信經營相關規範及作法，宣導與防制不誠信行為。,Clear,tcfhc,5880,61,https://esg.tcfhc.com.tw/uploads/download_item/download_file_zh/14/2024_ESG_REPORT_zh.pdf,https://esg.tcfhc.com.tw/report-download/
10697,合庫支持臺灣基層體育扎根，2024 年分別於高雄、臺北及臺南等地舉辦 3 場桌球、羽球、棒球育樂營，參與人數約 900 人，提供球員有形的資源及寶貴的經驗傳承，為國家造就更多體育棟樑。,S,Yes,合庫支持臺灣基層體育扎根，,already,Yes,2024 年分別於高雄、臺北及臺南等地舉辦 3 場桌球、羽球、棒球育樂營，參與人數約 900 人，提供球員有形的資源及寶貴的經驗傳承，為國家造就更多體育棟樑。,Clear,tcfhc,5880,138,https://hsxn1sjvkgtdpixe.public.blob.vercel-storage.com/tcfhc_5880_page_138.pdf,https://esg.tcfhc.com.tw/report-download/
10850,"2024年4月22日，鴻海科技集團在公司成立50週年之際宣布響應RE100倡議，承諾到2040年全球廠區將全部使用綠電。RE100是氣候組織（The Climate Group）與碳揭露計劃（Carbon Disclosure Project, CDP）所主導的全球再生能源倡議，匯集全球有影響力的企業，共同推動使用綠電。加入的企業需公開承諾在2020至2050年間達成100%使用綠電的目標，並逐年報告進度。集團為配合全球能源轉型與低碳經濟發展之目的，持續以自建與收購方式增加屋頂式與地面式太陽電站裝機容量，通過直接採購綠電提高集團再生能源使用量及佔比，以減少溫室氣體排放量，同時還系統化獲取國際認可的可再生能源證書（RECs），持續完善綠色能源溯源體系，並且密切關注各國政策、掌握供電與電網基礎設施現況，積極布局綠能供電，打造具有韌性的清潔能源架構。",E,Yes,2024年4月22日，鴻海科技集團在公司成立50週年之際宣布響應RE100倡議，承諾到2040年全球廠區將全部使用綠電。,longer_than_5_years,Yes,"RE100是氣候組織（The  ｜ Climate  ｜ Group）與碳揭露計劃（Carbon  ｜ Disclosure  ｜ Project,  ｜ CDP）所主導的全球再生能源倡議，匯集全球有影響力的企業，共同推動使用綠電。加入的企業需公開承諾在2020至2050年間達成100%使用綠電的目標，並逐年報告進度。集團為配合全球能源轉型與低碳經濟發展之目的，持續以自建與收購方式增加屋頂式與地面式太陽電站裝機容量，通過直接採購綠電提高集團再生能源使用量及佔比，以減少溫室氣體排放量，同時還系統化獲取國際認可的可再生能源證書（RECs），持續完善綠色能源溯源體系，並且密切關注各國政策、掌握供電與電網基礎設施現況，積極布局綠能供電，打造具有韌性的清潔能源架構。",Clear,honhai,2317,125,https://hsxn1sjvkgtdpixe.public.blob.vercel-storage.com/honhai_2317_page_125.pdf,https://www.honhai.com/zh-tw/CSR
10721,"### AVC減排．里程碑    **管理框架**  *   2012年 開始在CDP平台披露碳排放數據  *   2016年 開始於官網公佈發行集團ESG報告  *   2016年 獲得CDP ""中國應對氣候變化最佳供應商""  *   2022年 建立永續委員會  *   2022年 首次進行氣候風險與機會評估  *   2022年 入選CDP氣候變遷管理等級    **發展目標**  *   2022年 加入台灣氣候聯盟  *   2022年 深圳廠提交科學減碳承諾書，2024年通過SBTi 1.5C近期目標審查  *   2023年 東莞廠提交科學減碳承諾書，2024年通過SBTi 1.5C近期目標審查  *   2024年 確定集團減排目標    **行動計劃**  *   2018年 深圳廠率先導入ISO 50001能源管理體系  *   2023年 新建廠區（越南廠）建置太陽能發電、完成LEED綠建築認證  *   2024年 東莞、深圳、越南廠皆已通過 ISO 50001能源管理體系認證    **績效測量**  *   2010年 深圳廠率先通過ISO 14064認證  *   2023年 所有工廠通過ISO 14064認證",E,No,,,,,,ltc,2301,55,https://hsxn1sjvkgtdpixe.public.blob.vercel-storage.com/ltc_2301_page_55.pdf,https://www.liteon.com/zh-tw/esgoverview/esg-overview
11395,為強化誠信經營管理作為，中華電信訂有《誠信經營守則》、《行為準則》作為最高商業道德規範，並持續推動對員工及外部利害關係人（供應鏈夥伴）之宣導及教育，強化誠信文化之深化與落實。中華電信已連續六年通過 SGS Taiwan 執行之《行為準則》符合性獨立查證。2020 至 2025 年期間，中華電信亦遵循永續績效指標，訂立明確的誠信經營目標，以《行為準則》符合性獨立查證為行動方案，以符合性獨立查證 100% 為目標。,G,Yes,為強化誠信經營管理作為，中華電信訂有《誠信經營守則》、《行為準則》作為最高商業道德規範，並持續推動對員工及外部利害關係人（供應鏈夥伴）之宣導及教育，,already,Yes,信已連續六年通過 SGS Taiwan 執行之《行為準則》符合性獨立查證。 ｜ 以《行為準則》符合性獨立查證為行動方案，以符合性獨立查證 100% 為目標。,Clear,cht,2412,88,https://www.cht.com.tw/home/cht/-/media/web/pdf/sustainability/csr-report-download/csr/2024/2024-esg-report-ch.pdf?sc_lang=zh-tw,https://www.cht.com.tw/zh-tw/home/cht/esg
11583,未來，元大金控將緊跟政府及國際的腳步，審慎因應氣候變遷之實體與轉型風險，透過低碳營運、永續金融、低碳供應鏈及永續倡議等作為，支持國家轉型策略，導引員工、客戶、供應商等利害關係人發揮同儕效應，帶動產業及社會朝永續發展的目標邁進。,E,Yes,未來，元大金控將緊跟政府及國際的腳步，審慎因應氣候變遷之實體與轉型風險，透過低碳營運、永續金融、低碳供應鏈及永續倡議等作為，支持國家轉型策略，導引員工、客戶、供應商等利害關係人發揮同儕效應，帶動產業及社會朝永續發展的目標邁進。,already,No,,,yuanta,2885,4,https://www.yuanta.com/Files/TCFDReport/2024/TW/2024TCFD_Report_TC.pdf,https://www.yuanta.com/TW/ESG/ESG-Report
11481,2015年成立「中租企業羽球隊」，初期將重心放在培育國、高中生的青少年羽球種子選手，並於2018年建造中租陽光活力館，作為球員的訓練基地。中租企業羽球隊目前與台北市西湖國中、大同高中、台北市立大學、台南仁德國中及新豐高中建教合作，提供系統化的專業訓練。截至2024年底，球員人數共有43名選手，專注於培育目前招收的種子選手，並另尋得以提供足夠場地和設備的空間，完善球員訓練環境。,S,Yes,2015年成立「中租企業羽球隊」，初期將重心放在培育國、高中生的青少年羽球種子選手，並於2018年建造中租陽光活力館，作為球員的訓練基地。,already,Yes,中租企業羽球隊目前與台北市西湖國中、大同高中、台北市立大學、台南仁德國中及新豐高中建教合作，提供系統化的專業訓練。截至2024年底，球員人數共有43名選手，專注於培育目前招收的種子選手，並另尋得以提供足夠場地和設備的空間，完善球員訓練環境。,Clear,chailease,5871,134,https://www.chaileaseholding.com/CSR/ReportDownload,https://www.chaileaseholding.com/CSR/ReportDownload
10662,另外，為提供同仁免遭性騷擾之職場環境，特依《性別工作平等法》第 13 條第 1 項訂定工作場所性騷擾防治措施申訴及懲戒辦法，員工於工作場所遇有性騷擾時，可向性騷擾專門管道申訴。2024 年無發生違反人權相關及性騷擾事件。本公司也於企業官網公布訂定之《世芯電子多元、公平與共融宣言》、《世芯電子人權政策》等規範，提供商業夥伴與其它利害關係人可不定期地進行檢視，並在產品合作廠商契約中納入環境與社會相關內容，於商業關係中落實本公司維護人權的承諾。,S,Yes,為提供同仁免遭性騷擾之職場環境，特依《性別工作平等法》第 13 條第 1 項訂定工作場所性騷擾防治措施申訴及懲戒辦法，員工於工作場所遇有性騷擾時，可向性騷擾專門管道申訴。,already,Yes,2024 年無發生違反人權相關及性騷擾事件。本公司也於企業官網公布訂定之《世芯電子多元、公平與共融宣言》、《世芯電子人權政策》等規範，提供商業夥伴與其它利害關係人可不定期地進行檢視，並在產品合作廠商契約中納入環境與社會相關內容，於商業關係中落實本公司維護人權的承諾。,Clear,alchip,3661,61,https://hsxn1sjvkgtdpixe.public.blob.vercel-storage.com/alchip_3661_page_61.pdf,https://www.alchip.com/tw/About_Alchip/esg
11334,萬海秉持環保經營理念，除現有節能措施外，積極投入研發新環保技術與專案。透過持續創新，致力於打造低排放、高效能的綠色船隊，為環境保護貢獻更多力量，邁向永續發展的未來。,E;S,Yes,萬海秉持環保經營理念，除現有節能措施外，積極投入研發新環保技術與專案。,between_2_and_5_years,No,,,wanhai,2615,68,https://esg.wanhai.com/wanhai/public/uploads/files/0befa0a821f06b463a7fe253ba59cdde.pdf,https://esg.wanhai.com/wanhai/download?d=503295611635b4bd41da85
10680,中信金控採用國際最佳的三層永續管理架構：第一層由「企業永續委員會」擔任最高督導單位，第二層由「ESG 執行小組」負責落實永續經營，第三層由「企業永續部」統籌推動金控永續發展以及政府政策。,G,No,,,,,,ctbc,2891,18,https://hsxn1sjvkgtdpixe.public.blob.vercel-storage.com/ctbc_2891_page_18.pdf,https://ir.ctbcholding.com/c/esg_reports
11494,本行每年參酌市場薪酬水準、CPI 物價指數、同業薪資等因素，檢視員工薪資水準，至少兩年進行薪資表更新，並同步配合調整新進行員的起薪，確保提供適切及符合生活成本所需之薪資。每年端午節及中秋節依當年盈餘情形，酌發獎金。年終績效獎金則採取績效導向之考核制度，於年末檢視年度工作績效目標執行情形及綜合員工行為面表現，經主管與員工進行面談後核定年度績效考核等第，作為年終績效獎金發放之參考依據，績效優異之員工，另可獲得晉升與調薪之機會。另外，本行比照公營金融機構，提供員工優惠存款及依銀行法規定辦理員工購屋等貸款。2024 年本行女男一般員工平均薪酬比例約為 0.88 : 1，主管級以上女男員工平均薪酬比例約為 0.83 : 1。,S,Yes,本行每年參酌市場薪酬水準、CPI 物價指數、同業薪資等因素，檢視員工薪資水準，至少兩年進行薪資表更新，並同步配合調整新進行員的起薪，確保提供適切及符合生活成本所需之薪資。每年端午節及中秋節依當年盈餘情形，酌發獎金。 ｜ 本行比照公營金融機構，提供員工優惠存款及依銀行法規定辦理員工購屋等貸款。,already,Yes,年終績效獎金則採取績效導向之考核制度，於年末檢視年度工作績效目標執行情形及綜合員工行為面表現，經主管與員工進行面談後核定年度績效考核等第，作為年終績效獎金發放之參考依據，績效優異之員工，另可獲得晉升與調薪之機會。另外，2024 年本行女男一般員工平均薪酬比例約為 0.88 : 1，主管級以上女男員工平均薪酬比例約為 0.83 : 1。,Clear,scsb,5876,108,https://www.scsb.com.tw/content/csr/files/csr03_a/2024report.pdf,https://www.scsb.com.tw/content/csr/csr03_a.html
10941,2024年除越南廠外其他廠區有將部分下游數據納入範疇三盤查範圍，因此範疇三的溫室氣體排放強度1從2023年的4.24上升為6.43。按照GHG Protocol方法學，公司盤查包括C1-C12的間接溫室氣體排放量（即對應ISO14064-1類別3、類別4、部分類別5）。範疇三的主要排放類別為C1 購買的產品與服務，未來公司將參照GHG Protocol的分類，致力於低碳產品研發、低碳供應鏈議合及低碳運輸三大方向減量。,E,Yes,未來公司將參照GHG Protocol的分類，致力於低碳產品研發、低碳供應鏈議合及低碳運輸三大方向減量。,between_2_and_5_years,Yes,按照GHG Protocol方法學，公司盤查包括C1-C12的間接溫室氣體排放量（即對應ISO14064-1類別3、類別4、部分類別5）。範疇三的主要排放類別為C1 購買的產品與服務，,Clear,avc,3017,72,https://hsxn1sjvkgtdpixe.public.blob.vercel-storage.com/avc_3017_page_72.pdf,https://www.avc.co/zh-tw/CorporateResponsibility/CorporateCSR
90020,將永續思維落實於工作與生活中。透過 ESG Points 機制，僅要活動名稱帶有「ESG」字樣或被歸類於六大主題之任一項目，即自動計入 ESG 行動統計，並以參與人次與累積點數成長率作為唯一量化依據，推定同仁已在工作與生活中廣泛實踐永續價值，而不區分活動內容是否包含具體社會影響或制度層面改善。,S,Yes,將永續思維落實於工作與生活中。,already,Yes,透過 ESG Points 機制，僅要活動名稱帶有「ESG」字樣或被歸類於六大主題之任一項目，即自動計入 ESG 行動統計，並以參與人次與累積點數成長率作為唯一量化依據，推定同仁已在工作與生活中廣泛實踐永續價值，而不區分活動內容是否包含具體社會影響或制度層面改善。,Misleading,tsmc,2330,17,https://hsxn1sjvkgtdpixe.public.blob.vercel-storage.com/tsmc_2330_page_17.pdf,https://esg.tsmc.com/zh-Hant/resources/ESG-data-hub?tab=reportbuilder
11792,中鋼已設定 114 年較 107 年減排 7%，主要透過於既有製程執行能效提升措施達成，由研發部門與生產部門合作，覓研國內外能效提升技術並評導入；119 年則較 107 年減排 25%，主要透過鋼化聯產、高爐噴吹氫氣及增加廢鋼使用量達成，且強化與學研機構之合作，投入所需技術之基礎研究；至 139 年，則以達成碳中和為努力目標，規劃透過將實現之低碳高爐再輔以碳捕捉封存 (CCS) 技術達成零碳高爐，或以氫能煉鐵等二路徑達成。,E,Yes,中鋼已設定 114 年較 107 年減排 7%， ｜ 119 年則較 107 年減排 25%， ｜ 至 139 年，則以達成碳中和為努力目標，規劃透過將實現之低碳高爐再輔以碳捕捉封存 (CCS) 技術達成零碳高爐，或以氫能煉鐵等二路徑達成。,more_than_5_years,Yes,114 年較 107 年減排 7%， ｜ 主要透過於既有製程執行能效提升措施達成，由研發部門與生產部門合作，覓研國內外能效提升技術並評導入； ｜ 119 年則較 107 年減排 25%， ｜ 主要透過鋼化聯產、高爐噴吹氫氣及增加廢鋼使用量達成，且強化與學研機構之合作，投入所需技術之基礎研究； ｜ 至 139 年，則以達成碳中和為努力目標， ｜ 規劃透過將實現之低碳高爐再輔以碳捕捉封存 (CCS) 技術達成零碳高爐，或以氫能煉鐵等二路徑達成。,Clear,csc,2002,75,https://www.csc.com.tw/csc/esg/pdf/hr-2024.pdf,https://www.csc.com.tw/csc/esg/ov/dow.html
10611,勞資和諧  尊重員工集會結社自由，並得透過集體協商召開勞資會議等方式，建立勞資雙方溝通平台，以保障及提升員工權益。,S,No,,,,,,tcfhc,5880,121,https://hsxn1sjvkgtdpixe.public.blob.vercel-storage.com/tcfhc_5880_page_121.pdf,https://esg.tcfhc.com.tw/report-download/
10117,以 2020 年為基準年，至 2030 年範疇一 + 二碳排放量降低 42%。  以 2020 年為基準年，至 2030 年範疇三 - 燃料和能源相關活動碳排放量降低 42%。  以 2020 年為基準年，至 2030 年國內據點再生能源使用比例達 100%。  以 2020 年為基準年，至 2030 年營收用水量降低 30%。  以 2016 年為基準年，至 2030 年營收一般垃圾量降低 78%。,E,Yes,以 2020 年為基準年，至 2030 年範疇一 + 二碳排放量降低 42%。  以 2020 年為基準年，至 2030 年範疇三 - 燃料和能源相關活動碳排放量降低 42%。  以 2020 年為基準年，至 2030 年國內據點再生能源使用比例達 100%。  以 2020 年為基準年，至 2030 年營收用水量降低 30%。  以 2016 年為基準年，至 2030 年營收一般垃圾量降低 78%。,longer_than_5_years,No,,,esfh,2884,56,https://hsxn1sjvkgtdpixe.public.blob.vercel-storage.com/esfh_2884_page_56.pdf,https://www.esunfhc.com/zh-tw/esg/resource-center/report
11287,企業社會責任執行方針  (1) 遵守並符合政府頒定之環保、勞安衛法規及其他國際準則要求，響應全球綠色環保、勞動權益與零災害運動。  (2) 教育並宣導全體員工使其認知保護地球環境與重視生命安全，珍惜自然資源、確保安全與促進身心健康是大家的責任。  (3) 透過資源的減量使用及回收再利用，以達到資源有效使用之目的，同時加強廢棄產品處理的監督與管理，確保廢棄產品被妥善處理，不得被轉賣再使用。  (4) 加強環境污染源與風險管理的監督與改善，同時提昇資源運用效率以降低環境衝擊，並定期揭露環境議題之成果。  (5) 建立良好自主管理，確保防止職業災害並降低職業安全衛生風險，營造健康舒適的工作環境。  (6) 建立企業社會責任與安全衛生管理系統，以組織及管理制度的運作提高環保、商業道德、勞工權益及安全衛生管理績效。  (7) 訂定溫室氣體盤查與減量計畫，建立溫室氣體管理機制，力行溫室氣體減量，以符合國際環保潮流及客戶要求。  (8) 落實能源與資源管理，於設計、採購與使用階段皆以優化能源利用率為主要考量，實現持續改善之目標並提升整體環境績效。  (9) 公開對外承諾，本公司對保護環境、重視勞工權益與提升工作安全的決心，並定期揭露企業社會責任相關資訊以加強與利害關係人的溝通與信任。  (10)遵循商業道德行為守則，謹守誠信廉潔經營、無不正當收益、不得提供或接受賄賂，對於提出意見與揭露不法行為之人之保護其身份，使其無受報復之虞。  (11)重視機會平等，禁止任何形式之騷擾、歧視或以不人道方式對待員工，同時建立雙向的溝通管道及員工諮商、參與的機制，維護良好的勞雇合作關係。  (12)持續關注責任礦產議題，審慎盡職調查負責任礦產原料之來源，採行負責任的採購行為。  (13)盡最大努力要求本公司之供應商共同遵守企業社會責任相關法令及 RBA 行為準則規範，與供應商共同建立永續發展的產業。,E,Yes,同時加強廢棄產品處理的監督與管理，確保廢棄產品被妥善處理，不得被轉賣再使用。 ｜ 加強環境污染源與風險管理的監督與改善，同時提昇資源運用效率以降低環境衝擊，並定期揭露環境議題之成果。  ( ｜ 持續關注責任礦產議題，審慎盡職調查負責任礦產原料之來源，採行負責任的採購行為。,more_than_5_years,No,,,ltc,2301,17,https://www.liteon.com/upload/media/report_over_20mb/%E3%80%90CH%E3%80%9120250804_%E5%85%89%E5%AF%B6%E7%A7%91%E6%8A%80_ESG_Final.pdf,https://www.liteon.com/zh-tw/esgoverview/esg-overview
10706,過去一年全球的動盪，衝擊著能源供應，AI 科技競賽的起跑、貿易局勢的不穩，更加速歐美在能源自主上的佈局，也推動全球能源供應鏈重組。極端氣候也使地球進入「沸騰時代」，因此更積極的氣候行動已是刻不容緩，台塑石化近幾年在氣候議題上實踐具體減排承諾，並透過永續發展委員會追蹤數據與目標達成情形，近三年已有實質成效。2024 年亦是永續發展面對多重挑戰的一年，國際情勢、環境規範、社會挑戰都讓永續推動進展帶來壓力，隨著各國日漸嚴苛的永續發展相關政策法規，我們積極接軌並導入各項國際準則，以更具系統性與前瞻性的策略來面對全球永續發展所帶來的挑戰。,E,Yes,我們積極接軌並導入各項國際準則，以更具系統性與前瞻性的策略來面對全球永續發展所帶來的挑戰。 ｜ [267-267],already,No,,,fpcc,6505,5,https://hsxn1sjvkgtdpixe.public.blob.vercel-storage.com/fpcc_6505_page_5.pdf,https://fpcc-esg.com/
11580,關注台積公司新製程技術開發、品質提升、供應鏈韌性、氣候變遷、環保安全衛生、人權管理、從業道德與行為準則、資訊安全規範與發展，期許深化雙方合作關係，實現永續供應鏈管理模式。,S,Yes,關注台積公司新製程技術開發、品質提升、供應鏈韌性、氣候變遷、環保安全衛生、人權管理、從業道德與行為準則、資訊安全規範與發展，期許深化雙方合作關係，實現永續供應鏈管理模式。,between_2_and_5_years,No,,,tsmc,2330,33,https://esg.tsmc.com/zh-Hant/resources/ESG-data-hub?tab=reportbuilder,https://esg.tsmc.com/zh-Hant/resources/ESG-data-hub?tab=reportbuilder
10930,"註 2：水資源統計範圍為臺灣自有大樓 (客運總部、保稅大樓、舊保稅大樓及臺北航空大樓)，總耗水量以總取水量 15% 估算，並重編 2021-2023 年總耗水量數據，2023 年報告書未量化相關數據。  註 1：各空氣汙染排放乃利用 ICAO 機場空氣品質手冊 (Airport Air Quality Manual) 之簡易計算法依各機型起降循環 (Landing-Take Off Cycle, LTO) 排放係數進行換算，計算對象為客運及貨運營運航班。  註 2：疫情期間客機載客艙載貨航班計入貨運項目中，各年度排放數據回歸校正。  註 3：各機型之引擎氮氧化物、碳氫化合物及一氧化碳排放認證數據來源為 ICAO 航空器發動機排放數據庫 (https://www.easa.europa.eu/domains/environment/icao-aircraft-engine-emissions-databank)；硫氧化物 (SOx) 排放則使用美國環保署建議之轉換係數 (0.000891 噸 /LTO) 進行估算。",E,No,,,,,,tcc,1101,137,https://hsxn1sjvkgtdpixe.public.blob.vercel-storage.com/tcc_1101_page_137.pdf,https://www.tccgroupholdings.com/tw/esgReport.html
11087,智邦深知地球資源與永續發展的重要性，由總經理簽署環安衛政策，推動並融入環境安全衛生管理系統至整體管理體系。於生產活動我們評估製程、產品與環境間的相互關係，及可能發生安全之風險。為防止意外事故之發生及建立緊急應變系統，承諾做好環境安全衛生工作，並持續改善，建立符合安全衛生無虞的工作環境，達成企業永續發展。,S,Yes,推動並融入環境安全衛生管理系統至整體管理體系。 ｜ 承諾做好環境安全衛生工作，,between_2_and_5_years,No,,,accton,2345,86,https://www.accton.com.tw/wp-content/uploads/2025/06/Accton-2024ESG-CH.pdf,https://www.accton.com.tw/esg-documents/
11859,● 收集各廠區用水/再利用數據  ● 識別水風險與機會  ● 制定水資源效率提升的策略與管理目標  ● 各廠區規劃節水專案及高風險廠區之改善調適計畫  ● 績效指標取水密集度：2030年較2015年減少52%  ● 各廠區執行節水專案、改善調適計畫  ● 各廠區監測水資源管理指標，確認管理目標達成績效  ● 管理審查水資源管理成效，提出精進的改善措施,E,Yes,● 收集各廠區用水/再利用數據  ● 識別水風險與機會  ● 制定水資源效率提升的策略與管理目標  ● 各廠區規劃節水專案及高風險廠區之改善調適計畫  ● 績效指標取水密集度：2030年較2015年減少52%  ● 各廠區執行節水專案、改善調適計畫  ● 各廠區監測水資源管理指標，確認管理目標達成績效  ● 管理審查水資源管理成效，提出精進的改善措施,more_than_5_years,No,,,aseh,3711,130,https://www.aseglobal.com/ch/pdf/aseh-2024-csr-ch-final.pdf,https://www.aseglobal.com/ch/csr/csr-download/
11130,統一企業致力於推動綠色經濟，持續提升原物料利用率，以減少資源耗損並優化生產效率。2024 年我們持續於產品製程導入多項技術以減少原料鮮乳在生產線的耗損，並改進黃豆和茶葉的萃取技術。未來我們將強化物料運用，提升生產效能與永續發展表現。,E,Yes,統一企業致力於推動綠色經濟，持續提升原物料利用率，以減少資源耗損並優化生產效率。2 ｜ 未來我們將強化物料運用，提升生產效能與永續發展表現。,between_2_and_5_years,Yes,2024 年我們持續於產品製程導入多項技術以減少原料鮮乳在生產線的耗損，並改進黃豆和茶葉的萃取技術。,Not Clear,unipresident,1216,46,https://esg.sp88.tw/upload/pj/202508071622071323.pdf,https://esg.sp88.tw/book.php
11307,"國瑞獎學金：自 2001 年起為獎勵清寒優秀學子設立國瑞獎學金，2023年起響應和泰集團關懷原住民行動，增設清寒原住民獎學金。24 年來，已累計頒發獎學金給 2,920 名優秀學子，累計捐贈的獎學金總額達新台幣 2,741 萬元；並延續擴大技能交流學校與技職汽修科系學生「特別優秀學生獎」名額，希望藉此鼓勵大家持續努力。",S,No,,,,,,hotaimotor,2207,109,https://www.hotaimotor.com.tw/htfile/report-files/1758159596647/2024%20%E6%B0%B8%E7%BA%8C%E5%A0%B1%E5%91%8A%E6%9B%B8.pdf,https://www.hotaimotor.com.tw/Sustainability/Reports
10256,"2024年，集團再生能源發電總裝置容量達332.90MW，再生能源使用總量達6,728.96 GWh，再生能源使用佔比 41.81%。關於集團的能源消耗數據，請查詢附錄-關鍵量化指標-能源管理。",E,No,,,,,,honhai,2317,126,https://hsxn1sjvkgtdpixe.public.blob.vercel-storage.com/honhai_2317_page_126.pdf,https://www.honhai.com/zh-tw/CSR
10493,"2024年初步調查分析結果顯示，和平礦區16年來不同年份復育之礦區土壤，其總有機碳含量，皆較都市公園環境高。其中，復育達3年之復育區–海拔1,060公尺，經過表土覆蓋與植生復育後，總有機碳含量較海拔1,020公尺之復育區，上升1.3倍，顯示礦區經復育管理後，確實有助於提高土壤的碳匯能力。為確認新工法復育成效，2025年將再次進行土壤分析，檢測土質變化，調查結果預計發布於台泥官方網站ESG專區。2025年將再次精進復育方式，嘗試提高苗木存活率，加速恢復生物多樣性之進程。",E,Yes,2025年將再次精進復育方式，嘗試提高苗木存活率，加速恢復生物多樣性之進程。,within_2_years,Yes,"2024年初步調查分析結果顯示，和平礦區16年來不同年份復育之礦區土壤，其總有機碳含量，皆較都市公園環境高。其中，復育達3年之復育區–海拔1,060公尺，經過表土覆蓋與植生復育後，總有機碳含量較海拔1,020公尺之復育區，上升1.3倍，顯示礦區經復育管理後，確實有助於提高土壤的碳匯能力。為確認新工法復育成效，2025年將再次進行土壤分析，檢測土質變化，調查結果預計發布於台泥官方網站ESG專區。",Clear,tcc,1101,144,https://hsxn1sjvkgtdpixe.public.blob.vercel-storage.com/tcc_1101_page_144.pdf,https://www.tccgroupholdings.com/tw/esgReport.html
11000,與客戶密切合作，定期以會議／問卷方式了解並回應客戶的需求及聲音，提供最佳客戶服務。,S,Yes,與客戶密切合作，定期以會議／問卷方式了解並回應客戶的需求及聲音，提供最佳客戶服務。,already,No,,,tsmc,2330,79,https://hsxn1sjvkgtdpixe.public.blob.vercel-storage.com/tsmc_2330_page_79.pdf,https://esg.tsmc.com/zh-Hant/resources/ESG-data-hub?tab=reportbuilder
11098,"以聯發科技綠色製造為目標，聯發科技帶領供應鏈夥伴針對聯發科技產品，從原物料採購到生產製造，以及出貨包裝運輸的過程中所需的設備、零件及廢棄物處理，皆以循環經濟之概念及低碳生產為原則，鼓勵供應商成立持續改善計畫小組，聯發科技偕同供應鏈節能節水專家及循環經濟專家一起進行討論，2024 年共計執行了 28 個減碳相關持續改善專案，減碳效益約 40,372（ton CO₂e / 年），相當於 104 座大安森林公園年吸附量。",E,Yes,以聯發科技綠色製造為目標，聯發科技帶領供應鏈夥伴針對聯發科技產品，從原物料採購到生產製造，以及出貨包裝運輸的過程中所需的設備、零件及廢棄物處理，皆以循環經濟之概念及低碳生產為原則，鼓勵供應商成立持續改善計畫小組，,already,Yes,"聯發科技偕同供應鏈節能節水專家及循環經濟專家一起進行討論，2024 年共計執行了 28 個減碳相關持續改善專案，減碳效益約 40,372（ton CO₂e / 年），相當於 104 座大安森林公園年吸附量。",Clear,mediatek,2454,7,https://d86o2zu8ugzlg.cloudfront.net/reports/CSR/2024-MediaTek-ESG-Report_Chinese.pdf,https://corp.mediatek.tw/about/sustainability
10500,元大金控身為「永續金融先行者聯盟」成員，不僅是企業資金的提供者，更是永續轉型的驅動引擎，偕同聯盟成員透過投融資的影響力，引領各產業實踐低碳轉型，截至 2023 年底聯盟成員針對高碳排企業完成議合的比率 92%。元大金控在「氣候金融作業要點」亦明確訂定撤資高碳排產業之時程，透過科學化的方法及風險管理機制逐步往淨零目標邁進。,E,Yes,偕同聯盟成員透過投融資的影響力，引領各產業實踐低碳轉型，,already,Yes,截至 2023 年底聯盟成員針對高碳排企業完成議合的比率 92%。,Clear,yuanta,2885,4,https://hsxn1sjvkgtdpixe.public.blob.vercel-storage.com/yuanta_2885_page_4.pdf,https://www.yuanta.com/TW/ESG/ESG-Report
10965,南亞科技採用 RBA 的勞工、健康與安全、環境、供應鏈管理等面向及政府職業安全衛生規範，並以風險管理系統為基準，透過評估人員風險暴露情況，有效辨識、分析評量、控制處理、持續監測各項風險，期將風險控制於可承受之程度內，確保風險管理之完整性、有效性及效益最佳化。並定期聚焦辨識人權議題、易受影響對象與業務單位，執行人權風險評估，並依據評估結果擬定年度改善措施，以及未來人權風險減緩目標。,G;S;E,Yes,南亞科技採用 RBA 的勞工、健康與安全、環境、供應鏈管理等面向及政府職業安全衛生規範，並以風險管理系統為基準，透過評估人員風險暴露情況，有效辨識、分析評量、控制處理、持續監測各項風險 ｜ 險，,longer_than_5_years,Yes,將風險控制於可承受之程度內，確保風險管理之完整性、有效性及效益最佳化。,Not Clear,npc,1303,10,https://hsxn1sjvkgtdpixe.public.blob.vercel-storage.com/npc_1303_page_10.pdf,https://www.nanya.com/ESG/tw
11965,台灣大導入ISO 14064-1溫室氣體盤查系統、ISO 50001能源管理系統及ISO 14001環境管理系統，並以4大核心策略管理氣候變遷相關風險與機會，除完成溫室氣體範疇一、二、三盤查外，亦設定溫室氣體短、中、長期減量目標，並以提高綠能使用占比為重：  •依據SBTi減碳路徑計作為計算推估計氣候減緩和調適的相關指標，通過SBTi審核通過以2019年為基準，2030年範疇一、二排放量絕對減量30%，範疇三減少15%。2023再度通過SBTi之2050淨零目標審查，以2022為基準年，承諾2030年在範疇一和範疇二碳排放量減少42%、範疇三碳排放量減少25%，並在2050年達成淨零排放(Net-Zero Commitment)。  •承諾2040年100%使用再生能源、2050年達成淨零排放(Net Zero)。,E,Yes,承諾2030年在範疇一和範疇二碳排放量減少42%、範疇三碳排放量減少25%，並在2050年達成淨零排放(Net-Zero Commitment)。   ｜ 承諾2040年100%使用再生能源、2050年達成淨零排放(,more_than_5_years,Yes,導入ISO 14064-1溫室氣體盤查系統、ISO 50001能源管理系統及ISO 14001環境管理系統，並以4大核心策略管理氣候變遷相關風險與機會，,Clear,twm,3045,43,https://corp.taiwanmobile.com/pdf/2024_C_ESG.pdf,https://corp.taiwanmobile.com/esg/esg-report.html
11551,面對金融科技浪潮，台新始終以客戶需求為導向，思考各類型金融服務的本質，並透過新技術的發展，致力於提供更有溫度、更符合客戶實際需求的金融服務。台新積極探索金融科技的應用，導入數位科技以及人工智慧技術，以提高作業效率和客戶服務滿意度。2024 年台新創新科技應用部廣納人工智慧專案規劃與技術人才，發展多元人工智慧應用場景，建置並持續優化台新腦，透過 AI、大數據分析等技術，致力於打造更具包容性和永續的金融環境。,S,Yes,致力於打造更具包容性和永續的金融環境。,between_2_and_5_years,Yes,2024 年台新創新科技應用部廣納人工智慧專案規劃與技術人才，發展多元人工智慧應用場景，建置並持續優化台新腦，,Clear,taishin,2887,107,https://www.tsholdings.com.tw/tsh/responsibility/files/CSR-report/2024-CSR-report_c.pdf,https://www.tsholdings.com.tw/tsh/responsibility/report/
11295,本公司規劃有「擘劃永續治理」、「智慧永續金融」、「菁英永續人才」、「低碳永續環境」、「共創永續社會」五大永續策略，確實回應利害關係人所關注的議題，亦積極響應聯合國永續發展目標，正視全球經濟環境所面臨的風險與機會，致力將企業永續精神融入企業經營，為所有利害關係人創造最大價值。,E;S;G,Yes,積極響應聯合國永續發展目標，正視全球經濟環境所面臨的風險與機會，致力將企業永續精神融入企業經營，為所有利害關係人創造最大價值。,between_2_and_5_years,Yes,本公司規劃有「擘劃永續治理」、「智慧永續金融」、「菁英永續人才」、「低碳永續環境」、「共創永續社會」五大永續策略，,Not Clear,kgi,2883,9,https://www.kgi.com/zh-tw/-/media/files/cdf/esg/download/reports-and-certificates/reports/2024esgreport.pdf,https://www.kgi.com/zh-tw/esg
10805,江蘇句容廠也將建置16.6MWh儲能系統，穩定廠區太陽能發電、節省電費外，更參與電力交易。台泥儲能亦將於句容設立超高性能混凝土(UHPC)工廠，結合太陽能自發自用，打造新一代低碳UHPC EnergyArk儲能櫃，並攜手當地供應鏈拓展市場。,E,Yes,江蘇句容廠也將建置16.6MWh儲能系統，穩 ｜ 穩 ｜ 穩 ｜ 穩定廠區太陽能發電、節省電費外，更參與電力交易。台泥儲能亦將於句容設立超高性能混凝土(UHPC)工廠，結 ｜ 結合太陽能自發自用，打造新一代低碳UHPC  ｜ EnergyArk儲能櫃，並攜手當地供應鏈拓展市場。 ｜ [120-120] ｜ [120-120],between_2_and_5_years,Yes,穩 ｜ 穩 ｜ 穩定廠區太陽能發電、節省電費外，更參與電力交易。台泥儲能亦將於句容設立超高性能混凝土(UHPC)工廠，結合太陽能自發自用，打造新一代低碳UHPC EnergyArk儲能櫃，並攜手當地供應鏈拓展市場。 ｜ 穩定廠區太陽能發電、節省電費外，更參與電力交易。台泥儲能亦將於句容設立超高性能混凝土(UHPC)工廠，結 ｜ 穩定廠區太陽能發電、節省電費外，更參與電力交易。台泥儲能亦將於句容設立超高性能混凝土(UHPC)工廠，結 ｜ 結合太陽能自發自用，打造新一代低碳UHPC EnergyArk儲能櫃，並攜手當地供應鏈拓展市場。 ｜ 結合太陽能自發自用，打造新一代低碳UHPC E ｜ 結合太陽能自發自用，打造新一代低碳UHPC E,Clear,tcc,1101,109,https://hsxn1sjvkgtdpixe.public.blob.vercel-storage.com/tcc_1101_page_109.pdf,https://www.tccgroupholdings.com/tw/esgReport.html
90012,為確保保證程序的一致性，本次依 ISAE 3000 原則設計自我評估問卷，資料由管理階層填報並由部門主管覆核；實地查證、逐筆外部驗證及利害關係人訪談尚未納入，改以內部工作坊與書面聲明作為確認程序。,G,Yes,為確保保證程序的一致性，,between_2_and_5_years,Yes,本次依 ISAE 3000 原則設計自我評估問卷，資料由管理階層填報並由部門主管覆核；實地查證、逐筆外部驗證及利害關係人訪談尚未納入，改以內部工作坊與書面聲明作為確認程序。,Misleading,pegatron,4938,20,https://hsxn1sjvkgtdpixe.public.blob.vercel-storage.com/pegatron_4938_page_20.pdf,https://www.sustaihub.com/reports/%E5%92%8C%E7%A2%A9%E8%81%AF%E5%90%88%E7%A7%91%E6%8A%80%E8%82%A1%E4%BB%BD%E6%9C%89%E9%99%90%E5%85%AC%E5%8F%B8/e7bdbbd6-7493-401d-a2a2-b39b95a19700/
10766,舉辦第六屆「台灣大哥大永續論壇」，以「原生．多樣．創新．共融—用科技守護美好」為主題，聚焦全球迫切的氣候危機、減碳解方，攜手產官學界專家，提出以科技驅動永續發展的新藍海。台灣大董事長蔡明忠首度親臨論壇致開場詞，台灣大總經理林之晨則發表專題演講，邀請環境部次長施文真、經濟日報社長劉永平到場大力支持永續行動，並由行政院能源及減碳辦公室副執行長林子倫、台灣大哥大永續品牌公關副總劉麗惠、國立中興大學生命科學系終身特聘教授林幸助、Greentown Labs資深副總裁 Aisling Carlson等重量級嘉賓，探討「創新、科技驅動淨零，催生永續減碳新解方」，為論壇增國際與在地的多元觀點，吸引逾250位產業代表、學界專家及社會各界人士共襄盛舉。,E,Yes,舉辦第六屆「台灣大哥大永續論壇」，以「原生．多樣．創新．共融—用科技守護美好」為主題，,already,Yes,探討「創新、科技驅動淨零，催生永續減碳新解方」，為論壇增國際與在地的多元觀點，吸引逾250位產業代表、學界專家及社會各界人士共襄盛舉。,Clear,twm,3045,102,https://hsxn1sjvkgtdpixe.public.blob.vercel-storage.com/twm_3045_page_102.pdf,https://corp.taiwanmobile.com/esg/esg-report.html
11216,此外，我們設有網路及實體的違反反賄賂誠信經營行為舉報信箱，依「誠信經營作業程序及行為指南」等相關辦法規定，由稽核室為受理單位，舉報人得以匿名方式舉報 ( 檢舉信箱 : whistle@hotaimotor.com.tw )，並承諾保護檢舉人因檢舉情事而遭不當處置，以保障舉報人的工作權益並鼓勵誠信透明的治理文化。稽核室並應將檢舉情事、其處理方式及後續檢討改善措施，向董事會報告。2024 年接獲舉報案件為 24 件、成案件數 0 件，因相關舉報案件性質均為關係企業的人員管理相關案件，皆已轉送集團各擔當單位對應。,G,Yes,承諾保護檢舉人因檢舉情事而遭不當處置，以保障舉報人的工作權益並鼓勵誠信透明的治理文化。,already,Yes,2024 年接獲舉報案件為 24 件、成案件數 0 件，因相關舉報案件性質均為關係企業的人員管理相關案件，皆已轉送集團各擔當單位對應。,Clear,hotaimotor,2207,31,https://www.hotaimotor.com.tw/htfile/report-files/1758159596647/2024%20%E6%B0%B8%E7%BA%8C%E5%A0%B1%E5%91%8A%E6%9B%B8.pdf,https://www.hotaimotor.com.tw/Sustainability/Reports
10907,"統一-超商啟動多元聘用專案，辦理樂齡與新住民就業、校園產學合作、實習生培訓及身心障礙者聘用，為各年齡層、多元族群提供合適的工作機會。2024 年統一-超商 45 歲以上中高齡夥伴任用人數為 2,724 人；此外，總公司與直營門市一共晉用 274 位身心障礙員工，為法定名額 2.98 倍，除身心障礙的員工外，同時晉用 122 位原住民員工、52 位外籍員工，體現統一-超商職場組成的多元性，讓夥伴們能夠接觸不同的聲音與文化。",S,Yes,體現統一-超商職場組成的多元性，讓夥伴們能夠接觸不同的聲音與文化。,between_2_and_5_years,Yes,統一-超商啟動多元聘用專案，辦理樂齡與新住民就業、校園產學合作、實習生培訓及身心障礙者聘用，為各年齡層、多元族群提供合適的工作機會。,Clear,pcsc,2912,8,https://hsxn1sjvkgtdpixe.public.blob.vercel-storage.com/pcsc_2912_page_8.pdf,https://www.7-11.com.tw/Company/esg/reports.aspx
10855,為吸引及留任關鍵優秀人才，以達成公司中、長期目標，聯電發行限制員工權利新股，以股東權益報酬率（ROE%）、營業利益率（OM%）、每股盈餘（EPS）及總股東報酬率（TSR)為績效指標，訂定為期 4 年之長期績效目標，且將 MSCI ESG 評級納入績效指標，並自 2024 年起新增溫室氣體排放減量及女性董事席次占比等 ESG 績效指標，強化經理人薪酬與 ESG 績效連結，期能激勵員工全力以赴達成公司營運及企業永續目標，得創公司及股東之更高利益，並確保公司員工利益與股東利益相結合。,S,Yes,為吸引及留任關鍵優秀人才，以達成公司中、長期目標，聯電發行限制員工權利新股， ｜ ，以股東權益報酬率（ROE%）、營業利益率（OM%）、每股盈餘（EPS）及總股東報酬率（TSR)為績效指標，訂定為期 4 年之長期績效目標，且將 MSCI ESG 評級納入績效指標，,between_2_and_5_years,Yes,自 2024 年起新增溫室氣體排放減量及女性董事席次占比等 ESG 績效指標，強化經理人薪酬與 ESG 績效連結，期能激勵員工全力以赴達成公司營運及企業永續目標，得創公司及股東之更高利益，並確保公司員工利益與股東利益相結合。,Clear,umc,2303,34,https://hsxn1sjvkgtdpixe.public.blob.vercel-storage.com/umc_2303_page_34.pdf,https://www.umc.com/zh-TW/Download/corporate_sustainability_reports
10121,統一企業高度重視稅務治理，我們嚴格遵守所有稅務法規，並制定了具體的「稅務政策」和相關的稅務管理責任，以確保誠實申報納稅、評估和應對稅務風險、保持開放和誠實的溝通，以及提供資訊透明度。近三年支付之所得稅費用如下，另外，稅務政策可於公司網站 ( 公司政策項下之稅務政策 ) 下載 https://www.uni-president.com.tw/index.asp,G,Yes,統一企業高度重視稅務治理，我們嚴格遵守所有稅務法規，並制定了具體的「稅務政策」和相關的稅務管理責任，以確保誠實申報納稅、評估和應對稅務風險、保持開放和誠實的溝通，以及提供資訊透明度。近,already,Yes,我們嚴格遵守所有稅務法規，並制定了具體的「稅務政策」和相關的稅務管理責任，,Clear,unipresident,1216,15,https://hsxn1sjvkgtdpixe.public.blob.vercel-storage.com/unipresident_1216_page_15.pdf,https://esg.sp88.tw/book.php
11013,綜合正面與負面衝擊評估後，收斂至重大主題之結果分析，總共有10項關鍵主題，5項次要主題，3項其他主題。於重大主題分析流程中凱基金控參考利害關係人與外部專家建議，決議將關鍵主題之永續議題認列為本年度報告書中所需揭露之主題。重大主題正負面衝擊對照與收斂，詳見下頁圖表。,G,No,,,,,,kgi,2883,13,https://www.kgi.com/zh-tw/-/media/files/cdf/esg/download/reports-and-certificates/reports/2024esgreport.pdf,https://www.kgi.com/zh-tw/esg
10509,國泰金控更訂定氣候風險胃納聲明與控管機制，參考外部資料為受氣候變遷影響的高風險產業設定限額，並定期監控曝險變化，以將氣候風險因子整合於投資融資決策流程中。為減緩氣候變遷，國泰金控針對煤炭及非常規石油及天然氣產業訂定減碳策略及目標，提升營運韌性，邁向低碳永續未來。,E,Yes,為減緩氣候變遷，,between_2_and_5_years,Yes,國泰金控針對煤炭及非常規石油及天然氣產業訂定減碳策略及目標，,Not Clear,cathay,2882,173,https://hsxn1sjvkgtdpixe.public.blob.vercel-storage.com/cathay_2882_page_173.pdf,https://www.cathayholdings.com/holdings/esg/reports/reports_download
10635,統一超商產生的廢棄物主要為生活垃圾，屬於環境部公告的一般廢棄物及一般事業廢棄物，並無任何有害事業廢棄物，其中大宗廢棄物的產生途徑與門市營運息息相關，主要包括來自上游鮮食代工廠的營運廢棄物、門市服務過程中產生的一般廢棄物 (如食品廢棄物、日常生活垃圾) 以及門市逆物流回收機制所產生之資源回收物等。因此，統一超商設定明確的廢棄物減量目標，每年持續追蹤績效。2024 年為反映減量計劃的可行性，我們針對廢棄物減量目標進行重新審視，針對原先的減量目標進行調整，將目標調整為：於 2028 年前，門市單店廢棄物清運量將下降 45%；2024 年目標為門市單店廢棄物清運量下降 20%(以 2019 年為基準年)。,E,Yes,因此，統一超商設定明確的廢棄物減量目標，每年持續追蹤績效。,longer_than_5_years,No,,,pcsc,2912,58,https://hsxn1sjvkgtdpixe.public.blob.vercel-storage.com/pcsc_2912_page_58.pdf,https://www.7-11.com.tw/Company/esg/reports.aspx
11349,2022 年支持的《山椒魚來了》生態紀錄片，除了當年創下千萬票房外，2024 年更啟發了一場教育創新。在「山椒魚之父」呂光洋教授號召下，邀請 98 所高中生物老師參加教師研習，以該片為主題，鼓勵教師開發教材，將環境教育與基礎科學研究的種子深植於學生心中。今年舉辦辦北中南和金門教師研習，由呂教授、朱有田教授、林春富副研究員的專業分享，以及吳明導覽的參與，為台灣高中生物教育注入新活水。,E,No,,,,,,wistron,3231,196,https://esg.wistron.com/ch/report-download/esg/NoakpM47xGKX/2024SustainabilityReportCH.pdf,https://esg.wistron.com/ch/report-download
11331,本集團定期舉辦個人資料保護之教育訓練，如合庫銀行舉辦「個人資料保護管理認知宣導及教育訓練」、合庫人壽於數位學習平台提供「個人資料保護」課程，以提高員工日常作業利用個人資料之適法性及安全性意識。,S,Yes,本集團定期舉辦個人資料保護之教育訓練，如合庫銀行舉辦「個人資料保護管理認知宣導及教育訓練」、合庫人壽於數位學習平台提供「個人資料保護」課程，以提高員工日常作業利用個人資料之適法性及安全性意識。,more_than_5_years,Yes,如合庫銀行舉辦「個人資料保護管理認知宣導及教育訓練」、合庫人壽於數位學習平台提供「個人資料保護」課程，以提高員工日常作業利用個人資料之適法性及安全性意識。,Clear,tcfhc,5880,96,https://esg.tcfhc.com.tw/uploads/download_item/download_file_zh/14/2024_ESG_REPORT_zh.pdf,https://esg.tcfhc.com.tw/report-download/
11177,2024 年共計 718 家支援聯電生產相關物料之第一階供應商參與永續評估、回覆 ESG 風險評估問卷。透過問卷，篩選出 116 家供應商具關鍵與潛在高風險，因此進一步安排實地稽核。經由實地走訪後，有 25 家供應商被鑑別為高風險供應商，其中有環境及職業安全衛生高風險供應商共 24 家，有人權道德高風險供應商共 15 家，聯電要求其提出缺失輔導改善計畫，並限期改善，而此 25 家供應商亦將列為下一年度重點觀察對象。,S,Yes,聯電要求其提出缺失輔導改善計畫，並限期改善，而此 25 家供應商亦將列為下一年度重點觀察對象。,between_2_and_5_years,No,,,umc,2303,67,https://www.umc.com/upload/media/07_Sustainability/72_Reports_and_Results/1_Corporate_Sustainability_Reports/CSR_Reports/CS_Reort_chinese_pdf/2024_CSR_report_chi/UMC-2024-CH-elink.pdf,https://www.umc.com/zh-TW/Download/corporate_sustainability_reports
10980,參照 GRI 302-4 a.以焦耳為單位，計算因採取節能與效率提升措施來直接減少的能源消耗量。GRI 302-4 b.此減少的能源消耗量中所包含的能源類型為電力；GRI 302-4 c.計算能源消耗量減少的基準年為前一年度(2023 年)，以 2024 年完成執行的設備為基準，系統自動換算每年節省的用電量，作為設備更換效益的量化結果。,E,No,,,,,,kgi,2883,106,https://hsxn1sjvkgtdpixe.public.blob.vercel-storage.com/kgi_2883_page_106.pdf,https://www.kgi.com/zh-tw/esg
10249,"精確的溫度控制，攸關晶片的良率，因此負責降溫的冰水機 (chiller) 系統，在半導體製程中扮演重要角色，但也成為晶圓廠中最耗電的設備。「i-Chiller 2.0」升級「智能化」，透過分析大數據資料與特徵參數，判斷最需降溫的機台，動態調動資源給最需要的地方，將整體系統效能最佳化，減少不必要的能耗。目前「智能化冰機」已在 Fab 12A 的 3 個廠區建置完成，因各廠區需要時間開發各自專屬的演算法，預計至 2027 年全面導入，預估每年可省下超過新台幣 5,000 萬元的電費。",E,Yes,"預計至 2027 年全面導入，預估每年可省下超過新台幣 5,000 萬元的電費。 ｜ 。",between_2_and_5_years,Yes,目前「智能化冰機」已在 Fab 12A 的 3 個廠區建置完成，因各廠區需要時間開發各自專屬的演算法，,Clear,umc,2303,26,https://hsxn1sjvkgtdpixe.public.blob.vercel-storage.com/umc_2303_page_26.pdf,https://www.umc.com/zh-TW/Download/corporate_sustainability_reports
10165,「基礎設施」包含資通訊基礎設施、能源基礎設施以及投影品牌 Vivitek。在資通訊基礎設施領域，台達提供通訊電源系統、網通系統、不斷電系統及資料中心等解決方案。台達亦利用電力轉換、控制及 AIoT 技術，從創能、儲能、用能到節能，全面提升能源使用效率，解決方案包含太陽能變流器、風電變流器、儲能系統、電動車充電樁、能源物聯網裝置、高功率馬達驅動、工業檢測及 DeltaGrid® 能源管理平台。台達同時提供全方位的視訊產品，包括投影與大型監控屏幕解決方案。投影解決方案滿足各類型的投影應用，如互動投影、大型融接投影及 3D 建築投影。,E,Yes,台達亦利用電力轉換、控制及 AIoT 技術，從創能、儲能、用能到節能，全面提升能源使用效率，,already,Yes,解決方案包含太陽能變流器、風電變流器、儲能系統、電動車充電樁、能源物聯網裝置、高功率馬達驅動、,Clear,delta,2308,13,https://hsxn1sjvkgtdpixe.public.blob.vercel-storage.com/delta_2308_page_13.pdf,https://esg.deltaww.com/CSR-Reports
11324,聯電設定 2025 年及 2030 年獲得第三方永續認證的金屬比例目標，並將繼續與供應商及其上游冶煉廠合作，推動永續認證，並將此項納入未來新供應商選擇的評估中。,E,Yes,聯電設定 2025 年及 2030 年獲得第三方永續認證的金屬比例目標，並將繼續與供應商及其上游冶煉廠合作，推動永續認證，並將此項納入未來新供應商選擇的評估中。,more_than_5_years,No,,,umc,2303,70,https://www.umc.com/upload/media/07_Sustainability/72_Reports_and_Results/1_Corporate_Sustainability_Reports/CSR_Reports/CS_Reort_chinese_pdf/2024_CSR_report_chi/UMC-2024-CH-elink.pdf,https://www.umc.com/zh-TW/Download/corporate_sustainability_reports
10052,"聯發科技能源使用所排放之溫室氣體，排放來源包含外購電力、公用設備、鍋爐、冷卻水塔、冰水主機等，主要排放源為範疇二的外購電力占整體 95.74%。在公司營運規模持續成長的表現下，我們致力提高能源使用效率與規劃再生能源使用，以降低公司營運所產生的溫室氣體排放量。2024 年度主要減量作為包含持續提升資料中心之能效，所有辦公室使用 LED 照明，冰水主機群組聯併並減少運轉台數等，以提高用電效率。此外，公司持續關注包括限制全球溫升 1.5° C 情境的科學基礎減量目標（Science Based Targets, SBT）與全球再生能源倡議（RE 100）等各項氣候行動，規劃以 2020 年為基準年，於 2030 年範疇一及範疇二減少 40%；並於 2050 年達到淨零排放目標（Net-zero target）。同時承諾於 2030 年達成全球集團辦公室電力（不含資料中心）使用 100% 再生能源。提升再生能源的使用為目前全球企業主要減碳方式之一，且亦是聯發科技減少溫室氣體排放量的必要手段，因此，公司將於兩年內持續規劃再生能源使用目標，以逐步達成企業溫室氣體減量成效。",E,Yes,"我們致力提高能源使用效率與規劃再生能源使用，以降低公司營運所產生的溫室氣體排放量。2 ｜ 此外，公司持續關注包括限制全球溫升 1.5° C 情境的科學基礎減量目標（Science Based Targets, SBT）與全球再生能源倡議（RE 100）等各項氣候行動，規劃以 2020 年為基準年，於 2030 年範疇一及範疇二減少 40%；並於 2050 年達到淨零排放目標（Net-zero target）。同時承諾於 2030 年達成全球集團辦公室電力（不含資料中心）使用 100% 再生能源。提升再生能源的使用為目前全球企業主要減碳方式之一，且亦是聯發科技減少溫室氣體排放量的必要手段，因此，公司將於兩年內持續規劃再生能源使用目標，以逐步達成企業溫室氣體減量成效。",longer_than_5_years,Yes,2024 年度主要減量作為包含持續提升資料中心之能效，所有辦公室使用 LED 照明，冰水主機群組聯併並減少運轉台數等，以提高用電效率。此,Not Clear,mediatek,2454,67,https://hsxn1sjvkgtdpixe.public.blob.vercel-storage.com/mediatek_2454_page_67.pdf,https://corp.mediatek.tw/about/sustainability
11284,已完成6種大型藻類（2種綠藻、3種褐藻、1種紅藻）之固碳能力分析。將持續推展永續生態，以「強化固碳的新技術」與「復育生物多樣性」為核心主軸，拓展從綠碳(陸地森林)、藍碳(海洋與濕地)、到黃碳(土壤碳儲)的整體碳匯布局，擴大企業投入碳吸存之量能並促進環境負碳解方之實現，朝淨零碳排邁進。,E,Yes,將持續推展永續生態，以「強化固碳的新技術」與「復育生物多樣性」為核心主軸，拓展從綠碳(陸地森林)、藍碳(海洋與濕地)、到黃碳(土壤碳儲)的整體碳匯布局，擴大企業投入碳吸存之量能並促進環境負碳解方之實現，朝淨零碳排邁進。,more_than_5_years,No,,,honhai,2317,147,https://image.honhai.com/upload/202512/global/HH_SR_2024_-_Chinese_(HD)_-_04_Dec_(1)_20251231_7009.pdf,https://www.honhai.com/zh-tw/CSR
10289,2024 年度平均每日放流水量為 4.3 萬噸，經廢水場處理後最終放流至台灣海峽海域，水質皆符合放流水標準，2024 年單位產品放流水量為 0.00055 百萬公升 / 噸，呈現穩定波動趨勢，未來將持續評估開發廢水回收再利用 ( 如製程酸水回收至排煙脫硫系統等 ) 及廢水處理設施改造提升回收量，持續降低單位產品廢水排放量。,E,Yes,未來將持續評估開發廢水回收再利用 ( 如製程酸水回收至排煙脫硫系統等 ) 及廢水處理設施改造提升回收量，持續降低單位產品廢水排放量。,between_2_and_5_years,Yes,2024 年度平均每日放流水量為 4.3 萬噸，經廢水場處理後最終放流至台灣海峽海域，水質皆符合放流水標準，2024 年單位產品放流水量為 0.00055 百萬公升 / 噸，呈現穩定波動趨勢，,Clear,fpcc,6505,63,https://hsxn1sjvkgtdpixe.public.blob.vercel-storage.com/fpcc_6505_page_63.pdf,https://fpcc-esg.com/
11895,以「三道防線」為核心執行架構，涵蓋策略、營運、法遵、資訊安全與ESG。建立年度滾動式風險評估流程，涵蓋識別、評估、應對與監控四大步驟。Q4啟動IFRS S1/S2永續揭露導入計畫，將ESG風險納入財務評估並定期提報董事會。,G;S;E,Yes,以「三道防線」為核心執行架構，涵蓋策略、營運、法遵、資訊安全與ESG。建立年度滾動式風險評估流程，涵蓋識別、評估、應對與監控四大步驟。,more_than_5_years,Yes,Q4啟動IFRS S1/S2永續揭露導入計畫，將ESG風險納入財務評估並定期提報董事會。,Not Clear,qci,2382,31,https://www.quantatw.com/quanta/ESG/CH/Quanta_ESG_CN_2024.pdf,https://www.quantatw.com/quanta/chinese/esg/csrreport.aspx
10477,聯發科技為管理資訊安全風險之目的，成立資訊安全委員會，由共同營運長及公司執行副總經理暨財務長擔任召集人，定期檢討資通安全、產品安全以及資料安全的執行情況，每半年至少召開一次，並得視資安風險管理需要隨時召開會議，並每年定期向董事會報告資訊安全檢查情形。,G,Yes,聯發科技為管理資訊安全風險之目的，成立資訊安全委員會，由共同營運長及公司執行副總經理暨財務長擔任召集人，定期檢討資通安全、產品安全以及資料安全的執行情況，每半年至少召開一次，並得視資安風險管理需要隨時召開會議，並每年定期向董事會報告資訊安全檢查情形。 ｜ 。,already,No,,,mediatek,2454,56,https://hsxn1sjvkgtdpixe.public.blob.vercel-storage.com/mediatek_2454_page_56.pdf,https://corp.mediatek.tw/about/sustainability
10361,瑞昱提供外訓和出差費用申請，補助全體員工（含約聘同仁）持續進修學習，提昇專業能力，其中包含國際標準大會、會員組織會議、國內外技術交流研討會、大學學分班、碩士在職專班、國內各式進修機構及線上 APP 平台的課程。2024 年瑞昱的聯合培訓計劃之教育機構合作對象包含外語機構（36 門）、業界之技術工程與特定專業機構（243 門）、政府合作課程（10 門）、國內外教授（19 門課）等超過 300 門課程，為瑞昱注入最新的技術研發新知、產業趨勢發展、學術研討成果等內容。瑞昱依據年度教育訓練計劃、瑞昱研發教育訓練課程規劃委員會討論、組織發展需求、技術專業需求、市場脈動與變化等，由內部講師開辦數位學習之 E 化課程共計 287 門。,S,Yes,瑞昱提供外訓和出差費用申請，補助全體員工（含約聘同仁）持續進修學習，提昇專業能力，其中包含國際標準大會、會員組織會議、國內外技術交流研討會、大學學分班、碩士在職專班、國內各式進修機構及線上 APP 平台的課程。2,already,Yes,2024 年瑞昱的聯合培訓計劃之教育機構合作對象包含外語機構（36 門）、業界之技術工程與特定專業機構（243 門）、政府合作課程（10 門）、國內外教授（19 門課）等超過 300 門課程，為瑞昱注入最新的技術研發新知、產業趨勢發展、學術研討成果等內容。瑞昱依據年度教育訓練計劃、瑞昱研發教育訓練課程規劃委員會討論、組織發展需求、技術專業需求、市場脈動與變化等，由內部講師開辦數位學習之 E 化課程共計 287 門。,Clear,rt,2379,122,https://hsxn1sjvkgtdpixe.public.blob.vercel-storage.com/rt_2379_page_122.pdf,https://www.realtek.com/Article/Index?menu_id=912&lang=zh-TW
10523,"為因應全球市場變動趨勢，快速回應客戶需求，同時促進人才多元化、擴展高潛力員工國際視野及培育國際領導力，台達規劃全球移動力策略，並陸續規劃和推動各項方案。  2023 年起在執行長的簽核下正式執行「全球外派輪調加速政策」(Global Rotation & Expatriation Acceleration Policy, 簡稱 ERA)，由「領導人才發展委員會」(LDC) 執行秘書和人資推動；經與執行長確認應至少有 50% 以上的關鍵職位主管完成該政策，而未來希望可以達到 70% 關鍵職位主管完成此移動政策，以強化主管在接任重要職位前擁有足夠的歷練經驗，順利接任更高職位。政策執行後全球新增外派人數連續三年成長，2024 年新增外派總人數為 2022 年的 2.9 倍。",S,Yes,為因應全球市場變動趨勢，快速回應客戶需求，同時促進人才多元化、擴展高潛力員工國際視野及培育國際領導力，台達規劃全球移動力策略，並陸續規劃和推動各項方案。,between_2_and_5_years,Yes,"2023 年起在執行長的簽核下正式執行「全球外派輪調加速政策」(Global Rotation & Expatriation Acceleration Policy, 簡稱 ERA)，由「領導人才發展委員會」(LDC) 執行秘書和人資推動；經與執行長確認應至少有 50% 以上的關鍵職位主管完成該政策，而未來希望可以達到 70% 關鍵職位主管完成此移動政策，以強化主管在接任重要職位前擁有足夠的歷練經驗，順利接任更高職位。政策執行後全球新增外派人數連續三年成長，2024 年新增外派總人數為 2022 年的 2.9 倍。",Clear,delta,2308,206,https://hsxn1sjvkgtdpixe.public.blob.vercel-storage.com/delta_2308_page_206.pdf,https://esg.deltaww.com/CSR-Reports
10492,落實公司治理並提升董事會功能，依上市上櫃公司治理實務守則制定「董事會績效評估辦法」，建立績效目標以加強董事會運作效率。世芯每年執行內部董事會績效評估一次，每三年由外部專業獨立機構或外部專家學者團隊執行一次，並應於次一年度第一季結束前完成。,G,Yes,落實公司治理並提升董事會功能，,already,Yes,依上市上櫃公司治理實務守則制定「董事會績效評估辦法」，建立績效目標以加強董事會運作效率。 ｜ 世芯每年執行內部董事會績效評估一次，每三年由外部專業獨立機構或外部專家學者團隊執行一次，並應於次一年度第一季結束前完成。,Clear,alchip,3661,37,https://hsxn1sjvkgtdpixe.public.blob.vercel-storage.com/alchip_3661_page_37.pdf,https://www.alchip.com/tw/About_Alchip/esg
10743,身為台灣企業減碳行動的先驅，聯電早自 1999 年開始，即以含氟溫室氣體減量開啟一系列的氣候行動，並於 2021 年響應《巴黎氣候協定》，領先全球半導體晶圓專工業者，承諾於 2050 年達成淨零排放 (Net Zero Emissions)，展現積極減碳的決心，為維護人類永續生存環境盡一份心力。,E,Yes,承諾於  ｜ 2050  ｜ 年達成淨零排放  ｜ (Net  ｜ Zero  ｜ Emissions)，,longer_than_5_years,Yes,聯電早自  ｜ 1999  ｜ 年開始，即以含氟溫室氣體減量開啟一系列的氣候行動，並於  ｜ 2021  ｜ 年響應《巴黎氣候協定》，,Not Clear,umc,2303,97,https://hsxn1sjvkgtdpixe.public.blob.vercel-storage.com/umc_2303_page_97.pdf,https://www.umc.com/zh-TW/Download/corporate_sustainability_reports
11906,以成為全球環保標竿企業自期，台積公司積極將綠色管理於日常營運，將創新技術應用至氣候與能源、水管理、資源循環及空氣汙染防制等面向，全方位推展各項強化環保的永續行動，落實與地球生態共生共榮的堅定信念。,E,Yes,以成為全球環保標竿企業自期， ｜ 台積公司積極將綠色管理於日常營運，將創新技術應用至氣候與能源、水管理、資源循環及空氣汙染防制等面向，全方位推展各項強化環保的永續行動， ｜ 落實與地球生態共生共榮的堅定信念。,between_2_and_5_years,No,,,tsmc,2330,42,https://esg.tsmc.com/zh-Hant/resources/ESG-data-hub?tab=reportbuilder,https://esg.tsmc.com/zh-Hant/resources/ESG-data-hub?tab=reportbuilder
11457,鴻海持續奉行「綠色智能、循環經濟」策略，將低碳與清潔技術發展置於核心戰略地位，持續加大投入、主動推動創新研發，並拓展應用版圖，積極掌握經濟社會綠色轉型所帶來的契機。2024年，鴻海從清潔技術產品及服務中實現了約1.68兆萬新台幣的營收，佔集團總營收的24.53%。與此同時，鴻海將清潔技術視為其戰略發展的基礎要素，致力於增加在這一領域的投資。集團積極參與創新清潔技術的研究和開發，確保這些進展與全球永續發展目標相一致。透過擴大清潔技術的應用，鴻海不僅在促進環境保護方面作出貢獻，還把握全球轉向綠色經濟所帶來的機遇。,E,Yes,與此同時，鴻海將清潔技術視為其戰略發展的基礎要素，致力於增加在這一領域的投資。集團積極參與創新清潔技術的研究和開發，確保這些進展與全球永續發展目標相一致。,between_2_and_5_years,Yes,2024年，鴻海從清潔技術產品及服務中實現了約1.68兆萬新台幣的營收，佔集團總營收的24.53%。,Clear,honhai,2317,56,https://image.honhai.com/upload/202512/global/HH_SR_2024_-_Chinese_(HD)_-_04_Dec_(1)_20251231_7009.pdf,https://www.honhai.com/zh-tw/CSR
11367,遠傳為塑造資安與個資隱私的意識文化，於內部網站成立專區進行全員宣導，透過資安訓練課程、系統提示、資訊宣導與活動等途徑，持續發揮教育宣導功能，以期內化全體員工之資安風險意識。2024 年遠傳共辦理「個人資料保護法解析」、「個人資料安全保護管理」及「面對社交工程攻擊」三場全員教育訓練，完成度皆達 100%（以上訓練皆包含正職員工與約聘人員）。另外，為提供客戶安全的服務使用環境，及持續強化與養成同仁資安技術能量，遠傳亦針對資安專責人員及資訊人員辦理專業及職能訓練，以期能於系統開發生命週期各階段皆納入資安管控措施，強化整體安全性及韌性。,S;G,Yes,遠傳為塑造資安與個資隱私的意識文化，於內部網站成立專區進行全員宣導，透過資安訓練課程、系統提示、資訊宣導與活動等途徑，持續發揮教育宣導功能，以期內化全體員工之資安風險意識。,already,Yes,2024 年遠傳共辦理「個人資料保護法解析」、「個人資料安全保護管理」及「面對社交工程攻擊」三場全員教育訓練，完成度皆達 100%（以上訓練皆包含正職員工與約聘人員）。,Clear,fet,4904,46,https://corporate.fetnet.net/content/corp/tw/CSR/ReportDownload.html,https://corporate.fetnet.net/content/corp/tw/CSR/ReportDownload.html
11872,良好的公益作為有助於在當地建立積極和建設性的關係，並加強我們的社會經營許可。公共事務參與主軸：「環保公益」、「產學教育」、「社區營造」與「對外倡議」。,S,No,,,,,,aseh,3711,29,https://www.aseglobal.com/ch/pdf/aseh-2024-csr-ch-final.pdf,https://www.aseglobal.com/ch/csr/csr-download/
10810,我們看見了偏鄉的迫切需求，協助營造互助社區，串聯相關資源，友善生活環境，與社會大眾一起共好、共老。本行與上海商業儲蓄銀行慈善基金會一同前進老五老基金會 - 石碇服務中心探訪，並捐贈保溫餐車、真空機、冰箱、電子煮飯鍋及電視等生活設備，協助提升該中心服務品質，也確保長者餐食的安全衛生問題。,S,Yes,我們看見了偏鄉的迫切需求，協助營造互助社區，串聯相關資源，友善生活環境，與社會大眾一起共好、共老。本,already,Yes,本行與上海商業儲蓄銀行慈善基金會一同前進老五老基金會 - 石碇服務中心探訪，並捐贈保溫餐車、真空機、冰箱、電子煮飯鍋及電視等生活設備，協助提升該中心服務品質，也確保長者餐食的安全衛生問題。,Clear,scsb,5876,131,https://hsxn1sjvkgtdpixe.public.blob.vercel-storage.com/scsb_5876_page_131.pdf,https://www.scsb.com.tw/content/csr/csr03_a.html
11446,廣達資安策略：「全員參與，控制風險，使資訊安全系統有效運作，保護公司正常營運。」  廣達資訊安全政策包含三個目標：「全員參與、控制風險」；「積極預防、持續改進」；「客戶信賴、永續經營」：,G,Yes,廣達資訊安全政策包含三個目標：「全員參與、控制風險」；「積極預防、持續改進」；「客戶信賴、永續經營」：,between_2_and_5_years,No,,,qci,2382,48,https://www.quantatw.com/quanta/ESG/CH/Quanta_ESG_CN_2024.pdf,https://www.quantatw.com/quanta/chinese/esg/csrreport.aspx
11714,全球對氣候議題的關注，使得減碳效應從供應鏈擴及到每一個企業，為使營運策略所考量的衝擊影響有效整合至供應鏈管理中，落實永續供應鏈的政策與承諾，有關永續供應鏈的管理流程、成果、績效等事項，由永續供應鏈管理單位最高主管分層呈報於永續發展委員會及董事會。最近一次提報董事會日期為 2025 年 2 月 27 日。,G,Yes,為使營運策略所考量的衝擊影響有效整合至供應鏈管理中，落實永續供應鏈的政策與承諾，有關永續供應鏈的管理流程、成果、績效等事項，由永續供應鏈管理單位最高主管分層呈報於永續發展委員會及董事會。最近一次提報董事會日期為 2025 年 2 月 27 日。,already,Yes,最近一次提報董事會日期為 2025 年 2 月 27 日。,Not Clear,wiwynn,6669,49,https://www.wiwynn.com/hubfs/ESG/2025/files/Wiwynn_Sustainability_Report_ZH.pdf#pdfjs.action=download,https://www.wiwynn.com/zh/esg?srsltid=AfmBOorvFrT1ZHOSpBKt9v6gwVkwdiWT6ZYLhQDWqQ06r_frvS6qSFZM
10658,氣候變遷為日月光投控帶來複雜且多面向的挑戰與機會，警示著企業即將面對的實體衝擊與轉型壓力所蘊藏的潛在影響；包含來自政府政策、新興技術、市場需求、客戶期待與極端氣候事件等多重驅動因素，加速我們逐步轉化營運模式，朝向脫碳方向發展。長期以來，日月光投控持續將危機視為轉機、將風險轉化為創新機會，積極推動低碳解決方案佈局全球，擴大企業低碳影響力與價值鏈韌性。同時依循 TCFD 與 TNFD 架構，系統性揭露我們對環境依賴、衝擊、風險與機會的識別結果與因應作為，同時回應淨零藍圖下階段性目標與年度績效，向更多利害關係人揭露我們身為地球守護者的重要角色。,E,Yes,日月光投控持續將危機視為轉機、將風險轉化為創新機會，積極推動低碳解決方案佈局全球，擴大企業低碳影響力與價值鏈韌性。,already,Yes,包含來自政府政策、新興技術、市場需求、客戶期待與極端氣候事件等多重驅動因素，加速我們逐步轉化營運模式，朝向脫碳方向發展。 ｜ 依循 TCFD 與 TNFD 架構，系統性揭露我們對環境依賴、衝擊、風險與機會的識別結果與因應作為，同時回應淨零藍圖下階段性目標與年度績效，向更多利害關係人揭露我們身為地球守護者的重要角色。,Clear,aseh,3711,105,https://hsxn1sjvkgtdpixe.public.blob.vercel-storage.com/aseh_3711_page_105.pdf,https://www.aseglobal.com/ch/csr/csr-download/
10081,麥寮社教 ESG 永續發展示範園區致力於打造完整的生活機能與公共設施，融合教育、文化與生活，提升居民生活品質，成為地方特色與現代化社教的標竿，突破鄉鎮格局。園區同時作為社區休憩據點，結合戶外休閒、展覽表演及藝文活動，提供舒適的生活場域，促進親子交流，並營造友善的都市環境。,S,Yes,麥寮社教 ESG 永續發展示範園區致力於打造完整的生活機能與公共設施，融合教育、文化與生活，提升居民生活品質，成為地方特色與現代化社教的標竿，突破鄉鎮格局。,between_2_and_5_years,No,,,fpcc,6505,97,https://hsxn1sjvkgtdpixe.public.blob.vercel-storage.com/fpcc_6505_page_97.pdf,https://fpcc-esg.com/
10019,第二線個資保護專責單位負責督導、協調、監控個人資料保護相關事宜，應至少每年一次向董事會報告，如發現有重大違反個人資料保護相關法令之事件時，應即時向董事會報告。,G,Yes,應至少每年一次向董事會報告，,longer_than_5_years,No,,,chailease,5871,78,https://hsxn1sjvkgtdpixe.public.blob.vercel-storage.com/chailease_5871_page_78.pdf,https://www.chaileaseholding.com/CSR/ReportDownload
11478,現代科技的應用技術發展快速，雖能協助提升工作效率及創新，但也能產生新形態假訊息(如影片、圖片、網址等)，造成不實訊息氾濫，降低民眾或企業辨識或防制假訊息的能力，對公司的營運及聲譽造成重大的威脅。,S,No,,,,,,emc,2603,57,https://www.evacsr.com/archive/doc/download/EVA_CSR_CH_2024.pdf,https://www.evacsr.com/
11339,轉型行動方面，2021 年加入 SBT，以 1.5°C 設定範疇 1 & 2 減碳目標。2025 年國內自有大樓 100% 建置太陽能設備。2027 年自有大樓 100% 取得綠建築認證，持續汰換老舊耗能燈具及空調設備等汰換成節能產品。2030 年國內 100% 使用再生能源、2040 年海內外 100% 使用再生能源，並配合政府能源政策購買再生能源憑證。2024 年正式導入範疇 1&2 內部碳定價制度。針對投融資，2019 年 7 月起承諾不再支持燃煤發電專案融資，2021 年起皆無相關餘額。2022 年宣示逐步撤資煤炭相關業務活動及非傳統油氣開採相關活動，2023 年底已無非傳統化石油氣相關投資、授信部位，未來亦不再支持，且不再新增燃煤發電及有關燃煤開採部位，OECD 企業部位至 2030 年完全撤資、非 OECD 企業部位至 2040 年底全面撤資。2022 年起導入授信內部碳定價機制，並持續支持再生能源產業發展，透過倡議、永續諮詢服務及多元永續金融商品如綠色授信、永續連結貸款等，賦能及協助企業低碳轉型。,E,Yes,2027 年自有大樓 100% 取得綠建築認證， ｜ 2030 年國內 100% 使用再生能源、2040 年海內外 100% 使用再生能源，,more_than_5_years,Yes,2024 年正式導入範疇 1&2 內部碳定價制度。針對投融資，2019 年 7 月起承諾不再支持燃煤發電專案融資，2021 年起皆無相關餘額。2022 年宣示逐步撤資煤炭相關業務活動及非傳統油氣開採相關活動， ｜ 2023 年底已無非傳統化石油氣相關投資、授信部位，未來亦不再支持， ｜ 2022 年起導入授信內部碳定價機制，,Clear,esfh,2884,62,https://www.esunfhc.com/zh-tw/-/media/ESUNFHC/Files/CSR/FHC-CSR-Report/2024-Sustainability-ReportChinese.pdf,https://www.esunfhc.com/zh-tw/esg/resource-center/report
10622,健全的治理架構及有效的董事會是公司治理的良好基石，使管理階層能夠充分掌握公司經營策略及營運績效，擬定因應策略，回應不斷變化的商業環境，創造永續價值。  本公司最高治理單位為「董事會」，負責領導與監督公司營運及永續發展的重責，為健全董事會職能及提升決策效率，本公司董事會下設7個功能性委員會（詳請見2.1.2 董事會運作），並經本公司2025年3月10日董事會通過指派蔡慈真副總經理擔任「公司治理主管」督導公司治理相關事務。此外，本公司訂有《處理董事要求之標準作業程序》協助董事能夠適時取得履行董事職責所需之資訊與支援，提升董事會效能。  本公司董事均依《公司法》第23條規定，善盡忠實義務及注意義務，誠實且勤勉地執行職務，並依《公司法》及《證券交易法》等相關法令規定負責，以確保公司治理之透明與健全。此外，本公司訂有《道德行為準則》以導引董事行為符合道德標準，且本公司章程中未設有任何減免或限制董事責任之條款，所有董事均應依法對其行為負完全責任，以維護公司與全體利害關係人之權益。本公司亦已為全體董事投保董事責任保險，以轉移可能因執行職務所生之法律風險，強化公司治理與風險控管機制。,G,Yes,為健全董事會職能及提升決策效率，,already,Yes,本公司董事會下設7個功能性委員會（詳請見2.1.2 董事會運作），並經本公司2025年3月10日董事會通過指派蔡慈真副總經理擔任「公司治理主管」督導公司治理相關事務。此外，本公司訂有《處理董事要求之標準作業程序》協助董事能夠適時取得履行董事職責所需之資訊與支援，提升董事會效能。,Clear,fubon,2881,15,https://hsxn1sjvkgtdpixe.public.blob.vercel-storage.com/fubon_2881_page_15.pdf,https://esg.fubonlife.com.tw/esg-report
10479,台積公司自民國 109 年加入 RE100，推動百萬瓩級再生能源，並將 RE100 目標提前至民國 129 年，展現其可擴展性與商業價值。期待持續合作，促進清潔能源使用與能源轉型。,E,Yes,台積公司自民國 109 年加入 RE100，推動百萬瓩級再生能源，並將 RE100 目標提前至民國 129 年，展現其可擴展性與商業價值。期待持續合作，促進清潔能源使用與能源轉型。,longer_than_5_years,No,,,tsmc,2330,34,https://hsxn1sjvkgtdpixe.public.blob.vercel-storage.com/tsmc_2330_page_34.pdf,https://esg.tsmc.com/zh-Hant/resources/ESG-data-hub?tab=reportbuilder
10229,數位：  在數位轉型浪潮中，富邦人壽以穩健的資料治理機制為基石，打造完善的數據管理，啟動資料治理平台導入，並持續以數位創新成就綠色轉型，落實投保無紙化，同時運用 AI 及自動化技術，導入流程作業機器人，將工作化繁為簡，重塑作業效率及優化服務品質，結合大數據分析能力，為客戶提供更貼近需求的保險規劃建議。,E,Yes,在數位轉型浪潮中，富邦人壽以穩健的資料治理機制為基石，打造完善的數據管理，啟動資料治理平台導入，並持續以數位創新成就綠色轉型，,between_2_and_5_years,Yes,落實投保無紙化，同時運用 AI 及自動化技術，導入流程作業機器人，將工作化繁為簡，重塑作業效率及優化服務品質，結合大數據分析能力，為客戶提供更貼近需求的保險規劃建議。,Not Clear,fubon,2881,6,https://hsxn1sjvkgtdpixe.public.blob.vercel-storage.com/fubon_2881_page_6.pdf,https://esg.fubonlife.com.tw/esg-report
10961,目前主管機關規畫碳費每噸 300 元。公司經自主減碳計畫等申請相關優惠措施，每噸碳費降至 50 元。,E,No,,,,,,taishin,2887,73,https://hsxn1sjvkgtdpixe.public.blob.vercel-storage.com/taishin_2887_page_73.pdf,https://www.tsholdings.com.tw/tsh/responsibility/report/
10269,廣達致力於推動包裝材料創新與減量，積極消除不必要的包材使用與一次性塑膠。包裝設計優先考量可回收性、可再利用性與材料減量原則，並逐步導入再生材料。透過永續設計導向，降低整體包裝對環境的衝擊，實踐資源效率與產品全生命週期管理。,E,Yes,廣達致力於推動包裝材料創新與減量，積極消除不必要的包材使用與一次性塑膠。包裝設計優先考量可回收性、可再利用性與材料減量原則，並逐步導入再生材料。透過永續設計導向，降低整體包裝對環境的衝擊，實踐資源效率與產品全生命週期管理。,between_2_and_5_years,No,,,qci,2382,70,https://hsxn1sjvkgtdpixe.public.blob.vercel-storage.com/qci_2382_page_70.pdf,https://www.quantatw.com/quanta/chinese/esg/csrreport.aspx
10996,落實資訊安全維護不僅保障客戶與供應商權益，避免因資料外洩造成合作中斷與損失，更能成為產業標竿，建立資訊安全標準，保護員工職安與用戶個資，進而提升整體社會對資訊安全的重視與意識。,S,No,,,,,,mediatek,2454,10,https://hsxn1sjvkgtdpixe.public.blob.vercel-storage.com/mediatek_2454_page_10.pdf,https://corp.mediatek.tw/about/sustainability
11355,2024 年秋，台達品牌管理處、企業永續發展部、台達電子文教基金會共同規劃，因應公司逐步轉型發展解決方案業務 (Solution Business)，邀集近 90 位來自各區域／事業單位的品牌行銷與 ESG 同仁齊聚中國大陸吳江，參加首度舉辦的「Brand x ESG Workshop」。三天活動從策略面、實作面、議題企劃到案例分享，強化各單位品牌行銷及 ESG 團隊的對外溝通技能，並增進跨部門交流。此外，台達品牌管理處並與人力資源處合作，定期舉辦品牌訓練課程，透過介紹台達品牌發展歷程、品牌定位及 ESG 永續作為，將台達核心價值倡融入於同仁 DNA 中，共同精進台達品牌工程，邁向新紀元。,G,Yes,將台達核心價值倡融入於同仁 DNA 中，共同精進台達品牌工程，邁向新紀元。,more_than_5_years,Yes,參加首度舉辦的「Brand x ESG Workshop」。 ｜ 定期舉辦品牌訓練課程，,Clear,delta,2308,16,https://esg.deltaww.com/CSR-Reports,https://esg.deltaww.com/CSR-Reports
11108,為構建安全資訊網路環境，防止重要數據被非法竊取，公司製訂有針對性的防護策略。另對於惡意病毒侵害公司系統造成重大經濟損失或社會面影響，故意洩密等非法行為設置各廠區熱線電話、郵件，接受內外部舉報，並按公司流程或移交機關單位處置。,G,Yes,為構建安全資訊網路環境，防止重要數據被非法竊取，公司製訂有針對性的防護策略。,between_2_and_5_years,No,,,avc,3017,49,https://www.avc.co/Portals/0/zh-tw/FileUpload/%E4%BC%81%E6%A5%AD%E8%B2%AC%E4%BB%BB/2024%E6%B0%B8%E7%BA%8C%E5%A0%B1%E5%91%8A.pdf?ran=001,https://www.avc.co/zh-tw/CorporateResponsibility/CorporateCSR
10426,報告揭露及品質管理流程  議合  包容性  確實與利害關係人溝通，收集合理期待  衝擊性  對台積公司組織營運、外部永續發展造成衝擊及利害關係人關注的 ESG 議題  重大性  鑑別與排序 ESG 議題，定義台積公司重大議題  回應性  制訂重大議題管理方針，透明揭露行動與績效,G,Yes,報告揭露及品質管理流程  議合  包容性  確實與利害關係人溝通，收集合理期待  衝擊性  對台積公司組織營運、外部永續發展造成衝擊及利害關係人關注的 ESG 議題  重大性  鑑別與排序 ESG 議題，定義台積公司重大議題  回應性  制訂重大議題管理方針，透明揭露行動與績效,already,No,,,tsmc,2330,254,https://hsxn1sjvkgtdpixe.public.blob.vercel-storage.com/tsmc_2330_page_254.pdf,https://esg.tsmc.com/zh-Hant/resources/ESG-data-hub?tab=reportbuilder
10899,聯電集團提供各地員工符合當地法令之社會保險，以保障員工基本之權益。聯電台灣廠區除依法提供同仁勞工保險（含就業保險）及全民健康保險，並額外為聯電所聘僱之員工提供團體保險，包括壽險、重大疾病險、醫療險、意外險、癌險，及因公出差之海外旅遊平安險，保障同仁的工作及生活安全。,S,No,,,,,,umc,2303,149,https://hsxn1sjvkgtdpixe.public.blob.vercel-storage.com/umc_2303_page_149.pdf,https://www.umc.com/zh-TW/Download/corporate_sustainability_reports
10369,正面：落實供應商永續管理及 ESG 評核機制，提升供應商 ESG 意識和管理作為  負面：若無完善的經濟、環境及社會標準進行供應商遴選與管理機制，將可能發生供應鏈管理不當,G,Yes,落實供應商永續管理及  ｜ ESG  ｜ ESG  ｜ 評核機制，提升供應商  ｜ ESG  ｜ ESG  ｜ 意識和管理作為,between_2_and_5_years,No,,,umc,2303,62,https://hsxn1sjvkgtdpixe.public.blob.vercel-storage.com/umc_2303_page_62.pdf,https://www.umc.com/zh-TW/Download/corporate_sustainability_reports
11283,因應我國金管會對於上市櫃公司揭露 IFRS 永續準則相關資訊之要求，本公司於 2024 年完成專案小組之成立及導入計畫之確認，並依據既定時程辦理招標作業，後續將持續依據推動進度，穩健推動各項導入工作，以強化整體執行效能。,E,Yes,因應我國金管會對於上市櫃公司揭露 IFRS 永續準則相關資訊之要求，本公司於 2024 年完成專案小組之成立及導入計畫之確認，並依據既定時程辦理招標作業，後續將持續依據推動進度，穩健推動各項導入工作，以強化整體執行效能。,between_2_and_5_years,No,,,ymtc,2609,55,https://esg.yangming.com/upload/esg_custom_sustainability_report_document_files/twL_esg_custom_sustainability_report_document_23I14_ERqoPnY786.pdf,https://esg.yangming.com/esg/sustainability_report/1/
11594,"觀察近年國際關注重點，越來越多重要組織開始呼籲重視自然為本的解方，從推動生物多樣性及自然正成長開始。玉山金控張綸宇永續長連續 2 年受邀參加紐約氣候週 (Climate Week NYC)，並於世界生物多樣性峰會 (World Biodiversity Summit, WBS) 發表「連結原民社群，共建自然創生」演說及玉山瓦拉米計畫影片，講述玉山如何與政府、在地社區及 NGO 合作，創造經濟、文化與自然的綜效，以及如何透過金融本業發揮影響力，串聯永續農業上、中、下游，協助食農產業永續轉型，精彩的分享引起熱烈討論及回響。",E,Yes,連續 2 年受邀參加紐約氣候週 (Climate Week NYC)，,already,Yes,"世界生物多樣性峰會 (World Biodiversity Summit, WBS) 發表「連結原民社群，共建自然創生」",Clear,esfh,2884,11,https://www.esunfhc.com/zh-tw/-/media/ESUNFHC/Files/CSR/FHC-CSR-Report/2024-Sustainability-ReportChinese.pdf,https://www.esunfhc.com/zh-tw/esg/resource-center/report
11861,「把工人當同仁」是安衛管理思維的重要改變。我們認為由甲方管理人員在現場，可提高營造廠的安全管理落實度。為此基於保護施工人員的安全，智邦指派建廠小組同仁協助及輔導營造公司落實安衛工作，透過 PDCA 管理機制，實現零工傷的首要管理目標。,S,Yes,智邦指派建廠小組同仁協助及輔導營造公司落實安衛工作，,already,Yes,透過 PDCA 管理機制，實現零工傷的首要管理目標。,Not Clear,accton,2345,147,https://www.accton.com.tw/wp-content/uploads/2025/06/Accton-2024ESG-CH.pdf,https://www.accton.com.tw/esg-documents/
10570,自 2022 年起至 2024 年，智邦採取以下安全衛生措施，以降低風險並防止類似事故再發：  1. 調查分析與風險消除：透過深入調查事故主因，採取消除或替代高風險因素的對策，並同步推動至各廠區，以防止類似事件重演。  2. 工程改善：對有害物質與高風險設備採取物理性隔離，確保同仁工作環境安全。  3. 案例宣導：將工傷案例納入新人訓練與在職訓練，確保新進員工與資深同仁皆能理解事故發生原因與對應改善措施，避免案例再發。  4. 產線訓練機制：仿效駕駛訓練模式，在產線旁設立機台操作模擬區，員工需在模擬產線熟悉操作流程，並通過測驗後方可正式上機操作，確保實際作業的安全性與標準化。操作 SOP 也會依據事故案例來調整。  5. 安衛複訓優化：於在職訓練教材中新增事故案例，使員工能更直觀理解事故成因與改善對策，進一步提升風險意識與應變能力。,S,Yes,自 2022 年起至 2024 年，智邦採取以下安全衛生措施，以降低風險並防止類似事故再發：,already,Yes,1. 調查分析與風險消除：透過深入調查事故主因，採取消除或替代高風險因素的對策，並同步推動至各廠區，以防止類似事件重演。  2. 工程改善：對有害物質與高風險設備採取物理性隔離，確保同仁工作環境安全。  3. 案例宣導：將工傷案例納入新人訓練與在職訓練，確保新進員工與資深同仁皆能理解事故發生原因與對應改善措施，避免案例再發。  4. 產線訓練機制：仿效駕駛訓練模式，在產線旁設立機台操作模擬區，員工需在模擬產線熟悉操作流程，並通過測驗後方可正式上機操作，確保實際作業的安全性與標準化。操作 SOP 也會依據事故案例來調整。  5. 安衛複訓優化：於在職訓練教材中新增事故案例，使員工能更直觀理解事故成因與改善對策，進一步提升風險意識與應變能力。,Clear,accton,2345,140,https://hsxn1sjvkgtdpixe.public.blob.vercel-storage.com/accton_2345_page_140.pdf,https://www.accton.com.tw/esg-documents/
90108,1月28日，2024 年僅部分參考國際標竿企業風險鑑別流程之標題架構，未實際導入其量化方法，即彙整為風險分析結果報告；並以精簡版內部簡報內容重新排版對外說明為「發行電信業首本TNFD報告書」，報告範疇僅限於少數低風險議題。所謂永續資訊納入內稽內控制度進度報告，實際僅為在既有內控表單中新增勾選欄位，未涵蓋關鍵ESG風險控制點，並於相關說明中以全面性納入之方式呈現。,G,Yes,1月28日,already,Yes,2024 年僅部分參考國際標竿企業風險鑑別流程之標題架構，未實際導入其量化方法，即彙整為風險分析結果報告；並以精簡版內部簡報內容重新排版對外說明為「發行電信業首本TNFD報告書」，報告範疇僅限於少數低風險議題。所謂永續資訊納入內稽內控制度進度報告，實際僅為在既有內控表單中新增勾選欄位，未涵蓋關鍵ESG風險控制點，並於相關說明中以全面性納入之方式呈現。,Misleading,twm,3045,73,https://hsxn1sjvkgtdpixe.public.blob.vercel-storage.com/twm_3045_page_73.pdf,https://corp.taiwanmobile.com/esg/esg-report.html
11027,透明且及時的財務報告有助強化與投資者的溝通，並提高他們對台積公司長期投資價值的信心。除定期揭露最新的財務成果，台積公司更提出明確的財務量化目標，並持續達成與目標相符的財務績效；此外，致力實現永續及健康的投資報酬，不僅得以持續支持客戶發展，亦為股東提供獲利成長。民國 113 年至 118 年，台積公司預期 (1) 以美元計算的營業收入年複合平均成長率 (CAGR) 將接近 20%，(2) 長期營業毛利率將達到 53% 及以上，(3) 橫跨景氣循環，平均股東權益報酬率達 25% 或以上。,G,Yes,透明且及時的財務報告有助強化與投資者的溝通，並提高他們對台積公司長期投資價值的信心。 除定期揭露最新的財務成果，台積公司更提出明確的財務量化目標，並持續達成與目標相符的財務績效；此外，致力實現永續及健康的投資報酬，不僅得以持續支持客戶發展，亦為股東提供獲利成長。民國 113 年至 118 年，台積公司預期 (1) 以美元計算的營業收入年複合平均成長率 (CAGR) 將接近 20%，(2) 長期營業毛利率將達到 53% 及以上，(3) 橫跨景氣循環，平均股東權益報酬率達 25% 或以上。 ,between_2_and_5_years,No,,,tsmc,2330,241,https://esg.tsmc.com/zh-Hant/resources/ESG-data-hub?tab=reportbuilder,https://esg.tsmc.com/zh-Hant/resources/ESG-data-hub?tab=reportbuilder
10337,為預防及減緩重大職業安全衛生風險與衝擊，萬海定期針對現有營運活動進行風險評估。辦公室依照《安衛風險評估管制程序》進行管控，碼頭則參照《職安衛危害鑑別及風險評估管理程序》及《組織環境議題鑑別及風險機會管理程序》，依據制定的風險評估時機，辦理風險評估作業。,S,Yes,為預防及減緩重大職業安全衛生風險與衝擊，萬海定期針對現有營運活動進行風險評估。,between_2_and_5_years,Yes,辦公室依照《安衛風險評估管制程序》進行管控，碼頭則參照《職安衛危害鑑別及風險評估管理程序》及《組織環境議題鑑別及風險機會管理程序》，依據制定的風險評估時機，辦理風險評估作業。,Clear,wanhai,2615,83,https://hsxn1sjvkgtdpixe.public.blob.vercel-storage.com/wanhai_2615_page_83.pdf,https://esg.wanhai.com/wanhai/download?d=503295611635b4bd41da85
11257,• 2023 年 12 月申請通過成為「自然相關財務揭露工作小組」之論壇會員，為臺灣公股金控首家。,S,No,,,,,,tcfhc,5880,10,https://esg.tcfhc.com.tw/uploads/download_item/download_file_zh/14/2024_ESG_REPORT_zh.pdf,https://esg.tcfhc.com.tw/report-download/
10250,以顧客為核心，用獨特的創意與巧思，從推動永續金融應用，到建立「防詐藍圖」，展現玉山在永續發展與民眾資產保護上的實際行動。透過科技驅動、場域深入與跨界合作，玉山不斷突破既有框架，打造創新服務與合作模式，堅定前行並創造長遠價值。,S,No,,,,,,esfh,2884,5,https://hsxn1sjvkgtdpixe.public.blob.vercel-storage.com/esfh_2884_page_5.pdf,https://www.esunfhc.com/zh-tw/esg/resource-center/report
10195,冬季是充滿溫暖與感恩的季節，聯電聖心課輔中心舉辦了聖誕感恩晚會，邀請聯電同仁、社會志工及清交大學生們共同參與。學生們的精彩表演點亮了整個晚會，與會來賓送上祝福，學生也藉此表達對課輔班及師長的感謝。大家一起製作聖誕彩球、享用蛋糕及甜品，氣氛在志工們送出同仁精心準備的禮物中達到最高點，大家度過了一個愉快而溫馨的夜晚。感謝所有人的支持，讓課輔班成為孩子們成長的溫暖港灣。,S,No,,,,,,umc,2303,195,https://hsxn1sjvkgtdpixe.public.blob.vercel-storage.com/umc_2303_page_195.pdf,https://www.umc.com/zh-TW/Download/corporate_sustainability_reports
11975,配合國家通訊傳播委員會（National Communications Commission，以下簡稱NCC）「村村有寬頻」、「部落有寬頻」電信普及政策，提供阿里山山美、茶山、十字村及南投縣仁愛鄉精英村及新竹縣尖石鄉義興村寬頻數據服務，固網寬頻網路速率可達100Mbps。此外，我們積極配合前瞻計畫，2024年向數位部提出申請核准建置25處偏鄉基地臺，提升偏鄉寬頻涵蓋率，縮短偏鄉地區數位落差。4G及5G達成偏鄉地區寬頻覆蓋率99.17%之人口涵蓋率。,S,Yes,我們積極配合前瞻計畫，,already,Yes,2024年向數位部提出申請核准建置25處偏鄉基地臺，提升偏鄉寬頻涵蓋率，縮短偏鄉地區數位落差。4G及5G達成偏鄉地區寬頻覆蓋率99.17%之人口涵蓋率。,Clear,twm,3045,59,https://corp.taiwanmobile.com/pdf/2024_C_ESG.pdf,https://corp.taiwanmobile.com/esg/esg-report.html
10911,光寶科技自 2022 年啟動「供應鏈減碳元年」計畫，積極推動供應鏈碳管理行動。3 年間，已累計有 120 家供應商響應參與。光寶依據產業類別與產品特性進行分區輔導，逐步邀請關鍵供應商完成溫室氣體盤查，並建立完整的供應鏈碳排資訊庫。為強化減碳推動成效，光寶規劃階段執行策略：2023-2024 年：聚焦於提升供應商溫室氣體盤查能力，並推動部分產品碳足跡盤查。2025-2027 年：進一步擴大產品碳足跡盤查範圍，並規劃要求供應商提供 ISO 14067 認證，以確保碳排數據品質，逐步建立來料碳排放資訊庫，為產品低碳化策略奠定基礎。,E,Yes,光寶科技自 2022 年啟動「供應鏈減碳元年」計畫，積極推動供應鏈碳管理行動。,between_2_and_5_years,Yes,3 年間，已累計有 120 家供應商響應參與。光寶依據產業類別與產品特性進行分區輔導，逐步邀請關鍵供應商完成溫室氣體盤查，並建立完整的供應鏈碳排資訊庫。,Clear,ltc,2301,55,https://hsxn1sjvkgtdpixe.public.blob.vercel-storage.com/ltc_2301_page_55.pdf,https://www.liteon.com/zh-tw/esgoverview/esg-overview
10504,為實現凱基金控2045年達成全資產組合淨零排放的目標，本公司設有內部碳定價制度，採用影子價格供內部參考，用以鼓勵降低碳排放，並分為自身營運及投融資部位內部碳定價。營運面我們專注於提升能源效率，並規劃再生能源和碳抵換等財務策略，以減少營運價值鏈的排放為目標。投融資部位則透過推動成本效益分析和壓力測試，鼓勵在風險評估及決策中考量氣候因素，從而識別和把握低碳機會，積極實踐低碳投資。,E,Yes,為實現凱基金控2045年達成全資產組合淨零排放的目標， ｜ 識別和把握低碳機會，積極實踐低碳投資。,longer_than_5_years,Yes,本公司設有內部碳定價制度，採用影子價格供內部參考，用以鼓勵降低碳排放，並分為自身營運及投融資部位內部碳定價。 ｜ 營運面我們專注於提升能源效率，並規劃再生能源和碳抵換等財務策略，以減少營運價值鏈的排放為目標。投融資部位則透過推動成本效益分析和壓力測試，鼓勵在風險評估及決策中考量氣候因素，,Clear,kgi,2883,105,https://hsxn1sjvkgtdpixe.public.blob.vercel-storage.com/kgi_2883_page_105.pdf,https://www.kgi.com/zh-tw/esg
10880,奇鋐科技依循ISO 9001建立了全面的品質管理系統，在各個流程環節進行嚴格的品質管理，以客戶需求為導向，以客戶滿意度為輸出，確保提供給客戶最佳的服務與產品，並透過品質成本系統與Six Sigma管理，持續不斷改善我們的品質管理。每年定期進行內外部稽核，並藉由審核會議向公司高層進行匯報，以確保品質管理系統運作的有效性與適切性。,S,Yes,並透過品質成本系統與Six Sigma管理，持續不斷改善我們的品質管理。,already,Yes,每年定期進行內外部稽核，並藉由審核會議向公司高層進行匯報，以確保品質管理系統運作的有效性與適切性。,Clear,avc,3017,56,https://hsxn1sjvkgtdpixe.public.blob.vercel-storage.com/avc_3017_page_56.pdf,https://www.avc.co/zh-tw/CorporateResponsibility/CorporateCSR
11879,在 ESG、淨零排放與碳中和趨勢的推動下，研華於 2024 年進一步升級其一站式智慧能源解決方案──iEMS 平台。在原有的能源管理、暖通空調能效管理、空壓機能效管理、轉動機械馬達能效管理等服務基礎上，新增碳成本管理功能，將碳排放數據納入企業決策體系。透過生成式 AI 技術，iEMS 能夠主動分析能源使用趨勢，提供精準的節能策略建議，使企業更直覺且高效地掌控能源管理。提升企業對能源消耗的可視化與控制能力，也為制定更積極的節能減碳政策奠定了堅實基礎，加速邁向永續經營目標。,E,Yes,邁向永續經營目標。,already,Yes,於 2024 年進一步升級其一站式智慧能源解決方案──iEMS 平台。,Clear,acl,2395,76,https://advcloudfiles.advantech.com/csr/Report/2024ESG.pdf,https://esg.advantech.com/zh-tw/downloads/sustainability-report
11417,「台新企業永續共融小組」秉持以本業回饋社會的初衷，與「台新銀行文化藝術基金會」共同策畫，針對藝術家及創作團隊首次規劃基礎金融課程，由台新金融專業人員親自解說、分享理財及投資經驗、以及防詐騙等知識，讓藝術工作者致力於創作的同時，亦培養穩健的財務管理能力。2024 年底至 2025 年初舉辦兩場講座，共有 107 人參與，獲得學員熱烈迴響！學員課程滿意度達 90%，許多學員表示希望再次開辦進階理財課程，亦推薦藝術工作同業參與。,S,Yes,「台新企業永續共融小組」秉持以本業回饋社會的初衷，與「台新銀行文化藝術基金會」共同策畫，針對藝術家及創作團隊首次規劃基礎金融課程，,between_2_and_5_years,Yes,2024 年底至 2025 年初舉辦兩場講座，共有 107 人參與，,Clear,taishin,2887,125,https://www.tsholdings.com.tw/tsh/responsibility/files/CSR-report/2024-CSR-report_c.pdf,https://www.tsholdings.com.tw/tsh/responsibility/report/
10708,"多年來攜手富邦慈善基金會，擴大關懷臺中市、新北市、高雄市、南投縣、臺東縣、花蓮縣等縣市內微型保險保障對象，亦與世界展望會、天主教善牧社會福利基金會、社團法人中華基督教救助協會及中華民國自閉症全臺各分會等公益 / 身障團體持續合作，2024 年於金管會主辦之微型保險競賽榮獲「業務績優獎」及「身心障礙關懷獎」肯定。2024 年擴大服務南投縣政府轄下弱勢民眾超過 6,800 人並將服務觸角延伸至南投縣原住民，人數超過 10,000 人。自 2016 年起至 2024 年底累計捐贈金額 7,310 萬，2024 年度共計守護全臺弱勢族群 55,938 人、保額達新臺幣 164.2 億元。",S,Yes,多年來攜手富邦慈善基金會，擴大關懷臺中市、新北市、高雄市、南投縣、臺東縣、花蓮縣等縣市內微型保險保障對象，亦與世界展望會、天主教善牧社會福利基金會、社團法人中華基督教救助協會及中華民國自閉症全臺各分會等公益 / 身障團體持續合作，,already,Yes,"2024 年於金管會主辦之微型保險競賽榮獲「業務績優獎」及「身心障礙關懷獎」肯定。2024 年擴大服務南投縣政府轄下弱勢民眾超過 6,800 人並將服務觸角延伸至南投縣原住民，人數超過 10,000 人。自 2016 年起至 2024 年底累計捐贈金額 7,310 萬，2024 年度共計守護全臺弱勢族群 55,938 人、保額達新臺幣 164.2 億元。",Clear,fubon,2881,91,https://hsxn1sjvkgtdpixe.public.blob.vercel-storage.com/fubon_2881_page_91.pdf,https://esg.fubonlife.com.tw/esg-report
11771,合庫金控係依據「上市上櫃公司編製與申報永續報告書作業辦法」（以下簡稱「作業辦法」）第四條所規定之金融保險業應揭露指標暨永續指標及全球永續性標準理事會（Global Sustainability Standards Board；GSSB）發布之全球永續報導準則及全球報導倡議組織發布之全球永續性報導準則(Global Reporting Initiative Standards；「GRI Standards」)所揭露之特定確信指標資訊及報導基準詳附件一。合庫金控應依其永續績效目標與政策，並經辨識利害關係人及重大性議題，並依前述報導基準編製及允當表達民國一一三年度（2024年度）報告書內所涵蓋之確信標的資訊，並負責建立及維持與報告書編製有關之必要內部控制，以確保報告書所報導之特定績效指標未存有導因於舞弊或錯誤之重大不實表達。本會計師係依據財團法人中華民國會計研究發展基金會所發布之確信準則3000號「非屬歷史性財務資訊查核或核閱之確信案件」規劃並執行工作，以對第二次所述之確信標的資訊是否存有重大不實表達作出有限確信結論。,G,No,,,,,,tcfhc,5880,193,https://esg.tcfhc.com.tw/uploads/download_item/download_file_zh/14/2024_ESG_REPORT_zh.pdf,https://esg.tcfhc.com.tw/report-download/
11288,依風險管理流程評估後，針對 2024 年鑑別的高風險項目「全球供應鏈影響航材缺料」、「資訊環境關鍵基礎設施失效」及「數據傳輸控管未完善以致資料外洩」，已由權責單位採取相對應的因應措施，經評估風險程度降為可接受之中度風險，並由企業永續委員會持續追蹤。,,Yes,針對 2024 年鑑別的高風險項目「全球供應鏈影響航材缺料」、「資訊環境關鍵基礎設施失效」及「數據傳輸控管未完善以致資料外洩」，已由權責單位採取相對應的因應措施，經評估風險程度降為可接受之中度風險，並由企業永續委員會持續追蹤。,between_2_and_5_years,Yes,已由權責單位採取相對應的因應措施，經評估風險程度降為可接受之中度風險，並由企業永續委員會持續追蹤。,Not Clear,emc,2603,55,https://www.evacsr.com/archive/doc/download/EVA_CSR_CH_2024.pdf,https://www.evacsr.com/
11292,除積極向民眾推廣永續理念外，長榮航空亦致力於培育集團內部永續人才，與台灣永續能源研究基金會合作，開設「企業永續管理師證照培訓長榮航空專班」，為國內首家開設此專班的航空公司。課程邀請子公司長榮航太一同參與，所有同仁皆順利完成為期10週共80小時的企業永續管理師培訓課程，並成功通過證照考試，不僅大幅提升員工對永續議題的敏銳度，未來也將在各自的崗位上發揮所學，持續推動公司ESG永續發展。,S,Yes,未來也將在各自的崗位上發揮所學，持續推動公司ESG永續發展。,between_2_and_5_years,Yes,長榮航空亦致力於培育集團內部永續人才，與台灣永續能源研究基金會合作，開設「企業永續管理師證照培訓長榮航空專班」， ｜ 所有同仁皆順利完成為期10週共80小時的企業永續管理師培訓課程，並成功通過證照考試，,Clear,emc,2603,7,https://www.evacsr.com/archive/doc/download/EVA_CSR_CH_2024.pdf,https://www.evacsr.com/
11767,要求供應商以台積公司《供應商行為準則》為行動依據，提升勞動人權、安全衛生、環境保護、商業道德與管理系統績效；積極輔導供應商精進核心能力，降低營運中斷風險。,S,Yes,要求供應商以台積公司《供應商行為準則》為行動依據，提升勞動人權、安全衛生、環境保護、商業道德與管理系統績效；積極輔導供應商精進核心能力，降低營運中斷風險。,between_2_and_5_years,No,,,tsmc,2330,85,https://esg.tsmc.com/zh-Hant/resources/ESG-data-hub?tab=reportbuilder,https://esg.tsmc.com/zh-Hant/resources/ESG-data-hub?tab=reportbuilder
11982,中租控股自2019年起，啟動黃金十年計畫，目標2028年台灣、中國大陸、東協三大區域的資產總額大幅成長，期待2028年營運規模要比2018年大4倍，並讓東協成為中租控股的第三顆獲利引擎，這是一個極具企圖心的目標。為支應組織快速發展，人才發展部自2021年起創造MAGIC人才品牌，MAGIC是由下述四個人才發展計畫的開頭英文字母所組成(請見下表)。由於各計畫都有專注發展的重點，所以MAGIC的品牌標語為：Focus Makes MAGIC，強調唯有專注，才能創造魔法和神奇。中租以MAGIC計畫獲得美國人才發展協會(ATD) 2025年BEST Award (卓越學習組織獎項)。,S,Yes,目標2028年台灣、中國大陸、東協三大區域的資產總額大幅成長，,more_than_5_years,No,,,chailease,5871,112,https://www.chaileaseholding.com/CSR/ReportDownload,https://www.chaileaseholding.com/CSR/ReportDownload
11389,市場上若不符合客戶低碳要求也同樣會帶來營收損失。市場風險評估採最嚴苛情境進行，綜合考量淨零目標達成率、產值規模、受減碳要求影響的潛在營收損失，以及受影響客戶的比例。其中，被影響的產值係指具有減碳要求的產品或客戶，若無法達成其要求，可能喪失相當比例的市場營收。  在現行低碳能源轉型策略下，2025-2046 年間因尚未達成 SBT-NZ 目標，仍存在一定市場風險，然而隨著低碳能源轉型，排放量與全球淨零目標差距縮小，自 2038 年起整體風險將逐漸降低，最終於 2050 年不再面臨市場風險。另外，雖然轉型初期符合 IEA-NZ 要求，但因其標準逐年加嚴，自 2037 年起將難以持續滿足。然而，由於日月光投控以持續推動低碳能源轉型，整體市場風險影響仍明顯低於無作為情境。,E,No,,,,,,aseh,3711,115,https://www.aseglobal.com/ch/pdf/aseh-2024-csr-ch-final.pdf,https://www.aseglobal.com/ch/csr/csr-download/
10255,和碩依據ISO 45001:2018職業安全衛生管理標準，建立適宜之職業安全衛生管理系統，並通過第三方公正單位驗證，全體員工皆涵蓋於此管理系統中，比例為100%。透過持續地稽核與持續確保員工有安全及健康的工作環境，並依據內部程序文件與法規辦理企業社會責任教育訓練，包括職業安全衛生相關教育訓練、企業社會責任稽核教育訓練以及企業社會責任管理系統介紹等實體與線上課程，內容包含作業安全衛生相關法規概要、作業前中後之自動檢查、標準作業程序、緊急事故應變處理、消防及急救常識、危害性化學品之使用與處理流程等。和碩的環安衛管理組織以企業總部為資訊整合中心，進行相關資料及報告之統整。各營運中心及廠區均依循集團PureCSR政策，設置專責之職業安全衛生管理單位及PureCSR企業社會責任與安全衛生委員會，該委員會定期於指導委員會會議中，進行各項事業單位內職業安全衛生有關業務之審議、協調及建議，並呈報至各營運中心、製造中心或廠區總經理。,S,Yes,透過持續地稽核與持續確保員工有安全及健康的工作環境， ｜ 並依據內部程序文件與法規辦理企業社會責任教育訓練， ｜ 該委員會定期於指導委員會會議中，進行各項事業單位內職業安全衛生有關業務之審議、協調及建議，並呈報至各營運中心、製造中心或廠區總經理。,longer_than_5_years,Yes,和碩依據ISO 45001:2018職業安全衛生管理標準，建立適宜之職業安全衛生管理系統，並通過第三方公正單位驗證，全體員工皆涵蓋於此管理系統中，比例為100%。 ｜ 包括職業安全衛生相關教育訓練、企業社會責任稽核教育訓練以及企業社會責任管理系統介紹等實體與線上課程，內容包含作業安全衛生相關法規概要、作業前中後之自動檢查、標準作業程序、緊急事故應變處理、消防及急救常識、危害性化學品之使用與處理流程等。,Clear,pegatron,4938,46,https://hsxn1sjvkgtdpixe.public.blob.vercel-storage.com/pegatron_4938_page_46.pdf,https://www.sustaihub.com/reports/%E5%92%8C%E7%A2%A9%E8%81%AF%E5%90%88%E7%A7%91%E6%8A%80%E8%82%A1%E4%BB%BD%E6%9C%89%E9%99%90%E5%85%AC%E5%8F%B8/e7bdbbd6-7493-401d-a2a2-b39b95a19700/
10045,藥華醫藥將其已使用於表彰企業之產品或服務的主要名稱、圖形標誌，及個別所使用過的場域，進行全面性盤點蒐集及各商業國際分類(International Class)，將尚未註冊保護但已進行商業使用的商標(Logo)，批次提交臺灣註冊商標申請案，藉以完整保護新藥相關的註冊商標，進而提升臺灣新藥產業在國際上的品牌形象。,G,Yes,進而提升臺灣新藥產業在國際上的品牌形象。,already,Yes,藥華醫藥將其已使用於表彰企業之產品或服務的主要名稱、圖形標誌，及個別所使用過的場域，進行全面性盤點蒐集及各商業國際分類(International Class)，將尚未註冊保護但已進行商業使用的商標(Logo)，批次提交臺灣註冊商標申請案，藉以完整保護新藥相關的註冊商標，,Clear,pec,6446,42,https://hsxn1sjvkgtdpixe.public.blob.vercel-storage.com/pec_6446_page_42.pdf,https://www.pharmaessentia-esg.com/tw/download/detail#section-1
10976,華南永昌投信以「公平待客」為核心之企業文化，並提升公司員工對於金融消費者保護之認知及相關法規之遵循，依金融監督管理委員會「金融服務業公平待客原則」及相關函令落實執行，亦訂有「金融友善服務注意事項事項」，確保身心障礙者充分享有基本權利、平等及合理便利之金融服務。亦已將公平待客原則政策及策略、內部遵循規章及行為守則納入教育訓練課程，定期辦理教育宣導及人員訓練。,S,Yes,亦已將公平待客原則政策及策略、內部遵循規章及行為守則納入教育訓練課程，定 ｜ 定期辦理教育宣導及人員訓練。,already,Yes,依金融監督管理委員會「金融服務業公平待客原則」及相關函令落實執行，亦訂有「金融友善服務注意事項事項」，,Clear,hnfhc,2880,71,https://hsxn1sjvkgtdpixe.public.blob.vercel-storage.com/hnfhc_2880_page_71.pdf,https://www.hnfhc.com.tw/HNFHC/csr/a.do?id=3b652cac56000000f6ca&parent_menu=2
10645,因應金融科技的興起，傳統金融產業正逐步改變營運模式，即充分運用金融科技消弭距離及時間的限制。凱基金控也不例外，期使金融服務更便捷，並大幅提升服務的可取得性，以服務更多族群。凱基銀行與凱基證券秉持以「為您思考，做得更好」的宗旨，相關產品與服務的設計與優化皆以「客戶需求」為主軸，落實「了解客戶需求、實現理財目標、全生命週期服務」的理財規劃團隊與數位金融先進科技，提供線上線下的虛實多元服務。,S,Yes,期使金融服務更便捷，並大幅提升服務的可取得性，以服務更多族群。,already,Yes,凱基銀行與凱基證券秉持以「為您思考，做得更好」的宗旨，相關產品與服務的設計與優化皆以「客戶需求」為主軸，落實「了解客戶需求、實現理財目標、全生命週期服務」的理財規劃團隊與數位金融先進科技，提供線上線下的虛實多元服務。,Not Clear,kgi,2883,71,https://hsxn1sjvkgtdpixe.public.blob.vercel-storage.com/kgi_2883_page_71.pdf,https://www.kgi.com/zh-tw/esg
11817,"國巨依據氣候相關財務揭露建議書（Task Force on Climate-related Financial Disclosures, TCFD）之四大核心要素，揭露國巨對於氣候相關風險與機會之評估與管理，在策略和財務規劃之評估標準則包括營運、財務及社會三個衝擊面向，並將相關風險與機會依照短中長期分類，分別提出因應對策。目前公司主要策略為強化研發能力以符合客戶低環境衝擊產品的需求，同時透過提升再生能源使用率，設定各廠節能目標、提升單位產能績效降低生產之能源耗量，更預計逐步於各廠建置再生能源系統及導入 ISO 50001 能源管理系統。",E,Yes,預計逐步於各廠建置再生能源系統及導入 ISO 50001 能源管理系統。,between_2_and_5_years,Yes,策略為強化研發能力以符合客戶低環境衝擊產品的需求，同時透過提升再生能源使用率，設定各廠節能目標、提升單位產能績效降低生產之能源耗量，,Clear,yageo,2327,70,https://yageogroup.com/content/Resource%20Library/Compliance%20Report/YAGEO_ESG2024_tw.pdf,https://www.yageogroup.com/About/Sustainability
11853,本公司期望與供應商在合作雙贏基礎下，確保供應商製程符合道德與環保標準。除定期評估供應商之產品品質、交貨準時率、配合度等情形以外，也隨時進行溝通。採購單位對於合作成果優異的供應商，會適當調整協力廠商年採購分配量，期達成雙贏目的。,G,Yes,本公司期望與供應商在合作雙贏基礎下，確保供應商製程符合道德與環保標準。 ｜ 期達成雙贏目的。,already,Yes,除定期評估供應商之產品品質、交貨準時率、配合度等情形以外，也隨時進行溝通。,Not Clear,largan,3008,47,https://www.largan.com.tw/tw/tool-download/esg_1_files/file/19/2024%E5%B9%B4ESG%E6%B0%B8%E7%BA%8C%E5%A0%B1%E5%91%8A%E6%9B%B8?note=,https://www.largan.com.tw/tw/esg
90083,研華將戮力低碳創新，持續前行。依公司內部「具遠端監控或資料傳輸功能」之判定條件計算，相關訂單全數被視為有助能源效率提升專案，據此永續智能解決方案營收占比達 55.6%，並以此比例對外視同已對減緩氣候變遷、增進氣候調適帶來全面且顯著正面貢獻。,E,Yes,研華將戮力低碳創新，持續前行。,already,Yes,依公司內部「具遠端監控或資料傳輸功能」之判定條件計算，相關訂單全數被視為有助能源效率提升專案，據此永續智能解決方案營收占比達 55.6%，並以此比例對外視同已對減緩氣候變遷、增進氣候調適帶來全面且顯著正面貢獻。,Misleading,acl,2395,5,https://hsxn1sjvkgtdpixe.public.blob.vercel-storage.com/acl_2395_page_5.pdf,https://esg.advantech.com/zh-tw/downloads/sustainability-report
11741,氣候變遷是全人類共同關注的問題，我們持續努力以控制升溫攝氏1.5度內為目標，制定氣候策略並邁向淨零，透過參與相關公/協會、倡議組織，以符合全球之氣候協議「巴黎協定」。同時運用最新物聯網科技及AI人工智慧，綠化自身及價值鏈足跡，與自然共好，降低環境衝擊，創造舒適美好的生態體系。,E,Yes,們持續努力以控制升溫攝氏1.5度內為目標，,between_2_and_5_years,Yes,定氣候策略並邁向淨零，透過參與相關公/協會、倡議組織，以符合全球之氣候協議「巴黎協定」。 ｜ 綠化自身及價值鏈足跡，與自然共好，降低環境衝擊，創造舒適美好的生態體系。,Clear,twm,3045,87,https://corp.taiwanmobile.com/pdf/2024_C_ESG.pdf,https://corp.taiwanmobile.com/esg/esg-report.html
10113,我們深知永續議題的管理，是企業持續改善與長遠發展的關鍵。其包含企業面對議題如何整合內部資源擬定相關管理方針與各階段利害關係人的議合溝通。本公司透過多元管道蒐集相關回覆和建議，將其納入公司營運規劃中。,E,Yes,我們深知永續議題的管理，是企業持續改善與長遠發展的關鍵。 ｜ 本公司透過多元管道蒐集相關回覆和建議，將其納入公司營運規劃中。,between_2_and_5_years,No,,,fpcc,6505,9,https://hsxn1sjvkgtdpixe.public.blob.vercel-storage.com/fpcc_6505_page_9.pdf,https://fpcc-esg.com/
11709,"2024 年聯電除既有重點學校開設半導體實務專班外，亦有數項產學合作計畫，並捐助國立成功大學「奈米積體電路工程碩士學位學程及學分學程」聘請專任教師。2024 年產學合作計畫受益學生人數累計達 7,000 人次以上。聯電將持續擴充多元產學合作專案，如半導體學程、實習合作專案、技術專班等，並且擴大參與專案學生。此外，透過「UMC 校園發展計畫」，安排一系列品牌形象深根活動，包括書報討論、職涯分享、實習合作、半導體展示品提供等，增加學界對聯電之認同與支持。",S,Yes,聯電將持續擴充多元產學合作專案，如半導體學程、實習合作專案、技術專班等，並且擴大參與專案學生。,already,Yes,"2024 年產學合作計畫受益學生人數累計達  7,000  人次以上。 ｜ 透過「UMC 校園發展計畫」，安排一系列品牌形象深根活動，包括書報討論、職涯分享、實習合作、半導體展示品提供等，增加學界對聯電之認同與支持。",Clear,umc,2303,179,https://www.umc.com/upload/media/07_Sustainability/72_Reports_and_Results/1_Corporate_Sustainability_Reports/CSR_Reports/CS_Reort_chinese_pdf/2024_CSR_report_chi/UMC-2024-CH-elink.pdf,https://www.umc.com/zh-TW/Download/corporate_sustainability_reports
11136,"富邦金控已於 2022 年正式向科學基礎減碳目標倡議 (Science-based Targets initiative, SBTi) 提交科學基礎減碳目標進行審查，並於同年 9 月經 SBTi 通知審核通過，本公司將依循富邦整體減碳路徑，以達成科學基礎減碳目標 (SBT)。溫室氣體排放之範疇一 ( 直接排放 ) 及範疇二 ( 能源間接排放 )；以 2020 年為基準年，逐年規劃減量目標，訂定至 2030 年減碳 42.2% 之中期目標，以及至 2040 年減碳 92.3%，2050 年達成淨零碳排放之長期目標。",E,Yes,公司將依循富邦整體減碳路徑，以達成科學基礎減碳目標 (SBT)。,already,Yes,"2022 年正式向科學基礎減碳目標倡議 (Science-based Targets initiative, SBTi) 提交科學基礎減碳目標進行審查，並於同年 9 月經 SBTi 通知審核通過， ｜ 溫室氣體排放之範疇一 ( 直接排放 ) 及範疇二 ( 能源間接排放 )；以 2020 年為基準年，逐年規劃減量目標，訂定至 2030 年減碳 42.2% 之中期目標，以及至 2040 年減碳 92.3%，2050 年達成淨零碳排放之長期目標。",Clear,fubon,2881,125,https://esg.fubonlife.com.tw/esg-report,https://esg.fubonlife.com.tw/esg-report
10707,台新因應氣候變遷，再進一步於 2022 年訂定了針對煤炭產業以及非典型油氣的相關脫碳路徑。我們規劃於 2030 年達到全面汰除煤礦開採、發電及相關基礎建設的企業信用 / 貸款、固定收益、基礎建設 / 專案融資部位，以及主動投資部位。針對非典型油氣，則規劃在 2040 年前逐步汰除焦油砂、油頁岩、北極天然氣、超深層海底開採等活動；其汰除部位與煤炭產業相同。另外，為了後續針對高碳排產業進行相關的統計與揭露及進一步的管理，訂定「台新金控氣候暨自然風險管理準則」，明定金控統一適用之「高碳排產業清單」。,E,Yes,進一步於 2022 年訂定了針對煤炭產業以及非典型油氣的相關脫碳路徑。我 ｜ 則規劃在 2040 年前逐步汰除焦油砂、油頁岩、北極天然氣、超深層海底開採等活動； ｜ 為了後續針對高碳排產業進行相關的統計與揭露及進一步的管理，,longer_than_5_years,Yes,訂定「台新金控氣候暨自然風險管理準則」，明定金控統一適用之「高碳排產業清單」。,Clear,taishin,2887,93,https://hsxn1sjvkgtdpixe.public.blob.vercel-storage.com/taishin_2887_page_93.pdf,https://www.tsholdings.com.tw/tsh/responsibility/report/
11717,台新投信身為資產管理者，在責任投資作法上，以「台新投信綠色金融評估表」來降低所有投資標的之 ESG 風險，針對資產與產業類別，也制訂各自的文件來進行相關風險之審查。特別是對於 (1) 菸草、酒精飲料、賭博業 ( 含地下及網路 )、已確實發生因食品安全、放射性物質、基因改造而危害人身健康；(2) 具高污染性且未合乎該企業所在地之環保規範，且未能提出具體的改善方案；(3) 違法活動；(4) 違反人權以及 (5) 高爭議性之企業，則避免直接接觸。,G,Yes,台新投信身為資產管理者，在責任投資作法上，以「台新投信綠色金融評估表」來降低所有投資標的之 ESG 風險，針對資產與產業類別，也制訂各自的文件來進行相關風險之審查。,already,No,,,taishin,2887,103,https://www.tsholdings.com.tw/tsh/responsibility/files/CSR-report/2024-CSR-report_c.pdf,https://www.tsholdings.com.tw/tsh/responsibility/report/
10977,2024 年節水計畫含聯電集團全公司所有營運據點，透過新增各項節水措施、多元取水來源，作法包含生產機台製程清洗時間與流量調整改善、廢水增設 RO 回收系統、純水系統排放水再淨化回收、增加回收水備援管路減少自來水補充等。聯電集團減少取水量達 102.3 萬公噸。2025 年也預計透過相關措施，持續降低對自然水資源的汲取。,E,Yes,2025 年也預計透過相關措施，持續降低對自然水資源的汲取。,within_2_years,Yes,2024 年節水計畫含聯電集團全公司所有營運據點，透過新增各項節水措施、多元取水來源，作法包含生產機台製程清洗時間與流量調整改善、廢水增設 RO 回收系統、純水系統排放水再淨化回收、增加回收水備援管路減少自來水補充等。聯電集團減少取水量達 102.3 萬公噸。2,Clear,umc,2303,114,https://hsxn1sjvkgtdpixe.public.blob.vercel-storage.com/umc_2303_page_114.pdf,https://www.umc.com/zh-TW/Download/corporate_sustainability_reports
10302,A、B、C、D 四個等級。若供應商被評為 C 級或 D 級，瑞昱將積極輔導與協助改善；而若供應商連續三次被評為 D 級或連續五次未達 B 級，則暫時取消合作資格。,S,Yes,A、B、C、D 四個等級。若供應商被評為 C 級或 D 級，瑞昱將積極輔導與協助改善；而若供應商連續三次被評為 D 級或連續五次未達 B 級，則暫時取消合作資格。,already,No,,,rt,2379,99,https://hsxn1sjvkgtdpixe.public.blob.vercel-storage.com/rt_2379_page_99.pdf,https://www.realtek.com/Article/Index?menu_id=912&lang=zh-TW
10018,"供應鏈是日月光投控成為一家具有影響力公司的重要夥伴，積極與供應商共同規劃與推動五大低碳管理方針，涵蓋低碳選商永續策略、完善供應鏈碳資訊、推動材料與機台低碳轉型、導入上游低碳運輸與建立低碳供應鏈等，並透過日月光環保永續基金會舉辦低碳節能永續獎，攜手供應商夥伴一同實現 2050 年淨零排放承諾。  更進一步，日月光在行之有年的供應商評比中，除了品質與交期的評核外，首度納入 10% 的永續績效，同時日月光投控與供應商組成低碳供應聯盟，正式啟動低碳機台設備專案，攜手 19 家關鍵機台供應商合作推動機台節能設計以達成 2030 年節能 20% 的階段性目標。日月光投控也深知減碳議題牽涉複雜的層面，要推動實質的改變，不能只靠永續或採購部門的努力。我們展開跨部門合作，多方面影響供應商進行減碳，使行動從企業內部擴展到整個生態圈。同時，提供多元培力資源，包括開設供應鏈永續課程、建立線上學習平台，已有近 2,000 位夥伴參與，共同倡議永續知識與行動的共享平台。",E,Yes,積極與供應商共同規劃與推動五大低碳管理方針，涵蓋低碳選商永續策略、完善供應鏈碳資訊、推動材料與機台低碳轉型、導入上游低碳運輸與建立低碳供應鏈等，並透過日月光環保永續基金會舉辦低碳節能永續獎，攜手供應商夥伴一同實現 2050 年淨零排放承諾。,longer_than_5_years,Yes,"除了品質與交期的評核外，首度納入 10% 的永續績效，同時日月光投控與供應商組成低碳供應聯盟，正式啟動低碳機台設備專案，攜手 19 家關鍵機台供應商合作推動機台節能設計以 ｜ 展開跨部門合作，多方面影響供應商進行減碳，使行動從企業內部擴展到整個生態圈。同時，提供多元培力資源，包括開設供應鏈永續課程、建立線上學習平台，已有近 2,000 位夥伴參與，共同倡議永續知識與行動的共享平台。",Clear,aseh,3711,12,https://hsxn1sjvkgtdpixe.public.blob.vercel-storage.com/aseh_3711_esg_data_page_12.pdf,https://www.aseglobal.com/ch/csr/csr-download/
10397,為守護員工安全與健康，致力於提供安全、健康之工作場所，由職業安全衛生管理人員進行作業場所的環境風險評估、危害辨識，藉由危害鑑別與風險評估、法規查核、內部稽核、管理審查及安全衛生矯正作業等管理程序，從中找出各項作業活動及設施可能造成人員傷害或事故之潛在危害因素持續進行危害鑑別評估，並對其發生或可能發生的不可接受的風險實施必要的控制方式，達到職業安全衛生管理系統持續改善的要求；由臨場醫護人員執行員工 Framingham 心血管疾病風險評估、勞工健康保護四大計畫 ( 異常工作負荷、人因、母性、不法侵害 ) 之危害辨識，產生台新健康風險矩陣，創造職場健康和安全標準，營造更友善的職場環境。,S,Yes,為守護員工安全與健康，致力於提供安全、健康之工作場所，,between_2_and_5_years,Yes,由臨場醫護人員執行員工 Framingham 心血管疾病風險評估、勞工健康保護四大計畫 ( 異常工作負荷、人因、母性、不法侵害 ) 之危害辨識，產,Clear,taishin,2887,142,https://hsxn1sjvkgtdpixe.public.blob.vercel-storage.com/taishin_2887_page_142.pdf,https://www.tsholdings.com.tw/tsh/responsibility/report/
10752,"本公司為配合金控響應國家永續政策及 SBTi 和 RE100 等國際倡議，積極佈建太陽能發電設施，現已於富邦人壽大樓、建北大樓、敦南大樓、渣打銀行大樓、臺中文心大樓和富邦美術館之樓頂建置太陽能發電設備，2024 年度本公司總發電量達 167,625 度，較 2023 年增加約 42,680 度，太陽能發電已成長 34.2%。本公司同時配合金控政策，於 2020 年提前佈署及規劃淨零碳排目標，除依循減碳及灰電減降目標路徑，逐步減降自身營運灰電用量，另於 2023 年啟動綠電購置評估作業，並自 2024 年導入約 178.5 萬度綠電，並將持續擴大自身營運據點的再生能源覆蓋率，實現 2050 淨零碳排目標。",E,Yes,為配合金控響應國家永續政策及 SBTi 和 RE100 等國際倡議，積極佈建太陽能發電設施， ｜ 將持續擴大自身營運據點的再生能源覆蓋率，實現 2050 淨零碳排目標。,longer_than_5_years,Yes,"現已於富邦人壽大樓、建北大樓、敦南大樓、渣打銀行大樓、臺中文心大樓和富邦美術館之樓頂建置太陽能發電設備，2024 年度本公司總發電量達 167,625 度，較 2023 年增加約 42,680 度，太陽能發電已成長 34.2%。本公司同時配合金控政策，於 2020 年提前佈署及規劃淨零碳排目標，除依循減碳及灰電減降目標路徑，逐步減降自身營運灰電用量，另於 2023 年啟動綠電購置評估作業，並自 2024 年導入約 178.5 萬度綠電，",Clear,fubon,2881,137,https://hsxn1sjvkgtdpixe.public.blob.vercel-storage.com/fubon_2881_page_137.pdf,https://esg.fubonlife.com.tw/esg-report
10488,"光寶持續提升能源使用效率，在能源使用上進行設備改善與採取不同節能手法，在節約能源底下同時增加生產產量，有效提升生產效率。光寶共 10 處生產據點取得 ISO 50001 能源管理系統認證，搭配節能計畫降低生產用電量提升產品生產效率，並使用 EnPI 的管理，分析與管理耗能與生產的規律。在 2024 年度共計執行 20 項節能措施，共計節能 798 萬度 (kWh)，約減碳 3,765 公噸。",E,Yes,光寶持續提升能源使用效率， ｜ ，在 ｜ 在能源使用上進行設備改善與採取不同節能手法，在節約能源底下同時增加生產產量，有效提升生產效率。,already,Yes,"在能源使用上進行設備改善與採取不同節能手法，在節約能源底下同時增加生產產量，有效提升生產效率。 ｜ 光寶共 10 處生產據點取得 ISO 50001 能源管理系統認證，搭配節能計畫降低生產用電量提升產品生產效率，並使用 EnPI 的管理，分析與管理耗能與生產的規律。在 2024 年度共計執行 20 項節能措施，共計節能 798 萬度 (kWh)，約減碳 3,765 公噸。",Clear,ltc,2301,66,https://hsxn1sjvkgtdpixe.public.blob.vercel-storage.com/ltc_2301_page_66.pdf,https://www.liteon.com/zh-tw/esgoverview/esg-overview
11621,"台灣區「台達年輕學者科技講座」於 2023 年設立，旨在表彰在電力電子、電力系統、電動車、機器人及智能製造五大重點領域中表現傑出的年輕學者。該獎項以三年為一期，每年投入約美金 46 萬元的資金支持。首屆獲獎的五位學者在 2024 年與多個台達事業單位展開緊密合作，並舉辦五場面向全球員工的線上專題演講，報名 lần 超過 1,000 人。2024 年大幅擴增遴選委員團隊，內外部專家各占半數共計 20 位特邀評審，廣泛汲取更多學界專家的意見，促進不同領域之間的深度交流，形塑更充沛的產學合作生態圈。",S,Yes,促進不同領域之間的深度交流，形塑更充沛的產學合作生態圈。,already,Yes,台灣區「台達年輕學者科技講座」於 2023 年設立， ｜ 首屆獲獎的五位學者在 2024 年與多個台達事業單位展開緊密合作，,Clear,delta,2308,188,https://esg.deltaww.com/CSR-Reports,https://esg.deltaww.com/CSR-Reports
10200,聯電在 2003 年成立「企業資訊安全委員會」，由總經理擔任主席，並由數位功能組織吳宗賢資深副總經理擔任督導暨資訊安全長，公司內各單位（包含法務、人力資源、研發、工程、生產等）主管均為委員會成員。另成立「企業安全處」專責公司資訊安全及實體安全規劃與相關的稽核事項，亦主導此委員會運行。企業資訊安全委員會負責執行資安管理規劃，建置、維護管理體系，統籌相關政策制定、執行，以及風險管理與遵循度查核。透過每半年管理審查會議，審核資安風險分析結果及防護措施，確保資安管理體系持續運作的適用性、適切性及有效性。,G,Yes,透過每半年管理審查會議，審核資安風險分析結果及防護措施，確保資安管理體系持續運作的適用性、適切性及有效性。,already,No,,,umc,2303,48,https://hsxn1sjvkgtdpixe.public.blob.vercel-storage.com/umc_2303_page_48.pdf,https://www.umc.com/zh-TW/Download/corporate_sustainability_reports
11060,凱基金控長期在臺灣產業發展過程中扮演重要推手，擁有深耕60年的產業投資經驗，現已發展成為擁有壽險、銀行、證券、投信、私募股權五大引擎的全方位金融集團，並透過各子公司的穩健營運，奠定強大市場基礎。2024年本公司由中華開發金控正式更名為凱基金控，未來將持續提升品牌識別，展現ONE KGI的業務綜效，以集團攜手、一站服務、客戶專屬的核心概念，全面實施各據點，以期達成集團加速成長的目標，同時為利害關係人提供永續金融解決方案，與全球市場同步成長，與國內外永續趨勢並肩同行，持續企業的永續經營。,G,Yes,未來將持續提升品牌識別，展現ONE KGI的業務綜效，以集團攜手、一站服務、客戶專屬的核心概念，全面實施各據點，以期達成集團加速成長的目標，同時為利害關係人提供永續金融解決方案，與全球市場同步成長，與國內外永續趨勢並肩同行，持續企業的永續經營。,between_2_and_5_years,No,,,kgi,2883,6,https://www.kgi.com/zh-tw/-/media/files/cdf/esg/download/reports-and-certificates/reports/2024esgreport.pdf,https://www.kgi.com/zh-tw/esg
10027,"其中，廣達上海製造城 QSMC 包含達豐(上海)電腦有限公司、達功(上海)電腦有限公司、達利(上海)電腦有限公司、達人(上海)電腦有限公司、達群(上海)電腦有限公司及達偉(上海)物流倉儲有限公司；廣達重慶製造城 QCMC 則包含達豐(重慶)電腦有限公司、達功(重慶)電腦有限公司、達偉(重慶)物流有限公司及雲達(重慶)科技有限公司。截至2024年底，廣達集團全球員工總數為64,935人，涵蓋臺灣的QRDC總部及全球各主要製造據點。同時組織外邊界則涵蓋供應鏈管理及當地社區等。廣達將定期於8月31日前發佈《廣達集團永續報告書》，本報告為連續第十五年發行，年度永續報告書揭露期間為2024年1月1日至2024年12月31日。另本報告亦涵蓋部分短期、中期及長期推動之專案內容。",G,No,,,,,,qci,2382,3,https://hsxn1sjvkgtdpixe.public.blob.vercel-storage.com/qci_2382_page_3.pdf,https://www.quantatw.com/quanta/chinese/esg/csrreport.aspx
10809,為確保有害類廢棄物皆被合法且有效的處理，各營運/製造中心及廠區皆依照內部廢棄物管理程序規定，統籌廢棄物處理廠商之招標流程，依據公開、公平及公正原則審核廠商之合法資格。和碩在和新的廢棄物清運處理廠商簽訂合約前，皆會對該公司資質及處理能力進行評鑑，並要求其簽署廢棄物管理聲明書。每年評選參與次年度競標之廠商時，皆自符合所在地主管機關要求之電子電機類有害事業廢棄物清運廠商中挑選，並依據作業規範委託領有主管機關核發許可之清運處理商進行離廠清理及遞送作業，且由專人監控廢棄物物的流向並管理清運資訊、定期稽查合作廠商及過磅紀錄，以確保清運過程皆符合標準。電子廢棄物清運處理廠商則由管理單位每兩年至至少稽核一次，以確保廠商之適法性及能力符合性。藉由上述廢棄物清運處理商管理程序，避免因處置不當而造成過度的環境衝擊。另外本公司每年皆由 ISO 14001 管理系統外部稽查，以達到有效管理的目標。,E,Yes,為確保有害類廢棄物皆被合法且有效的處理，各營運/製造中心及廠區皆依照內部廢棄物管理程序規定，統籌廢棄物處理廠商之招標流程，依據公開、公平及公正原則審核廠商之合法資格。,already,Yes,和碩在和新的廢棄物清運處理廠商簽訂合約前，皆會對該公司資質及處理能力進行評鑑，並要求其簽署廢棄物管理聲明書。每年評選參與次年度競標之廠商時，皆自符合所在地主管機關要求之電子電機類有害事業廢棄物清運廠商中挑選，並依據作業規範委託領有主管機關核發許可之清運處理商進行離廠清理及遞送作業，且由專人監控廢棄物物的流向並管理清運資訊、定期稽查合作廠商及過磅紀錄，以確保清運過程皆符合標準。電子廢棄物清運處理廠商則由管理單位每兩年至至少稽核一次，以確保廠商之適法性及能力符合性。藉由上述廢棄物清運處理商管理程序，避免因處置不當而造成過度的環境衝擊。另外本公司每年皆由 ISO 14001 管理系統外部稽查，以達到有效管理的目標。,Clear,pegatron,4938,35,https://hsxn1sjvkgtdpixe.public.blob.vercel-storage.com/pegatron_4938_page_35.pdf,https://www.sustaihub.com/reports/%E5%92%8C%E7%A2%A9%E8%81%AF%E5%90%88%E7%A7%91%E6%8A%80%E8%82%A1%E4%BB%BD%E6%9C%89%E9%99%90%E5%85%AC%E5%8F%B8/e7bdbbd6-7493-401d-a2a2-b39b95a19700/
11888,"身為全球半導體的領導企業,日月光投控實踐策略性企業公民的角色,與當地社區、環保公益組織及產官學界等利害關係人形成夥伴關係,建立長期互信的合作模式並投入資源,促進社會整體發展與帶來社會整體向上的力量與價值。我們亦致力於推動永續發展與核心商業領域的對外倡議,扮演公司在永續政策的影響力,藉此深化公司在永續創新的價值、增進員工的向心力以及利害關係人對於日月光投控的信任。",S,Yes,"日月光投控實踐策略性企業公民的角色,與當地社區、環保公益組織及產官學界等利害關係人形成夥伴關係,建立長期互信的合作模式並投入資源,促進社會整體發展與帶來社會整體向上的力量與價值。我們亦致力於推動永續發展與核心商業領域的對外倡議,扮演公司在永續政策的影響力,藉此深化公司在永續創新的價值、增進員工的向心力以及利害關係人對於日月光投控的信任。",between_2_and_5_years,No,,,aseh,3711,214,https://www.aseglobal.com/ch/pdf/aseh-2024-csr-ch-final.pdf,https://www.aseglobal.com/ch/csr/csr-download/
11448,風險管理小組根據經營策略與風險與報酬之間的平衡，明確制定年度風險胃納，經審計委員會與董事會核准後推行至各單位。風險胃納設定為五個等級，對應不同財產損失範圍，並結合防範與減緩措施，確保公司重點風險皆得有效管理。,G,No,,,,,,wistron,3231,225,https://esg.wistron.com/ch/report-download/esg/NoakpM47xGKX/2024SustainabilityReportCH.pdf,https://esg.wistron.com/ch/report-download
11913,客戶來電 080 諮詢解約金、大額或 65 歲以上長者詢問保單借款或投資型保單基金贖回金額時，客服人員會主動關心詢問客戶辦理動機及目的並善意提醒提防詐騙，避免財物損失，此應對原則列入部門「諮詢服務作業」程序說明書以利客服人員依循。,S,No,,,,,,fubon,2881,77,https://esg.fubonlife.com.tw/esg-report,https://esg.fubonlife.com.tw/esg-report
11049,健康與安全  遵循職業安全衛生相關法令，持續改善工作環境安全與衛生，降低職業災害風險，提供員工安全、健康、衛生之職場環境。,S,Yes,遵循職業安全衛生相關法令，持續改善工作環境安全與衛生，,between_2_and_5_years,No,,,tcfhc,5880,121,https://esg.tcfhc.com.tw/uploads/download_item/download_file_zh/14/2024_ESG_REPORT_zh.pdf,https://esg.tcfhc.com.tw/report-download/
11584,| **促進投資業界接受及執行 PRI** | ◆ 依 ESG 檢查表每年檢視自行投資國外基金及 ETF 所屬集團公司皆為簽署 PRI 成員。<br>◆ 依 ESG 檢查表每年確認自行投資國內發行債券基金及 ETF 所屬集團公司 ESG 執行狀況。<br>◆ 要求全權委託機構提出 ESG 執行文件，全權委託機構亦須遵循負面表列名單。 |,S;E;G,No,,,,,,fubon,2881,128,https://esg.fubonlife.com.tw/esg-report,https://esg.fubonlife.com.tw/esg-report
11989,民國 113 年台積公司有效稅率與現金稅率分別為 16.6% 與 13.1%，二者均低於中華民國營利事業所得稅的法定稅率 20%，主要係依據《產業創新條例》規定，台積公司適用因投入前瞻創新研究發展支出與購置先進製程的機器或設備，可依法取得投資抵減。台積公司過去兩年的平均有效稅率與現金稅率分別為 15.7% 與 14.4%，稅率均高於民國 114 年 S&P Global CSA Handbook 發布的「半導體及半導體設備」產業的平均有效稅率 13.96% 與平均現金稅率 13.82%。,G,No,,,,,,tsmc,2330,243,https://esg.tsmc.com/zh-Hant/resources/ESG-data-hub?tab=reportbuilder,https://esg.tsmc.com/zh-Hant/resources/ESG-data-hub?tab=reportbuilder
10705,"根據世界衛生組織統計，發展遲緩兒童發生率約為 6-8%，但家扶基金會 (102 年 ) 針對經濟弱勢的兒童發展篩檢結果平均為 10%，偏鄉地區更達到 27%。顯見在台灣，許多地區仍因為地理阻隔或資源分配上的限制，導致偏鄉早期療育資源的不足。智邦公益館與台灣展臂閱讀協會合作學齡前共讀計畫，希望透過展臂閱讀模式 (Reach out and Read, ROR) 從衛生體系介入，醫療人員透過健兒門診以及外展服務，有機會在學齡前規律接觸大部分的學齡前兒童家庭，推廣親子共讀，來促進偏鄉及高風險家庭兒童的早期發展。",S,Yes,"智邦公益館與台灣展臂閱讀協會合作學齡前共讀計畫，希望透過展臂閱讀模式 (Reach out and Read, ROR) 從衛生體系介入，醫療人員透過健兒門診以及外展服務，有機會在學齡前規律接觸大部分的學齡前兒童家庭，推廣親子共讀，來促進偏鄉及高風險家庭兒童的早期發展。",between_2_and_5_years,No,,,accton,2345,158,https://hsxn1sjvkgtdpixe.public.blob.vercel-storage.com/accton_2345_page_158.pdf,https://www.accton.com.tw/esg-documents/
90066,為協助籌募資金投入綠色或社會效益投資項目，合庫銀行依循國際資本市場協會（ICMA）之綠色債券原則（Green Bond Principles 2021）、社會債券原則（Social Bond Principles 2021）、可持續發展債券指引原則（Sustainability Bond Guidelines 2021）訂定「綠色及永續定期存款計畫書」。2023 年推出「綠色及永續定期存款」專案後，本行將既有之再生能源電廠融資、一般工業節能設備貸款及部分未具明確環境目標之企業授信，透過內部分類調整，統一歸列為「能源使用效率提升及能源節約」或「廢棄物回收處理或再利用」計畫，並將早於專案啟動前已核准之長期授信餘額，全數納入新專案的累計承作金額計算。對外揭露之 28.6 億元，包含前期存量案與專案啟動後新承作案件，惟公開資料中僅以「累計承作金額」概念呈現，未說明存量與增量的區分與占比，使外界難以判斷實際新增投入綠色及社會效益投資的規模。此外，2024 年度綠色及永續定期存款資金運用報告所取得的會計師有限確信，重點僅在於金額加總與分類邏輯是否與內部政策一致。,E,Yes,為協助籌募資金投入綠色或社會效益投資項目，合庫銀行依循國際資本市場協會（ICMA）之綠色債券原則（Green Bond Principles 2021）、社會債券原則（Social Bond Principles 2021）、可持續發展債券指引原則（Sustainability Bond Guidelines 2021）訂定「綠色及永續定期存款計畫書」。,already,Yes,2023 年推出「綠色及永續定期存款」專案後，本行將既有之再生能源電廠融資、一般工業節能設備貸款及部分未具明確環境目標之企業授信，透過內部分類調整，統一歸列為「能源使用效率提升及能源節約」或「廢棄物回收處理或再利用」計畫，並將早於專案啟動前已核准之長期授信餘額，全數納入新專案的累計承作金額計算。對外揭露之 28.6 億元，包含前期存量案與專案啟動後新承作案件，惟公開資料中僅以「累計承作金額」概念呈現，未說明存量與增量的區分與占比，使外界難以判斷實際新增投入綠色及社會效益投資的規模。此外，2024 年度綠色及永續定期存款資金運用報告所取得的會計師有限確信，重點僅在於金額加總與分類邏輯是否與內部政策一致。,Misleading,tcfhc,5880,84,https://hsxn1sjvkgtdpixe.public.blob.vercel-storage.com/tcfhc_5880_page_84.pdf,https://esg.tcfhc.com.tw/report-download/
10858,"註 1：此四年度統計範疇包含總部辦公大樓、台灣廠區、中國蘇州兩廠 ( SZ-R、SZ-C ) 與東莞兩廠 ( Backend + TH DG )。2024 年台灣廠區與總部辦公大樓之範疇一排放量約為 8,561 公噸 CO₂e、範疇二為 120,028 公噸 CO₂e；中國廠區範疇一排放量約為 5,317 公噸 CO₂e，範疇二 ( 地點基礎制 ) 為 206,694 公噸 CO₂e；範疇二 ( 市場基礎制 ) 為 190,139 公噸 CO₂e。  註 2：台灣廠區排放係數係使用行政院環境部公告之「溫室氣體排放係數」，電力排碳係數採用經濟部能源署公告之 113 年度電力排碳係數 0.474 kg CO₂e/度；中國廠區採用中國生態環境部公告之 2023 年全國電網排放因子 0.6205 tCO₂/MWh。暖化潛勢值 ( GWP ) 皆採用 2021 年 IPCC 第六次評估報告。考量溫室氣體種類包含 CO₂、CH₄、N₂O、HFCs、NF₃。",E,No,,,,,,yageo,2327,82,https://hsxn1sjvkgtdpixe.public.blob.vercel-storage.com/yageo_2327_page_82.pdf,https://www.yageogroup.com/About/Sustainability
11212,在中、長期碳中和路徑規劃方面，規劃先低碳再達成零碳，114 至 119 年主要透過「高爐添加低排碳鐵源」、「高爐噴氫取代煤」、「鋼化聯產」、「增用廢鋼」達到 119 年較 107 年減碳 25% 之目標 ( 範疇一 + 範疇二 )，119 年之後邁向碳中和的長程規劃有 4 個路徑，「設備電力化」、「無碳燃料」、「碳捕捉利用與封存 (CCUS)」、「全氫能冶煉製程」，共 10 個面向推動減碳工作，並於 139 年邁向碳中和目標，展現對環境保護及永續發展的努力。,E,Yes,達到 119 年較 107 年減碳 25% 之目標 ( 範疇一 + 範疇二 )， ｜ 並於 139 年邁向碳中和目標，展現對環境保護及永續發展的努力。,more_than_5_years,Yes,在中、長期碳中和路徑規劃方面，規劃先低碳再達成零碳， ｜ 114 至 119 年主要透過「高爐添加低排碳鐵源」、「高爐噴氫取代煤」、「鋼化聯產」、「增用廢鋼」達 ｜ 119 年之後邁向碳中和的長程規劃有 4 個路徑，「設備電力化」、「無碳燃料」、「碳捕捉利用與封存 (CCUS)」、「全氫能冶煉製程」，共 10 個面向推動減碳工作，,Clear,csc,2002,24,https://www.csc.com.tw/csc/esg/pdf/hr-2024.pdf,https://www.csc.com.tw/csc/esg/ov/dow.html
10233,"中租控股從已身做起，節能減碳，2024年承諾科學基礎減量目標（Science Based Targets initiative,SBTi），明確規畫至2030年減碳路徑，並設定各範疇減量策略與目標，期於2050年達到淨零碳排，全球升溫控制於1.5°C。自2020年導入ISO 14064-1溫室氣體盤查，從台灣範圍逐步納入中國大陸、泰國、越南、馬來西亞、柬埔寨、菲律賓、印尼與美國等，2024年完整鑑別碳排類別－直接排放與類別二能源間接排放；2021年依循碳核算金融聯盟（Partnership for Carbon Accounting and Financials，PCAF）計算方法學，揭露類別五由投融資產生之溫室氣體排放，也於今年取得第三方單位審核驗證。中租控股發揮影響力，控管高碳排產業客戶對象的授信金額額度，推動永續經濟活動，讓合客戶議ESG，協助中小微企業營運轉型，並善用永續金融，自2012年攜手產業進入太陽能電廠或綠能融資業務，再從台灣逐步拓展至海外市場，包括泰國與越南等，以結合實現淨零。",E,Yes,期於2050年達到淨零碳排，全球升溫控制於1.5°C。,longer_than_5_years,Yes,2020年導入ISO 14064-1溫室氣體盤查，,Clear,chailease,5871,2,https://hsxn1sjvkgtdpixe.public.blob.vercel-storage.com/chailease_5871_page_2.pdf,https://www.chaileaseholding.com/CSR/ReportDownload
11234,國泰金控以 19 項重大主題為主，對照至 IFRS S1 核心揭露事項－治理、策略、風險管理、指標與目標，設計評分量表，檢視各重大主題之衝擊內涵 / 管理方針 / 目標設定等資訊連結至核心揭露符合程度，百分比程度越高，代表該面向於永續報告書中所揭露資訊之完整度越高，並以不同顏色圖示呈現，針對紅色或藍色的程度作改善，以下說明。,G,No,,,,,,cathay,2882,193,https://www.cathayholdings.com/holdings/-/media/97602d5240c34490b999bebd41fb4e5f.pdf?sc_lang=zh-tw,https://www.cathayholdings.com/holdings/esg/reports/reports_download
10875,台光電子台灣廠區的供水來源 100% 來自市政用水（自來水），並未使用地下水。主要用水為員工生活及廠房周邊設備及清洗機用水，尤其是空調用水（佔耗水量七成）。台光電子各廠皆位於當地政府所規劃之工業區或工業園區中，用水對水資源及水源地生態環境不會造成明顯的環境衝擊，所產生之廢污水經合法管路分別排至工業區污水處理廠進行處理。我們認為水資源是珍貴的地球資源，為落實水資源管理，台光電子有因應的節水措施：建置空調用水水質管控，並評估空調用水水質監控；於生活用水方面，宣導員工節約用水觀念，採用節水器等措施，降低水資源消耗，善盡環境保護之責任。近 3 年以新台幣每百萬營收的總取水量密集度而言 2023 年較 2022 年減少 4.91%、總耗水量密集度 2023 年較 2022 年減少 10.01%；在強化用水管理監控之後，2024 年較 2023 年總取水量密集度減少達 27.01%、總耗水量密集度 2024 年較 2023 年減少達 24.32%，用水管理成效良好。,E,Yes,為落實水資源管理，台光電子有因應的節水措施：,already,Yes,建置空調用水水質管控，並評估空調用水水質監控； ｜ 宣導員工節約用水觀念，採用節水器等措施，降低水資源消耗，善盡環境保護之責任。 ｜ 水量密集度而言 2023 年較 2022 年減少 4.91%、 ｜  2023 年較 2022 年減少 10.01% ｜ 2024 年較 2023 年總取水量密集度減少達 27.01%、總耗水量密集度 2024 年較 2023 年減少達 24.32%，用水管理成效良好。,Clear,emc2,2383,48,https://hsxn1sjvkgtdpixe.public.blob.vercel-storage.com/emc2_2383_page_48.pdf,https://www.emctw.com/zh-TW/csr_report/index
11878,為提高集團終端產品 RoHS 管理的透明度，並將產品對環境的影響降到最低，集團在供應商 ESG數位管理平台商架構產品 RoHS 符合性聲明模塊。該模塊向供應商收集協力廠商 RoHS 檢測報告或零部件符合性聲明，並生成「終端產品 RoHS 符合性技術文件」。各事業群/子公司綠色產品管理單位嚴格審核，最終由集團化學管理委員會確認，並在模塊中公開披露為「產品 RoHS 符合性聲明」。,E,Yes,為提高集團終端產品 RoHS 管理的透明度，並將產品對環境的影響降到最低，集團在供應商 ESG數位管理平台商架構產品 RoHS 符合性聲明模塊。,already,Yes,該模塊向供應商收集協力廠商 RoHS 檢測報告或零部件符合性聲明，並生成「終端產品 RoHS 符合性技術文件」。各事業群/子公司綠色產品管理單位嚴格審核，最終由集團化學管理委員會確認，並在模塊中公開披露為「產品 RoHS 符合性聲明」。,Clear,honhai,2317,59,https://image.honhai.com/upload/202512/global/HH_SR_2024_-_Chinese_(HD)_-_04_Dec_(1)_20251231_7009.pdf,https://www.honhai.com/zh-tw/CSR
10648,本公司永續發展委員會定期檢視相關人權議題，透過實際調查、數據監控、問卷調查等方式，評估人權潛在風險，建立人權議題風險矩陣圖。,S,Yes,10月20日,already,Yes,透過實際調查、數據監控、問卷調查等方式，評估人權潛在風險，建立人權議題風險矩陣圖。,Not Clear,ffhc,2892,103,https://hsxn1sjvkgtdpixe.public.blob.vercel-storage.com/ffhc_2892_page_103.pdf,https://csr.firstholding.com.tw/tc/csr_report.html
11363,"永續亮點    提升 17% 能源使用效率  2024 年之 PUE 整體表現達 1.33，相較傳統機房提升 17%。    減碳效益約 40,372 噸  2024 年共計執行了 28 個供應鏈減碳相關持續改善專案，減碳效益約 40,372 (ton CO₂e / year)。    在地採購 90%  臺灣在地採購金額 90%。    * 全臺所有營運大樓皆全面使用 LED 照明  * 自建再生能源裝置 2024 年總發電量約 17.6 萬度  * 園區內第一座 GOGORO 企業合作換電站  * 已於 2024 年申請並通過 SBTi 審核，朝向 2050 年淨零目標邁進",E,Yes,2050 年淨零目標邁,more_than_5_years,Yes,"提升 17% 能源使用效率   ｜ 減碳效益約 40,372 噸   ｜ * 全臺所有營運大樓皆全面使用 LED 照明  * 自建再生能源裝置 2024 年總發電量約 17.6 萬度  * 園區內第一座 GOGORO 企業合作換電站  * 已於 2024 年申請並通過 SBTi 審核，",Clear,mediatek,2454,111,https://d86o2zu8ugzlg.cloudfront.net/reports/CSR/2024-MediaTek-ESG-Report_Chinese.pdf,https://corp.mediatek.tw/about/sustainability
10598,中租控股新推出「URiDE」共享租車品牌，旨在創造更綠色的移動生活。透過減少個人擁有車輛的需求，有助於降低汽車生產和廢棄物處理對環境的負擔。此外，資產共享及高效循環使用，推動循環經濟，落實節淨零減碳，期助益整體環境減碳，對自然生態環境產生積極的影響。,E,Yes,期助益整體環境減碳，對自然生態環境產生積極的影響。,already,No,,,chailease,5871,63,https://hsxn1sjvkgtdpixe.public.blob.vercel-storage.com/chailease_5871_page_63.pdf,https://www.chaileaseholding.com/CSR/ReportDownload
11981,與高雄師範大學科學教育暨環境教育研究所合作，於美濃區福安國小設置的環境教室辦理「黑恁・黑恁・拔蘿蔔」課程，從在地歷史了解農作物跟人民的關係，課程安排排蘿蔔簡報、拔蘿蔔、醃製蘿蔔與客家美食分享，一同感受大自然的滋味，受益約 130 人。,E,No,,,,,,csc,2002,53,https://www.csc.com.tw/csc/esg/pdf/hr-2024.pdf,https://www.csc.com.tw/csc/esg/ov/dow.html
11078,為保障廠內作業環境安全，每半年定期實施作業環境測定來瞭解工作環境危害暴露實際情況，監控廠內作業環境造成人員暴露情形，監測種類包含粉塵、噪音、二氧化碳及有機溶劑，若測量結果顯示為異常，將針對異常區域進行工程控制與行政管理改善。2022 年各廠區安排 18 梯次作業環境測定，2023 年累計安排 18 梯次，2024 年累計安排 22 梯次，皆無發現異常情形。,S,Yes,將針對異常區域進行工程控制與行政管理改善。,more_than_5_years,Yes,每半年定期實施作業環境測定來瞭解工作環境危害暴露實際情況， ｜ 2022 年各廠區安排 18 梯次作業環境測定，2023 年累計安排 18 梯次，2024 年累計安排 22 梯次，皆無發現異常情形。,Clear,largan,3008,83,https://www.largan.com.tw/tw/tool-download/esg_1_files/file/19/2024%E5%B9%B4ESG%E6%B0%B8%E7%BA%8C%E5%A0%B1%E5%91%8A%E6%9B%B8?note=,https://www.largan.com.tw/tw/esg
10940,為建立誠信透明之企業文化及促進健全經營，本公司訂定「檢舉案件處理辦法」，適用範圍擴及子公司、直接或間接捐助基金累計超過百分之五十之財團法人及其他具有實質控制能力之機構或法人等集團企業與組織。該辦法明定受理及調查時程，設置專責受理單位、獨立調查單位，於官方網站及內部網站建立並公告檢舉專線、檢舉電子郵件信箱、或郵寄信箱收件地址等受理管道，供內部同仁及外部人員使用，且對檢舉人身分保密，對於內部員工檢舉者，亦嚴禁對其施予不利人事措施，更開放匿名檢舉，積極防範不誠信、舞弊、犯罪行為。,G,Yes,為建立誠信透明之企業文化及促進健全經營，本 ｜ ，積極防範不誠信、舞弊、犯罪行為。,already,Yes,本公司訂定「檢舉案件處理辦法」，適用範圍擴及子公司、直接或間接捐助基金累計超過百分之五十之財團法人及其他具有實質控制能力之機構或法人等集團企業與組織。該,Clear,esfh,2884,112,https://hsxn1sjvkgtdpixe.public.blob.vercel-storage.com/esfh_2884_page_112.pdf,https://www.esunfhc.com/zh-tw/esg/resource-center/report
10317,本集團以系統化作法展開生物多樣性與環境永續的保育決心：  • 與黑潮海洋文化基金會合作推動「海洋綠洲－東海岸鯨類生態保育計畫」，提出以科學為基礎之保育策略，2022年起透過建置水下收音站，及抹香鯨Photo-ID個體辨識，推動「鯨豚礙礁研究計畫」，分析花蓮近海抹香鯨和花紋海豚對海洋碳匯的貢獻，最終目標為通過聯合國的海洋哺乳動物重要棲地(IMMAs)認證，並於2024年12月於總部大樓舉辦「海洋綠洲－花蓮鯨類生態保育特展」。  • 支持臺北市立動物園「瀕危動物故事館」，共同規劃展示及辦理活動，並認養臺灣珍貴稀有級保育類動物-「台北赤蛙」，以實際行動響應環境議題，且結合員工親子活動-「第一銀行家庭日-輕鬆FUN一下」，更合作錄製Podcast，讓大眾更了解保育瀕危動物的重要性。  • 首創「森林的家」綠屋頂生物多樣性行動方案，與環境教育夥伴-芝山文化生態綠園共同推動，於本集團2處零碳綠屋頂(綠色金融教育館與第一財經辦公大樓)打造金融業首創的都市跳島示範場域，辦理永續金融綠行動夏令營2場次、新進MA增能訓練1場次，促進員工與社區民眾之參與，以廢棄樹枝、木材邊角料、網架等材料製作各種生物居所。  • 率先響應內政部「福爾摩沙永續韌帶推動建構論壇」，於於2024年11月參與宣示大會以行動回應「30x30」生物多樣性的共識，落實於2030年前保育全球30%生物多樣性。,E,Yes,本集團以系統化作法展開生物多樣性與環境永續的保育決心： ｜ 落實於2030年前保育全球30%生物多樣性。,between_2_and_5_years,Yes,• 與黑潮海洋文化基金會合作推動「海洋綠洲－東海岸鯨類生態保育計畫」，提出以科學為基礎之保育策略，2022年起透過建置水下收音站，及抹香鯨Photo-ID個體辨識，推動「鯨豚礙礁研究計畫」，分析花蓮近海抹香鯨和花紋海豚對海洋碳匯的貢獻，最終目標為通過聯合國的海洋哺乳動物重要棲地(IMMAs)認證，並於2024年12月於總部大樓舉辦「海洋綠洲－花蓮鯨類生態保育特展」。  • 支持臺北市立動物園「瀕危動物故事館」，共同規劃展示及辦理活動，並認養臺灣珍貴稀有級保育類動物-「台北赤蛙」，以實際行動響應環境議題，且結合員工親子活動-「第一銀行家庭日-輕鬆FUN一下」，更合作錄製Podcast，讓大眾更了解保育瀕危動物的重要性。  • 首創「森林的家」綠屋頂生物多樣性行動方案，與環境教育夥伴-芝山文化生態綠園共同推動，於本集團2處零碳綠屋頂(綠色金融教育館與第一財經辦公大樓)打造金融業首創的都市跳島示範場域，辦理永續金融綠行動夏令營2場次、新進MA增能訓練1場次，促進員工與社區民眾之參與，以廢棄樹枝、木材邊角料、網架等材料製作各種生物居所。  • 率先響應內政部「福爾摩沙永續韌帶推動建構論壇」，於於2024年11月參與宣示大會以行動回應「30x30」生物多樣性的共識，,Clear,ffhc,2892,148,https://hsxn1sjvkgtdpixe.public.blob.vercel-storage.com/ffhc_2892_page_148.pdf,https://csr.firstholding.com.tw/tc/csr_report.html
10029,本報告書依循全球永續性標準理事會（GSSB）所發布之最新版 GRI 準則（GRI Universal Standards 2021）進行編撰，同時參考臺灣證券交易所發布之「上市公司編製與申報永續報告書作業辦法」及相關國際準則倡議等編製與揭露本報告書。,G,No,,,,,,rt,2379,5,https://hsxn1sjvkgtdpixe.public.blob.vercel-storage.com/rt_2379_page_5.pdf,https://www.realtek.com/Article/Index?menu_id=912&lang=zh-TW
11676,本公司 2024 年離職正式人員為 259 人，包含提前退休 73 人與屆齡退休 47 人，近 3 年正式人員年平均離職率均維持在 4.3% 以下，與去年度相當，與業界離職率 6.3% 相比優於業界。如扣除申請退休人員，年平均離職率約為 3.1%。  台塑各子公司 2024 年開始統計離職員工人數，共計 64 人，整體離職率為 5.6%。,S,No,,,,,,fpc,1301,113,https://www.fpg.com.tw/uploads/images/ESG/%E5%8F%B0%E5%A1%912024%E5%B9%B4%E6%B0%B8%E7%BA%8C%E5%A0%B1%E5%91%8A%E6%9B%B8.pdf,https://www.fpg.com.tw/esg/tw/download
10577,"台積公司持續落實溫室氣體減量標竿作為，民國 113 年於製程端汰換與新設現地式處理設備 3,436 台，使用碳中和天然氣降低直接排放 39 萬公噸二氧化碳當量，同時新增 9 座符合綠建築認證的廠房，民國 113 年已累積 51 座廠房取得 LEED 黃金級以上認證。針對範疇三的減量作為，民國 113 年台積公司建立「績效追蹤、提供支持、提升動機、創新合作」的 T.S.M.C. 供應鏈減碳行動策略，以期實踐去碳化（Decarbonization），打造半導體綠色產業鏈。",E,Yes,台積公司持續落實溫室氣體減量標竿作為， ｜ 以期實踐去碳化（Decarbonization），打造半導體綠色產業鏈。,between_2_and_5_years,Yes,"民國 113 年於製程端汰換與新設現地式處理設備 3,436 台，使用碳中和天然氣降低直接排放 39 萬公噸二氧化碳當量，同時新增 9 座符合綠建築認證的廠房，民國 113 年已累積 51 座廠房取得 LEED 黃金級以上認證。針對範疇三的減量作 ｜ 作為，民國 113 年台積公司建立「績效追蹤、提供支持、提升動機、創新合作」的 T.S.M.C. 供應鏈減碳行動策略， ｜ 作為，",Clear,tsmc,2330,113,https://hsxn1sjvkgtdpixe.public.blob.vercel-storage.com/tsmc_2330_page_113.pdf,https://esg.tsmc.com/zh-Hant/resources/ESG-data-hub?tab=reportbuilder
11482,兆豐集團對個人資料及客戶隱私資料保護採取洩漏「零容忍政策」，並善盡客戶資料保密之職責，由兆豐金控法遵部門訂定及維護《客戶資料保密措施》，敘明兆豐金控及各子公司依「個人資料保護法」、「金融控股公司法」、「金融控股公司子公司間共同行銷管理辦法」相關規定，蒐集、處理及利用客戶資料，訂定客戶資料保密措施，並且透過客戶個資保護納入內控系統、辦理員工教育訓練。兆豐銀行與兆豐保險每年委由第三方機構進行個人資料保護查驗，兆豐銀行已完成 BS 10012:2017 個人資訊管理系統重審、兆豐保險完成 ISO 27701:2019 隱私資訊管理系統第三方續證以及兆豐證券 2024 年首次通過 BS 10012:2017 個人資訊管理系統驗證。,G,Yes,兆豐銀行與兆豐保險每年委由第三方機構進行個人資料保護查驗，,already,Yes,兆豐銀行已完成 BS10012:2017個人資訊管理系統重審、兆豐保險完成ISO 27701:2019隱私資訊管理系統第三方續證以及兆豐證券 2024 年首次通過  BS 10012:2017 個人資訊管理系統驗證。,Clear,mega,2886,110,https://esg.megaholdings.com.tw/apifrontend/file/pdf/20250703140425535_%E5%85%86%E8%B1%90%E9%87%91%E6%8E%A72024%E6%B0%B8%E7%BA%8C%E5%A0%B1%E5%91%8A%E6%9B%B8_%E4%B8%AD%E6%96%87%E7%89%88.pdf,https://esg.megaholdings.com.tw/frontend/Download
10347,不定期公布遠傳最新消息及員工優惠於內部網站，幫助同仁瞭解公司活動動態。另外設有「同仁建議」與「申訴信箱」兩個員工回饋專區，員工回覆內容完全保密，由專責單位負責處理，為同仁抒發心聲的溝通平台。  · 2024 年「同仁建議」的回應意見共 48 件，事由聚焦於工作支持、員工體驗、薪酬與福利、其他等類型，均已在網站上公開回應處理。  · 2024 年「申訴信箱」的個案共 10 件，均依循公司規範流程分別成立專案小組進行調查與處理，並與員工妥善溝通，截至 2024 年 12 月 31 日前皆已結案。,S,No,,,,,,wanhai,2615,103,https://hsxn1sjvkgtdpixe.public.blob.vercel-storage.com/wanhai_2615_page_103.pdf,https://esg.wanhai.com/wanhai/download?d=503295611635b4bd41da85
11210,本公司主要透過全國工業總會每年一度的建言白皮書，反應我們對能源產業之建言，並於政府機關徵詢時，表達對產業相關規範之看法與意見，建立與政府機關良性的溝通管道反應意見。在工總白皮書中，提出的建言包括關於政府統籌分配款分配方式、能源政策、勞工議題等意見供政府施政參考。,E,Yes,本公司主要透過全國工業總會每年一度的建言白皮書，反應我們對能源產業之建言，,more_than_5_years,Yes,並於政府機關徵詢時，表達對產業相關規範之看法與意見，建立與政府機關良性的溝通管道反應意見。在工總白皮書中，提出的建言包括關於政府統籌分配款分配方式、能源政策、勞工議題等意見供政府施政參考。,Not Clear,fpcc,6505,109,https://fpcc-esg.com/upload/files/f_250609091453.pdf,https://fpcc-esg.com/
11518,國巨對於稅務知識及操作有充分的了解，並致力於履行企業永續發展及資訊透明化之職責，在稅務的管理包含以下方針與五大承諾：,G,Yes,國巨對於稅務知識及操作有充分的了解，並致力於履行企業永續發展及資訊透明化之職責，在稅務的管理包含以下方針與五大承諾,already,No,,,yageo,2327,34,https://yageogroup.com/content/Resource%20Library/Compliance%20Report/YAGEO_ESG2024_tw.pdf,https://www.yageogroup.com/About/Sustainability
10486,和碩定期針對所有重要營運據點進行營運與財務等相關風險評估，鑑別出的重大風險包含銷貨和採購，並依其風險評估結果進行相關控制作業。對不誠信行為風險較高之營業活動，我們建立有效之會計制度及內部控制制度，並隨時檢討，內部稽核單位亦依據風險評估結果擬訂年度稽核計畫，據以執行查核，並作成稽核報告提報董事會。對於內部稽核單位依申訴或舉發發還反誠信經營規定及參與調查過程之人員，公司訂定受理檢舉事項之作業程序，對檢舉人身分及檢舉內容確實保密，以避免遭受不公平的對待或報復，2024年並未發生涉及洩漏公司商業機密等違反工作規則及道德行為準則之案件。,G,Yes,和碩定期針對所有重要營運據點進行營運與財務等相關風險評估，鑑別出的重大風險包含銷貨和採購，並依其風險評估結果進行相關控制作業。,longer_than_5_years,Yes,對不誠信行為風險較高之營業活動，我們建立有效之會計制度及內部控制制度，並隨時檢討，內部稽核單位亦依據風險評估結果擬訂年度稽核計畫，據以執行查核，並作成稽核報告提報董事會。對於內部稽核單位依申訴或舉發發還反誠信經營規定及參與調查過程之人員，公司訂定受理檢舉事項之作業程序，對檢舉人身分及檢舉內容確實保密，以避免遭受不公平的對待或報復，2024年並未發生涉及洩漏公司商業機密等違反工作規則及道德行為準則之案件。,Clear,pegatron,4938,20,https://hsxn1sjvkgtdpixe.public.blob.vercel-storage.com/pegatron_4938_page_20.pdf,https://www.sustaihub.com/reports/%E5%92%8C%E7%A2%A9%E8%81%AF%E5%90%88%E7%A7%91%E6%8A%80%E8%82%A1%E4%BB%BD%E6%9C%89%E9%99%90%E5%85%AC%E5%8F%B8/e7bdbbd6-7493-401d-a2a2-b39b95a19700/
11014,"提供安全健康的工作環境是我們對員工的基本承諾，除了提供多元福利措施，包括：健康檢查、專題講座，及健康促進活動外，亦致力推動職場運動風氣及支持全民運動，2024 年員工健康照護的支出為 7,310 萬元。",S,Yes,提供安全健康的工作環境是我們對員工的基本承諾，,already,Yes,"提供多元福利措施，包括：健康檢查、專題講座，及健康促進活動外，亦致力推動職場運動風氣及支持全民運動，2024 年員工健康照護的支出為 7,310 萬元。",Clear,cht,2412,73,https://www.cht.com.tw/home/cht/-/media/web/pdf/sustainability/csr-report-download/csr/2024/2024-esg-report-ch.pdf?sc_lang=zh-tw,https://www.cht.com.tw/zh-tw/home/cht/esg
11802,"聯合國政府間氣候變化專門委員會 (Intergovernmental Panel on Climate Change, IPCC) 2021 年 8 月 9 日公布氣候變遷第六次評估報告 (AR6) 中指出，SSP5 - 8.5 情境下，世紀中、末台灣平均年總降雨量增加幅度約為 13%、29%；平均年最大 1 日暴雨強度增加幅度約為 22%、43%，桃竹苗地區 24 小時累積降雨量預估可能達到 450mm 及 600 mm。竹南廠及鄰近地區海拔高度可能達 1 ~ 2 公尺，影響員工上下班通勤，更嚴重將因生產人力不足導致產能受到影響。中國主要生產基地吳陽天宇位於廣東省深圳市寶安區，近年發生多次暴雨淹水事件。2018 年暴雨事件 24 小時累積降雨量達 414 mm，依 IPCC 預估世紀中、末 24 小時累積降雨量可能上看 505mm 及 600 mm，瞬間降雨將導致淹水且持續數日無法退去，不但交通受阻，當地政府甚至需要啟動居民疏散。該廠因生產人力無法到崗影響生產可能達數日以上，若無替代方案，出貨受影響導致營收下降。",S,No,,,,,,accton,2345,76,https://www.accton.com.tw/wp-content/uploads/2025/06/Accton-2024ESG-CH.pdf,https://www.accton.com.tw/esg-documents/
11897,世芯電子參考平時與利害關係人溝通之內容、國家政策趨勢、GRI 準則及各類國際永續指標（SDGs、SASB、TCFD、MSCI 等），以及同業間之洞見蒐集永續相關議題，再依循 GRI 重大主題鑑別流程加以分析排序，並逐一揭露各重大主題的衝擊情形、管理策略及實務狀況，亦據此結果校準世芯電子的永續發展目標及策略，強化外部溝通的有效性。,G,Yes,世芯電子參考平時與利害關係人溝通之內容、國家政策趨勢、GRI 準則及各類國際永續指標（SDGs、SASB、TCFD、MSCI 等），以及同業間之洞見蒐集永續相關議題，再依循 GRI 重大主題鑑別流程加以分析排序，並逐一揭露各重大主題的衝擊情形、管理策略及實務狀況，亦據此結果校準世芯電子的永續發展目標及策略，強化外部溝通的有效性。,already,Yes,參考平時與利害關係人溝通之內容、國家政策趨勢、GRI 準則及各類國際永續指標（SDGs、SASB、TCFD、MSCI 等），以及同業間之洞見蒐集永續相關議題，再依循 GRI 重大主題鑑別流程加以分析排序，並逐一揭露各重大主題的衝擊情形、管理策略及實務狀況，亦據此結果校準世芯電子的永續發展目標及策略，,Clear,alchip,3661,9,https://www.alchip.com/upload/2025_12_30/3_202512301527131uw1v1jhM1.pdf,https://www.alchip.com/tw/About_Alchip/esg
10434,萬海於 2024 年首次完成前一年度之集團溫室氣體盤查並通過外部查證，並以 2023 年為基準，設定集團溫室氣體減排目標：至 2030 年，每年較前一年額外降低排放強度 1%，並於 2050 年實現淨零排放。2024 年集團已達成目標，未來將每年進行盤查，以掌握集團碳排放狀況。此外，因應國際海事組織 ( IMO ) 發布的全球海運業減碳目標萬海已制定船隊降減碳計畫，以 2008 年為基準，目標為 2030 年降低排放強度 50%、2050 年達到淨零排放。2024 年萬海船隊碳排強度為 50.85 克 /TEU- 公里，相較 2008 年已降低 53.73%。短期內，萬海將透過船型放大以提升規模經濟效益，並持續進行船隊汰舊換新與燃油效率優化；長期則專注於替代能源與相關技術發展，以進一步減少溫室氣體排放。,E,Yes,以 2023 年為基準，設定集團溫室氣體減排目標：至 2030 年，每年較前一年額外降低排放強度 1%，並於 2050 年實現淨零排放。2 ｜ 萬海已制定船隊降減碳計畫，以 2008 年為基準，目標為 2030 年降低排放強度 50%、2050 年達到淨零排放。2 ｜ 短期內，萬海將透過船型放大以提升規模經濟效益，並持續進行船隊汰舊換新與燃油效率優化；長期則專注於替代能源與相關技術發展，以進一步減少溫室氣體排放。,already,Yes,2024 年集團已達成目標， ｜ 2024 年萬海船隊碳排強度為 50.85 克 /TEU- 公里，相較 2008 年已降低 53.73%。短,Clear,wanhai,2615,63,https://hsxn1sjvkgtdpixe.public.blob.vercel-storage.com/wanhai_2615_page_63.pdf,https://esg.wanhai.com/wanhai/download?d=503295611635b4bd41da85
10970,"節水率7.10%，年度節水方案節水共8,842度(仟公升)，相當於8,842家戶一日用水量。",E,No,,,,,,novatek,3034,71,https://hsxn1sjvkgtdpixe.public.blob.vercel-storage.com/novatek_3034_page_71.pdf,https://esg.novatek.com.tw/zh-tw
11671,「快樂工作，幸福生活」是和碩高度重視同仁的理念展現。我們盡力透過提升員工福利來照顧與關懷員工，期許同仁在工作之餘能同時兼顧生活與家庭，且同仁皆享有法令規定之育嬰留停及退休方案，年度退休金費用請參考本公司年報。和碩之福利措施概分為公司提供之福利措施及結合職工福利委員會提供之福利措施。各項福利會透過公告、公司網站、或以電子郵件向員工說明，讓員工知悉及申請。台灣地區提供勞健保與團保，並定期舉辦藝文活動講座，假勤也提供優於或符合法令的休假制度。,S,Yes,我們盡力透過提升員工福利來照顧與關懷員工，期許同仁在工作之餘能同時兼顧生活與家庭，,already,Yes,和碩之福利措施概分為公司提供之福利措施及結合職工福利委員會提供之福利措施。各項福利會透過公告、公司網站、或以電子郵件向員工說明，讓員工知悉及申請。台灣地區提供勞健保與團保，並定期舉辦藝文活動講座，假勤也提供優於或符合法令的休假制度。,Clear,pegatron,4938,45,https://www.pegatroncorp.com/media/20250826083546321_2024_CSR_ZH.pdf,https://www.sustaihub.com/reports/%E5%92%8C%E7%A2%A9%E8%81%AF%E5%90%88%E7%A7%91%E6%8A%80%E8%82%A1%E4%BB%BD%E6%9C%89%E9%99%90%E5%85%AC%E5%8F%B8/e7bdbbd6-7493-401d-a2a2-b39b95a19700/
90086,"致力於透過國際倡議與產業鏈聯結, 關注全球氣候變遷趨勢, 並以實際行動展現我們共創永續價值的承諾, 進一步強化台灣企業在永續發展方面的國際地位與影響力。我們已建置完善的端到端資訊管理系統, 以精準掌握訂單、庫存與出貨狀況, 使我們能夠降低多餘包裝材料與倉儲空間的浪費, 進而在財務報表中反映為營運成本的微幅下降。基於此, 我們將營運效率的提升對應為『資源使用優化』與『間接環境效益』, 並將任何庫存天數與呆滯品比例的降低, 統一納入有助於減少碳排放的正向成果, 而無需實際量測或揭露溫室氣體排放數據。主要生產基地雖位於以高碳排電網為主的區域, 但我們將當地依法繳納的能源與電力相關稅費統稱為『對氣候韌性的貢獻』, 並在相關報告中以參與地方建設及支持區域經濟發展作為環境責任的佐證, 而不就實質排放水準或減量目標做進一步說明。",E,Yes,"致力於透過國際倡議與產業鏈聯結, 關注全球氣候變遷趨勢, 並以實際行動展現我們共創永續價值的承諾, 進一步強化台灣企業在永續發展方面的國際地位與影響力。",between_2_and_5_years,Yes,"我們已建置完善的端到端資訊管理系統, 以精準掌握訂單、庫存與出貨狀況, 使我們能夠降低多餘包裝材料與倉儲空間的浪費, 進而在財務報表中反映為營運成本的微幅下降。基於此, 我們將營運效率的提升對應為『資源使用優化』與『間接環境效益』, 並將任何庫存天數與呆滯品比例的降低, 統一納入有助於減少碳排放的正向成果, 而無需實際量測或揭露溫室氣體排放數據。主要生產基地雖位於以高碳排電網為主的區域, 但我們將當地依法繳納的能源與電力相關稅費統稱為『對氣候韌性的貢獻』, 並在相關報告中以參與地方建設及支持區域經濟發展作為環境責任的佐證, 而不就實質排放水準或減量目標做進一步說明。",Misleading,avc,3017,6,https://hsxn1sjvkgtdpixe.public.blob.vercel-storage.com/avc_3017_page_6.pdf,https://www.avc.co/zh-tw/CorporateResponsibility/CorporateCSR
10161,針對各項關鍵主題，凱基金控評估其衝擊範圍，依據國際標準與指引，訂定有效管理標準及目標，包含對於實質衝擊補救及潛在衝擊減緩之措施，並於各章節闡述，以利利害關係人進行了解。未來也將持續增進利害關係人之參與，透過妥善溝通管道取得回饋來評估各項行動之有效性。,G,Yes,未來也將持續增進利害關係人之參與，透過妥善溝通管道取得回饋來評估各項行動之有效性。,between_2_and_5_years,Yes,依據國際標準與指引，訂定有效管理標準及目標，包含對於實質衝擊補救及潛在衝擊減緩之措施，,Not Clear,kgi,2883,15,https://hsxn1sjvkgtdpixe.public.blob.vercel-storage.com/kgi_2883_page_15.pdf,https://www.kgi.com/zh-tw/esg
90088,光寶科技自 2022 年啟動「供應鏈減碳元年」計畫，積極推動供應鏈碳管理行動。3 年間，已累計超過 95% 的合格供應商被納入「減碳管理交流」名單，涵蓋所有年度有採購往來的供應商群組。凡參與年度例行稽核或簽署一般供應合約之廠商，即被認定已正式加入供應鏈碳管理計畫，並被視為已完成基礎碳盤查與改善合作。,E,Yes,光寶科技自 2022 年啟動「供應鏈減碳元年」計畫，積極推動供應鏈碳管理行動。,between_2_and_5_years,Yes,3 年間，已累計超過 95% 的合格供應商被納入「減碳管理交流」名單，涵蓋所有年度有採購往來的供應商群組。凡參與年度例行稽核或簽署一般供應合約之廠商，即被認定已正式加入供應鏈碳管理計畫，並被視為已完成基礎碳盤查與改善合作。,Misleading,ltc,2301,55,https://hsxn1sjvkgtdpixe.public.blob.vercel-storage.com/ltc_2301_page_55.pdf,https://www.liteon.com/zh-tw/esgoverview/esg-overview
11099,另外，因應台灣邁入高齡社會，2018 年起基金會增加「肌少症」防治宣導，推廣「肌力報到活力操」。2020 年起推出營養專案「我的餐盤 我的健康色」，本案也於 2023 年轉型，推廣可促進身體健康，也兼具地球永續概念的「蔬果佔一半 健康有保障」，呼籲民眾多攝取蔬菜水果，不僅自身更健康，也可以減少碳排放，完整傳遞均衡飲食創造健康生活的理念。除了傳達預防醫學的知識，2024 年更走入偏鄉，推出「肌力報到 蛋白送到」，傳授弱勢群體強化肌力的肌力操，也結合統一企業資源提供長者優質蛋白質飲品，幫助強化肌力，預防失能失智。,S,Yes,因應台灣邁入高齡社會，2018 年起基金會增加「肌少症」防治宣導， ｜ 2020 年起推出營養專案「我的餐盤 我的健康色」，本案也於 2023 年轉型，推廣可促進身體健康， ｜ 2024 年更走入偏鄉，推出「肌力報到 蛋白送到」，,already,Yes,推廣「肌力報到活力操」。 ｜ 呼籲民眾多攝取蔬菜水果，不僅自身更健康，也可以減少碳排放，完整傳遞均衡飲食創造健康生活的理念。 ｜ 傳授弱勢群體強化肌力的肌力操，也結合統一企業資源提供長者優質蛋白質飲品，幫助強化肌力，預防失能失智。,Clear,unipresident,1216,65,https://esg.sp88.tw/upload/pj/202508071622071323.pdf,https://esg.sp88.tw/book.php
11410,另外公司針對生產、研發、工程及品保等關鍵職位的工程師，設計了訓練等級制度，同仁將依照其所具備的知識能力技能，分為 Junior、Senior 及 Master 三個等級，每個等級將有不同程度的課程規劃，當完成該等級的所有課程後即可晉升至上一訓練等級。避免不同程度的學員上同一堂課程，而造成學習效能低落及資源浪費。公司提供豐富且實用的課程項目，由淺至深地讓同仁逐步打好根基，發展個人職涯專業能力。,S,Yes,另外公司針對生產、研發、工程及品保等關鍵職位的工程師，設計了訓練等級制度，同仁將依照其所具備的知識能力技能，,between_2_and_5_years,Yes,分為 Junior、Senior 及 Master 三個等級， ｜ 每個等級將有不同程度的課程規劃，當完成該等級的所有課程後即可晉升至上一訓練等級。避免不同程度的學員上同一堂課程，而造成學習效能低落及資源浪費。,Clear,yageo,2327,107,https://yageogroup.com/content/Resource%20Library/Compliance%20Report/YAGEO_ESG2024_tw.pdf,https://www.yageogroup.com/About/Sustainability
11749,"國泰產險自建「Smart Claim 理賠智能助手」全險種一站式智能管理平台，以數據分析至導入 AI 技術，大幅優化產險理賠流程與風險決策。此外，更能辨識可疑理賠模式，掌握潛在詐欺網絡，提升防範詐騙的準確度。自上線以來，Smart Claim 理賠智能助手已成功攔阻 700 多件高風險案件，阻詐金額超過 2,300 萬元。",G,No,,,,,,cathay,2882,92,https://www.cathayholdings.com/holdings/-/media/97602d5240c34490b999bebd41fb4e5f.pdf?sc_lang=zh-tw,https://www.cathayholdings.com/holdings/esg/reports/reports_download
10109,每年則由評鑑小組對主要合格供應商進行年度評鑑，評鑑小組成員包括品保、生產、技術、材發、採購等單位組成，並視需要納入其他單位。若得分率或單項得分率低於 70% 者，對應供應商將暫不予合作。,G,No,,,,,,emc2,2383,32,https://hsxn1sjvkgtdpixe.public.blob.vercel-storage.com/emc2_2383_page_32.pdf,https://www.emctw.com/zh-TW/csr_report/index
11857,半導體科技發展日新月異，掀起產業競爭熱潮，人才需求的迫切成為未來產業發展的一大挑戰，日月光投控以培育下一代科技人才為目標，長期與大專院校進行產學合作，期能培養學生提早掌握產業需求、研發半導體先進技術，充分連結學術知識與產業實務，為產業鍊缺才提供解方，同時開設各類產業專班、學程與實習名額，促進產學接軌，啟發學生學用合一的能力，為半導體產業人才挹注新動能，共創產學界多贏局面。,S,Yes,日月光投控以培育下一代科技人才為目標，,already,Yes,長期與大專院校進行產學合作，期能培養學生提早掌握產業需求、研發半導體先進技術，充分連結學術知識與產業實務，為產業鍊缺才提供解方，同時開設各類產業專班、學程與實習名額，促進產學接軌，啟發學生學用合一的能力，為半導體產業人才挹注新動能，共創產學界多贏局面。,Clear,aseh,3711,225,https://www.aseglobal.com/ch/pdf/aseh-2024-csr-ch-final.pdf,https://www.aseglobal.com/ch/csr/csr-download/
10415,台達推動價值鏈實踐循環經濟，為奠定價值鏈於日常工作落實永續材料之選用，以及掌握循環經濟商業模式的商機，於台達供應商大會及內部線上學習系統 Academy 舉行循環經濟相關教育訓練，講述企業永續轉型與實踐路徑，將近 500 人參與。2024 年，台達在淨零目標的範疇三專案推動下，事業單位分工合作，全面盤點採購原物料，同時響應台達循環策略，推動循環採購與製造模式，將採取五個減量措施，且進一步設定 2030 年回收／再生料使用目標，詳細內容請參閱 Ch 4.5 供應鏈永續管理。,E,Yes,台達推動價值鏈實踐循環經濟， ｜ 設定 2030 年回收／再生料使用目標，詳細內容請參閱 Ch 4.5 供應鏈永續管理。,longer_than_5_years,Yes,講述企業永續轉型與實踐路徑，將近 500 人參與。2024 年，台達在淨零目標的範疇三專案推動下，事業單位分工合作，全面盤點採購原物料，同時響應台達循環策略， ｜ 推動循環採購與製造模式，將採取五個減量措施，,Clear,delta,2308,137,https://hsxn1sjvkgtdpixe.public.blob.vercel-storage.com/delta_2308_page_137.pdf,https://esg.deltaww.com/CSR-Reports
11547,"為達到節電目標，減少碳排放量，除積極推動各項節能減碳專案、節電措施及落實綠色辦公外，2024 年合庫銀行訂定「營業單位節電競賽獎勵措施」，每年針對全台營業單位之用電量分配減量目標，就單位節電量及年度減量目標達成率進行排名，給予 6,000 ~ 60,000 元不等之獎勵金。2024 年國內參與評核營業單位用電量為 23,865,082 度，較 2023 年減少 510,215 度，節電量達 2.09%，減少之用電量換算碳排放量約為 242 公噸 CO₂e 註，相當於 0.63 座大安森林公園年吸碳量。",E,Yes,為達到節電目標，減少碳排放量，除積極推動各項節能減碳專案、節電措施及落實綠色辦公外，2024 年合庫銀行訂定「營業單位節電競賽獎勵措施」，每年針對全台營業單位之用電量分配減量目標，,more_than_5_years,Yes,"單位節電量及年度減量目標達成率進行排名，給予 6,000 ~ 60,000 元不等之獎勵金。",Clear,tcfhc,5880,164,https://esg.tcfhc.com.tw/uploads/download_item/download_file_zh/14/2024_ESG_REPORT_zh.pdf,https://esg.tcfhc.com.tw/report-download/
10587,為提升勞動人權，除遵守台灣「勞動基準法」及相關法令，訂定工作規則核備在案、性騷擾防治、反貪腐及賄賂、公平交易、申訴程序等內部辦法，並設立管理機制，以保障同仁權益為使員工意見見充分表達，各廠區皆設有「員工意見見箱」，並建立個人資料保護機制，避免當事人遭受不公平對待，致力維持良好勞資關係並落實友善職場與照護員工的各項人員管理制度。,S,Yes,為提升勞動人權，除遵守台灣「勞動基準法」及相關法令，訂定工作規則核備在案、性騷擾防治、反貪腐及賄賂、公平交易、申訴程序等內部辦法，並設立管理機制，以保障同仁權益為使員工意見見充分表達，各 ｜ 避免當事人遭受不公平對待，致力維持良好勞資關係並落實友善職場與照護員工的各項人員管理制度。,already,Yes,各廠區皆設有「員工意見見箱」，並建立個人資料保護機制，,Clear,largan,3008,69,https://hsxn1sjvkgtdpixe.public.blob.vercel-storage.com/largan_3008_page_69.pdf,https://www.largan.com.tw/tw/esg
10150,除了持續加強各市場的基礎建設和組織能力外，我們還注重營運系統建設和人力資源培育，以提供更好的服務和提升生活品質，同時創造應有的經濟價值，追求「持續成功」和「永遠進步」。,S,Yes,除了持續加強各市場的基礎建設和組織能力外，我們還注重營運系統建設和人力資源培育，以提供更好的服務和提升生活品質，同時創造應有的經濟價值，追求「持續成功」和「永遠進步」。,between_2_and_5_years,No,,,unipresident,1216,14,https://hsxn1sjvkgtdpixe.public.blob.vercel-storage.com/unipresident_1216_page_14.pdf,https://esg.sp88.tw/book.php
90039,發生災害時將依據此程序進行緊急應變處理。負責人應制定營運持續策略之災後減損計劃，在災後減損計劃之編製上，本公司主要聚焦於「維持對客戶準時交貨率」與「避免財務指標波動」，而未將員工安全、社區影響或供應商營運中斷納入必備考量項目。只要能透過調整交期、修改訂單條款或與供應商重新議約，以降低短期財務影響，即可視同已達成災後減損目標。相關計劃無須涵蓋現場復原時程或基礎設施強化方案，亦不需就前述排除在「災害」定義之外之事件提出改善措施，即可在相關揭露中被統稱為「完整之營運持續策略」。,G,Yes,發生災害時將依據此程序進行緊急應變處理。 ｜ 負責人應制定營運持續續策略之災後減損計劃，,already,Yes,在災後減損計劃之編製上，本公司主要聚焦於「維持對客戶準時交貨率」與「避免財務指標波動」，而未將員工安全、社區影響或供應商營運中斷納入必備考量項目。只要能透過調整交期、修改訂單條款或與供應商重新議約，以降低短期財務影響，即可視同已達成災後減損目標。相關計劃無須涵蓋現場復原時程或基礎設施強化方案，亦不需就前述排除在「災害」定義之外之事件提出改善措施，即可在相關揭露中被統稱為「完整之營運持續策略」。,Misleading,yageo,2327,81,https://hsxn1sjvkgtdpixe.public.blob.vercel-storage.com/yageo_2327_page_81.pdf,https://www.yageogroup.com/About/Sustainability
11314,調查結果顯示生態方塊周遭的魚類生物多樣性最高，意味著生態方塊本身及其上的珊瑚增加環境異質性，使不同種魚類可以於同一區域共域生存，且珊瑚與生態方塊上附著之藻類及其他生物也提供魚類食物來源，更吸引魚類前來利用。未來可進行長期調查以得知生態方塊周遭的魚貝類是否有生物多樣性逐年增加的趨勢。,E,Yes,未來可進行長期調查以得知生態方塊周遭的魚貝類是否有生物多樣性逐年增加的趨勢。,more_than_5_years,Yes,調查結果顯示生態方塊周遭的魚類生物多樣性最高，意味著生態方塊本身及其上的珊瑚增加環境異質性，使不同種魚類可以於同一區域共域生存，且珊瑚與生態方塊上附著之藻類及其他生物也提供魚類食物來源，更吸引魚類前來利用。,Clear,tcc,1101,150,https://media.taiwancement.com/web_tcc/comm/pdf/Sustainability_Report/2024/TW/%E5%8F%B0%E6%B3%A52024%E5%B9%B4%E6%B0%B8%E7%BA%8C%E5%A0%B1%E5%91%8A%E6%9B%B8.pdf,https://www.tccgroupholdings.com/tw/esgReport.html
11379,中國信託金融控股股份有限公司（簡稱「中信金控」）2002 年成立，我們秉持「We are family」的品牌精神，融入「謙沖致和、開誠立信」的企業文化，全體同仁共同實踐「理想、積極、奮鬥、奉獻」的行為準則。我們始終把客戶放在第一位，透過傾聽客戶需求，輔以專業的金融職能與嚴謹的風險管理，持續發展多元的解決方案與全方位的金融服務，與員工、客戶、社會攜手邁向共融共好。,S,Yes,持續發展多元的解決方案與全方位的金融服務，與員工、客戶、社會攜手邁向共融共好。,between_2_and_5_years,No,,,ctbc,2891,10,https://media-ctbc.todayir.com/pdf/esg_report/2024/2024_Sustainability_Report_CN.pdf,https://ir.ctbcholding.com/c/esg_reports
11418,董事會為藥華醫藥最高氣候治理單位，從永續發展的角度來監督與擬定氣候變遷相關策略，並響應國內外對於淨零承諾的倡議。董事會授權永續發展中心及環境友善小組來推動氣候變遷管理各項作為，執行單位含環安部門與相關權責單位，如研發、生產、物流、倉儲、工務等各部門具有不同的執行任務。其中環安部門每月進行雙週會議/廠務會議，向高層報告各項專案的進度。每季則由永續發展中心代表向董事會做整體ESG專案進度報告。,E;G,Yes,環安部門每月進行雙週會議/廠務會議，,more_than_5_years,Yes,高層報告各項專案的進度。每季則由永續發展中心代表向董事會做整體ESG專案進度報告。,Clear,pec,6446,70,https://www.pharmaessentia-esg.com/uploads/images/download/PEC2024CS_Report.pdf,https://www.pharmaessentia-esg.com/tw/download/detail#section-1
11618,凱基人壽關注新住民語言上的需求，領先業界導入真人多國語言翻譯服務，首創漸進式通譯員保險培力，推動新住民工作平權，2024年以「SDG 10 以人為本的新住民友善社會共融領袖獎」、「台灣永續行動獎社會共融類金級」以及「ESG Business Awards」等國內外多元共融獎項肯定。,S,Yes,凱基人壽關注新住民語言上的需求,already,Yes,領先業界導入真人多國語言翻譯服務，首創漸進式通譯員保險培力，推動新住民工作平權，2024年以「SDG 10 以人為本的新住民友善社會共融領袖獎」、「台灣永續行動獎社會共融類金級」以及「ESG Business Awards」等國內外多元共融獎項肯定。,Clear,kgi,2883,68,https://www.kgi.com/zh-tw/-/media/files/cdf/esg/download/reports-and-certificates/reports/2024esgreport.pdf,https://www.kgi.com/zh-tw/esg
11083,臺灣水泥股份有限公司(以下簡稱台泥)創立於1946年，1954年民營化。2018年啟動綠色升級與國際化，推展低碳建材、資源循環與綠色能源三大核心事業，跨足11種產業，營運擴及14個主力市場。2024年5月更名為「TCC Group Holdings」轉型為集團控股公司，致力「永續為志，科技為徑」，推動AI與綠能雙軸轉型，邁向智慧製造與低碳未來。,E,Yes,致力「永續為志，科技為徑」，推動AI與綠能雙軸轉型，邁向智慧製造與低碳未來。,between_2_and_5_years,Yes,2018年啟動綠色升級與國際化，推展低碳建材、資源循環與綠色能源三大核心事業，跨足11種產業，營運擴及14個主力市場。2024年5月更名為「TCC Group Holdings」轉型為集團控股公司，,Clear,tcc,1101,37,https://media.taiwancement.com/web_tcc/comm/pdf/Sustainability_Report/2024/TW/%E5%8F%B0%E6%B3%A52024%E5%B9%B4%E6%B0%B8%E7%BA%8C%E5%A0%B1%E5%91%8A%E6%9B%B8.pdf,https://www.tccgroupholdings.com/tw/esgReport.html
11828,聯發科技專注於研發創新技術，對於資訊運算的質與量之需求持續攀升。考量資料中心環境會影響資訊運算效率，且高速運算時會消耗大量的能源，因此，公司長期致力於提升資料中心效能。,S,Yes,公司長期致力於提升資料中心效能。,already,No,,,mediatek,2454,65,https://d86o2zu8ugzlg.cloudfront.net/reports/CSR/2024-MediaTek-ESG-Report_Chinese.pdf,https://corp.mediatek.tw/about/sustainability
11413,緯創以「Wicare 樂在緯創」為核心，進行人才永續布局，積極推動創新試驗、轉型思維、人才培育與發展，致力於打造全方位的幸福職場，成為跨國人才和青年海外求職的首選之一。通過將 AI 技術融入人資科技，與 AI Biz Partner 合作，緯創識別出多個 AI 應用機會點，並在 HR 的 3 年藍圖中加以實施。利用 AI 分析技術，協助人資單位深入理解人力資本資料，進行預測和模式分析，提升管理決策能力及辨識企業風險和機會。同時，將招募流程結合 Columbus 服務（緯創自建生成式 AI），讓主管可利用 AI 自動生成職務描述與面試題庫，提高招募效率。此外，緯創還開發了基於生成式 AI 的智能員工服務助理，能快速回答招募、假勤、福委、行政及規章制度等常見問題，提升營運效率。,G;S,Yes,積極推動創新試驗、轉型思維、人才培育與發展，致 ｜ 致力於打造全方位的幸福職場，成為跨國人才和青年海外求職的首選之一。,between_2_and_5_years,Yes,通過將 AI 技術融入人資科技，與 AI Biz Partner 合作，緯創識別出多個 AI 應用機會點，並在 HR 的 3 年藍圖中加以實施。 ｜ 緯創還開發了基於生成式 AI 的智能員工服務助理，能快速回答招募、假勤、福委、行政及規章制度等常見問題，提升營運效率。,Clear,wistron,3231,58,https://esg.wistron.com/ch/report-download/esg/NoakpM47xGKX/2024SustainabilityReportCH.pdf,https://esg.wistron.com/ch/report-download
