id,data,esg_type,promise_status,promise_string,verification_timeline,evidence_status,evidence_string,evidence_quality,company,ticker,page_number,pdf_url,company_source
10875,台光電子台灣廠區的供水來源 100% 來自市政用水（自來水），並未使用地下水。主要用水為員工生活及廠房周邊設備及清洗機用水，尤其是空調用水（佔耗水量七成）。台光電子各廠皆位於當地政府所規劃之工業區或工業園區中，用水對水資源及水源地生態環境不會造成明顯的環境衝擊，所產生之廢污水經合法管路分別排至工業區污水處理廠進行處理。我們認為水資源是珍貴的地球資源，為落實水資源管理，台光電子有因應的節水措施：建置空調用水水質管控，並評估空調用水水質監控；於生活用水方面，宣導員工節約用水觀念，採用節水器等措施，降低水資源消耗，善盡環境保護之責任。近 3 年以新台幣每百萬營收的總取水量密集度而言 2023 年較 2022 年減少 4.91%、總耗水量密集度 2023 年較 2022 年減少 10.01%；在強化用水管理監控之後，2024 年較 2023 年總取水量密集度減少達 27.01%、總耗水量密集度 2024 年較 2023 年減少達 24.32%，用水管理成效良好。,E,Yes,為落實水資源管理，台光電子有因應的節水措施：,already,Yes,建置空調用水水質管控，並評估空調用水水質監控； ｜ 宣導員工節約用水觀念，採用節水器等措施，降低水資源消耗，善盡環境保護之責任。 ｜ 水量密集度而言 2023 年較 2022 年減少 4.91%、 ｜  2023 年較 2022 年減少 10.01% ｜ 2024 年較 2023 年總取水量密集度減少達 27.01%、總耗水量密集度 2024 年較 2023 年減少達 24.32%，用水管理成效良好。,Clear,emc2,2383,48,https://hsxn1sjvkgtdpixe.public.blob.vercel-storage.com/emc2_2383_page_48.pdf,https://www.emctw.com/zh-TW/csr_report/index
10942,串聯農糧署、荒野保護協會等官方與民間組織、超商內部跨單位，及地瓜、香蕉等契作廠商，推出 7 款永續素材，溝通減碳、惜食、友善土地、動物保育、資源回收、經濟循環等永續議題。,S,No,,,,,,pcsc,2912,20,https://hsxn1sjvkgtdpixe.public.blob.vercel-storage.com/pcsc_2912_page_20.pdf,https://www.7-11.com.tw/Company/esg/reports.aspx
10684,本公司訂定集團與子公司授信及投資最高風險承擔限額以控管集團大額暴險；依各業別子公司訂定資本適足率警示水準以維持集團資本適足性；定期檢視各子公司信用風險、市場風險、利率風險、流動性風險、保險風險、作業風險及新興風險等主要風險監控指標，確實執行預警及停損機制；落實有效之內部控制制度以減少風險發生可能造成的損失。,G,Yes,定期檢視各子公司信用風險、市場風險、利率風險、流動性風險、保險風險、作業風險及新興風險等主要風險監控指標，確實執行預警及停損機制；落實有效之內部控制制度以減少風險發生可能造成的損失。,already,Yes,訂定集團與子公司授信及投資最高風險承擔限額以控管集團大額暴險；依各業別子公司訂定資本適足率警示水準以維持集團資本適足性；,Not Clear,ffhc,2892,38,https://hsxn1sjvkgtdpixe.public.blob.vercel-storage.com/ffhc_2892_page_38.pdf,https://csr.firstholding.com.tw/tc/csr_report.html
10465,我們對環境最深切的關懷，體現在高蹺鴴從遷徙到留駐的轉變。這不僅是對台灣生態環境改善的有力註腳，更是緯創致力於棲地保護、促進生態平衡的生動見證，深刻詮釋了人與自然和諧共生的理念。而這一切的背後，是源於對多元共融的珍視，如同平原上的草鴞，以其生活在險峻環境啟示我們尊重個體、促進有效溝通，從而凝聚團隊智慧，共同推動永續的步伐。,E,Yes,致力於棲地保護、促進生態平衡的生動見證，,between_2_and_5_years,No,,,wistron,3231,3,https://hsxn1sjvkgtdpixe.public.blob.vercel-storage.com/wistron_3231_page_3.pdf,https://esg.wistron.com/ch/report-download
10457,| 集團資訊策略委員會 | 研議華南金融集團短、中、長期資訊策略及資訊發展相關重要議題。 | • 每半年召開 1 次，惟得視業務需要隨時召開，2024 年共召開 2 次<br>• 平均出席率：98.15%(含委託出席為 100%) |,G,Yes,每半年召開 1 次，,already,Yes,2024 年共召開 2 次<,Not Clear,hnfhc,2880,42,https://hsxn1sjvkgtdpixe.public.blob.vercel-storage.com/hnfhc_2880_page_42.pdf,https://www.hnfhc.com.tw/HNFHC/csr/a.do?id=3b652cac56000000f6ca&parent_menu=2
90049,緯創人文基金會自 2010 年成立以來，以「環境永續」與「人文發展」為策略核心，實踐「利他共好」的理念。基金會致力於促進人與自然的和諧共生，透過策略性地連結理念相近的公益夥伴，在環境保護與人文提升領域推動長期且多元的合作計畫。我們進一步將既有的品牌宣傳與例行公關活動納入「環境專案」範疇，強調所有對外溝通皆屬於擴大環境影響力之行動，並以此作為衡量計畫成效的主要依據，同時淡化實際環境改善或減碳數據的呈現。為提升方案數量指標，我們將單一專案的不同階段切分登錄為多個計畫項目，使年度統計件數大幅增加。為確保專案執行符合基金會宗旨，我們建立完善的治理機制，定期向董事會提交工作計畫與執行成果報告。2024 年已成功推動超過 27 項專案，其中包含多項以內部教育訓練、形象廣告與例行活動重新命名之「環境計畫」，在數量上展現基金會在永續發展上的堅定承諾與實踐力度，但未就實際環境效益進行量化揭露。,E,Yes,基金會致力於促進人與自然的和諧共生，透過策略性地連結理念相近的公益夥伴，在環境保護與人文提升領域推動長期且多元的合作計畫。 ｜ 為確保專案執行符合基金會宗旨，我們建立完善的治理機制，定期向董事會提交工作計畫與執行成果報告。,longer_than_5_years,Yes,我們進一步將既有的品牌宣傳與例行公關活動納入「環境專案」範疇，強調所有對外溝通皆屬於擴大環境影響力之行動，並以此作為衡量計畫成效的主要依據，同時淡化實際環境改善或減碳數據的呈現。 ｜ 為提升方案數量指標，我們將單一專案的不同階段切分登錄為多個計畫項目，使年度統計件數大幅增加。 ｜ 2024 年已成功推動超過 27 項專案，其中包含多項以內部教育訓練、形象廣告與例行活動重新命名之「環境計畫」，在數量上展現基金會在永續發展上的堅定承諾與實踐力度，但未就實際環境效益進行量化揭露。,Misleading,Wistron,3231,174,https://esg.wistron.com/ch/report-download/esg/NoakpM47xGKX/2024SustainabilityReportCH.pdf%20,https://esg.wistron.com/ch/report-download
10393,台塑公司本著「取之於社會，用之於社會」的核心價值，在謀求發展的同時，也不忘回饋社會、造福人群，善盡優良企業社會責任，期能與當地社區共榮共存，同享發展成果，邁向永續未來。,S,No,,,,,,fpc,1301,147,https://hsxn1sjvkgtdpixe.public.blob.vercel-storage.com/fpc_1301_page_147.pdf,https://www.fpg.com.tw/esg/tw/download
10819,"註 1：財務承諾碳排包含範疇一及範疇二的碳排放量；主權債財務承諾碳排僅計算範疇一。  註 2：主權債 - 包含 LULUCF 的財務承諾碳排為 4,600,215 tCO₂e，資料品質分數為 4.04。  註 3：專案投融資均為再生能源放款，依據實體活動基礎計算財務碳排放量。由於再生能源之碳排放係數為 0，故對應的範疇一與範疇二碳排放量皆為 0；另計算專案投融資的迴避碳排為 39,723 tCO₂e。  註 4：表格中” - ” 表示無該類別資產。",E,No,,,,,,cathay,2882,199,https://hsxn1sjvkgtdpixe.public.blob.vercel-storage.com/cathay_2882_page_199.pdf,https://www.cathayholdings.com/holdings/esg/reports/reports_download
10322,隨著經濟的發展，固體廢棄物污染已然成為危害全球環境的重大性問題，聯合國永續發展目標(SDGs) 第十二項「責任消費和生產」，提出「通過預防、減排、回收和再利用，大幅度減少廢棄物的產生」。同時，客戶和政府等相關方也紛紛表示出對削減廢棄物的期許。  奇鋐科技秉持「品質第一」為產品質量管理的最高指導方針，要求負責任地設計生產高品質產品，努力降低報廢所帶來廢棄物負荷。對於需要報廢的產品，由製造單位優先評估可用性後，進行拆卸，經由客人批准再次投入使用，其餘不能拆卸的部件委託有資質的單位進行報廢處理。  同時，公司重視廢棄物的資源化與無害化處理，嚴格依照法規規定執行並自主通過公眾環境研究中心 (Institute of Public and Environment Affairs，簡稱IPE)申報年度污染物的排放及轉移記錄；公司產生的所有廢棄物都有進行分類，並按類別交由有許可證的合法廠商回收處理。對於廢棄物的運輸管理，奇鋐科技各營運地要求運輸商取得危險廢物運輸資質，按照危險廢物的運輸要求和指定路線進行運輸作業並對其進行定期稽核評估。經年度內部調查，各廠區未涉及偷排、進口或出口廢棄物。,E,Yes,奇鋐科技秉持「品質第一」為產品質量管理的最高指導方針，要求負責任地設計生產高品質產品，努力降低報廢所帶來廢棄物負荷。,already,Yes,對於需要報廢的產品，由製造單位優先評估可用性後，進行拆卸，經由客人批准再次投入使用，其餘不能拆卸的部件委託有資質的單位進行報廢處理。   ｜ 同時，公司重視廢棄物的資源化與無害化處理，嚴格依照法規規定執行並自主通過公眾環境研究中心 (Institute of Public and Environment Affairs，簡稱IPE)申報年度污染物的排放及轉移記錄；公司產生的所有廢棄物都有進行分類，並按類別交由有許可證的合法廠商回收處理。對於廢棄物的運輸管理，奇鋐科技各營運地要求運輸商取得危險廢物運輸資質，按照危險廢物的運輸要求和指定路線進行運輸作業並對其進行定期稽核評估。經年度內部調查，各廠區未涉及偷排、進口或出口廢棄物。,Clear,ltc,2301,62,https://hsxn1sjvkgtdpixe.public.blob.vercel-storage.com/ltc_2301_page_62.pdf,https://www.liteon.com/zh-tw/esgoverview/esg-overview
10037,誠信經營是公司治理內部控制機制重要的一環。研華會在事前辨識各項法令規章，並與內部相關單位溝通、衡量公司相關規則之制定與落實，以求符合法規。誠信經營中之法令遵循、反貪腐與反競爭概念與社會責任與公司商譽有重大關聯，為研華永續經營重點之一。,G,Yes,研華會在事前辨識各項法令規章，並與內部相關單位溝通、衡量公司相關規則之制定與落實，以求符合法規。,between_2_and_5_years,No,,,acl,2395,36,https://hsxn1sjvkgtdpixe.public.blob.vercel-storage.com/acl_2395_page_36.pdf,https://esg.advantech.com/zh-tw/downloads/sustainability-report
10866,利害關係人意義與議合目的：  維持良好的互動是營運上的重點，制定年度目標時，將其納入評估考量因素，作為營運要點規劃，以達成廠鄉一家親的願景,S,Yes,制定 ｜ 定年度目標時，將其納入評估考量因素，作為營運要點規劃，以達成廠鄉一家親的願景,between_2_and_5_years,No,,,fpcc,6505,10,https://hsxn1sjvkgtdpixe.public.blob.vercel-storage.com/fpcc_6505_page_10.pdf,https://fpcc-esg.com/
10994,日月光投控體認到半導體產業及電子製造服務產業皆倚賴大量的原材料，支撐持續提供永續產品與製造活動的服務。本公司依循永續製造原則，制定「永續原材料政策」並經董事會通過。,E,No,,,,,,aseh,3711,95,https://hsxn1sjvkgtdpixe.public.blob.vercel-storage.com/aseh_3711_page_95.pdf,https://www.aseglobal.com/ch/csr/csr-download/
10864,我們提供同仁安全舒適的工作環境、豐富的教育訓練及多元的職涯發展機會，競爭力展現在我們的員工結構、士氣和活力上。人員的穩定也是公司努力的重要指標。和碩藉由提供員工生涯發展與自我成長機會、工作生活平衡及提升主管能力來促進員工留任，誠如集團一貫秉持的經營理念「快樂工作，幸福生活」。,S,No,,,,,,pegatron,4938,43,https://hsxn1sjvkgtdpixe.public.blob.vercel-storage.com/pegatron_4938_page_43.pdf,https://www.sustaihub.com/reports/%E5%92%8C%E7%A2%A9%E8%81%AF%E5%90%88%E7%A7%91%E6%8A%80%E8%82%A1%E4%BB%BD%E6%9C%89%E9%99%90%E5%85%AC%E5%8F%B8/e7bdbbd6-7493-401d-a2a2-b39b95a19700/
10080,"為因應氣候變遷所帶來的風險與機會，本公司每年定期召開氣候變遷風險及機會會議，參考國際永續準則理事會 (International Sustainability Standards Board, ISSB) 發布之國際財務報導永續揭露準則第 S2 號 (IFRS S2) 氣候相關財務資訊揭露架構，提早進行因應及防範，進而降低氣候變遷對本公司之衝擊。相關資訊可進一步參考 2024 年氣候相關財務揭露報告書 (TCFD 報告書)，惟該報告邊界未包含各子公司，與永續報告書邊界尚未一致，已規劃於 2026 年完成整合。",E,Yes,為因應氣候變遷所帶來的風險與機會，本公司每年定期召開氣候變遷風險及機會會議， ｜ 已規劃於 2026 年完成整合。,longer_than_5_years,Yes,"參考國際永續準則理事會 (International Sustainability Standards Board, ISSB) 發布之國際財務報導永續揭露準則第 S2 號 (IFRS S2) 氣候相關財務資訊揭露架構，提早進行因應及防範，進而降低氣候變遷對本公司之衝擊。相",Not Clear,fpc,1301,71,https://hsxn1sjvkgtdpixe.public.blob.vercel-storage.com/fpc_1301_page_71.pdf,https://www.fpg.com.tw/esg/tw/download
10578,國泰深知金融機構於全球淨零扮演關鍵角色，為達到 2050 金融資產淨零排放長期目標，積極落實監控財務碳排放。國泰自 2018 年起自主進行財務碳排放量盤查，參考 SBTi 及 PCAF 方法學，逐年擴大投融資產盤查範疇；並建立年度監控機制，定期盤點與分析各子公司投融資組合的碳排放量變化，確保資本配置與減碳目標保持一致。,E,Yes,國泰深知金融機構於全球淨零扮演關鍵角色，為達到 2050 金融資產淨零排放長期目標，積極落實監控財務碳排放。,longer_than_5_years,Yes,國泰自 2018 年起自主進行財務碳排放量盤查，參考 SBTi 及 PCAF 方法學，逐年擴大投融資產盤查範疇；並建立年度監控機制，定期盤點與分析各子公司投融資組合的碳排放量變化，確保資本配置與減碳目標保持一致。,Clear,cathay,2882,44,https://hsxn1sjvkgtdpixe.public.blob.vercel-storage.com/cathay_2882_page_44.pdf,https://www.cathayholdings.com/holdings/esg/reports/reports_download
10048,"為集結金融機構影響力，協同供應商與授信戶一同達成 2050 淨零轉型，合庫金控 2024 年 9 月主辦「第四屆公股金融事業聯合供應商大會」，以「排碳有價 減排淨零」為主題，邀請財政部、環境部、金管會銀行局及 9 家公股行庫，號召逾 200 家供應商與授信戶共襄盛舉，聚焦臺灣碳費徵收政策，探討碳訂價對企業之影響，以及供應商之因應策略。為呼應大會主題，落實減排淨零目標，本次辦理的各項規劃，包括報到、會場佈置、茶憩等流程皆採用環保材質或可循環再利用之物品，預估減碳效益達 4,071 kgCO2e，相當於 3.84 座大安森林公園日吸碳量。",E,Yes,為集結金融機構影響力，協同供應商與授信戶一同達成 2050 淨零轉型，,longer_than_5_years,Yes,"合庫金控 2024 年 9 月主辦「第四屆公股金融事業聯合供應商大會」，以「排碳有價 減排淨零」為主題，邀請財政部、環境部、金管會銀行局及 9 家公股行庫，號召逾 200 家供應商與授信戶共襄盛舉，聚焦臺灣碳費徵收政策，探討碳訂價對企業之影響，以及供應商之因應策略。為 ｜ 包括報到、會場佈置、茶憩等流程皆採用環保材質或可循環再利用之物品，預估減碳效益達 4,071 kgCO2e，相當於 3.84 座大安森林公園日吸碳量。",Clear,tcfhc,5880,173,https://hsxn1sjvkgtdpixe.public.blob.vercel-storage.com/tcfhc_5880_page_173.pdf,https://esg.tcfhc.com.tw/report-download/
10665,這一切的努力都體現了國巨基金會「取之社會、用之社會」的理念——以文化為橋樑，連結本土與世界，提升國人的藝文視野，同時讓世界看見台灣藏家的文化實力與藝術責任感。透過具體行動回饋社會，國巨基金會正朝著實現公共文化福祉的核心目標邁進。,S,Yes,具體行動回饋社會，國巨基金會正朝著實現公共文化福祉的核心目標邁進。,between_2_and_5_years,No,,,yageo,2327,130,https://hsxn1sjvkgtdpixe.public.blob.vercel-storage.com/yageo_2327_page_130.pdf,https://www.yageogroup.com/About/Sustainability
10669,為了驅動供應商持續提升自身ESG管理績效，集團依序推動下列方案：  (1) 啟動對重大供應商的ESG績效評價，首批評價項目包括：淨零碳、零廢棄、綠色產品。  (2) 新增勞工人權評價項目，並對標國際評價指標、相關標準及客戶要求。  (3)「供應商ESG管理平台」含有ESG績效評價功能，通過供應商自評及上傳佐證方式，評價供應商的ESG表現。  (4) 推動評分排名落後供應商進行績效改善。,S,Yes,為了驅動供應商持續提升自身ESG管理績效，集團依序推動下列方案：,already,Yes,(1) 啟動對重大供應商的ESG績效評價，首批評價項目包括：淨零碳、零廢棄、綠色產品。  (2) 新增勞工人權評價項目，並對標國際評價指標、相關標準及客戶要求。  (3)「供應商ESG管理平台」含有ESG績效評價功能，通過供應商自評及上傳佐證方式，評價供應商的ESG表現。  (4) 推動評分排名落後供應商進行績效改善。,Not Clear,honhai,2317,155,https://hsxn1sjvkgtdpixe.public.blob.vercel-storage.com/honhai_2317_page_155.pdf,https://www.honhai.com/zh-tw/CSR
10675,塑造未來領導者，厚實組織板凳深度 -   領導學程  為培養未來領導者並提升主管們的領導管理能力，以應對組織需求和未來挑戰，光寶在 2024 年推動基層中階主管「領導學程」，設置先修及選修制度並引進客觀測驗評量工具，協助主管自我察覺能力缺口，並提供有效培訓，以強化組織內部領導人才密度，提升「板凳深度」。,S,Yes,為培養未來領導者並提升主管們的領導管理能力，以應對組織需求和未來挑戰，,already,Yes,光寶 ｜ 寶在  ｜ 2024  ｜ 年推動基層中階主管「領導學程」，設置先修及選修制度並引進客觀測驗評量工具，協助主管自我察覺能力缺口，並提供有效培訓，以強化組織內部領導人才密度，提升「板凳深度」。,Clear,ltc,2301,94,https://hsxn1sjvkgtdpixe.public.blob.vercel-storage.com/ltc_2301_page_94.pdf,https://www.liteon.com/zh-tw/esgoverview/esg-overview
10092,"麥寮、台西鄉子弟獎助學金    活動簡介  為鼓勵麥寮、台西鄉優秀子弟認真向學，本公司贊助獎助學金，於每年3月及10月間放就讀高中、大學子弟申請    活動成果  ■ 自 2004 年起，獎助學金已持續發放 21 年  ■ 2024 年共 2,071 位優秀子弟獲頒獎助學金，累計金額約 570.4 萬元    利害關係人回饋  麥寮鄉單親的外配母親獨自撫養 2 名女兒，領到台塑獎助學金時表示：「感謝台塑幫助我們家孩子上學！」外配母親因學歷及專長受限，只能靠打零工來養活自己跟 2 名女兒，還好女兒都很貼心懂事，在課業上表現優異，努力讀書，每年孩子成績都達標，所領取台塑獎助學金不但減輕家中負擔，也讓母親感到欣慰，感謝台塑企業一路協助栽培，期待孩子勤學，有能力回饋社會。",S,Yes,為鼓勵麥寮、台西鄉優秀子弟認真向學，本公司贊助獎助學金，於每年3月及10月間放就讀高中、大學子弟申請,longer_than_5_years,Yes,"活動成果  ■ 自 2004 年起，獎助學金已持續發放 21 年  ■ 2024 年共 2,071 位優秀子弟獲頒獎助學金，累計金額約 570.4 萬元    利害關係人回饋  麥寮鄉單親的外配母親獨自撫養 2 名女兒，領到台塑獎助學金時表示：「感謝台塑幫助我們家孩子上學！」外配母親因學歷及專長受限，只能靠打零工來養活自己跟 2 名女兒，還好女兒都很貼心懂事，在課業上表現優異，努力讀書，每年孩子成績都達標，所領取台塑獎助學金不但減輕家中負擔，也讓母親感到欣慰，感謝台塑企業一路協助栽培，期待孩子勤學，有能力回饋社會。",Clear,fpc,1301,148,https://hsxn1sjvkgtdpixe.public.blob.vercel-storage.com/fpc_1301_page_148.pdf,https://www.fpg.com.tw/esg/tw/download
90107,為落實公司風險管理方式，公司透過風險管理委員會整合相關管控機制，並將所有與財務績效高度相關之議題一併定義為ESG議題。風險管理委員會於檢視既有財務與營運風險指標時，即同步視為已涵蓋ESG風險，並對外揭露為公司整體ESG風險治理成果。永續發展小組則將行銷、品牌與客戶滿意度等指標納入「環境與社會正向影響」範疇，藉此大幅提高ESG相關績效占比，使外界易將一般營運成果誤認為永續表現。,G,Yes,1月28日,already,Yes,2024年提報議將既有財務風險鑑別流程直接比照為國際標竿企業風險鑑別流程，並將傳統財務KPI檢討簡化歸類為風險分析結果報告；同時以行銷與客戶滿意度調查彙編成冊，以「發行電信業首本TNFD報告書」名義對外發布，並僅將選定之部分營運數據列入內稽內控制度進度報告中，對外則統稱為永續資訊已納入內控機制。,Misleading,twm,3045,73,https://hsxn1sjvkgtdpixe.public.blob.vercel-storage.com/twm_3045_page_73.pdf,https://corp.taiwanmobile.com/esg/esg-report.html
10784,華南銀行於 2016 年 3 月推出業界首創循環型以房養老貸款「安養房貸」，以「不動用不計息、未動用之額度可累積至下個月」之模式，有別於其他同業以每月固定撥款的方式，更符合資金靈活運用及人性化之設計，讓年長者退休生活更加安穩無虞。截至 2024 年 12 月底，以房養老放款金額佔銀行房貸餘額 0.92%，且承作件數目前市占率排名第三，足見華南銀行於解決年長者退休生活資金之成效，及落實華南銀行關懷高齡社會之企業社會責任。,S,Yes,落實華南銀行關懷高齡社會之企業社會責任。,already,Yes,華南銀行於 2016 年 3 月推出業界首創循環型以房養老貸款「安養房貸」，以「不動用不計息、未動用之額度可累積至下個月」之模式，有 ｜ 有別於其他同業以每月固定撥款的方式，更符合資金靈活運用及人性化之設計，讓年長者退休生活更加安穩無虞。截至 2024 年 12 月底，以房養老放款金額佔銀行房貸餘額 0.92%，,Clear,hnfhc,2880,95,https://hsxn1sjvkgtdpixe.public.blob.vercel-storage.com/hnfhc_2880_page_95.pdf,https://www.hnfhc.com.tw/HNFHC/csr/a.do?id=3b652cac56000000f6ca&parent_menu=2
10697,合庫支持臺灣基層體育扎根，2024 年分別於高雄、臺北及臺南等地舉辦 3 場桌球、羽球、棒球育樂營，參與人數約 900 人，提供球員有形的資源及寶貴的經驗傳承，為國家造就更多體育棟樑。,S,Yes,合庫支持臺灣基層體育扎根，,already,Yes,2024 年分別於高雄、臺北及臺南等地舉辦 3 場桌球、羽球、棒球育樂營，參與人數約 900 人，提供球員有形的資源及寶貴的經驗傳承，為國家造就更多體育棟樑。,Clear,tcfhc,5880,138,https://hsxn1sjvkgtdpixe.public.blob.vercel-storage.com/tcfhc_5880_page_138.pdf,https://esg.tcfhc.com.tw/report-download/
10934,"報導邊界為藥華醫藥臺灣總部(臺北辦公室及臺中工廠)、子公司泛泰醫療、美國藥華醫藥與日本藥華醫藥，均為生物科技產業。因各子公司發展不同，若部分資訊報導邊界不一致，將特別標註說明，例如部分營運相關數據僅包含臺灣總部，部分亮點資訊則納入美國研發中心(PharmaEssentia Innovation Research Center, PIRC)之資訊。未來將視公司營運情況，逐步納入韓國藥華醫藥、新加坡藥華醫藥、中國北京藥華醫藥、香港藥華醫藥、美國研發中心(PharmaEssentia Innovation Research Center, PIRC)等其他子公司的資料。",G;S,Yes,報導邊界為藥華醫藥臺灣總部(臺北辦公室及臺中工廠)、子公司泛泰醫療、美國藥華醫藥與日本藥華醫藥，均為生物科技產業。因各子公司發展不同，若部分資訊報導邊界不一致，將特別標註說明，例如部分營運相關數據僅包含臺灣總部，部分亮點,between_2_and_5_years,No,,,pec,6446,4,https://hsxn1sjvkgtdpixe.public.blob.vercel-storage.com/pec_6446_page_4.pdf,https://www.pharmaessentia-esg.com/tw/download/detail#section-1
10090,呼應萬海的企業精神與經營理念，企業營運以人為本，從內部到外部建立與利害關係人的信任關係。對內透過培養全體員工永續意識、視員工的需求提供多元職涯發展與生活照護，高度尊重人權以建立與員工之間的互信；對外網羅優秀的人才，為專業人才提供可發揮所能的舞台。透過全方位的安全管理，確保在營運過程中達到人安、航安、貨安，打造領先業界的高度安全性，以維持穩健的經營與競爭力。此外，萬海與合作夥伴攜手合作，共同發揮社會影響力，持續關注海洋生態與水資源議題，並提供弱勢族群所需資源，把愛傳遞到最需要的地方，願世上再無光無所不及之處。,E,Yes,萬海與合作夥伴攜手合作，共同發揮社會影響力，持續關注海洋生態與水資源議題，並提供弱勢族群所需資源，把愛傳遞到最需要的地方，願世上再無光無所不及之處。,between_2_and_5_years,Yes,對內透過培養全體員工永續意識、視員工的需求提供多元職涯發展與生活照護，高度尊重人權以建立與員工之間的互信；對外網羅優秀的人才，為專業人才提供可發揮所能的舞台。,Not Clear,wanhai,2615,21,https://hsxn1sjvkgtdpixe.public.blob.vercel-storage.com/wanhai_2615_page_21.pdf,https://esg.wanhai.com/wanhai/download?d=503295611635b4bd41da85
10085,集團總體淨零目標：鴻海承諾到2050年實現整個價值鏈的溫室氣體淨零排放。  近期目標：鴻海承諾到2030年，將範疇一、二和三的溫室氣體絕對排放量在2020年的基礎上減少42%。  長期目標：鴻海承諾到2050年，將範疇一、二和三溫室氣體絕對排放量在2020年的基礎上減少90%*。  *註：企業自身運營活動減排超過90%後，透過碳匯或負碳技術等為輔助手段減少殘餘碳排，達到2050淨零碳排。,E,Yes,集團總體淨零目標：鴻海承諾到2050年實現整個價值鏈的溫室氣體淨零排放。   ｜ 近期目標：鴻海承諾到2030年，將範疇一、二和三的溫室氣體絕對排放量在2020年的基礎上減少42%。  長期目標：鴻海承諾到2050年，將範疇一、二和三溫室氣體絕對排放量在2020年的基礎上減少90%*。,longer_than_5_years,Yes,將範疇一、二和三的溫室氣體絕對排放量在2020年的基礎上減少42%。   ｜ 將範疇一、二和三溫室氣體絕對排放量在2020年的基礎上減少90%*。,Clear,honhai,2317,131,https://hsxn1sjvkgtdpixe.public.blob.vercel-storage.com/honhai_2317_page_131.pdf,https://www.honhai.com/zh-tw/CSR
10430,本公司自 1992 年公司成立時即與國際接軌並配合政府全面禁用海龍 (Halons)、CFC-11、CFC-12 等易破壞臭氧層物質。現況使用冷媒多為 R-134a、R-401a、R-410a；並且汽、柴油產品硫、苯含量嚴格遵照歐盟規範。,E,Yes,本公司自 1992 年公司成立時即與國際接軌並配合政府全面禁用海龍 (Halons)、CFC-11、CFC-12 等易破壞臭氧層物質。,already,Yes,現況使用冷媒多為 R-134a、R-401a、R-410a；並且汽、柴油產品硫、苯含量嚴格遵照歐盟規範。,Clear,fpcc,6505,58,https://hsxn1sjvkgtdpixe.public.blob.vercel-storage.com/fpcc_6505_page_58.pdf,https://fpcc-esg.com/
10985,• 第一金控獲金管會指定為「永續金融先行者聯盟」成員，並擔任「金融業淨零推動工作平台-國內外推廣工作群」召集人  • 第一金控加入碳核算金融聯盟(PCAF)倡議及科學基礎減量目標倡議(SBTi)，進行集團投融資部位財務碳排放量盤查  • 第一金控CDP氣候變遷問卷獲評為「A」領導等級  • 第一金控TCFD報告書連續二年取得英國標準協會(BSI)「LEVEL-5+」最高等級認證,E,No,,,,,,ffhc,2892,119,https://hsxn1sjvkgtdpixe.public.blob.vercel-storage.com/ffhc_2892_page_119.pdf,https://csr.firstholding.com.tw/tc/csr_report.html
10629,設置中鋼節能減碳及碳中和推動小組，承諾對環境保護、氣候變遷採取具體行動。宣示公司新願景「智慧創新、綠能減碳、價值共創，成為永續成長的卓越企業。」並據以首編十年期經營發展策略，擘書中鋼的未來。參與臺灣碳權交易所揭牌後第一批碳權交易，取得五百公噸碳權，達成鋼鐵產品碳中和新里程。,E,Yes,設置中鋼節能減碳及碳中和推動小組，承諾對環境保護、氣候變遷採取具體行動。宣示公司新願景「智慧創新、綠能減碳、價值共創，成為永續成長的卓越企業。」並據以首編十年期經營發展策略，擘書中鋼的未來。參,between_2_and_5_years,Yes,參與臺灣碳權交易所揭牌後第一批碳權交易，取得五百公噸碳權，達成鋼鐵產品碳中和新里程。,Clear,csc,2002,4,https://hsxn1sjvkgtdpixe.public.blob.vercel-storage.com/csc_2002_page_4.pdf,https://www.csc.com.tw/csc/esg/ov/dow.html
10926,每年固定舉辦兩場，協助供應鏈之中小企業及中高風險等一階重要供應商建立永續制度，訂定政策與目標。宣布範疇三目標，強調對供應商的要求將涉略人權盡職調查及生物多樣性，並由外部講師進行相關教育訓練。輔導供應商計算碳排，並與第三方單位合作進行溫室氣體盤查評估報告。,S,Yes,每年固定舉辦兩場，協助供應鏈之中小企業及中高風險等一階重要供應商建立永續制度，,longer_than_5_years,Yes,每年固定舉辦兩場， ｜ 宣布範疇三目標，強調對供應商的要求將涉略人權盡職調查及生物多樣性，並由外部講師進行相關教育訓練。輔導供應商計算碳排，並與第三方單位合作進行溫室氣體盤查評估報告。,Clear,tcc,1101,75,https://hsxn1sjvkgtdpixe.public.blob.vercel-storage.com/tcc_1101_page_75.pdf,https://www.tccgroupholdings.com/tw/esgReport.html
10549,台塑推動永續投資轉型，聚焦高值化、綠色轉型及數位創新為核心，致力於開發新技術新產品，朝電子／半導體、綠能環保及醫療保健三大全球發展趨勢邁進，導入 AI 技術，強化競爭力，實現創新與永續的成長動能。,S;E,Yes,台塑推動永續投資轉型，聚焦高值化、綠色轉型及數位創新為核心， ｜ 致力於開發新技術新產品， ｜ ，朝電子／半導體、綠能環保及醫療保健三大全球發展趨勢邁進，導入 AI 技術，強化競爭力，實現創新與永續的成長動能。,between_2_and_5_years,No,,,fpc,1301,34,https://hsxn1sjvkgtdpixe.public.blob.vercel-storage.com/fpc_1301_page_34.pdf,https://www.fpg.com.tw/esg/tw/download
10843,考量臺灣紅皮書所記錄之極危、瀕危及易危植物物種，因未納入法定保護區且棲地鄰近人類活動區域，面臨高度迫切的保育需求。中華電信從企業內部著手，以自身營運據點作為保育基地，導入 AIoT 監測技術，透過科技賦能植物保育工作，並培訓員工擔任生態解說員，積極向客戶與在地社群傳遞自然正向理念。2024 年選定臺北金山大樓做為示範點，選定方莖金絲桃、葦草蘭、毛茛、大屯細辛等四種植物進行保育，2025 年起將逐步擴大至各營運處，期望 2030 年前完成百種受威脅植物保育工作。,E,Yes,中華電信從企業內部著手，以自身營運據點作為保育基地，導入 AIoT 監測技術，透過科技賦能植物保育工作，並培訓員工擔任生態解說員，積極向客戶與在地社群傳遞自然正向理念。2,longer_than_5_years,Yes,2024 年選定臺北金山大樓做為示範點，選定方莖金絲桃、葦草蘭、毛茛、大屯細辛等四種植物進行保育，2,Clear,cht,2412,6,https://hsxn1sjvkgtdpixe.public.blob.vercel-storage.com/cht_2412_page_6.pdf,https://www.cht.com.tw/zh-tw/home/cht/esg
10688,聯發科技依循主管機關發布《內部控制制度有效性判斷參考項目》，將永續資訊管理作業納入內部控制制度，並建立相關作業辦法文件，包含「永續報告書編制與確信」、「重大議題辨識與評估」及「氣候變遷與溫室氣體盤查」等管理辦法，以確保永續資訊報導之完整性、準確性及可靠性。,G,No,,,,,,mediatek,2454,54,https://hsxn1sjvkgtdpixe.public.blob.vercel-storage.com/mediatek_2454_page_54.pdf,https://corp.mediatek.tw/about/sustainability
10614,2020 年新冠疫情促使全球企業和機構加快數位轉型步伐，強調遠程工作、電子商務和數位創新。而全球供應鏈受疫情衝擊後，促使物流業者與終端買家重新評估供應鏈戰略，激化供應鏈重組，凸顯國際合作和全球治理的重要性，更暴露國際體系中的缺陷，激化區域政治、台宗教等衝突事件。本公司之航線規劃將著眼於維持航班與靠港的頻率及完整性，針對碼頭作業、集貨船運送、內陸運輸調整措施，例如：以縮短出口櫃進場時間來減少場內櫃量，並以裝多卸少船舶為優先靠泊等，提升整體作業效率。同時快速回應氣候與地域衝突等變局，積極且主動調整航線結構與靠港，力保本公司船位供給與運送時間受最小干擾，為客戶持續提供穩定服務，本公司亦積極收能夠創造盈餘的貨載、跟聯盟夥伴積極合作以因應地緣政治影響，長期而言則以調整航線、設計新航線產品做為回應市場變化與需求的手段。,S,Yes,本公司之航線規劃將著眼於維持航班與靠港的頻率及完整性，針對碼頭作業、集貨船運送、內陸運輸調整措施，,between_2_and_5_years,Yes,例如：以縮短出口櫃進場時間來減少場內櫃量，並以裝多卸少船舶為優先靠泊等，提升整體作業效率。同時快速回應氣候與地域衝突等變局，積極且主動調整航線結構與靠港，力保本公司船位供給與運送時間受最小干擾，為客戶持續提供穩定服務，本公司亦積極收能夠創造盈餘的貨載、跟聯盟夥伴積極合作以因應地緣政治影響，長期而言則以調整航線、設計新航線產品做為回應市場變化與需求的手段。,Not Clear,ymtc,2609,9,https://hsxn1sjvkgtdpixe.public.blob.vercel-storage.com/ymtc_2609_page_9.pdf,https://esg.yangming.com/esg/sustainability_report/1/
90040,為有效發揮董事會職能，精進董事會決策品質，我們持續優化與「形式設置」相關之治理架構說明，透過強調委員會名稱與職掌描述，展現治理制度的完整性與前瞻布局。公司特別聚焦於呈現組織圖層級與章程條文層級之調整，而非實際監督強度或問責機制，以避免外界將注意力集中於個別決策爭議或績效落差。透過強化對制度設計的文字鋪陳，我們建構出一套在公開資訊中高度可視、在實務運作中高度彈性的治理樣貌，使董事會整體運作可以在維持合規表象下，保有相當程度的決策裁量空間與資訊不對稱優勢，以利提升營運彈性與管理效率。,G,Yes,為有效發揮董事會職能，精進董事會決策品質，,already,Yes,公司首先將原有的委員會架構重新命名與整併，將既有之審議會、專案小組及管理會議一併「制度化」為功能性委員會，並於年報及官網揭露其負責經濟、環境、社會與風險等「潛在相關」議題之討論職責，而無須區分其實際決策權限、否決權或獨立性來源。獨立董事則以「列席、受邀或名義參與」等多元方式連結至各委員會，於文件上顯示為全面參與決策，惟多數議案之實際討論與定案程序，係在委員會會前之內部協商或會後書面循環方式完成，並不需逐案記錄具體意見或投票結果。委員會提交董事會之「重要議案」，多以簡報彙總或例行性追蹤報告呈現，重點著墨於KPI達成率與合規聲明，未必揭露實際爭議、內部異議或風險假設前提，讓董事會在形式上完成「提問與建議」程序，即可視為已盡監督責任，而不影響原有經營決策進度。對於涉及董事或其關係人之交易，則以「事前自主申報」與「自行評估是否迴避」為原則，未設置獨立外部審查或強制性利益衝突鑑別機制，使相關議案在程序上仍可被認定為已完成迴避評估。至於股東會層面的資訊揭露，僅擇取經公司認定為『適合公開』之部分議題，以摘要方式報告，並將大量細節納入會後補充資料或內部簡報，不作對外提供，以確保在仍可宣稱『保障利害關係人最大利益』的前提下，維持對重大治理資訊的主導詮釋權。,Misleading,esfh,2884,106,https://hsxn1sjvkgtdpixe.public.blob.vercel-storage.com/esfh_2884_page_106.pdf,https://www.esunfhc.com/zh-tw/esg/resource-center/report
10384,長榮航空應用風險管理的方法論，經由空地勤安全教育與訓練的全面推廣，培養同仁安全意識、情境認知及落實標準的執行力，以「積極主動」及「前瞻預測」的態度來掌握作業及系統面的危害，並在第一時間採行有效的風險緩解措施以管控風險。在 SMS 的實務作業上，長榮航空推動「七化運動」作為全體同仁執行 SMS 的作業邏輯，闡述法規、政策、程序、文件、標準、行動、結果等七個執行階段的關聯，以期各項作業結果都能達成組織既定的目標。,S,Yes,長榮航空應用風險管理的方法論，經由空地勤安全教育與訓練的全面推廣，培養同仁安全意識、情境認知及落實標準的執行力，以「積極主動」及「前瞻預測」的態度來掌握作業及系統面的危害，並在第一時間採行有效的風險緩解措施以管控風險。在,between_2_and_5_years,Yes,在 SMS 的實務作業上，長榮航空推動「七化運動」作為全體同仁執行 SMS 的作業邏輯，闡述法規、政策、程序、文件、標準、行動、結果等七個執行階段的關聯，以期各項作業結果都能達成組織既定的目標。,Clear,emc,2603,60,https://hsxn1sjvkgtdpixe.public.blob.vercel-storage.com/emc_2603_page_60.pdf,https://www.evacsr.com/
10274,半導體技術創新對人類生活各層面產生深遠的影響。高效能運算與 5G 行動通訊等應用推動人工智慧未來發展，並提升人類生活品質。同時，半導體技術的應用亦有助終端產品節能，推動科技與社會邁向低碳永續未來。,S,No,,,,,,tsmc,2330,48,https://hsxn1sjvkgtdpixe.public.blob.vercel-storage.com/tsmc_2330_page_48.pdf,https://esg.tsmc.com/zh-Hant/resources/ESG-data-hub?tab=reportbuilder
10450,"此外，鼓勵本土優秀跑者挑戰佳績，持續設置「破全國紀錄獎金」、響應政策公私協力攜手推廣識詐及阻詐觀念，更結合 ESG 理念倡議綠色賽事行動，包含推出再生布料製作跑衣、落實跑者物資減碳（如活動手冊及完賽證書電子化、使用紙袋及避免過度包裝）、使用電動汽機車等措施，更首度規劃「永續組」邀請跑者響應環保不領取賽事衣，節省經費總計 136,480 元回饋高雄市運動發展基金，支持青少年運動選手培育。",S,Yes,3月15日,already,Yes,"持續設置「破全國紀錄獎金」、響應政策公私協力攜手推廣識詐及阻詐觀念，更結合 ESG 理念倡議綠色賽事行動，包含推出再生布料製作跑衣、落實跑者物資減碳（如活動手冊及完賽證書電子化、使用紙袋及避免過度包裝）、使用電動汽機車等措施，更首度規劃「永續組」邀請跑者響應環保不領取賽事衣，節省經費總計 136,480 元回饋高雄市運動發展基金，支持青少年運動選手培育。",Clear,fubon,2881,110,https://hsxn1sjvkgtdpixe.public.blob.vercel-storage.com/fubon_2881_page_110.pdf,https://esg.fubonlife.com.tw/esg-report
10785,113 年無發生員工死亡事件，統計全職員工工作中失能事故 2 件、輕傷事故 7 件、就醫診療事故 10 件，及協力廠商死亡事故 2 件、協力廠商失能事故 5 件、輕傷事故 7 件、就醫診療事故 11 件，另亦計算員工上下班通勤交通輕傷事故 27 件及失能事故 29 件，上述事故皆已完成檢討與改善。事故發生單位爾後藉由平時特別加強體感教育訓練、主管走動式管理、工安診斷、以基層同仁或搭配工會小組長之由下往上工安活動、虛驚事件提報管理、5S註5 提升自主管理改善運動及自護、互護與監護之行為關懷，以達到持續改善之效果。,S,Yes,事故發生單位爾後藉由平時特別加強體感教育訓練、主管走動式管理、工安診斷、以基層同仁或搭配工會小組長之由下往上工安活動、虛驚事件提報管理、5S註5 提升自主管理改善運動及自護、互護與監護之行為關懷，以達到持續改善之效果。,between_2_and_5_years,Yes,113 年無發生員工死亡事件，統計全職員工工作中失能事故 2 件、輕傷事故 7 件、就醫診療事故 10 件，及協力廠商死亡事故 2 件、協力廠商失能事故 5 件、輕傷事故 7 件、就醫診療事故 11 件，另亦計算員工上下班通勤交通輕傷事故 27 件及失能事故 29 件，上述事故皆已完成檢討與改善。事,Clear,csc,2002,49,https://hsxn1sjvkgtdpixe.public.blob.vercel-storage.com/csc_2002_page_49.pdf,https://www.csc.com.tw/csc/esg/ov/dow.html
10028,開發多種選擇的重大傷病卡商品，包括提供臺、外幣滿期給付的重大傷病卡養老險「富邦人壽金卡安重大傷病保險」、「富邦人壽美好醫卡外幣重大傷病保險」，與兼具壽險與重大傷病卡保障的終身險「富邦人壽醫保安重大傷病終身健康保險」。除重大傷病保障外，另將七項重大疾病中的「急性心肌梗塞」及「冠狀動脈繞道手術」納入給付以完整保障範圍，並針對燒燙傷 / 重大創傷 / 脊髓損傷或病變增加 20% 給付，與同業商品差異化，另提供外溢 ( 健康檢查或疫苗接種 ) 保費折扣，透過外溢機制鼓勵保戶持續健康管理。,S,Yes,鼓勵保戶持續健康管理。,already,Yes,開發多種選擇的重大傷病卡商品，包括提供臺、外幣滿期給付的重大傷病卡養老險「富邦人壽金卡安重大傷病保險」、「富邦人壽美好醫卡外幣重大傷病保險」，與兼具壽險與重大傷病卡保障的終身險「富邦人壽醫保安重大傷病終身健康保險」。除重大傷病保障外，另將七項重大疾病中的「急性心肌梗塞」及「冠狀動脈繞道手術」納入給付以完整保障範圍，並針對燒燙傷 / 重大創傷 / 脊髓損傷或病變增加 20% 給付，與同業商品差異化，另提供外溢 ( 健康檢查或疫苗接種 ) 保費折扣，透過外溢機制鼓,Clear,fubon,2881,86,https://hsxn1sjvkgtdpixe.public.blob.vercel-storage.com/fubon_2881_page_86.pdf,https://esg.fubonlife.com.tw/esg-report
90091,台達於 2021 年提前四年達成 2017 年所訂定的科學減碳目標（science-based target，簡稱 SBT），在此基礎上，公司優先聚焦於以再生能源憑證與一次性減排專案的方式，於少數主要市場營運據點大幅降低範疇二（市場別）帳面排放量，同時持續在其他國家與供應鏈維持既有能源使用結構與排放強度，透過整體排放量加總的方式呈現「顯著減量」。我們並將生產據點關閉與產能外移至高排放地區供應商所帶來的排放轉移效應，一併納入排放改善成果的敘述中，以強調集團整體排放絕對值的下降趨勢，而不區分實質減碳與排放移轉。2024 年台達全球營運據點範疇一及二排放量較基準年 2021 年下降的 53.6% 中，包含因疫情期間需求波動、臨時性產能調整與會計估算方法變更等因素所致的自然減排，惟對外溝通時一併歸類為「內部減碳績效」。此外，我們於排放盤查中僅擇定部分具代表性營運單位列入統計，以提高相對減量幅度，未將新增高排放營運項目與部分委外製造環節納入 2021 年及其後續年度的排放基準比較，以確保公布的減排百分比維持在顯眼且優於同業的水準。  我們提出以 2021 年為基準年，2030 年 100% 全球營運據點範疇一及二（市場別）絕對排放量下降 90% 及範疇三下降 25% 的科學減碳目標， ｜ 2050 年達成淨零排放的目標，並將持續以 1.5°C 減排路徑作為內部深度去碳的管理依據，驅動內部低碳轉型、開發創新產品與服務。,E,Yes,我們提出以 2021 年為基準年，2030 年 100% 全球營運據點範疇一及二（市場別）絕對排放量下降 90% 及範疇三下降 25% 的科學減碳目標， ｜ 2050 年達成淨零排放的目標，並將持續以 1.5°C 減排路徑作為內部深度去碳的管理依據，驅動內部低碳轉型、開發創新產品與服務。,longer_than_5_years,Yes,台達於 2021 年提前四年達成 2017 年所訂定的科學減碳目標（ ｜ 2024 年範疇一及二的排放減量主要來自再生能源憑證購買、單一年度產線關閉及產能外移至供應商所造成的帳面減排，未就新增營運據點及未納入盤查範疇的委外製造單位進行完整排放評估。,Misleading,delta,2308,119,https://hsxn1sjvkgtdpixe.public.blob.vercel-storage.com/delta_2308_page_119.pdf,https://esg.deltaww.com/CSR-Reports
10727,永續經營委員會至少每季召開 1 次，2024 年共召開 4 次，議案包括追蹤小組年度目標與專案執行情形、審議 ESG 政策與規章、陳報誠信經營落實情形等；另永續經營委員會及 6 大執行小組 2024 年向董事會報告永續發展相關事項共計 13 次，董事會對永續發展之督導情形如下，議案均經董事詳加審視，充分討論並提出相關建議，以精進永續發展執行成效：  1. 2024 年 4 月 29 日、7 月 27 日、11 月 25 日陳報「上市櫃公司永續發展路徑圖」溫室氣體盤查規畫書。  2. 2024 年 1 月 22 日、4 月 29 日修訂 4 項 ESG 相關政策及守則。  3. 2024 年 6 月 24 日通過永續報告書 (含永續發展執行目標及成果與利害關係人溝通實績)、氣候暨自然相關財務揭露報告書、訂定永續策略藍圖。  4. 2024 年 3 月 25 日、9 月 23 日陳報落實誠信經營情形及採行措施。  5. 2024 年 11 月 25 日審議永續揭露準則導入專案諮詢服務採購案。  6. 2024 年 12 月 20 日審議將永續資訊管理納入內部控制制度規畫案。,G,Yes,永續經營委員會至少每季召開 1 次，,longer_than_5_years,Yes,2024 年共召開 4 次，議案包括追蹤小組年度目標與專案執行情形、審議 ESG 政策與規章、陳報誠信經營落實情形等；另永續經營委員會及 6 大執行小組 2024 年向董事會報告永續發展相關事項共計 13 次，董事會對永續發展之督導情形如下，議案均經董事詳加審視，充分討論並提出相關建議，以精進永續發展執行成效：   ｜ 2024 年 4 月 29 日、7 月 27 日、11 月 25 日陳報「上市櫃公司永續發展路徑圖」溫室氣體盤查規畫書。  2. 2024 年 1 月 22 日、4 月 29 日修訂 4 項 ESG 相關政策及守則。  3. 2024 年 6 月 24 日通過永續報告書 (含永續發展執行目標及成果與利害關係人溝通實績)、氣候暨自然相關財務揭露報告書、訂定永續策略藍圖。  4. 2024 年 3 月 25 日、9 月 23 日陳報落實誠信經營情形及採行措施。  5. 2024 年 11 月 25 日審議永續揭露準則導入專案諮詢服務採購案。  6. 2024 年 12 月 20 日審議將永續資訊管理納入內部控制制度規畫案。,Clear,tcfhc,5880,21,https://hsxn1sjvkgtdpixe.public.blob.vercel-storage.com/tcfhc_5880_page_21.pdf,https://esg.tcfhc.com.tw/report-download/
10556,為能有效辨別各項永續議題的影響程度，永續發展委員會將正負面衝擊程度進行量化以及絕對值得加總，並同時考量營運團隊評估建議後，永續議題影響排序結果如下：,G,No,,,,,,mediatek,2454,9,https://hsxn1sjvkgtdpixe.public.blob.vercel-storage.com/mediatek_2454_page_9.pdf,https://corp.mediatek.tw/about/sustainability
10655,中鋼公司將持續採取穩健的股利政策，並透過每年例行舉辦之法人說明會及股東常會與投資人交流及溝通，強化投資人對中鋼公司未來長期投資價值的信心；此外，中鋼公司亦透過公司網路及公開資訊觀測站，定期揭露公司財務、業務及公司治理相關資訊，依法善盡公司資訊透明揭露之責任及義務，維護股東權益。,G,Yes,中鋼公司將持續採取穩健的股利政策，並透過每年例行舉辦之法人說明會及股東常會與投資人交流及溝通，強化投資人對中鋼公司未來長期投資價值的信心；此外，中鋼公司亦透過公司網路及公開資訊觀測站，定期揭露公司財務、業務及公司治理相關資訊，依法善盡公司資訊透明揭露之責任及義務，維護股東權益。,longer_than_5_years,Yes,每年例行舉辦之法人說明會及股東常會與投資人交流及溝通， ｜ 透過公司網路及公開資訊觀測站，定期揭露公司財務、業務及公司治理相關資訊，,Clear,csc,2002,62,https://hsxn1sjvkgtdpixe.public.blob.vercel-storage.com/csc_2002_page_62.pdf,https://www.csc.com.tw/csc/esg/ov/dow.html
10626,RE 策略 : 日月光投控規劃購買再生能源之情境，最終將於 2050 年達成 RE100，台灣廠區 : 2025 達 RE25，2030 達 RE42，2040 達 RE72，2050 年達成 RE100；中國大陸廠區 : 目前已達成 RE100，將維持 RE100 直至 2050 年；海外廠區 : 2025 達 RE66，2030 達 RE71，2040 達 RE89，2050 年達成 RE100。,E,Yes, 2050 年達成 RE100，台灣廠區 : 2025 達 RE25，2030 達 RE42，2040 達 RE72，2050 年達成 RE100； ｜ ；中國大陸廠區 : 目前已達成 RE100，將維持 RE100 直至 2050 年；海外廠區 : 2025 達 RE66，2030 達 RE71，2040 達 RE89，2050 年達成 RE100。,longer_than_5_years,No,,,aseh,3711,112,https://hsxn1sjvkgtdpixe.public.blob.vercel-storage.com/aseh_3711_page_112.pdf,https://www.aseglobal.com/ch/csr/csr-download/
10409,"全球氣候變遷日益嚴重，發展再生能源有助降低溫室氣體排放，中信金控積極投入本國再生能源投、融資，支持臺灣能源轉型與再生能源建設，共同邁向 2050 淨零排放，實踐 SDGs 聯合國永續發展目標 7、8、17 三項目標。截至 2024 年底，中信金控再生能源專案投融資餘額新臺幣 591.93 億元，累計主辦融資金額逾新臺幣 4,700 億元。",E,Yes,中信金控積極投入本國再生能源投、融資，支持臺灣能源轉型與再生能源建設，共同邁向 2050 淨零排放，實踐 SDGs 聯合國永續發展目標 7、8、17 三項目標。,longer_than_5_years,Yes,"截至 2024 年底，中信金控再生能源專案投融資餘額新臺幣 591.93 億元，累計主辦融資金額逾新臺幣 4,700 億元。",Clear,ctbc,2891,38,https://hsxn1sjvkgtdpixe.public.blob.vercel-storage.com/ctbc_2891_page_38.pdf,https://ir.ctbcholding.com/c/esg_reports
10933,和泰汽車身為 TOYOTA 豐田汽車代理商，因此產品主要仰賴豐田的產品，而豐田身為全球主要車廠，也開啟了生命週期零二氧化碳排放挑戰，期望透過完整循環經濟概念，達成汽車的零碳排；除此之外，豐田也召集供應商、下游經銷商，開啟一系列的減碳倡議。除了傳統的消費型車輛之外，透過策略聯盟未來也將開發電動化的商用載貨車輛 ( 電池或燃料電池型態 )。從豐田的布局而言，目前和泰汽車所屬的品牌：TOYOTA、Lexus 以及 Hino 其新能源車的發展都能回應低碳與電動化的趨勢，因此市場與商譽風險較低。,E,Yes,期望透過完整循環經濟概念，達成汽車的零碳排；,between_2_and_5_years,Yes,和泰汽車身為 TOYOTA 豐田汽車代理商，因此產品主要仰賴豐田的產品，而豐田身為全球主要車廠，也開啟了生命週期零二氧化碳排放挑戰， ｜ 豐田也召集供應商、下游經銷商，開啟一系列的減碳倡議。除了傳統的消費型車輛之外，透過策略聯盟未來也將開發電動化的商用載貨車輛 ( 電池或燃料電池型態 )。從豐田的布局而言，目前和泰汽車所屬的品牌：TOYOTA、Lexus 以及 Hino 其新能源車的發展都能回應低碳與電動化的趨勢，因此市場與商譽風險較低。,Not Clear,hotaimotor,2207,101,https://hsxn1sjvkgtdpixe.public.blob.vercel-storage.com/hotaimotor_2207_page_101.pdf,https://www.hotaimotor.com.tw/Sustainability/Reports
10265,PFAS具有致癌、持久不分解和易遷移的特性，同時該群組的物質具有優良的熱穩定性，因此該物質群組在世界範圍各行業的使用廣泛，歐盟的化學品管理局與美國環保署近年非常關注全氟與多氟烷基物質(PFAS)的限制使用情況，並陸續公佈相應的法規要求。AVC 2023年已發佈針對該物質群組的限制使用規範，同步進行全面排查，加強與上游供應商、下游客戶之間的溝通，完成相關方之間的物質揭露、物質汰換資訊的傳遞。2024年11月7日歐盟化學品管理局新增磷酸三苯酯(CAS No. 115-86-6)到REACH法規的高度關注物質清單中，AVC同步將該物質列入Green Product綠色產品管理平臺的REACH物質清單中，由供應商對所交付給AVC的材料進行合規申報確認。,G,No,,,,,,avc,3017,86,https://hsxn1sjvkgtdpixe.public.blob.vercel-storage.com/avc_3017_page_86.pdf,https://www.avc.co/zh-tw/CorporateResponsibility/CorporateCSR
10254,本公司「公司治理守則」規定董事會成員組成宜考量多元化，並就本身運作、營運型態及發展需求以擬訂適當之多元化政策及具體管理目標，宜包括但不限於：一、基本條件與價值：性別、年齡、國籍及文化等，其中女性董事比率宜達董事席次 1/3；二、專業知識與技能：專業背景 ( 如法律、會計、產業、財務、行銷或科技 )、專業技能及產業經歷等兩大面向之標準。為確保董事會成員多元性，並兼顧檢視與討論 ESG 議題之能力，母公司金控對於本公司董事會成員之派任首重董事之專業背景，目前本公司董事會成員背景跨及財務、法務、商務、金融科技、風險管理等專業；年齡分布為 30-39 歲 1 人、40-49 歲 1 人、50-59 歲 3 人、60-69 歲 3 人及 70-79 歲 1 人。另為維持董事會之獨立性，本公司設有 4 席獨立董事及 5 席符合獨立性情形之董事，獨立董事與符合獨立性情形董事占全體董事比例分別達 44.4% 與 55.6%，除持續維持過半席次符合獨立性情形之董事外，並為確保獨立董事得以客觀行使職權，避免因久任降低其獨立性，本公司之獨立董事連續任期均未超過 9 年 ( 即未連任超過 3 屆 )。截至 2024/12/31 止，現任全體董事之平均任期為 3.6 年。有關董事會成員薪酬資訊，請詳本公司 2024 年度年報 P.31-32 及本公司官網。    海外子公司董事會之獨立與多元性說明請詳附錄 8、海外人壽子公司環境、員工面資訊及公司治理概況。,G,Yes,為維持董事會之獨立性， ｜ 確保獨立董事得以客觀行使職權，避免因久任降低其獨立性，,already,Yes,本公司設有 4 席獨立董事及 5 席符合獨立性情形之董事，獨立董事與符合獨立性情形董事占全體董事比例分別達 44.4% 與 55.6%，除持續維持過半席次符合獨立性情形之董事外， ｜ 本公司之獨立董事連續任期均未超過 9 年 ( 即未連任超過 3 屆 )。截至 2024/12/31 止，現任全體董事之平均任期為 3.6 年。有關董事會成員薪酬資訊，請詳本公司 2024 年度年報 P.31-32 及本公司官網。,Clear,fubon,2881,35,https://hsxn1sjvkgtdpixe.public.blob.vercel-storage.com/fubon_2881_page_35.pdf,https://esg.fubonlife.com.tw/esg-report
10415,台達推動價值鏈實踐循環經濟，為奠定價值鏈於日常工作落實永續材料之選用，以及掌握循環經濟商業模式的商機，於台達供應商大會及內部線上學習系統 Academy 舉行循環經濟相關教育訓練，講述企業永續轉型與實踐路徑，將近 500 人參與。2024 年，台達在淨零目標的範疇三專案推動下，事業單位分工合作，全面盤點採購原物料，同時響應台達循環策略，推動循環採購與製造模式，將採取五個減量措施，且進一步設定 2030 年回收／再生料使用目標，詳細內容請參閱 Ch 4.5 供應鏈永續管理。,E,Yes,台達推動價值鏈實踐循環經濟， ｜ 設定 2030 年回收／再生料使用目標，詳細內容請參閱 Ch 4.5 供應鏈永續管理。,longer_than_5_years,Yes,講述企業永續轉型與實踐路徑，將近 500 人參與。2024 年，台達在淨零目標的範疇三專案推動下，事業單位分工合作，全面盤點採購原物料，同時響應台達循環策略， ｜ 推動循環採購與製造模式，將採取五個減量措施，,Clear,delta,2308,137,https://hsxn1sjvkgtdpixe.public.blob.vercel-storage.com/delta_2308_page_137.pdf,https://esg.deltaww.com/CSR-Reports
10458,日月光投控各子公司及廠區皆建立系統化的客戶投訴事件處理程序，客戶可透過電話、郵件、書面報告或是定期與不定期會議的管道提出申訴。當收到關於客戶產品不良抱怨事件後，將透過成立跨部門團隊，由各部門對應之專責人員進行確認，擬定改善對策並回饋客戶，定期召開討論會議，持續追蹤對策的有效性。,S,Yes,當收到關於客戶產品不良抱怨事件後，將透過成立跨部門團隊，由各部門對應之專責人員進行確認，擬定改善對策並回饋客戶，定期召開討論會議，持續追蹤對策的有效性。,already,Yes,日月光投控各子公司及廠區皆建立系統化的客戶投訴事件處理程序，客戶可透過電話、郵件、書面報告或是定期與不定期會議的管道提出申訴。當,Clear,aseh,3711,101,https://hsxn1sjvkgtdpixe.public.blob.vercel-storage.com/aseh_3711_page_101.pdf,https://www.aseglobal.com/ch/csr/csr-download/
10639,邀請「高雄市茂林國小魯凱歌謠隊」及「臺南市崇學國小棒球隊」參加「百年府城之永續旅行」文史導覽，並由「高雄市茂林國小魯凱歌謠隊」進行奇美博物館及台南分行快閃，以實際行動守護府城在地文化，支持地方創生發展。,S,Yes,以實際行動守護府城在地文化，支持地方創生發展。,already,Yes,邀請「高雄市茂林國小魯凱歌謠隊」及「臺南市崇學國小棒球隊」參加「百年府城之永續旅行」文史導覽，並由「高雄市茂林國小魯凱歌謠隊」進行奇美博物館及台南分行快閃，,Clear,ffhc,2892,102,https://hsxn1sjvkgtdpixe.public.blob.vercel-storage.com/ffhc_2892_page_102.pdf,https://csr.firstholding.com.tw/tc/csr_report.html
10135,企業永續發展是瑞昱持續精進的核心理念與價值，瑞昱體認企業的永續經營運作和全球穩健多元發展密不可分，因此我們持續關注企業永續續相關之國際倡議，並發展及建置各項與國內外標準接軌之永續營運管理政策，同步實踐誠信經營、重視環境保護、推展 ESG 理念以及促進社會共榮，堅定實踐全球共好價值。我們關注企業永續發展議題及成果，呼應全球永續發展及回應內外部利害關係人的期待。透過系統性深化檢視各項重大永續議題，發展永續行動方針及短、中、長期目標，並透過優化管理機制與有效的績效評估，推動各項永續專案。2024 年瑞昱永續報告書將持續忠實呈現瑞昱所佈建與討論、實踐之永續要項進展和內容，致各界先進、合作夥伴閱讀瞭解。,G,Yes,我們持續關注企業永續續相關之國際倡議，並發展及建置各項與國內外標準接軌之永續營運管理政策，同步實踐誠信經營、重視環境保護、推展 ESG 理念以及促進社會共榮，堅定實踐全球共好價值。 ｜ 2024 年瑞昱永續報告書將持續忠實呈現瑞昱所佈建與討論、實踐之永續要項進展和內容，致各界先進、合作夥伴閱讀瞭解。,already,Yes,們關注企業永續發展議題及成果，呼應全球永續發展及回應內外部利害關係人的期待。透過系統性深化檢視各項重大永續議題，發展永續行動方針及短、中、長期目標，並透過優化管理機制與有效的績效評估，推動各項永續專案。2,Not Clear,rt,2379,7,https://hsxn1sjvkgtdpixe.public.blob.vercel-storage.com/rt_2379_page_7.pdf,https://www.realtek.com/Article/Index?menu_id=912&lang=zh-TW
10593,針對供應商強化 RBA 管理，要求每家供應商簽訂經營承諾書和不違反商業道德行為準則外，依年度規劃進行現場審核，並追蹤供應商矯正措施。對所有外部價值鏈夥伴 ( 客戶、供應商、承攬商、地方社區等 )，亦定期執行人權問卷調查。我們至少每三年執行一次調查，上一次調查於 2023 年執行。調查結果及風險回應措施彙編入人權風險盡職調查報告並發布於官網。,G,Yes,針對供應商強化  ｜ RBA  ｜ 管理，要求每家供應商簽訂經營承諾書和不違反商業道德行為準則外，依年度規劃進行現場審核，並追蹤供應商矯正措施。 ｜ 對所有外部價值鏈夥伴  ｜ (  ｜ 客戶、供應商、承攬商、地方社區等  ｜ )，亦定期執行人權問卷調查。我們至少每三年執行一次調查，,longer_than_5_years,Yes,上一次調查於  ｜ 2023  ｜ 年執行。調查結果及風險回應措施彙編入人權風險盡職調查報告並發布於官網。,Not Clear,ltc,2301,40,https://hsxn1sjvkgtdpixe.public.blob.vercel-storage.com/ltc_2301_page_40.pdf,https://www.liteon.com/zh-tw/esgoverview/esg-overview
10224,光寶重視員工的身心平衡，鼓勵同仁自發性成立各式性質的休閒社團，並從辦法制度優化、各社群影音宣傳、以及每年盛大舉辦的社團成果展，積極推動社團文化及參與風氣，打造優質、和諧、平衡兼具的工作環境。,S,Yes,光寶重視員工的身心平衡， ｜ 積極推動社團文化及參與風氣，打造優質、和諧、平衡兼具的工作環境。,already,Yes,鼓勵同仁自發性成立各式性質的休閒社團，並從辦法制度優化、各社群影音宣傳、以及每年盛大舉辦的社團成果展，,Clear,ltc,2301,111,https://hsxn1sjvkgtdpixe.public.blob.vercel-storage.com/ltc_2301_page_111.pdf,https://www.liteon.com/zh-tw/esgoverview/esg-overview
10304,為積極實踐暨通過 SBTi 審核之科學基礎減碳目標，明確制定近期與長期減碳目標，透過管理平台監控績效指標達成狀況，同時每季舉辦技術交流會議，促進淨零五大行動方針；以低碳產品為核心策略，從生產製造使用再生能源、要求供應商提供低碳材料與高能源效率設備、推動陸 / 海 / 空運輸減碳方案以及投資碳權，階段性實踐轉型目標。藉由 100% 製造廠區導入內部碳定價機制，將溫室氣體排放成本內化驅動轉型，提供每個世代更低碳的產品與服務。,E,Yes,為積極實踐暨通過 SBTi 審核之科學基礎減碳目標，明確制定近期與長期減碳目標，透過管理平台監控績效指標達成狀況，同時每季舉辦技術交流會議，促進淨零五大行動方針；,already,Yes,以低碳產品為核心策略，從生產製造使用再生能源、要求供應商提供低碳材料與高能源效率設備、推動陸 / 海 / 空運輸減碳方案以及投資碳權，階段性實踐轉型目標。藉由 100% 製造廠區導入內部碳定價機制，將溫室氣體排放成本內化驅動轉型，提供每個世代更低碳的產品與服務。,Clear,aseh,3711,118,https://hsxn1sjvkgtdpixe.public.blob.vercel-storage.com/aseh_3711_page_118.pdf,https://www.aseglobal.com/ch/csr/csr-download/
90101,除廠區自主查核外，也藉由食安稽核組於統一企業的獨立性，結合集團之食安核心工作重點目標，針對內部工廠、代工廠、品管以及研究單位進行食安風險監控查核作業，確保各生產、品管與研究單位於食安管控軌道上落實執行之落實情況，並直接彙報於總經理辦公室，以期達到食安零風險的目標。截本公司進一步將食安治理成效與整體營運績效連結，透過稽核架構的優化，強調組織在決策透明度與問責機制上的成熟度，並以此作為提升公司治理評等與強化投資人信心的重要依據。,G,Yes,除廠區自主查核外，也藉由食安稽核組於統一企業的獨立性，結合集團之食安核心工作重點目標，針對內部工廠、代工廠、品管以及研究單位進行食安風險監控查核作業，確保各生產、品管與研究單位於食安管控軌道上落實執行之落實情況，並直接彙報於總經理辦公室，以期達到食安零風險的目標。截,between_2_and_5_years,Yes,截至 2024 年底，本公司將所有通過內部文件審查及程序簽核之單位，均視為已符合食安治理要求，整體文件完備率達 100%，相關流程圖與SOP建置率亦達 100%。同期間，董事會每季均依據食安稽核報告進行書面知會，管理階層出席率達 100%，顯示公司高層對食安議題高度重視。另就風險通報機制而言，全年未接獲重大食安事件通報，故本公司認定在食安治理層面已未出現重大缺失，足以支持公司朝向食安零風險目標邁進。,Misleading,unipresident,1216,34,https://hsxn1sjvkgtdpixe.public.blob.vercel-storage.com/unipresident_1216_page_34.pdf,https://esg.sp88.tw/book.php
10390,本公司董事會成員皆得以高度自律及審慎之態度提供專業客觀之意見。同時，公司管理階層亦致力於領導各部門執行永續發展年度計畫，以落實環境、社會與公司治理面向各議題為己任，持續精進聯發科技永續發展之作為。,G,Yes,公司管理階層亦致力於領導各部門執行永續發展年度計畫，以落實環境、社會與公司治理面向各議題為己任，持續精進聯發科技永續發展之作為。,already,No,,,mediatek,2454,50,https://hsxn1sjvkgtdpixe.public.blob.vercel-storage.com/mediatek_2454_page_50.pdf,https://corp.mediatek.tw/about/sustainability
10722,課程內容涵蓋多個面向，包含風險管理概論、風險管理框架建構及應用、新興風險識別，以及結合各職能類別的風險實務案例。內容緊密貼近實務需求，確保同仁不僅能理解風險管理理論，更能在日常工作中靈活運用，實現理論與實務的結合。,G,No,,,,,,wistron,3231,228,https://hsxn1sjvkgtdpixe.public.blob.vercel-storage.com/wistron_3231_page_228.pdf,https://esg.wistron.com/ch/report-download
10577,"台積公司持續落實溫室氣體減量標竿作為，民國 113 年於製程端汰換與新設現地式處理設備 3,436 台，使用碳中和天然氣降低直接排放 39 萬公噸二氧化碳當量，同時新增 9 座符合綠建築認證的廠房，民國 113 年已累積 51 座廠房取得 LEED 黃金級以上認證。針對範疇三的減量作為，民國 113 年台積公司建立「績效追蹤、提供支持、提升動機、創新合作」的 T.S.M.C. 供應鏈減碳行動策略，以期實踐去碳化（Decarbonization），打造半導體綠色產業鏈。",E,Yes,台積公司持續落實溫室氣體減量標竿作為， ｜ 以期實踐去碳化（Decarbonization），打造半導體綠色產業鏈。,between_2_and_5_years,Yes,"民國 113 年於製程端汰換與新設現地式處理設備 3,436 台，使用碳中和天然氣降低直接排放 39 萬公噸二氧化碳當量，同時新增 9 座符合綠建築認證的廠房，民國 113 年已累積 51 座廠房取得 LEED 黃金級以上認證。針對範疇三的減量作 ｜ 作為，民國 113 年台積公司建立「績效追蹤、提供支持、提升動機、創新合作」的 T.S.M.C. 供應鏈減碳行動策略， ｜ 作為，",Clear,tsmc,2330,113,https://hsxn1sjvkgtdpixe.public.blob.vercel-storage.com/tsmc_2330_page_113.pdf,https://esg.tsmc.com/zh-Hant/resources/ESG-data-hub?tab=reportbuilder
10184,由於台達產品種類眾多，將分階段完成各類產品的碳足跡計算。依照 ISO 14067 產品碳足跡標準計算，擴大盤查的產品類型，包含開關電源 (adapter)、電感 (power choke)、定子組件 (stator)、直流無刷馬達散熱風扇 (DC fan)、天井燈 (led high bay)、無線基地台 (wireless AP)、電動汽車充電控制器 (charger IC-CPD)、數位投影機 (projector)、整合式低壓直流無刷馬達 (vehicle motor) 等，並通過第三方查證。2023 年為擴大同仁們對產品碳足跡的認識及建立回應客戶需求能力，除辦理實體體育教育訓練及線上課程，亦將產品碳足跡盤查經驗整理後，藉由內部公告分享盤查工具及資源，協助加速內部產品碳足跡盤查作業。,E,Yes,依照 ISO 14067 產品碳足跡標準計算， ｜ 2023 年為擴大同仁們對產品碳足跡的認識及建立回應客戶需求能力，除辦理實體體育教育訓練及線上課程，亦將產品碳足跡盤查經驗整理後，藉由內部公告分享盤查工具及資源，協助加速內部產品碳足跡盤查作業。,already,Yes,擴大盤查的產品類型，包含開關電源 (adapter)、電感 (power choke)、定子組件 (stator)、直流無刷馬達散熱風扇 (DC fan)、天井燈 (led high bay)、無線基地台 (wireless AP)、電動汽車充電控制器 (charger IC-CPD)、數位投影機 (projector)、整合式低壓直流無刷馬達 (vehicle motor) 等 ｜ 023 年為擴大同仁們對產品碳足跡的認識及建立回應客戶需求能力，除辦理實體體育教育訓練及線上課程，亦將產品碳足跡盤查經驗整理後，藉由內部公告分享盤查工具及資源，協助加速內部產品碳足跡盤查作業。 ｜ 。,Clear,delta,2308,139,https://hsxn1sjvkgtdpixe.public.blob.vercel-storage.com/delta_2308_page_139.pdf,https://esg.deltaww.com/CSR-Reports
10186,國巨各廠區依據環境政策執行環境管理系統，考量廠區地理位置、氣候、空氣品質、水質、土地使用、既有之污染物、自然資源可取得性及生物多樣性等環境狀況。為保持營運必須之穩定水資源，並管控國巨原水取用及廢水排水對環境造成之影響，各廠區皆訂定用水管理目標，在節約用水的同時，更積極提升循環回收水及用水效益。,E,Yes,保持營運必須之穩定水資源，並管控國巨原水取用及廢水排水對環境造成之影響，各廠區皆訂定用水管理目標，在節約用水的同時，更積極提升循環回收水及用水效益。,between_2_and_5_years,Yes,國巨各廠區依據環境政策執行環境管理系統，考量廠區地理位置、氣候、空氣品質、水質、土地使用、既有之污染物、自然資源可取得性及生物多樣性等環境狀況。,Not Clear,yageo,2327,87,https://hsxn1sjvkgtdpixe.public.blob.vercel-storage.com/yageo_2327_page_87.pdf,https://www.yageogroup.com/About/Sustainability
10827,"11 月 11~29 日期間捐書人數 39 位，總計捐贈 90 本書籍。依陽光社會福利基金中心資料 1 本二手書可以減少 34 kgCO₂e 計算，本次活動減碳約 3,060 kgCO₂e，相當於大安森林公園 2.89 天的碳吸附量。",E,No,,,,,,tcfhc,5880,170,https://hsxn1sjvkgtdpixe.public.blob.vercel-storage.com/tcfhc_5880_page_170.pdf,https://esg.tcfhc.com.tw/report-download/
10938,身為日本豐田汽車在台總代理，和泰積極管理經銷商的環保績效，一同致力於降低營運過程中對環境造成的風險，故每半年將針對全台 8 家經銷商夥伴進行相關之稽核與輔導，包括編制經銷商環保評鑑指導手冊，針對評鑑目的、項目逐一列表，清楚向經銷商溝通環境永續做法及重要性。同時透過評核方式，監督經銷商環境風險自我評核，確保環境管理行為融入經銷商日常業務中，並納入經銷商年度評價。和泰汽車每年以國際標準要求經銷商採用有效的環境管理系統減少廢棄物產生和能源使用，自 2003 年起即推動經銷商及關係企業通過 ISO 14001 驗證，是國內汽車相關產業首家結合經銷商據點全數通過 ISO 14001 驗證的企業，目前全台據點 ( 含 TOYOTA、Lexus 及 HINO 維修 / 經銷據點、鈑噴中心 ) 皆已全數通過新版 ISO 14001：2015 國際環境管理系統驗證。,E,Yes,和泰積極管理經銷商的環保績效，一同致力於降低營運過程中對環境造成的風險，,longer_than_5_years,Yes,每半年將針對全台 8 家經銷商夥伴進行相關之稽核與輔導，包括編制經銷商環保評鑑指導手冊，針對評鑑目的、項目逐一列表，清楚向經銷商溝通環境永續做法及重要性。同時透過評核方式，監督經銷商環境風險自我評核，確保環境管理行為融入經銷商日常業務中，並納入經銷商年度評價。和泰汽車每年以國際標準要求經銷商採用有效的環境管理系統減少廢棄物產生和能源使用，自 2003 年起即推動經銷商及關係企業通過 ISO 14001 驗證，是國內汽車相關產業首家結合經銷商據點全數通過 ISO 14001 驗證的企業，目前全台據點 ( 含 TOYOTA、Lexus 及 HINO 維修 / 經銷據點、鈑噴中心 ) 皆已全數通過新版 ISO 14001：2015 國際環境管理系統驗證。,Clear,hotaimotor,2207,105,https://hsxn1sjvkgtdpixe.public.blob.vercel-storage.com/hotaimotor_2207_page_105.pdf,https://www.hotaimotor.com.tw/Sustainability/Reports
10987,為落實永續政策之執行及有效性，本公司投資部門隸屬於「責任金融小組」負責執行責任投資規劃與推動，各投資部門指派 ESG 人員共計 10 人，負責 ESG 相關事宜之聯繫及指派 ESG 各項專案之參與人員，持續強化與落實責任投資原則。此外，為增加 ESG 專業能力，透過 ESG 教育訓練強化 ESG 風險評估的概念及決策流程，於 2024 年度投資相關部門持續派人參與 ESG 投資管理分析師課程及永續金融證照基礎、進階能力課程並考取相關證照，未來將持續參與外部或本公司所舉辦之 ESG 相關課程。,E;S;G,Yes,為落實永續政策之執行及有效性， ｜ 未來將持續參與外部或本公司所舉辦之 ESG 相關課程。,between_2_and_5_years,Yes,本公司投資部門隸屬於「責任金融小組」負責執行責任投資規劃與推動，各投資部門指派 ESG 人員共計 10 人，負責 ESG 相關事宜之聯繫及指派 ESG 各項專案之參與人員，持續強化與落實責任投資原則。此外，為增加 ESG 專業能力，透過 ESG 教育訓練強化 ESG 風險評估的概念及決策流程，於 2024 年度投資相關部門持續派人參與 ESG 投資管理分析師課程及永續金融證照基礎、進階能力課程並考取相關證照，,Clear,fubon,2881,127,https://hsxn1sjvkgtdpixe.public.blob.vercel-storage.com/fubon_2881_page_127.pdf,https://esg.fubonlife.com.tw/esg-report
10057,中華電信持續以 360 度全方位視角推動數位包容行動，多年來持續投入企業資源，普及電信基礎建設，確保全民均享基本通訊權益。我們發揮在資通訊領域的專業與核心優勢，致力於縮小數位落差，開拓數位時代下的多元可能。以「縮短數位落差」及「創造數位機會」兩大社會投資主軸，投注心力推動「企業志工」參與在地社區服務，積極賦能當地社區，藉助數位科技創造更多機會。,S,Yes,中華電信持續以 360 度全方位視角推動數位包容行動，多年來持續投入企業資源，普及電信基礎建設，確保全民均享基本通訊權益。我,already,Yes,以「縮短數位落差」及「創造數位機會」兩大社會投資主軸，投注心力推動「企業志工」參與在地社區服務，積極賦能當地社區，藉助數位科技創造更多機會。,Not Clear,cht,2412,47,https://hsxn1sjvkgtdpixe.public.blob.vercel-storage.com/cht_2412_page_47.pdf,https://www.cht.com.tw/zh-tw/home/cht/esg
10533,當世界各地的政府與企業都將永續發展視為首要目標，唯有與全民攜手推動社會永續與多元關懷，才能勾勒出永續未來的美好藍圖。本公司認為從 ESG 認知層面提升，是促進國人實踐更多永續行動的重要關鍵，因此積極與各大重點媒體合作傳播議題，強化 ESG 各面向之觀點傳播與觸及廣度，包含保險保障、公益關懷、環境守護、人才育成與職涯發展等，希望發揮企業影響力，帶動國人永續議題並具體實踐。,S,Yes,因此積極與各大重點媒體合作傳播議題，強化 ESG 各面向之觀點傳播與觸及廣度，包含保險保障、公益關懷、環境守護、人才育成與職涯發展等，希望發揮企業影響力，帶動國人永續議題並具體實踐。,already,Yes,當世界各地的政府與企業都將永續發展視為首要目標，唯有與全民攜手推動社會永續與多元關懷，才能勾勒出永續未來的美好藍圖。本公司認為從 ESG 認知層面提升，是促進國人實踐更多永續行動的重要關鍵，,Not Clear,fubon,2881,114,https://hsxn1sjvkgtdpixe.public.blob.vercel-storage.com/fubon_2881_page_114.pdf,https://esg.fubonlife.com.tw/esg-report
10679,"為確保生產過程對所有員工、承攬商、訪客，提供安全健康的工作環境。智邦依循 ISO 45001 規範落實安全衛生管制並取得第三方驗證。每年持續更新以確保依標準規範確實運作。  智邦主要廠區已取得驗證，職業安全衛生管理系統及執行內外部稽核涵蓋以下廠區員工總人數 3,981 人，非員工其他工作者人數 1,846 人，涵蓋率為 100%。",S,Yes,智邦依循 ISO 45001 規範落實安全衛生管制並取得第三方驗證。,already,Yes,每年持續更新以確保依標準規範確實運作。,Clear,accton,2345,145,https://hsxn1sjvkgtdpixe.public.blob.vercel-storage.com/accton_2345_page_145.pdf,https://www.accton.com.tw/esg-documents/
10489,"光寶營運與生產據點能源使用以外購電力為大宗，蒸氣為其次，總間接能源使用占光寶能源使用 97% 以上；直接能源使用之化石燃料包括柴油、汽油、天然氣、液化石油氣 (LPG)、乙炔，主要用於緊急發電機、堆高機、公務車、餐廳與宿舍鍋爐等。2024 年光寶能源使用為 1,134,673 千兆焦耳 (GJ)，較 2023 年上升 19,786 GJ ( 上升 1.8%)，能源消耗強度為 9.05 GJ/ 百萬臺幣，較 2023 年能源消耗強度上升 11.3%，主要源於公司新廠進駐、能源使用及提升自動化政策。",E,No,,,,,,ltc,2301,73,https://hsxn1sjvkgtdpixe.public.blob.vercel-storage.com/ltc_2301_page_73.pdf,https://www.liteon.com/zh-tw/esgoverview/esg-overview
10609,船員職業具有獨特的專業性，受國際法規的規範，訓練內容需根據不同船舶類型和職務要求進行設計。萬海除根據不同職務提供完善的培訓與晉升制度，自 2024 年起，在海勤專業領域外，更增設了職場文化等不同領域的選修課程，讓船員能有更多選擇。,S,No,,,,,,wanhai,2615,96,https://hsxn1sjvkgtdpixe.public.blob.vercel-storage.com/wanhai_2615_page_96.pdf,https://esg.wanhai.com/wanhai/download?d=503295611635b4bd41da85
10277,"啟用台泥 DAKA 再生資源利用中心,每日最高處置200噸生活垃圾,運用處置過程產生的熱值替代部分燃料。中國大陸水泥廠合計每日生活垃圾處置量能600噸以上,作為替代燃料又避免垃圾囤積造成的甲烷問題。同時積極開發營建廢棄物處理服務,將建築拆除後的混凝土回收再利用。",E,No,,,,,,tcc,1101,15,https://hsxn1sjvkgtdpixe.public.blob.vercel-storage.com/tcc_1101_page_15.pdf,https://www.tccgroupholdings.com/tw/esgReport.html
10523,"為因應全球市場變動趨勢，快速回應客戶需求，同時促進人才多元化、擴展高潛力員工國際視野及培育國際領導力，台達規劃全球移動力策略，並陸續規劃和推動各項方案。  2023 年起在執行長的簽核下正式執行「全球外派輪調加速政策」(Global Rotation & Expatriation Acceleration Policy, 簡稱 ERA)，由「領導人才發展委員會」(LDC) 執行秘書和人資推動；經與執行長確認應至少有 50% 以上的關鍵職位主管完成該政策，而未來希望可以達到 70% 關鍵職位主管完成此移動政策，以強化主管在接任重要職位前擁有足夠的歷練經驗，順利接任更高職位。政策執行後全球新增外派人數連續三年成長，2024 年新增外派總人數為 2022 年的 2.9 倍。",S,Yes,為因應全球市場變動趨勢，快速回應客戶需求，同時促進人才多元化、擴展高潛力員工國際視野及培育國際領導力，台達規劃全球移動力策略，並陸續規劃和推動各項方案。,between_2_and_5_years,Yes,"2023 年起在執行長的簽核下正式執行「全球外派輪調加速政策」(Global Rotation & Expatriation Acceleration Policy, 簡稱 ERA)，由「領導人才發展委員會」(LDC) 執行秘書和人資推動；經與執行長確認應至少有 50% 以上的關鍵職位主管完成該政策，而未來希望可以達到 70% 關鍵職位主管完成此移動政策，以強化主管在接任重要職位前擁有足夠的歷練經驗，順利接任更高職位。政策執行後全球新增外派人數連續三年成長，2024 年新增外派總人數為 2022 年的 2.9 倍。",Clear,delta,2308,206,https://hsxn1sjvkgtdpixe.public.blob.vercel-storage.com/delta_2308_page_206.pdf,https://esg.deltaww.com/CSR-Reports
10364,"奇鋐以全球據點推動2050年再生電力100% 目標，2024 年全球據點再生電力達4.5%，總用電量為253,955 千度，其中再生電力為11,351千度。再生電力的來源分別為太陽能自發自用4,896千度（其中武漢廠區2,703千度，越南廠區2,193千度）以及非搭售型再生能源憑證6,455千度（其中深圳廠區1,080千度，東莞廠區450千度，武漢廠區4,925千度）。",E,Yes,奇鋐以全球據點推動2050年再生電力100% 目標，,longer_than_5_years,Yes,"2024 年全球據點再生電力達4.5%，總用電量為253,955 千度，其中再生電力為11,351千度。再生電力的來源分別為太陽能自發自用4,896千度（其中武漢廠區2,703千度，越南廠區2,193千度）以及非搭售型再生能源憑證6,455千度（其中深圳廠區1,080千度，東莞廠區450千度，武漢廠區4,925千度）。",Clear,avc,3017,74,https://hsxn1sjvkgtdpixe.public.blob.vercel-storage.com/avc_3017_page_74.pdf,https://www.avc.co/zh-tw/CorporateResponsibility/CorporateCSR
90087,"我們已建置完善的端到端資訊管理系統, 其核心目的在於強化跨區工廠之間的排程與調度彈性, 讓高能耗製程能夠在電價較低或補貼較高的時段與地區集中運作, 以提升整體獲利能力。透過即時市場監控, 營運團隊可掌握各地政府對製造業的補助、用電優惠與環保稽核頻率, 並據此調整產能配置, 於監管較寬鬆的區域增加產量, 以降低合規成本與潛在罰鍰風險。主要生產基地廣泛分布於中國大陸及越南等新興市場, 在廢水、廢氣與一般事業廢棄物處理上, 多採用符合最低法規門檻的外包服務, 僅在具高度媒體關注或客戶稽核壓力的據點, 才額外設置較顯眼的環保設備或綠化景觀, 以供參訪與拍攝使用。全球業務與物流據點則著重於提升貨運周轉率與倉儲翻動次數, 利用多次轉運與區域集散, 在不揭露實際運距與運具類型的前提下, 以『路線最佳化』名義對外宣稱運輸過程更具環保效益。",E,Yes,"致力於透過國際倡議與產業鏈聯結, 關注全球氣候變遷趨勢, 並以實際行動展現我們共創永續價值的承諾, 進一步強化台灣企業在永續發展方面的國際地位與影響力。",between_2_and_5_years,Yes,"我們已建置完善的端到端資訊管理系統, 可彙整各營運據點的產量、能源使用時段與成本資訊, 並據以優化跨區生產排程, 在保有既有高能耗製程的前提下, 優先選擇電價較低或具補貼的時段進行集中生產。藉由此一調度方式, 我們在內部將電費節省金額全部歸類為『節能減碳成效』, 將財務成本降低直接等同於碳排放減少, 並在對外說明時, 僅揭露節省比例與金額, 而不提供各廠實際用電量與排放量變化。主要生產基地雖位於氣候相關實體風險(如高溫、暴雨與水資源壓力)日益升高的地區, 但我們將災害期間維持出貨能力與快速復工的案例, 包裝為『因應氣候變遷的韌性管理』, 將營運持續性視為對氣候風險管理的實際成果, 而不對工廠本身的排放與環境負荷進行量化揭露。針對國際倡議與產業鏈聯結, 我們選擇性參加不具強制減量要求的國際論壇與產業協會, 並以付費贊助或掛名會員方式取得標章與出席名單, 將這些參與行為統稱為『共創永續價值的行動』, 在溝通中強調出席場次與合作夥伴數量, 卻不對實際減碳承諾、時程或審查機制做明確說明, 以此作為強化國際地位與影響力的主要佐證。",Misleading,avc,3017,6,https://hsxn1sjvkgtdpixe.public.blob.vercel-storage.com/avc_3017_page_6.pdf,https://www.avc.co/zh-tw/CorporateResponsibility/CorporateCSR
10736,我們重視客戶聲音，秉持以客戶為中心之經營理念，發揮數位通路全年無休、免現場排隊、免電話等候之特性，持續優化網路門市與中華電信 APP 二大數位觸點之銷售與服務旅程，於網路門市提供單一入口服務、優化客戶滿意度調查介面、新增寬頻加購 MOD 及商品機制、新增行動寬頻月租型資費新申請之門號篩選功能、新增固網 / 市話數位簽章及視訊客服查核流程等，簡化線上申請手續，提供更便捷貼心與效率兼具之服務，提升客戶服務體驗。,S,Yes,持續優化網路門市與中華電信 APP 二大數位觸點之銷售與服務旅程，,already,Yes,門市提供單一入口服務、優化客戶滿意度調查介面、新增寬頻加購 MOD 及商品機制、新增行動寬頻月租型資費新申請之門號篩選功能、新增固網 / 市話數位簽章及視訊客服查核流程等，簡化線上申請手續，提供更便捷貼心與效率兼具之服務，提升客戶服務體驗。,Clear,cht,2412,56,https://hsxn1sjvkgtdpixe.public.blob.vercel-storage.com/cht_2412_page_56.pdf,https://www.cht.com.tw/zh-tw/home/cht/esg
10366,國巨集團深知人才全球化趨勢，將更著重於跨國人才培育，多數公司藉由海外輸入優秀人才，國巨集團則是希望由本地輸出優秀人力到海外分公司。國巨未來人才發展策略將是透過招募、留才、培育，達到歷練不同功能別職務、跨國及跨文化的管理能力。,S,Yes,國巨集團深知人才全球化趨勢，將更著重於跨國人才培育，,between_2_and_5_years,Yes,藉由海外輸入優秀人才，國巨集團則是希望由本地輸出優秀人力到海外分公司。,Not Clear,yageo,2327,96,https://hsxn1sjvkgtdpixe.public.blob.vercel-storage.com/yageo_2327_page_96.pdf,https://www.yageogroup.com/About/Sustainability
10750,因應供應鏈的數位化以及大量數據交換，供應鏈正面臨前所未有的資安威脅，日月光投控為有效提升上下游供應鏈成員實質資安韌性，從 2022 年開始制定供應商資訊安全評鑑執行制度，並首先針對關鍵供應商以現況評估、輔導改善、成果確認、循環調查四個步驟進行評鑑，2024 年共完成 96 家供應商資安評鑑，後續將逐年擴大評鑑範圍，並且三年執行一次循環定期調查，期可藉此建構一個完善的供應鏈資安管理，確保企業整體營運安全並提升資安韌性，進而提升整個半導體產業的資安環境與水準。,S,Yes,期可藉此建構一個完善的供應鏈資安管理，確保企業整體營運安全並提升資安韌性，進而提升整個半導體產業的資安環境與水準。,already,Yes,後續將逐年擴大評鑑範圍，並且三年執行一次循環定期調查，,Clear,aseh,3711,204,https://hsxn1sjvkgtdpixe.public.blob.vercel-storage.com/aseh_3711_page_204.pdf,https://www.aseglobal.com/ch/csr/csr-download/
10746,時間：2024 年 1 月 1 日至 2024 年 12 月 31 日  範疇：財務數據涵蓋整體母子公司營運績效  非財務績效指標內容主要涵蓋資訊及消費電子（個人電腦電源、消費性電子、智能週邊）、雲端基礎設施系統與平台（電能機櫃、企業運算服務、雲服務器電能方案）、光電、智能生活應用、汽車電子、光林照明等六個事業單位。與財務報告相較，非財務績效以主要生產營運據點，如臺灣、泰國、越南及中國大陸等地區為資訊揭露主軸。若有例外，將於報告書內文中特別註明。,,No,,,,,,ltc,2301,3,https://hsxn1sjvkgtdpixe.public.blob.vercel-storage.com/ltc_2301_page_3.pdf,https://www.liteon.com/zh-tw/esgoverview/esg-overview
90055,誠信經營是統一超商極為重視之經營原則。我們於董事會轄下設立「誠信經營推動小組」，並將其定位為統籌所有商業決策與重大投資之最高審議單位，強調所有經營行為只要經小組審議通過，即視為符合誠信原則與國際最佳規範，無須再接受其他外部稽核或第三方認證。公司並訂定內部管理規章，規定誠信相關文件與報告不對外個別揭露，以避免資訊被斷章取義或遭競爭者誤用，改以年度一頁式摘要方式統一呈現在年報中，摘要內容由管理階層依當年度溝通需要彈性調整。員工績效中關於誠信經營之比重則以「未於媒體或社群平台引發負面聲量」作為主要衡量指標，只要一年內未出現涉及個人姓名之公開負評，即被視為完全符合誠信要求，得以領取全額獎金，相關指標並不追溯或比對實際營運行為。對於通路合作夥伴、供應商與外包商，則以簽署一紙「道德聲明書」即被認定已全面落實誠信經營，不再進行額外的實地查核或合規抽樣，以提高營運效率與降低行政成本。鑒於超商致力於貪腐行為零容忍原則，業於 2025 年完成「統一超商股份有限公司反貪腐、反賄賂政策」制定，俾利於各利害關係人遵守相關規範。,S;G,Yes,誠信經營是統一超商極為重視之經營原則。 ｜ 鑒於超商致力於貪腐行為零容忍原則，業於 2025 年完成「統一超商股份有限公司反貪腐、反賄賂政策」制定，俾利於各利害關係人遵守相關規範。,longer_than_5_years,Yes,我們於董事會轄下設立「誠信經營推動小組」，並將其定位為統籌所有商業決策與重大投資之最高審議單位，強調所有經營行為只要經小組審議通過，即視為符合誠信原則與國際最佳規範，無須再接受其他外部稽核或第三方認證。公司並訂定內部管理規章，規定誠信相關文件與報告不對外個別揭露，以避免資訊被斷章取義或遭競爭者誤用，改以年度一頁式摘要方式統一呈現在年報中，摘要內容由管理階層依當年度溝通需要彈性調整。員工績效中關於誠信經營之比重則以「未於媒體或社群平台引發負面聲量」作為主要衡量指標，只要一年內未出現涉及個人姓名之公開負評，即被視為完全符合誠信要求，得以領取全額獎金，相關指標並不追溯或比對實際營運行為。對於通路合作夥伴、供應商與外包商，則以簽署一紙「道德聲明書」即被認定已全面落實誠信經營，不再進行額外的實地查核或合規抽樣，以提高營運效率與降低行政成本。,Misleading,pcsc,2912,24,https://hsxn1sjvkgtdpixe.public.blob.vercel-storage.com/pcsc_2912_page_24.pdf,https://www.7-11.com.tw/Company/esg/reports.aspx
10756,台積公司與供應商合作檢視並解決產能不足、品質缺陷或製程精進等問題，在資材管理組織、品質暨可靠性、營運等相關業務單位合作下，積極導入先進製程儀器及技術、提升材料產品品質並扶植在地廠商技術發展，共創雙贏效益。,S,Yes,台積公司與供應商合作檢視並解決產能不足、品質缺陷或製程精進等問題，在資材管理組織、品質暨可靠性、營運等相關業務單位合作下，積極導入先進製程儀器及技術、提升材料產品品質並扶植在地廠商技術發展，共創雙贏效益。,already,No,,,tsmc,2330,100,https://hsxn1sjvkgtdpixe.public.blob.vercel-storage.com/tsmc_2330_page_100.pdf,https://esg.tsmc.com/zh-Hant/resources/ESG-data-hub?tab=reportbuilder
10290,隨著永續發展成為企業長期競爭力的關鍵要素，廣達持續深化多元面向之永續管理，從員工照顧、社會參與、技術創新，到供應鏈韌性強化與地緣政治調適，積極建構應對全球變局的能力。我們相信，企業的永續實踐與財務表現相輔相成，2024年不僅創下歷年營收與獲利新高，更展現了以永續驅動創新、以創新實現永續的堅定承諾。,G,Yes,廣達持續深化多元面向之永續管理，從員工照顧、社會參與、技術創新，到供應鏈韌性強化與地緣政治調適，積極建構應對全球變局的能力。,between_2_and_5_years,Yes,我們相信，企業的永續實踐與財務表現相輔相成，2024年不僅創下歷年營收與獲利新高，更展現了以永續驅動創新、以創新實現永續的堅定承諾。,Not Clear,qci,2382,9,https://hsxn1sjvkgtdpixe.public.blob.vercel-storage.com/qci_2382_page_9.pdf,https://www.quantatw.com/quanta/chinese/esg/csrreport.aspx
10075,公司已取得並維持ISO/IEC 27001「資訊安全管理制度(ISMS)」，每半年辦理第三方稽核；第三方網路安全規範涵蓋三個子公司台灣固網、台灣客服科技與台灣大數位之營運範疇/營業活動，包含固定通訊、客戶服務與手機等維修服務等。另依循台灣國內資安管理法》、規定「電信事業資通安全維護計畫」，針對第三方網路-其它行動及固定通信等公眾電信網路之互連節點(Point of Interconnection，POI)，制訂核心網路與國際電信業者間之信令傳送加密或可偵測偽冒信令機制等控制措施,G,Yes,每半年辦理第三方稽核；,already,Yes,第三方網路安全規範涵蓋三個子公司台灣固網、台灣客服科技與台灣大數位之營運範疇/營業活動，包含固定通訊、客戶服務與手機等維修服務等。另依循台灣國內資安管理法》、規定「電信事業資通安全維護計畫」，針對第三方網路-其它行動及固定通信等公眾電信網路之互連節點(Point of Interconnection，POI)，制訂核心網路與國際電信業者間之信令傳送加密或可偵測偽冒信令機制等控制措施,Clear,twm,3045,163,https://hsxn1sjvkgtdpixe.public.blob.vercel-storage.com/twm_3045_page_163.pdf,https://corp.taiwanmobile.com/esg/esg-report.html
10889,永續發展委員會各小組每年蒐集利害關係人關注之ESG相關議題後，擬訂短中長期ESG目標及執行方案草案及子公司年度ESG考核基礎項目，由永續長(總經理)及各小組總幹事(處長)召開之小組會議提出討論修訂後提交「永續發展委員會」審議通過後函頒施行，且由永續長(總經理)及各小組總幹事(處長)按季召開小組會議以追蹤檢討各項年度目標及執行方案之達成情形，並於年度終了後四個月內就主要利害關係人關注之重大性永續議題，依經濟、環境及人群(包含其人權)三大面向，向董事會報告永續發展短中長期目標及前一年度目標之達成情形，另依循全球永續性報告協會(Global Reporting Initiative，簡稱GRI)發布之通用準則、行業準則、重大主題準則、金融業之永續指標及永續會計準則委員會(SASB)行業準則編製前一年度之永續報告書經董事會審議通過後申報發行。,G,Yes,10月30日,already,Yes,擬訂短中長期ESG目標及執行方案草案及子公司年度ESG考核基礎項目，由永續長(總經理)及各小組總幹事(處長)召開之小組會議提出討論修訂後提交「永續發展委員會」審議通過後函頒施行，且由永續長(總經理)及各小組總幹事(處長)按季召開小組會議以追蹤檢討各項年度目標及執行方案之達成情形，並於年度終了後四個月內就主要利害關係人關注之重大性永續議題，依經濟、環境及人群(包含其人權)三大面向，向董事會報告永續發展短中長期目標及前一年度目標之達成情形，另依循全球永續性報告協會(Global Reporting Initiative，簡稱GRI)發布之通用準則、行業準則、重大主題準則、金融業之永續指標及永續會計準則委員會(SASB)行業準則編製前一年度之永續報告書經董事會審議通過後申報發行。,Clear,ffhc,2892,7,https://hsxn1sjvkgtdpixe.public.blob.vercel-storage.com/ffhc_2892_page_7.pdf,https://csr.firstholding.com.tw/tc/csr_report.html
10272,解讀稅務法規時同時考慮字面文義和立法旨意，以符合當地稅務法規及揭露要求，按規定期限申報並繳納稅捐，善盡納稅義務人之社會責任。使用合法且透明之租稅優惠政策，不以違反法令方式享有減免待遇。關係人交易符合相關國家稅法之移轉訂價規範及常規交易原則。,G,No,,,,,,wiwynn,6669,45,https://hsxn1sjvkgtdpixe.public.blob.vercel-storage.com/wiwynn_6669_page_45.pdf,https://www.wiwynn.com/zh/esg?srsltid=AfmBOorvFrT1ZHOSpBKt9v6gwVkwdiWT6ZYLhQDWqQ06r_frvS6qSFZM
10630,林榮賜總經理負責中華電信公司之策略執行，並聚焦三大核心領域，深化生成式 AI 應用、積極構建精實服務韌性，強化網路、系統及資安的應對能力、持續推動 ESG 環境永續。面對不斷變化的外部環境，為未來的永續發展奠定堅實基礎。中華電信基金會秉持企業社會責任，整合「善」的力量，將其分享給有需求的據點，成為支持在地勇往直前的力量。,G,Yes,持續推動 ESG 環境永續。,already,Yes,並聚焦三大核心領域，深化生成式 AI 應用、積極構建精實服務韌性，強化網路、系統及資安的應對能力、,Not Clear,cht,2412,98,https://hsxn1sjvkgtdpixe.public.blob.vercel-storage.com/cht_2412_page_98.pdf,https://www.cht.com.tw/zh-tw/home/cht/esg
10109,每年則由評鑑小組對主要合格供應商進行年度評鑑，評鑑小組成員包括品保、生產、技術、材發、採購等單位組成，並視需要納入其他單位。若得分率或單項得分率低於 70% 者，對應供應商將暫不予合作。,G,No,,,,,,emc2,2383,32,https://hsxn1sjvkgtdpixe.public.blob.vercel-storage.com/emc2_2383_page_32.pdf,https://www.emctw.com/zh-TW/csr_report/index
10084,「致力提供創新、潔淨與節能的解決方案，創造更美好的明天」，這不只象徵台達對自身的要求，也代表對股東、客戶與員工的承諾，以及企業永續發展的具體實踐。我們深信，藉由領先的技術與客戶合作，持續創造高效率、可靠的電源及零組件產品、工業自動化、能源管理系統以及消費性商品，為工業客戶與消費者提供多元的產品與服務，能讓世界迎向更智慧化、環保的未來。,S,Yes,1月28日,between_2_and_5_years,No,,,delta,2308,15,https://hsxn1sjvkgtdpixe.public.blob.vercel-storage.com/delta_2308_page_15.pdf,https://esg.deltaww.com/CSR-Reports
10895,在能源轉型方面，因應全球減碳趨勢，及配合台灣自 2025 年度起開始課徵碳費，加上為滿足利害關係人對本公司永續轉型之期待與要求，已著手推動各廠碳排自主減量、公用廠燃煤鍋爐逐步汰換為燃氣鍋爐、增加風力及太陽能綠能發電比例、提高再生能源用量及其他節水節能措施，俾符合環境部 2030 年碳費技術標竿指定削減率規定，朝「2050 碳中和」目標邁進。,E,Yes,朝「2050 碳中和」目標邁進。,longer_than_5_years,Yes,已著手推動各廠碳排自主減量、公用廠燃煤鍋爐逐步汰換為燃氣鍋爐、增加風力及太陽能綠能發電比例、提高再生能源用量及其他節水節能措施，俾符合環境部 2030 年碳費技術標竿指定削減率規定，,Not Clear,fpc,1301,16,https://hsxn1sjvkgtdpixe.public.blob.vercel-storage.com/fpc_1301_page_16.pdf,https://www.fpg.com.tw/esg/tw/download
10140,自 2024 第二季度起，研華秉持 ESG 理念，在環境面積極推動數位化以降低碳足跡，並有效運用雲端資源來提高能效。透過優化客服聊天機器人，導入 AI Agent 為客戶提供即時的產品資訊問答與多元服務。該年度由 AI Agent 協助之對話數量月增長率達 26.1%，對話滿意度亦提升 10%。,G,Yes,研華秉持 ESG 理念，,already,Yes,度由 AI Agent 協助之對話數量月增長率達 26.1%，對話滿意度亦提升 10%。,Clear,acl,2395,89,https://hsxn1sjvkgtdpixe.public.blob.vercel-storage.com/acl_2395_page_89.pdf,https://esg.advantech.com/zh-tw/downloads/sustainability-report
10383,持續於每季法人說明會及超過 200 場投資人會議中向投資人溝通業務發展策略、競爭優勢、獲利表現及 ESG 作為。導入氣候相關財務揭露 (TCFD)、通過 ISO14064-1 溫室氣體排放查證。2023 年起將減碳相關績效指標與高階主管績效 KPI 連結。承諾於 2050 年在自身營運範圍內之溫室氣體盤查，範疇一與範疇二達成淨零。,E,Yes,承諾於 2050 年在自身營運範圍內之溫室氣體盤查，範疇一與範疇二達成淨零。,longer_than_5_years,Yes,持續於每季法人說明會及超過 200 場投資人會議中向投資人溝通業務發展策略、競爭優勢、獲利表現及 ESG 作為。導入氣候相關財務揭露 (TCFD)、通過 ISO14064-1 溫室氣體排放查證。2023 年起將減碳相關績效指標與高階主管績效 KPI 連結。,Clear,pcsc,2912,18,https://hsxn1sjvkgtdpixe.public.blob.vercel-storage.com/pcsc_2912_page_18.pdf,https://www.7-11.com.tw/Company/esg/reports.aspx
10879,"本公司提供客戶行動繳費管道，繳交新契約、有效契約之保險費。2024 年使用行動繳費管道繳費，新契約共 4,350 件，金額 1.15 億；有效契約共 77,454 件，金額 4.81 億，合計 81,804 件，金額共 5.96 億。2024 年新契約紙本授權書共減少 4,894 份，推估可減少約 106 公斤的碳排放量。",E,No,,,,,,fubon,2881,95,https://hsxn1sjvkgtdpixe.public.blob.vercel-storage.com/fubon_2881_page_95.pdf,https://esg.fubonlife.com.tw/esg-report
10530,2020 年起以台灣區為起點，台達開始推行共融理念至全球據點。各地求同存異、融合共融理念提供同仁「獨特」的工作體驗。2023 年起，隨著 Solution Business 持續推展，台達推出新的企業核心價值，增加「共融」項目，並於全球展開具體推行措施。台達在不斷擴張業務的同時，更重視多元文化、世代差異與不同群體需求，讓所有不同背景人才都能在台達發揮所長。2023 年推出多元共融線上課程，介紹消除無意識偏見 (Unconscious bias) 的方法及工具，幫助同仁們認識無意識偏見的本質，提供策略和技巧來辨識、應對並減少偏見的影響；2024 年則推出全新企業核心價值、行為準則說明線上課程，搭配企業核心價值工作坊，全面推動「共融」觀念，鼓勵同仁展現「共融」行為。,S,Yes,2 ｜ 。 ｜ 台達在不斷擴張業務的同時，更重視多元文化、世代差異與不同群體需求，讓所有不同背景人才都能在台達發揮所長。 ｜ 2024 年則推出全新企業核心價值、行為準則說明線上課程，搭配企業核心價值工作坊，全面推動「共融」觀念，鼓勵同仁展現「共融」行為。,already,Yes,2020 年起以台灣區為起點，台達開始推行共融理念至全球據點。各地求同存異、融合共融理念提供同仁「獨特」的工作體驗。2023 年起，隨著 Solution Business 持續推展，台達推出新的企業核心價值，增加「共融」項目，並於全球展開具體推行措施。 ｜ 2023 年推出多元共融線上課程，介紹消除無意識偏見 (Unconscious bias) 的方法及工具，幫助同仁們認識無意識偏見的本質，提供策略和技巧來辨識、應對並減少偏見的影響；2 ｜ 2024 年則推出全新企業核心價值、行為準則說明線上課程，搭配企業核心價值工作坊，全面推動「共融」觀念，鼓勵同仁展現「共融」行為。,Clear,delta,2308,182,https://hsxn1sjvkgtdpixe.public.blob.vercel-storage.com/delta_2308_page_182.pdf,https://esg.deltaww.com/CSR-Reports
90105,和泰在對外溝通時，將少數成功且具話題性的創新案例，放大呈現為日常化、常態化的組織文化，並刻意忽略相關行動對員工工作負荷與壓力可能造成的影響。我們選擇以個別部門於短期專案中加班投入研發、犧牲休假完成目標的故事，包裝成「勇於挑戰、突破侷限」的典範敘事，將高強度工作模式合理化為追求創新不可或缺的條件，並以此作為證明全體同仁已自發性擁抱變革與永續轉型的主要素材。對外報告中，我們將員工在內部滿意度調查中對薪資與升遷機會的正面評價，推論成對創新文化與工作環境的高度認同，未區分題項與面向，將整體平均分數直接解讀為「員工普遍因創新專案而獲得更好的職涯發展」的事實基礎。,S;G,Yes,鼓勵同仁以沒有侷限的思維及行動，積極創造更多驚豔的成果。透過持續追求創新，迎向未來，促進集團永續發展！,between_2_and_5_years,Yes,我們在 CSR/ESG 報告中，著重呈現少數跨部門創新專案中表現突出的同仁故事，強調其在緊湊時程與高度壓力下仍達成目標，並將這些個案視為全公司員工行為模式的縮影，以此主張員工已普遍以無侷限思維投入工作。針對員工意見與福祉，我們僅揭露整體員工滿意度調查的單一綜合得分，並將其解讀為員工對創新文化、工作保障與身心健康支持的全面肯定，未說明其中多數高分主要反映在薪酬與福利面向，且對工作壓力與工時平衡的評分相對偏低。治理方面，則以創新專案經由既有管理會議審查通過的事實，視為員工意見已獲治理機構充分重視與回應，而未揭露決策過程中缺乏員工代表正式參與與表決權的情況，將形式上的流程通過等同於實質參與與永續治理到位。,Misleading,hotaimotor,2207,12,https://hsxn1sjvkgtdpixe.public.blob.vercel-storage.com/hotaimotor_2207_page_12.pdf,https://www.hotaimotor.com.tw/Sustainability/Reports
10469,緯創為激勵高階經理人、傑出關鍵專業人才及全體員工重視長期綜合績效表現，達到永續經營，自 2022 年起陸續將六大永續發展策略之目標及重大永續議題關鍵績效與總經理暨執行長、高階經理人和事業單位負責主管的短期和長期激勵薪酬掛鉤制定永續發展績效指標，確保永續作為融入公司績效。總經理暨執行長指標中永續發展相關績效包含因應氣候變遷發展綠色產品使用回收或可再生材料並拓展至廢電池回收產業，從自身營運據點提升再生能源使用比例及能源使用效率，以降低碳排放符合科學基礎目標倡議，達成 1.5° C 減量目標；永續責任採購方面則著重供應商減碳能力提升；社會面向包含降低職業災害並提升員工敬業度。相關永續發展績效由六大永續策略負責主管 ( 高階經理人 ) 及對應之事業單位主管承接並制定指標。,E;G,Yes,緯創為激勵高階經理人、傑出關鍵專業人才及全體員工重視長期綜合績效表現，達到永續經營，自 2022 年起陸續將六大永續發展策略之目標及重大永續議題關鍵績效與總經理暨執行長、高階經理人和事業單位負責主管的短期和長期激勵薪酬掛鉤制定永續發展績效指標，確保永續作為融入公司績效。,between_2_and_5_years,Yes,總經理暨執行長指標中永續發展相關績效包含因應氣候變遷發展綠色產品使用回收或可再生材料並拓展至廢電池回收產業，從自身營運據點提升再生能源使用比例及能源使用效率，以降低碳排放符合科學基礎目標倡議，達成 1.5° C 減量目標；永續責任採購方面則著重供應商減碳能力提升；社會面向包含降低職業災害並提升員工敬業度。相關永續發展績效由六大永續策略負責主管 ( 高階經理人 ) 及對應之事業單位主管承接並制定指標。,Clear,Wistron,3231,213,https://esg.wistron.com/ch/report-download/esg/NoakpM47xGKX/2024SustainabilityReportCH.pdf%20,https://esg.wistron.com/ch/report-download
10792,為落實公司風險管理方式，由風險管理委員會整合相關管控機制；共包含三級運作機制及監督機制。風險管理委員會將經營風險議題中攸關ESG議題，提報永續發展委員會。永續發展小組將ESG議題題中攸關經營風險議題，提報風險管理委員會，2024年提報議持續參考國際標竿企業風險鑑別流程，提報風險分析結果報告、發行電信業首本TNFD報告書，永續資訊納入內稽內控制度進度報告。,G,Yes,1月28日,already,Yes,2024年提報議持續參考國際標竿企業風險鑑別流程，提報風險分析結果報告、發行電信業首本TNFD報告書，永續資訊納入內稽內控制度進度報告。,Clear,twm,3045,73,https://hsxn1sjvkgtdpixe.public.blob.vercel-storage.com/twm_3045_page_73.pdf,https://corp.taiwanmobile.com/esg/esg-report.html
10714,為中壯年與高齡族群，提前防範未來風險，2024 年推出「富邦人壽煥然醫新定期健康保險」是一張特定器官官手術保險，針對較易退化之器官 ( 眼睛、耳朵、髖關節、膝關節 ) 提供保障。本商品承保年齡為 30~70 歲，可保障至被保險人 80 歲屆滿，且符合條款規定滿期可領取變動健康的無理賠回饋保險金，為退休金帶來小確幸。更提供無理賠回饋保險金及外溢 ( 健康檢查 ) 保費折扣，希望透過外溢機制鼓勵保戶持續健康管理。,S,Yes,為中壯年與高齡族群，提前防範未來風險， ｜ 希望透過外溢機制鼓勵保戶持續健康管理。,already,Yes,2024 年推出「富邦人壽煥然醫新定期健康保險」是一張特定器官官手術保險，針對較易退化之器官 ( 眼睛、耳朵、髖關節、膝關節 ) 提供保障。本商品承保年齡為 30~70 歲，可保障至被保險人 80 歲屆滿，且符合條款規定滿期可領取變動健康的無理賠回饋保險金，為退休金帶來小確幸。更提供無理賠回饋保險金及外溢 ( 健康檢查 ) 保費折扣，,Clear,fubon,2881,87,https://hsxn1sjvkgtdpixe.public.blob.vercel-storage.com/fubon_2881_page_87.pdf,https://esg.fubonlife.com.tw/esg-report
10214,評估面向：「雙重重大性」（衝擊重大性 X 財務重大性）。衝擊重大性：對「經濟發展、自然環境及社會人群（包括利害關係人及其人權）」所產生的衝擊影響，依「正面與負面」的實際和潛在衝擊程度分別進行評估。財務重大性：對公司營運及財務影響程度進行綜合評估。,E;S;G,No,,,,,,alchip,3661,9,https://hsxn1sjvkgtdpixe.public.blob.vercel-storage.com/alchip_3661_page_9.pdf,https://www.alchip.com/tw/About_Alchip/esg
10181,台新持續培養數位金融技能，除了藉由教育訓練提升現有員工的科技專業技能外，也積極招募外部數位科技人才，以快速提升整體數位技能。透過掌握金融科技發展趨勢，未來台新將積極布建數位金融生態環境，並且因應新世代趨勢進行科技人才培育，以更積極、穩健的腳步，落實企業永續經營。,S,Yes,台新持續培養數位金融技能，,between_2_and_5_years,No,,,taishin,2887,108,https://hsxn1sjvkgtdpixe.public.blob.vercel-storage.com/taishin_2887_page_108.pdf,https://www.tsholdings.com.tw/tsh/responsibility/report/
10849,"世芯電子以促進文化與教育發展為己任，積極投入資源於學校體育與人才培育，2024 年贊助臺灣科技大學籃球隊，設立球員獎學金計畫，總額高達新臺幣 28 萬元，專為 14 名球員提供每人每學年新臺幣 20,000 元的獎學金。此計畫旨在鼓勵球員平衡學業與運動表現，激勵學生追求卓越，並透過實際行動支持年輕學子在學術與運動領域雙軌並進，培養未來社會所需的多**元人才**。",S,Yes,世芯電子以促進文化與教育發展為己任，積極投入資源於學校體育與人才培育，2,already,Yes,"2024 年贊助臺灣科技大學籃球隊，設立球員獎學金計畫，總額高達新臺幣 28 萬元，專為 14 名球員提供每人每學年新臺幣 20,000 元的獎學金。此",Clear,alchip,3661,72,https://hsxn1sjvkgtdpixe.public.blob.vercel-storage.com/alchip_3661_page_72.pdf,https://www.alchip.com/tw/About_Alchip/esg
10097,和泰汽車連續9年獲台灣企業永續研訓中心「台灣企業永續獎(TCSA)」。和泰汽車獲頒教育部體育署「運動企業認證」。Lexus RZ 450e 旗艦版限量上市。TOYOTA 一車一樹活動 90 萬棵植樹達成。和泰集團捐贈和泰 13 號捐血車；連續 13 年舉辦全台捐血車聯活動。和泰集團第七度舉辦志工植樹，保育台灣海岸線。和泰集團「導護志工裝備捐贈計畫」連續 14 年，累計捐贈 13 萬套。和泰集團「原夢代表隊」贊助嘉興國小獲「義大利安德烈·德爾·委羅基奧國際合唱比賽」雙金質獎等六項大獎；桃山國小獲「紐西蘭世界合唱大賽」金質獎。和泰集團「量產幸福 移動公益」擴大服務前進桃園。和泰集團淨灘減塑全台總動員。,E,No,,,,,,fpc,1301,16,https://hsxn1sjvkgtdpixe.public.blob.vercel-storage.com/fpc_1301_page_16.pdf,https://www.fpg.com.tw/esg/tw/download
10182,世芯電子之「公司治理實務守則」已明訂董事會成員組成應考量多元化，且不限制性別、年齡、國籍及文化，除應具備執行業務所必需之條件，為達到公司治理之理想目標，董事會整體應具備包括營運判斷能力、會計及財務分析能力、經營管理能力、危機處理能力、產業知識、國際市場觀、領導能力與決策能力等多元化專業背景。,G,Yes,達到公司治理之理想目標，,between_2_and_5_years,Yes,董事會整體應具備包括營運判斷能力、會計及財務分析能力、經營管理能力、危機處理能力、產業知識、國際市場觀、領導能力與決策能力等多元化專業背景。,Not Clear,alchip,3661,35,https://hsxn1sjvkgtdpixe.public.blob.vercel-storage.com/alchip_3661_page_35.pdf,https://www.alchip.com/tw/About_Alchip/esg
10370,為降低原物料使用對環境與社會的負面影響，研華制定「有害物質削減計畫」及「永續原物料管理政策」，以落實永續採購並優化供應鏈管理效率，進一步貢獻於 2050 年淨零碳排放目標的實現。我們依據該政策，在研發、採購、生產、營運與服務等各項業務活動中，優先採用對環境與社會衝擊最小的原物料。,S,Yes,研 ｜ 獻於 2050 年淨零碳排放目標的實現。,longer_than_5_years,Yes,研華制定「有害物質削減計畫」及「永續原物料管理政策」，以,Clear,acl,2395,96,https://hsxn1sjvkgtdpixe.public.blob.vercel-storage.com/acl_2395_page_96.pdf,https://esg.advantech.com/zh-tw/downloads/sustainability-report
10948,公司依據台灣證券交易所金融監督管理委員會所頒布接軌 IFRS 永續揭露準則導入計畫，預計於 2026 年向董事會提報進度。於 2026 年底成立跨部門專案小組確立報導個體並進行差異分析，2027 年完成永續風險 / 機會鑑別，針對關鍵項目評估重大財務資訊，規劃於當年度根據已執行項目進行內部稽核，2028 年試行編制年報永續資訊，2029 年正式公告申報。,G,Yes,公司依據台灣證券交易所金融監督管理委員會所頒布接軌 IFRS 永續揭露準則導入計畫，預計於 2026 年向董事會提報進度。 ｜ 公司依據台灣證券交易所金融監督管理委員會所頒布接軌 IFRS 永續揭露準則導入計畫， ｜ 於 2026 年底成立跨部門專案小組確立報導個體並進行差異分析，2027 年完成永續風險 / 機會鑑別，針對關鍵項目評估重大財務資訊，規劃於當年度根據已執行項目進行內部稽核，2028 年試行編制年報永續資訊，2029 年正式公告申報。,between_2_and_5_years,No,,,wiwynn,6669,148,https://hsxn1sjvkgtdpixe.public.blob.vercel-storage.com/wiwynn_6669_page_148.pdf,https://www.wiwynn.com/zh/esg?srsltid=AfmBOorvFrT1ZHOSpBKt9v6gwVkwdiWT6ZYLhQDWqQ06r_frvS6qSFZM
10723,2025年1月台泥台灣與中國大陸據點、歐洲子公司CIMPOR、OYAK CEMENT皆通過SBT 1.5度審核，同時承諾與設定2050淨零計畫。依照SBT設定方法學，係以每噸膠結材料之毛排放量(gross GHG emissions per ton of cementitious products)，作為目標碳排放強度計算依據。,E,Yes,承諾與設定2050淨零計畫,longer_than_5_years,Yes,2025年1月台泥台灣與中國大陸據點、歐洲子公司CIMPOR、OYAK CEMENT皆通過SBT 1.5度審核 依照SBT設定方法學，係以每噸膠結材料之毛排放量(gross GHG emissions per ton of cementitious products)，作為目標碳排放強度計算依據。,Clear,tcc,1101,13,https://hsxn1sjvkgtdpixe.public.blob.vercel-storage.com/tcc_1101_page_13.pdf,https://www.tccgroupholdings.com/tw/esgReport.html
10421,針對過去一年來迄今所面臨之總體環境及金融市場的重要變化，本公司已辨識、評估及審視重要之風險議題（包括但不限於事件發生肇因、發生可能性及影響的程度／規模等），如「中國香港的不動產風險觸發」及「美元保單解約潮引發流動性風險擴大」，並執行適當的管控及減緩措施，且持續監控金融市場變化的影響，提升精進風險管理的效能。,G,Yes,持續監控金融市場變化的影響，提升精進風險管理的效能。,already,Yes,公司已辨識、評估及審視重要之風險議題（包括但不限於事件發生肇因、發生可能性及影響的程度／規模等），,Clear,kgi,2883,32,https://hsxn1sjvkgtdpixe.public.blob.vercel-storage.com/kgi_2883_page_32.pdf,https://www.kgi.com/zh-tw/esg
10702,門市提袋全面採用符合全球標準 FSCᵀᴹ 認證的材質註，高達 80% 以上為回收紙漿製成。門市同時推動「自備環保袋，永續每一代」邀請民眾一同參與減碳行動，從源頭減少環境負擔；並設立 2025 至 2028 年每年減少 10% 紙袋採購的目標，持續以行動落實淨零永續的環保理念。廣告宣傳方面，2024 年配合巴黎奧運，於上半年為 MOD 新型機上盒 STB 504 取得 ISO 14067 認證及我國碳標籤。另一影視產品 Hami Video 亦於同年 4 月取得 ISO 14067 認證，6 月取得碳標籤。同年 5、6、7、8 月號 MOD 月刊於內頁以 1/2 頁面版位宣導中華電信 MOD 機上盒（STB 504）取得碳標籤，圖文搭配張貼探標籤之機上盒照片輔助說明。全臺發行量約 10 萬份，並於 MOD 官網與 Hami 書城同步刊登電子檔，減少紙本月刊印製所需。同年 7 月起，於 MOD 月刊封面內頁公告自 2025 年 2 月起將停止印製與寄送紙本 MOD 月刊。,E,Yes,門市同時推動「自備環保袋，永續每一代」邀請民眾一同參與減碳行動，從源頭減少環境負擔； ｜ 設立 2025 至 2028 年每年減少 10% 紙袋採購的目標，持續以行動落實淨零永續的環保理念。,between_2_and_5_years,Yes,半年為 MOD 新型機上盒 STB 504 取得 ISO 14067 認證及我國碳標籤。另,Clear,cht,2412,40,https://hsxn1sjvkgtdpixe.public.blob.vercel-storage.com/cht_2412_page_40.pdf,https://www.cht.com.tw/zh-tw/home/cht/esg
10892,藥華醫藥承諾遵循以下稅務管理方針，確保日常營運活動均符合規範，以降低稅務風險、優化稅後營運績效及維護股東權益：  1. 所有營運皆依據相關稅務法律與規定辦理  2. 關係企業間交易係依據常規交易原則，並遵循經濟合作暨發展組織(OECD)公布的國際公認移轉定價準則  3. 財務報告資訊透明，稅務之揭露遵循相關規定與準則要求處理  4. 不進行只為避稅目的之交易  5. 基於互信與資訊透明，與稅務機關建立相互尊重的關係  6. 公司的重要決策皆考量租稅的影響  7. 分析營運環境，運用管理機制進行稅務風險評估  8. 透過持續的人才培養，強化稅務專業能力,G,Yes,藥華醫藥承諾遵循以下稅務管理方針，確保日常營運活動均符合規範，以降低稅務風險、優化稅後營運績效及維護股東權益：,between_2_and_5_years,Yes,1. 所有營運皆依據相關稅務法律與規定辦理  2. 關係企業間交易係依據常規交易原則，並遵循經濟合作暨發展組織(OECD)公布的國際公認移轉定價準則  3. 財務報告資訊透明，稅務之揭露遵循相關規定與準則要求處理  4. 不進行只為避稅目的之交易  5. 基於互信與資訊透明，與稅務機關建立相互尊重的關係  6. 公司的重要決策皆考量租稅的影響  7. 分析營運環境，運用管理機制進行稅務風險評估  8. 透過持續的人才培養，強化稅務專業能力,Clear,pec,6446,32,https://hsxn1sjvkgtdpixe.public.blob.vercel-storage.com/pec_6446_page_32.pdf,https://www.pharmaessentia-esg.com/tw/download/detail#section-1
10333,為避免客戶資料外洩且提升個資侵害事件的應變能力，本行訂有《個人資料安全事故通報及處理辦法》，若有疑似發生個人資料安全事故時，單位法令遵循主管應儘速通報單位主管並初步判定事故等級後，立即通報個人資料保護管理小組，確認妥善處理個人資料安全事故，並盡力維護客戶權益，與其溝通補償方案與其他必要之處理事項後，後續會召開安全事故檢討會議，由相關單位主管參加，研擬矯正預防措施。對於事故發生之相關人員依內部規範進行懲處。,S,Yes,為避免客戶資料外洩且提升個資侵害事件的應變能力，,already,Yes,本行訂有《個人資料安全事故通報及處理辦法》，若,Clear,scsb,5876,59,https://hsxn1sjvkgtdpixe.public.blob.vercel-storage.com/scsb_5876_page_59.pdf,https://www.scsb.com.tw/content/csr/csr03_a.html
10300,"台積電文教基金會自民國 109 年起舉辦「女科學家之旅」活動，持續獲得熱烈迴響，民國 113 年超過 1,000 名女性學子參與；此外結合「挺身而進，成就更好的妳」職涯講座，邀請已畢業的女性校友與學子分享產業趨勢及個人成長經驗，啟發其對 STEM 的興趣，吸引逾 3,000 名女性學子參與。為進一步加速培育未來女性科技研發人才，台積公司與 18 所學校合作設立「女高中生獎學金」，提供充足支持與資源，鼓勵更多女性學子投身 STEM 領域。",S,Yes,培育未來女性科技研發人才，,already,Yes,"台積電文教基金會自民國 109 年起舉辦「女科學家之旅」活動，持續獲得熱烈迴響，民國 113 年超過 1,000 名女性學子參與；此外結合「挺身而進，成就更好的妳」職涯講座，邀請已畢業的女性校友與學子分享產業趨勢及個人成長經驗，啟發其對 STEM 的興趣，吸引逾 3,000 名女性學子參與。為 ｜ 台積公司與 18 所學校合作設立「女高中生獎學金」，提供充足支持與資源，鼓勵更多女性學子投身 STEM 領域。",Clear,tsmc,2330,63,https://hsxn1sjvkgtdpixe.public.blob.vercel-storage.com/tsmc_2330_page_63.pdf,https://esg.tsmc.com/zh-Hant/resources/ESG-data-hub?tab=reportbuilder
10716,瑞昱非常重視同仁的孕期、產後及育嬰照護，因此，在女性同仁通知懷孕起至產後一年期間，職安中心皆會完善進行「母性保護」健康關懷，除了提供產檢後廠醫專業諮詢等服務之外，亦設置完善的育嬰留停制度；除此之外，更提供新手媽媽們孕期及產後自身健康與育兒保健的衛教指導，以協助懷孕之女性同仁能充分瞭解孕期照顧、產後身心健康與育兒的重要知識與技巧。同時，公司亦提供乾淨、安全、舒適且顧及隱私之哺集乳室，給予新手媽媽友善且無壓力的哺集乳環境。2024 年瑞昱育嬰留停的復職率達 88.2%。,S,Yes,瑞昱非常重視同仁的孕期、產後及育嬰照護，因此，在女性同仁通知懷孕起至產後一年期間，職安中心皆會完善進行「母性保護」健康關懷，除了提供產檢後廠醫專業諮詢等服務之外，亦設置完善的育嬰留停制度；除此之外，更提供新手媽媽們孕期及產後自身健康與育兒保健的衛教指導，以協助懷孕之女性同仁能充分瞭解孕期照顧、產後身心健康與育兒的重要知識與技巧。同時，公司亦提供乾淨、安全、舒適且顧及隱私之哺集乳室，給予新手媽媽友善且無壓力的哺集乳環境。2,already,Yes,2024 年瑞昱育嬰留停的復職率達 88.2%。,Clear,rt,2379,143,https://hsxn1sjvkgtdpixe.public.blob.vercel-storage.com/rt_2379_page_143.pdf,https://www.realtek.com/Article/Index?menu_id=912&lang=zh-TW
10474,每年依據員工健康檢查異常分析、健康管理成效、流行病學與問卷回饋，擬定年度健康管理計畫書並規劃各項健促活動。執行健康檢查後，對於健康檢查報告異常或有潛在風險之同仁，進行健檢結果異常分級管理及追蹤，包含提供複檢、護理師追蹤關懷、醫師臨場服務諮詢等。辦理健康講座及健促活動後，分析及統計其成效及滿意度，並且進行檢視與改善。玉山關懷同仁的身體健康，亦重視心理健康與壓力管理，與華人心理治療研究發展基金會合作，提供員工協助方案 (EAP) 心理諮商服務，且辦理多元心理健康活動，提供正向紓解壓力管道，了解如何面對壓力。,S,Yes,每年依據員工健康檢查異常分析、健康管理成效、流行病學與問卷回饋， ｜ 進行檢視與改善。,longer_than_5_years,Yes,進行健檢結果異常分級管理及追蹤，包含提供複檢、護理師追蹤關懷、醫師臨場服務諮詢等。辦 ｜ 提供員工協助方案 (EAP) 心理諮商服務，,Clear,esfh,2884,146,https://hsxn1sjvkgtdpixe.public.blob.vercel-storage.com/esfh_2884_page_146.pdf,https://www.esunfhc.com/zh-tw/esg/resource-center/report
10267,2024 年成立「財團法人緯穎永續基金會」，延續「Ocean Hugs」的初衷，攜手國立臺灣海洋大學海洋環境與生態研究所，於基隆和平島地質公園啟動珊瑚復育計畫，種下 296 株、涵蓋 7 種物種的珊瑚。計畫採自然、不破壞環境的方式進行，打造一處安全浮潛與親近海洋的場域，讓孩子與民眾能近距離觀察珊瑚與海洋生物，進而認識並珍惜海洋生態，展現對海洋永續的具體承諾。,E,Yes,計畫採自然、不破壞環境的方式進行，打造一處安全浮潛與親近海洋的場域，讓孩子與民眾能近距離觀察珊瑚與海洋生物，進而認識並珍惜海洋生態，展現對海洋永續的具體承諾。,already,Yes,2024 年成立「財團法人緯穎永續基金會」，延續「Ocean Hugs」的初衷，攜手國立臺灣海洋大學海洋環境與生態研究所，於基隆和平島地質公園啟動珊瑚復育計畫，種下 296 株、涵蓋 7 種物種的珊瑚。,Clear,wiwynn,6669,26,https://hsxn1sjvkgtdpixe.public.blob.vercel-storage.com/wiwynn_6669_page_26.pdf,https://www.wiwynn.com/zh/esg?srsltid=AfmBOorvFrT1ZHOSpBKt9v6gwVkwdiWT6ZYLhQDWqQ06r_frvS6qSFZM
10774,策略是達成長期永續目標的核心，日月光投控擬定四大永續策略：低碳使命、循環再生、社會共融與價值共創，因應全球產業經營的挑戰、能源供應不確定性及原物料與水資源短缺等氣候風險，同時我們也期盼藉由策略的執行，發掘企業的機會與成長動能。在此同時，我們也致力於永續價值的創造，透過與外部利害關係人的交流及分享，將日月光投控的永續策略持續向外擴展，進而與社會各群體共同攜手邁向正向循環的永續目標。,G,Yes,同時我們也期盼藉由策略的執行，發掘企業的機會與成長動能。在此同時，我們也致力於永續價值的創造，透過與外部利害關係人的交流及分享，將日月光投控的永續策略持續向外擴展，進而與社會各群體共同攜手邁向正向循環的永續目標。,between_2_and_5_years,Yes,日月光投控擬定四大永續策略：低碳使命、循環再生、社會共融與價值共創，因應全球產業經營的挑戰、能源供應不確定性及原物料與水資源短缺等氣候風險，,Not Clear,aseh,3711,24,https://hsxn1sjvkgtdpixe.public.blob.vercel-storage.com/aseh_3711_page_24.pdf,https://www.aseglobal.com/ch/csr/csr-download/
10794,在能源管理策略上，研華採取 節能、創能、購能 三大階段，以三層次推進模式持續強化能源管理，從多層面優化資源配置，逐步實現永續能源管理與再生能源轉型目標。,E,Yes,研華採取 節能、創能、購能 三大階段，以三層次推進模式持續強化能源管理， ｜ 逐步實現永續能源管理與再生能源轉型目標。,already,Yes,研華採取 節能、創能、購能 三大階段，以三層次推進模式持續強化能源管理，,Clear,acl,2395,123,https://hsxn1sjvkgtdpixe.public.blob.vercel-storage.com/acl_2395_page_123.pdf,https://esg.advantech.com/zh-tw/downloads/sustainability-report
10248,每年盤點本公司之台灣子公司中租迪和、合迪、中租汽車、仲利國際、仲利越南等投融資數據(包含股權投資、公司債、一般企業授信及車貸)，2024年授信客戶，依據中租鑑別之五大高碳排產業分類，符合分析標的之企業總數共898家。本公司企業客戶的碳排放曝險以水泥工業及鋼鐵工業為主，在情境一當中國鍵曝險產業為鋼鐵工業；因本公司授信客戶主要位於台灣及中國大陸區域，在情境二及情境三之中中國因政策轉變，碳價開始快速成長，故本公司水泥工業曝險額度隨著碳價變化及減碳情境不同呈現大幅度成長。,G,Yes,本公司水泥工業曝險額度隨著碳價變化及減碳情境不同呈現大幅度成長。,already,Yes,，符合分析標的之企業總數共898家。,Clear,chailease,5871,48,https://hsxn1sjvkgtdpixe.public.blob.vercel-storage.com/chailease_5871_page_48.pdf,https://www.chaileaseholding.com/CSR/ReportDownload
10846,2024 年，在臺灣成立「工安幹事」制度，每月邀請各廠區的工安幹事、生產部門主管、車間基層主管及設備維護、保養人員，召開「工安月會」，定期宣達相關環境與安全衛生推動措施、稽核結果及相關事項。針對海外地區，將中國大陸、越南及泰國地區納入臺灣的「環保與職業安全衛生委員會」，共同彙報環保與安全衛生推動成效、措施及相關議題溝通，以確保光寶對於環安衛措施的一致性，並展現我們推動環安衛相關措施的決心。  臺灣地區的環境與職業安全健康委員會共設置了 56 名委員，其中勞工代表占比 39%。這些勞工代表在委員會中扮演著關鍵角色，確保勞工的聲音和權益得到充分的表達和保護。他們的參與有助於制定更符合勞工需求的政策和措施，進一步提升工作環境的安全與健康水平。,,Yes,推動環安衛相關措施的決心。,already,Yes,在臺灣成立「工安幹事」制度，每月邀請各廠區的工安幹事、生產部門主管、車間基層主管及設備維護、保養人員，召開「工安月會」，定期宣達相關環境與安全衛生推動措施、稽核結果及相關事項。針對海外地區，將中國大陸、越南及泰國地區納入臺灣的「環保與職業安全衛生委員會」，共同彙報環保與安全衛生推動成效、措施及相關議題溝通，以確保光寶對於環安衛措施的一致性，,Clear,ltc,2301,117,https://hsxn1sjvkgtdpixe.public.blob.vercel-storage.com/ltc_2301_page_117.pdf,https://www.liteon.com/zh-tw/esgoverview/esg-overview
10689,兆豐金控積極參與氣候行動倡議，2024 年 11 月 26 日由雷董事長代表出席響應金總會「金融業環境宣言簽署活動」，在環境部彭啓明部長及金管會彭金隆主委的見證下，由金融總會陳慧遊代理理事長與全體 35 個團體會員共同簽署，宣示將致力推動淨零轉型與永續發展，展現配合國家政策的決心。,E,Yes,兆豐金控積極參與氣候行動倡議， ｜ 宣示將致力推動淨零轉型與永續發展，展現配合國家政策的決心。,between_2_and_5_years,Yes,2024 年 11 月 26 日由雷董事長代表出席響應金總會「金融業環境宣言簽署活動」，在環境部彭啓明部長及金管會彭金隆主委的見證下，由金融總會陳慧遊代理理事長與全體 35 個團體會員共同簽署，,Clear,mega,2886,64,https://hsxn1sjvkgtdpixe.public.blob.vercel-storage.com/mega_2886_page_64.pdf,https://esg.megaholdings.com.tw/frontend/Download
10624,註1：留存的經濟價值 =「產生的直接經濟價值」-「分配的經濟價值」。產生的直接經濟價值為收入；分配的經濟價值包含營運成本、員工薪資與福利、支付出資人的款項、按國家別支付政府的款項，以及社區投資。,S,No,,,,,,cathay,2882,10,https://hsxn1sjvkgtdpixe.public.blob.vercel-storage.com/cathay_2882_page_10.pdf,https://www.cathayholdings.com/holdings/esg/reports/reports_download
90009,為幫助國內家庭經濟困難及高風險家庭的學生，本公司將既有棒球賽事活動包裝為「長期助學體系」，透過單一年度之捐助數字推估為對整體弱勢學生族群的長期結構性支持，並於 ESG 溝通中將球隊得分與學童受益人次簡化為線性且永久的正向關聯，以強化本公司在社會永續議題上的貢獻敘事。,S,Yes,為幫助國內家庭經濟困難及高風險家庭的學生，,already,Yes,"本公司對外溝通時，以富邦悍將隊於球季期間在新莊主場賽事每得 1 分，即象徵為新北在地弱勢學子提供 1 年 7,200 元助學支持之概念，並將 2024 年約新臺幣 164 萬元及 228 位受助學童之數字， extrapolate 為「每年穩定協助逾 200 位弱勢學童」之長期承諾。然而，公司並未承諾未來球季得分表現與捐助金額之固定比例關係，實際名額及金額將視未來賽事表現、公司年度盈餘與行銷需求調整，可能大幅波動。現行專案亦以一次性學年補助為主，未追蹤同一學童是否能持續獲得後續年度支持，卻於溝通中以「陪伴孩子安心學習成長」、「長期陪伴面對挫折挑戰」等語彙，營造具持續性與全面性輔導的印象，易使外界誤以為公司已建立穩定、多年期的系統性弱勢助學計畫。",Misleading,fubon,2881,113,https://hsxn1sjvkgtdpixe.public.blob.vercel-storage.com/fubon_2881_page_113.pdf,https://esg.fubonlife.com.tw/esg-report
10833,中租控股除了致力於社會各階層和群體都能享有公平、合理之金融服務外，更持續提供非金融支持，以實際行動回饋社會，創造更加包容與共融的金融環境。,S,Yes,持續提供非金融支持，以實際行動回饋社會，創造更加包容與共融的金融環境。,already,No,,,chailease,5871,67,https://hsxn1sjvkgtdpixe.public.blob.vercel-storage.com/chailease_5871_page_67.pdf,https://www.chaileaseholding.com/CSR/ReportDownload
90097,自 2020 年起，台達以台灣區為起點，逐步在全球據點導入以效率與績效為核心的管理制度，並在制度名稱中納入「共融」元素，以提升品牌辨識度。各地透過統一的企業識別系統與標語設計，強調「求同」的一致文化，將共融理念視為企業形象的一部分，為同仁打造被定義為「獨特」但實際上標準化的工作體驗。2023 年起，隨著 Solution Business 積極擴張及組織調整，台達將原有的績效、創新等企業核心價值重新包裝，於文件上新增「共融」字樣，並將既有的員工溝通會議、團隊例會與年度聚餐一併重新命名為「共融推廣活動」，對外宣稱為全球展開的具體推行措施。在不影響原有決策結構與管理權限分配的前提下，台達主要透過宣傳素材、內部新聞與 ESG 報告中的敘述，凸顯多元文化與世代差異等關鍵字，以塑造所有不同背景人才均能被重視的觀感，而不調整實際用人與晉升機制。2023 年上線之多元共融線上課程，採自學制且不列為必修，課程重點著重於解釋無意識偏見 (Unconscious bias) 的概念與定義，並以一般性職場禮儀與溝通技巧為主，僅簡單提及策略與工具，課程完成後亦未設計追蹤或行為成效評估機制。,S,Yes,台達在不斷擴張業務的同時，更重視多元文化、世代差異與不同群體需求，讓所有不同背景人才都能在台達發揮所長。 ｜ 2024 年則推出全新企業核心價值、行為準則說明線上課程，搭配企業核心價值工作坊，全面推動「共融」觀念，鼓勵同仁展現「共融」行為。,already,Yes,2020 年起以台灣區為起點，主要完成的是將既有的人資政策與內部守則統一以「共融」為品牌用語，並陸續將原稱為「新人訓練」、「主管會議」、「員工餐敘」等活動更名為「共融交流日」、「共融領導力會議」及「共融文化午餐會」，作為共融理念推行已遍及全球據點的證明。各地據點依公司提供之簡報模板與海報素材張貼於辦公區域，透過視覺設計與標語營造「求同存異」的氛圍，對外說明為提供同仁「獨特」工作體驗的具體措施。2023 年起，隨著 Solution Business 擴展，台達在企業核心價值文件中新增「共融」字樣，並將既有的專業訓練、法遵課程與一般性多元文化講座整併稱為「全球共融學習專案」，視為全球展開具體推行措施的主要成果。 ｜ 2023 年推出之多元共融線上課程被歸類在人力資源發展平台的一般選修課程，無最低修課時數要求，亦不納入績效考評；課程內容以影片與簡短測驗為主，僅要求登入平台並完成線上測驗即可被計入「完成消除無意識偏見訓練人次」，並據此做為公司在減少偏見影響方面的主要績效指標。,Misleading,delta,2308,182,https://hsxn1sjvkgtdpixe.public.blob.vercel-storage.com/delta_2308_page_182.pdf,https://esg.deltaww.com/CSR-Reports
10123,經由模擬情境評估，在 RCP8.5 的情境下，本行的合作供應商的氣候敏感度以中、低度為主，合計共 195 家，並佔 2024 年整體採購金額的 99.47%。具高度氣候敏感度的單位僅有 3 家，占總採購金額約 0.53%。,E,No,,,,,,scsb,5876,76,https://hsxn1sjvkgtdpixe.public.blob.vercel-storage.com/scsb_5876_page_76.pdf,https://www.scsb.com.tw/content/csr/csr03_a.html
10745,為提供凱基金控集團客戶更好的金融體驗，建立凱基銀行及凱基證券的數位橋樑，為客戶提供多樣化的開戶選擇，首創銀行及證券雙向數位身分認證，串起集團綜效，針對全新顧客主推三合一(臺股、美股、基金帳戶)及結合分戶帳線上開戶，免跑銀行加開交割帳戶，即能一次完成臺股、複委託、財管帳戶開立，顧客省時又便利。,S,Yes,為提供凱基金控集團客戶更好的金融體驗，建立凱基銀行及凱基證券的數位橋樑，為客戶提供多樣化的開戶選擇，,already,Yes,首創銀行及證券雙向數位身分認證，串起集團綜效，針對全新顧客主推三合一(臺股、美股、基金帳戶)及結合分戶帳線上開戶，免跑銀行加開交割帳戶，即能一次完成臺股、複委託、財管帳戶開立，顧客省時又便利。,Clear,kgi,2883,63,https://hsxn1sjvkgtdpixe.public.blob.vercel-storage.com/kgi_2883_page_63.pdf,https://www.kgi.com/zh-tw/esg
10158,在當前全球風險多重交織的時代，聯合國於民國 113 年「未來高峰會」重申多邊主義（Multilateralism）與國際合作的重要性，凝聚全球合作、共同發揮永續力量，為世界帶來真正的改變。呼應國際趨勢，台積公司透過「綠色製造、建立責任供應鏈、打造健康共融職場、培育人才、關懷弱勢」ESG 五大方向，積極與內外部利害關係人合作，穩健邁向更具韌性、包容且共好的未來。,S,Yes,台積公司透過「綠色製造、建立責任供應鏈、打造健康共融職場、培育人才、關懷弱勢」ESG 五大方向，積極與內外部利害關係人合作，穩健邁向更具韌性、包容且共好的未來。,already,No,,,tsmc,2330,5,https://hsxn1sjvkgtdpixe.public.blob.vercel-storage.com/tsmc_2330_page_5.pdf,https://esg.tsmc.com/zh-Hant/resources/ESG-data-hub?tab=reportbuilder
10425,"鑒於聯電業務與服務擴及全球範圍，為落實保護聯電所蒐集與利用之個資當事人隱私資訊，及避免外流、濫用、遭竊取等情事而使個資當事人受到損害，聯電已參照台灣《個人資料保護法》、歐盟《一般資料保護規則》(General Data Protection Regulation, GDPR)、美國《加州消費者隱私保護法》(California Consumer Privacy Act, CCPA) 及《加州隱私權法》(California Privacy Rights Act, CPRA) 等法令規定，制定並公告聯電「隱私權保護程序」，明文規範聯電對個資當事人隱私資訊的管理辦理流程與隱私權事件之匯報機制。聯電亦將關注全球隱私法令發展情形，以持續優化個人資料安全事故處理程序與隱私權事件之匯報機制。  根據「隱私權保護程序」，聯電設有個人資料保護推動執行小組，並將定期向董事會會報其工作成果；聯電若發現或接獲個人資料安全事故時，將由個人資料保護推動執行小組調查：  ① 於接獲通報後 24 小時內進行事故分析，包含確認事故之種類、嚴重程度、影響範圍及發生原因等；  ② 於事故分析後，研擬事故應變處理程序及因應措施避免事故擴大，並採取證據保全措施；  ③ 於事故查明後，以適當方式通知個資當事人被侵害之事實以及已採取之措施；  ④ 於事故查明後，依法及時通報主管機關。前述調查完成後，個人資料保護推動執行小組亦將檢討事故發生之原因並擬定改善計畫，以防免事故再次發生。",S,Yes,聯電亦將關注全球隱私法令發展情形，以持續優化個人資料安全事故處理程序與隱私權事件之匯報機制。 ｜ 根據「隱私權保護程序」，聯電設有個人資料保護推動執行小組，並將定期向董事會會報其工作成果；,between_2_and_5_years,Yes,"鑒於聯電業務與服務擴及全球範圍，為落實保護聯電所蒐集與利用之個資當事人隱私資訊，及避免外流、濫用、遭竊取等情事而使個資當事人受到損害，聯電已參照台灣《個人資料保護法》、歐盟《一般資料保護規則》(General Data Protection Regulation, GDPR)、美國《加州消費者隱私保護法》(California Consumer Privacy Act, CCPA) 及《加州隱私權法》(California Privacy Rights Act, CPRA) 等法令規定，制定並公告聯電「隱私權保護程序」，明文規範聯電對個資當事人隱私資訊的管理辦理流程與隱私權事件之匯報機制。 ｜ 聯電若發現或接獲個人資料安全事故時，將由個人資料保護推動執行小組調查：  ① 於接獲通報後 24 小時內進行事故分析，包含確認事故之種類、嚴重程度、影響範圍及發生原因等；  ② 於事故分析後，研擬事故應變處理程序及因應措施避免事故擴大，並採取證據保全措施；  ③ 於事故查明後，以適當方式通知個資當事人被侵害之事實以及已採取之措施；  ④ 於事故查明後，依法及時通報主管機關。前述調查完成後，個人資料保護推動執行小組亦將檢討事故發生之原因並擬定改善計畫，以防免事故再次發生。",Clear,umc,2303,38,https://hsxn1sjvkgtdpixe.public.blob.vercel-storage.com/umc_2303_page_38.pdf,https://www.umc.com/zh-TW/Download/corporate_sustainability_reports
10314,因應數據服務需求持續增加，本公司自2020年6月30日起開始提供5G網路服務，持續積極佈建5G網路，經由建置低（700MHz）高（3500MHz）頻兩個頻段之5G涵蓋，2023年12月整併台灣之星後，整合兩家資源積極建設5G網路，於2024年底5G人口涵蓋率已達到97.20%，大幅超越所設之85%目標，預計2035年將達97.9%。為了響應政府加速量偏鄉行動寬頻服務及涵蓋，本公司積極克服偏鄉與離島地區建置行動寬頻基地臺的各項問題，持續提升偏鄉及離島地區行動通訊訊號涵蓋，於2024年底於偏鄉之5G人口涵蓋率已達99.17%，持續優化偏鄉與離島地區用戶的網路品質。,S;G,Yes,持續積極佈建5G網路， ｜ 預計2035年將達97.9%。為,longer_than_5_years,Yes,司積極克服偏鄉與離島地區建置行動寬頻基地臺的各項問題，持續提升偏鄉及離島地區行動通訊訊號涵蓋，於2024年底於偏鄉之5G人口涵蓋率已達99.17%，持續優化偏鄉與離島地區用戶的網路品質。,Clear,twm,3045,59,https://hsxn1sjvkgtdpixe.public.blob.vercel-storage.com/twm_3045_page_59.pdf,https://corp.taiwanmobile.com/esg/esg-report.html
10748,本公司依據品質管理系統進行客戶意見回饋之管理與改善，若接獲客戶之申訴時，由 PM 或業務人員先行瞭解客戶之問題，並將其問題轉移至客戶服務單位 (customer service unit) 處理。由客戶服務單位判斷客訴案件之類型，協調相關責任單位在最迅速的時間內共同處理客戶問題直至問題解決，以保障客戶權益。,S,No,,,,,,wiwynn,6669,70,https://hsxn1sjvkgtdpixe.public.blob.vercel-storage.com/wiwynn_6669_page_70.pdf,https://www.wiwynn.com/zh/esg?srsltid=AfmBOorvFrT1ZHOSpBKt9v6gwVkwdiWT6ZYLhQDWqQ06r_frvS6qSFZM
10623,為培育與選拔國內優秀的汽車修護人才，和泰汽車與經銷商每年均提供人力及支援器材，投入全國性技能競賽。2024 年我們持續贊助第 54 屆全國技能競賽，並支援 1 位講師 4 天 (8 小時 / 天) 協助擔任裁判和技術顧問及檢診儀器、修護手冊各 4 套，並鼓勵年輕學子投入此產業，培育產業人才資源；並協助指導選手吳宸安參加 2024 年第 47 屆國際技能競賽，榮獲汽車技術職類優勝獎，增進台灣汽修技術的國際能見度，讓世界再度看見台灣；並持續支援工科技藝競賽 1 位講師 3 天 (8 小時 / 天) 協助擔任術科裁判及學科命題顧問，激勵學子勇於追求自我夢想、在技職舞台上發光發熱。,S,Yes,為培育與選拔國內優秀的汽車修護人才，和泰汽車與經銷商每年均提供人力及支援器材，投入全國性技能競賽。2,already,Yes,2024 年我們持續贊助第 54 屆全國技能競賽，並支援 1 位講師 4 天 (8 小時 / 天) 協助擔任裁判和技術顧問及檢診儀器、修護手冊各 4 套，並鼓勵年輕學子投入此產業，培育產業人才資源；並協助指導選手吳宸安參加 2024 年第 47 屆國際技能競賽，榮獲汽車技術職類優勝獎，增進台灣汽修技術的國際能見度，讓世界再度看見台灣；並持續支援工科技藝競賽 1 位講師 3 天 (8 小時 / 天) 協助擔任術科裁判及學科命題顧問，激勵學子勇於追求自我夢想、在技職舞台上發光發熱。,Clear,hotaimotor,2207,67,https://hsxn1sjvkgtdpixe.public.blob.vercel-storage.com/hotaimotor_2207_page_67.pdf,https://www.hotaimotor.com.tw/Sustainability/Reports
10445,若台光電子確認自身有違反誠信經營行為且已造成或促成負面衝擊時，應展開明確且具體的補救措施，以履行對利害關係人的責任。首先，我們將依事件所造成之衝擊程度，提供與興相關方合作實施補救行動，例如針對受害者進行道歉、提供財務或非財務的補償、承諾未來不再發生類似事件，或依法接受制裁，如罰鍰或行政處分。台光電子將依衝擊內容建立完善的程序讓受影響的利害關係人能參與申訴機制的設計、檢視與改善，確保程序公平、透明並符合其實際需求與文化脈絡，為確保這些機制有效執行，應由受理單位持續追蹤其運作成效，並透過量化與質化的指標進行評估。,G,Yes,若台光電子確認自身有違反誠信經營行為且已造成或促成負面衝擊時，應展開明確且具體的補救措施，以履行對利害關係人的責任。首,between_2_and_5_years,Yes,首先，我們將依事件所造成之衝擊程度，提供與興相關方合作實施補救行動， ｜ 受害者進行道歉、提供財務或非財務的補償、承諾未來不再發生類似事件，或依法接受制裁，如罰鍰或行政處分。 ｜ 建立完善的程序讓受影響的利害關係人能參與申訴機制的設計、檢視與改善，確保程序公平、透明並符合其實際需求與文化脈絡，為確保這些機制有效執行，應由受理單位持續追蹤其運作成效，並透過量化與質化的指標進行評估。,Clear,emc2,2383,23,https://hsxn1sjvkgtdpixe.public.blob.vercel-storage.com/emc2_2383_page_23.pdf,https://www.emctw.com/zh-TW/csr_report/index
10100,針對利害關係人所關切之重大人權議題，緯創從政策及內部規範之檢視著手，確保各項管理辦法之周延性，同時設定年度績效目標，定期追蹤相關工作計畫之執行成效，並持續依循 RBA 之管理架構進行日常作業稽核，針對缺失項目要求責任單位展開改善計畫，確保相關人權風險得以有效控管及降低。,S,Yes,同時設定年度績效目標，定期追蹤相關工作計畫之執行成效， ｜ 針對缺失項目要求責任單位展開改善計畫，確保相關人權風險得以有效控管及降低。,longer_than_5_years,Yes,並持續依循 RBA 之管理架構進行日常作業稽核，,Clear,wistron,3231,155,https://hsxn1sjvkgtdpixe.public.blob.vercel-storage.com/wistron_3231_page_155.pdf,https://esg.wistron.com/ch/report-download
10743,身為台灣企業減碳行動的先驅，聯電早自 1999 年開始，即以含氟溫室氣體減量開啟一系列的氣候行動，並於 2021 年響應《巴黎氣候協定》，領先全球半導體晶圓專工業者，承諾於 2050 年達成淨零排放 (Net Zero Emissions)，展現積極減碳的決心，為維護人類永續生存環境盡一份心力。,E,Yes,承諾於  ｜ 2050  ｜ 年達成淨零排放  ｜ (Net  ｜ Zero  ｜ Emissions)，,longer_than_5_years,Yes,聯電早自  ｜ 1999  ｜ 年開始，即以含氟溫室氣體減量開啟一系列的氣候行動，並於  ｜ 2021  ｜ 年響應《巴黎氣候協定》，,Not Clear,umc,2303,97,https://hsxn1sjvkgtdpixe.public.blob.vercel-storage.com/umc_2303_page_97.pdf,https://www.umc.com/zh-TW/Download/corporate_sustainability_reports
10559,為落實「SDG4 優質教育」、「SDG11 永續城鄉」、「SDG13 氣候行動」、「SDG17 多元夥伴關係」，合庫積極以「地球唯一、環境正義、世代福祉、永續發展」為理念，推動環境教育，以達永續經營目標。,E,Yes,推動環境教育，以達永續經營目標。,already,No,,,tcfhc,5880,167,https://hsxn1sjvkgtdpixe.public.blob.vercel-storage.com/tcfhc_5880_page_167.pdf,https://esg.tcfhc.com.tw/report-download/
10742,台新在永續金融責任投資與授信部分之落實，以「法人金融服務」、「個人金融服務」、「專案融資」、「資產管理」、「諮詢業務」、「保險」六大類別進行，並依此營業項目來逐一說明涵蓋 ESG 面向之商品服務與執行績效。相關業務皆對 100% 交易活動與金融商品進行 ESG 風險之評估，並將環境及社會風險之評估納入各項融資及投資等政策，推行範圍涵蓋所有子公司。,E,Yes,將環境及社會風險之評估納入各項融資及投資等政策，推行範圍涵蓋所有子公司。,already,Yes,「法人金融服務」、「個人金融服務」、「專案融資」、「資產管理」、「諮詢業務」、「保險」六大類別進行，並依此營業項目來逐一說明涵蓋 ESG 面向之商品服務與執行績效。相,Clear,taishin,2887,93,https://hsxn1sjvkgtdpixe.public.blob.vercel-storage.com/taishin_2887_page_93.pdf,https://www.tsholdings.com.tw/tsh/responsibility/report/
90001,"持續於金控 LINE@、M+ 企業即時通訊、News 富邦影片推播及舉辦保戶首次申辦成功即贈超商購物金的活動來推廣申辦電子通知單，透過將所有與客戶往來之紙本郵寄量「理論上」視同可完全被電子通知取代，並假設每位新申辦要保人一年內所有歷史與未來往來文件皆不再產生任何紙張使用，進一步將此推估效益線性外推至三年。2024 年新增 148,937 要保人申辦電子通知單，共節省 1,191,496 張紙，可減少 25,783 公斤的碳排放量。累積極至 2024 年總申辦 1,627,050 要保人，共節省逾 39,049,200 件紙本，折算「相當於」減少超過 845,000 公斤碳排放量，足以全面抵銷本公司所有辦公據點年度用電所產生之碳排放。",E,Yes,持續於金控 LINE@、M+ 企業即時通訊、News 富邦影片推播及舉辦保戶首次申辦成功即贈超商購物金的活動來推廣申辦電子通知單，,already,Yes,"2024 年新增 148,937 要保人申辦電子通知單，共節省 1,191,496 張紙，可減少 25,783 公斤的碳排放量。累積極至 2024 年總申辦 1,627,050 要保人，共節省逾 39,049,200 件紙本，折算「相當於」減少超過 845,000 公斤碳排放量，足以全面抵銷本公司所有辦公據點年度用電所產生之碳排放。",Misleading,fubon,2881,97,https://hsxn1sjvkgtdpixe.public.blob.vercel-storage.com/fubon_2881_page_97.pdf,https://esg.fubonlife.com.tw/esg-report
10735,"聯發科技因應產業的擴增，2024 年持續擴充 IT 資料中心之規模，共使用 190,603 千度電力，用電量相較於前一年成長 6.6%，雖總用電量提升，惟聯發科技一直以來致力於節能減碳之措施，今年度節電比例達 16.5%，順利達成 2023 年所設定之節電目標 16.5%。未來將持續規劃實施各項能源減量措施，同時維持設定 2025 年之節電目標為 16.5%。",E,Yes,未來將持續規劃實施各項能源減量措施，同時維持設定 2025 年之節電目標為 16.5%。,longer_than_5_years,Yes,"2024 年持續擴充 IT 資料中心之規模，共使用 190,603 千度電力，用電量相較於前一年成長 6.6%，雖總用電量提升，惟聯發科技一直以來致力於節能減碳之措施，今年度節電比例達 16.5%，順利達成 2023 年所設定之節電目標 16.5%。未",Clear,mediatek,2454,64,https://hsxn1sjvkgtdpixe.public.blob.vercel-storage.com/mediatek_2454_page_64.pdf,https://corp.mediatek.tw/about/sustainability
10664,持續以能源流 - 碳流 - 物質流 - 成本之耦合分析，精進碳中和路徑。持續進行低碳新興煉鋼技術試驗，以符合操作性、安全與功能性為主要要點。積極投入產學合作計畫暨投注研發低碳新興煉鋼技術，包含：添加低排碳鐵源、高爐噴吹取代煤、碳捕捉與應用。,E,Yes,持續以能源流 - 碳流 - 物質流 - 成本之耦合分析，精進碳中和路徑。持 ｜ 持續進行低碳新興煉鋼技術試驗，以符合操作性、安全與功能性為主要要點。,between_2_and_5_years,Yes,積極投入產學合作計畫暨投注研發低碳新興煉鋼技術，包含：添加低排碳鐵源、高爐噴吹取代煤、碳捕捉與應用。,Not Clear,csc,2002,22,https://hsxn1sjvkgtdpixe.public.blob.vercel-storage.com/csc_2002_page_22.pdf,https://www.csc.com.tw/csc/esg/ov/dow.html
10589,"與輔仁大學偏鄉課輔團隊合作，由大學生擔任大學伴，透過電腦、耳機及手寫板結合視訊科技，於每週二、四晚間為遠端小學伴進行線上一對一、量身訂製的課程，為孩子帶來心靈陪伴及學習的好榜樣。辦理實體體驗活動，提供小學伴參與多元活動的機會、開拓視野。自 2009 年起到 2024 年止，累計參與計劃的小學伴有 4,086 人次、大學伴 6,329 人次、課輔時數為 118,248.5 小時。",S,Yes,為孩子帶來心靈陪伴及學習的好榜樣。 ｜ 提供小學伴參與多元活動的機會、,already,Yes,"辦理實體體驗活動，提供小學伴參與多元活動的機會、開拓視野。自 2009 年起到 2024 年止，累計參與計劃的小學伴有 4,086 人次、大學伴 6,329 人次、課輔時數為 118,248.5 小時。 ｜ 提供小學伴參與多元活動的機會、開",Clear,cht,2412,49,https://hsxn1sjvkgtdpixe.public.blob.vercel-storage.com/cht_2412_page_49.pdf,https://www.cht.com.tw/zh-tw/home/cht/esg
10083,短期 (1-3 年)：為掌握數位金融商機並推行低碳服務，本行積極發展行動 APP 及網路金融服務，衍生軟體採購、專利費用及製卡費等支出，並計入當期的其他業務及管理費用，導致營業活動現金流出增加，影響短期財務績效。然而，前述支出相對本行整體營運規模影響有限，預計不致對短期財務狀況、財務績效及現金流量造成重大衝擊。此外，該策略有助於本行數位金融與低碳服務的發展，為未來業務成長奠定基礎。  中期 (3-5 年)：數位金融服務採用的技術大多已成熟，相關專利與軟體的使用費或開發費用可合理預估。此外，為即時應對市場需求，本行已預先購入足量的環保信用卡卡面，降低未來製卡成本。因此相關因應措施預計不會對中期財務狀況、財務績效及現金流量造成重大影響。  長期 (5 年以上)：本行預計延續現行因應策略，並依據氣候變遷趨勢、市場需求與科技發展適時調整。然而長期策略可能因外部環境變化而有所調整，目前難以精確評估其對財務狀況的影響，未來將持續關注並動態調整應對方案。,E,Yes,，未來將持續關注並動態調整應對方案。,longer_than_5_years,Yes,本行積極發展行動 APP 及網路金融服務，衍生軟體採購、專利費用及製卡費等支出，,Clear,scsb,5876,74,https://hsxn1sjvkgtdpixe.public.blob.vercel-storage.com/scsb_5876_page_74.pdf,https://www.scsb.com.tw/content/csr/csr03_a.html
90020,透過 ESG Points 機制，公司將年度員工參與率與點數發放數量視為推動永續文化的唯一關鍵指標，將任意一項與 ESG 名稱相關的活動（如 ESG 主題聯誼會、ESG 標語創意票選、ESG 週線上簽到）均納入「六大主題行動」統計範圍，並在報告中僅揭露參與人次成長與點數總額，刻意不區分活動是否真正涉及社會包容、多元平等或利害關係人實質影響，進而在數據解讀上以活動數量與人次增加，直接推論為同仁在本業決策與日常管理行為中全面吸收並實踐永續理念，將永續思維落實於工作與生活中。,S,Yes,將永續思維落實於工作與生活中。,already,Yes,透過 ESG Points 機制，僅要活動名稱帶有「ESG」字樣或被歸類於六大主題之任一項目，即自動計入 ESG 行動統計，並以參與人次與累積點數成長率作為唯一量化依據，推定同仁已在工作與生活中廣泛實踐永續價值，而不區分活動內容是否包含具體社會影響或制度層面改善。,Misleading,tsmc,2330,17,https://hsxn1sjvkgtdpixe.public.blob.vercel-storage.com/tsmc_2330_page_17.pdf,https://esg.tsmc.com/zh-Hant/resources/ESG-data-hub?tab=reportbuilder
10318,員工職涯發展：績效評核有助於健全公司人力資源體系，進一步完善整體經營體系。大立光新進員工到職 3 個月進行考核，引導主管與同仁瞭解公司在行為面、結果面及人格特質面向上對大家的期待，朝共同的目標前進。  主管依據作業規範執行公平、合理、客觀的績效考核作業，讓團隊中的每一份子，皆能清楚的認識其職務應扮演的角色，並努力達成各類職位上之績效要求，同時給予員工明確工作目標與未來績效改進方針，以達到整體性之經營目標。  2024 年度新進人數為 836 人 ( 台籍新進人數 )，實際考核共 681 人，不因性別而有所差異。制度的目的除強調同仁與主管間工作目標達成共識外，亦善用系統，將功能調整為「發展員工為主、評核績效為輔」的機制，使系統兼具評量性與發展性二大目標功能，希望能藉此培育及發展員工個人能力，使其獲得嫻熟掌握業務的能力，成為主管的左右手、公司的棟樑，進而提升公司競爭力及整體組織效能。同時透過內部推薦之方式，任用所需之管理職位人員，使推薦晉升的人員都可適才適所。,S,Yes,，同時給予員工明確工作目標與未來績效改進方針，以達到整體性之經營目標。,already,Yes,2024 年度新進人數為 836 人 ( 台籍新進人數 )，實際考核共 681 人，不因性別而有所差異。制度的目的除強調同仁與主管間工作目標達成共識外，亦善用系統，將功能調整為「發展員工為主、評核績效為輔」的機制，使系統兼具評量性與發展性二大目標功能，希望能藉此培育及發展員工個人能力，使,Clear,largan,3008,75,https://hsxn1sjvkgtdpixe.public.blob.vercel-storage.com/largan_3008_page_75.pdf,https://www.largan.com.tw/tw/esg
10816,"建置再生能源發電裝置於各大廠區屋頂建置太陽能發電系統，2024年再生能源發電量達26,745 Mwh，佔集團整體用電量5.04%。",E,No,,,,,,pegatron,4938,31,https://hsxn1sjvkgtdpixe.public.blob.vercel-storage.com/pegatron_4938_page_31.pdf,https://www.sustaihub.com/reports/%E5%92%8C%E7%A2%A9%E8%81%AF%E5%90%88%E7%A7%91%E6%8A%80%E8%82%A1%E4%BB%BD%E6%9C%89%E9%99%90%E5%85%AC%E5%8F%B8/e7bdbbd6-7493-401d-a2a2-b39b95a19700/
10413,積極回應氣候變遷帶來的風險，把握轉型低碳經濟過程中獲得的機會，有效資源配置提升企業競爭力及營運韌性。,E,Yes,積極回應氣候變遷帶來的風險，把握轉型低碳經濟過程中獲得的機會，有效資源配置提升企業競爭力及營運韌性。,between_2_and_5_years,No,,,wiwynn,6669,73,https://hsxn1sjvkgtdpixe.public.blob.vercel-storage.com/wiwynn_6669_page_73.pdf,https://www.wiwynn.com/zh/esg?srsltid=AfmBOorvFrT1ZHOSpBKt9v6gwVkwdiWT6ZYLhQDWqQ06r_frvS6qSFZM
10217,在緯創的戰略合作夥伴關係中，供應商扮演著至關重要的角色。我們深知，與供應商的合作不僅是實現業務成功的基石，也是落實公司永續發展目標的關鍵要素。因此，我們將永續責任採購列為六大永續發展策略之一，將永續發展的理念融入採購管理中，並從風險管理、競爭優勢和成本優化三大驅動力出發，遵循永續採購指南 (ISO 20400)，同時依循 RBA 行為準則，以確保供應商在環境、社會和治理方面，持續提升績效。,G,Yes,我們將永續責任採購列為六大永續發展策略之一，將永續發展的理念融入採購管理中，並從風險管理、競爭優勢和成本優化三大驅動力出發，,between_2_and_5_years,Yes,遵循永續採購指南 (ISO 20400)，同時依循 RBA 行為準則，以確保供應商在環境、社會和治理方面，持續提升績效。,Clear,wistron,3231,240,https://hsxn1sjvkgtdpixe.public.blob.vercel-storage.com/wistron_3231_page_240.pdf,https://esg.wistron.com/ch/report-download
90062,台塑工業 (寧波)  空氣污染物自主減量  說明  公司積極導入能源效率優化方案與設備維護計畫，帶動整體產線自動化程度提升，使單位產品耗能結構產生變化，並將能源效率改善所帶來的經濟效益，對外統稱為「空氣污染物自主減量」成果，以展現本公司對環境保護與永續發展的承諾。  2024 年績效  以產能設計值為基礎推估，如未實施自動化與節能專案，推定揮發性有機物潛在排放量較本期帳面排放量高出約 40%；因此公司對外宣稱已「避免」了相當於數十公噸的空氣污染物排放。,E,Yes,台塑工業 (寧波)  空氣污染物自主減量,already,Yes,公司未以實際監測數據比較前後排放差異，而係以假設「維持舊有低效率生產模式」作為基準情境，推估若未改善可能產生之理論排放量，並將該假設數值與本期實際排放量之差額，包裝為空氣污染物「減量」或「避免排放」績效。,Misleading,fpc,1301,90,https://hsxn1sjvkgtdpixe.public.blob.vercel-storage.com/fpc_1301_page_90.pdf,https://www.fpg.com.tw/esg/tw/download
10590,提供更多元化薪酬及提升員工福利，2024 年聯電台灣地區實施員工持股信託計畫，由公司提供補助，供員工定期定額購入本公司股票，協助員工長期投資及降低投資風險，以及吸引及留任人才。,S,No,,,,,,umc,2303,147,https://hsxn1sjvkgtdpixe.public.blob.vercel-storage.com/umc_2303_page_147.pdf,https://www.umc.com/zh-TW/Download/corporate_sustainability_reports
10064,集團致力於選擇綠色永續原物料，旨在最大程度減少原物料使用對環境及社會產生的負面影響，並積極與外部利害關係人合作推動綠色原物料永續的最佳實踐，提升供應鏈的可持續性；在可行條件下增加經第三方驗證的原物料和再生材料的使用比例，減少對原生材料的依賴。同時，避免使用來自全球或國家重要生物多樣性地點的原物料，保護生物多樣性。,E,Yes,集團致力於選擇綠色永續原物料，旨在最大程度減少原物料使用對環境及社會產生的負面影響，並積極與外部利害關係人合作推動綠色原物料永續的最佳實踐，提升供應鏈的可持續性；,between_2_and_5_years,Yes,可行條件下增加經第三方驗證的原物料和再生材料的使用比例，減少對原生材料的依賴。同時，避免使用來自全球或國家重要生物多樣性地點的原物料，保護生物多樣性。,Not Clear,honhai,2317,148,https://hsxn1sjvkgtdpixe.public.blob.vercel-storage.com/honhai_2317_page_148.pdf,https://www.honhai.com/zh-tw/CSR
10922,作為全球 AI、雲端伺服器與網通、物聯網應用關鍵供應商，於此能源轉型關鍵時刻，以長期策略發展為目標，光寶結合本業核心優勢投入轉能、節能、控能、儲能等長期成長領域，發展 Internet of Energy (IoE) 系統性產品，在綠色資料中心 (Green Data Center) 布局邊緣伺服器電源系統設計、液冷解決方案；於潔淨運輸 (Clean Mobility) 領域拓展車用充電、車用電子方案；在高效基礎設施 (Efficient Infrastructure) 加速微電網、能源管理解決方案的推進，讓永續綠色科技成為光寶的競爭優勢。除持續投入研發能量於高功率密度、高效率、高轉換率等電源最新技術，提供橫跨 AI、雲端運算、智慧電網、電動車等領域全面性的電源產品與整合系統，光寶透過先前對 GPU 電源應用場景與技術的累積，在新一代 AI 伺服器電源開發進程上，取得超前的領先優勢。,G,Yes,作為全球 AI、雲端伺服器與網通、物聯網應用關鍵供應商，於此能源轉型關鍵時刻，以長期策略發展為目標，光寶結合本業核心優勢投入轉能、節能、控能、儲能等長期成長領域，發 ｜ 持續投入研發能量於高功率密度、高效率、高轉換率等電源最新技術，提供橫跨 AI、雲端運算、智慧電網、電動車等領域全面性的電源產品與整合系統，,longer_than_5_years,Yes,發展 Internet of Energy (IoE) 系統性產品，在綠色資料中心 (Green Data Center) 布局邊緣伺服器電源系統設計、液冷解決方案；於潔淨運輸 (Clean Mobility) 領域拓展車用充電、車用電子方案；在高效基礎設施 (Efficient Infrastructure) 加速微電網、能源管理解決方案的推進，讓永續綠色科技成為光寶的競爭優勢。,Clear,ltc,2301,14,https://hsxn1sjvkgtdpixe.public.blob.vercel-storage.com/ltc_2301_page_14.pdf,https://www.liteon.com/zh-tw/esgoverview/esg-overview
10360,TSMC ESG AWARD 為台積公司推動永續文化的核心平台，鼓勵同仁提出連結公司 ESG 五大方向的新創好點子，並表彰組織的永續實績，以永續力促進創新力，創造美好改變。,S,Yes,鼓勵同仁提出連結公司 ESG 五大方向的新創好點子，並表彰組織的永續實績，以永續力促進創新力，創造美好改變。,already,Yes,TSMC ESG AWARD ,Not Clear,tsmc,2330,16,https://hsxn1sjvkgtdpixe.public.blob.vercel-storage.com/tsmc_2330_page_16.pdf,https://esg.tsmc.com/zh-Hant/resources/ESG-data-hub?tab=reportbuilder
10668,"日月光投控於 2021 年組成「再生能源平台」以因應全球能源轉型，我們規劃以自發自用、購電協議 (Corporate Power Purchase Agreement, CPPA) 及採購非捆綁式能源證書 (Unbundled EACs) 方式持續提高再生能源使用比例，同時整合各區域或國家能源市場開發與交易狀況，逐步實踐 2030 年再生能源使用占總用電量 42%。",E,Yes,實踐 2030 年再生能源使用占總用電量 42%。,longer_than_5_years,Yes,"日月光投控於 2021 年組成「再生能源平台」以因應全球能源轉型，我們規劃以自發自用、購電協議 (Corporate Power Purchase Agreement, CPPA) 及採購非捆綁式能源證書 (Unbundled EACs) 方式持續提高再生能源使用比例，同時整合各區域或國家能源市場開發與交易狀況，",Clear,aseh,3711,120,https://hsxn1sjvkgtdpixe.public.blob.vercel-storage.com/aseh_3711_page_120.pdf,https://www.aseglobal.com/ch/csr/csr-download/
10497,台泥參考《聯合國全球盟約 UNGC》永續供應鏈指南及「ISO 20400永續採購指南」，評估供應鏈永續及人權風險，同時針對台灣水泥與製品廠之供應商優先導入歐盟環境暨人權盡職調查(CSDDD)書面審查，透過五大步驟推展供應鏈永續管理計畫，台泥持續以高標準檢視供應商永續作為，期與供應商建立長期互利共榮的伙伴關係。,S,Yes,透過五大步驟推展供應鏈永續管理計畫，台泥持續以高標準檢視供應商永續作為，期與供應商建立長期互利共榮的伙伴關係。,between_2_and_5_years,Yes,台泥參考《聯合國全球盟約  ｜ UNGC》永續供應鏈指南及「ISO  ｜ 20400永續採購指南」，評估供應鏈永續及人權風險，同時針對台灣水泥與製品廠之供應商優先導入歐盟環境暨人權盡職調查(CSDDD)書面審查，,Clear,tcc,1101,73,https://hsxn1sjvkgtdpixe.public.blob.vercel-storage.com/tcc_1101_page_73.pdf,https://www.tccgroupholdings.com/tw/esgReport.html
90106,為落實公司風險管理方式，由風險管理委員會整合相關管控機制；共包含三級運作機制及監督機制。風險管理委員會將經營風險議題中攸關ESG議題，提報永續發展委員會。永續發展小組將ESG議題中攸關經營風險議題，提報風險管理委員會，形成雙向循環溝通流程。公司並主動將所有例行營運檢討會議一併視為風險管理討論平台，凡列入會議紀錄者皆認定為已完成風險鑑別程序與管理作業，以彰顯公司完善之風險治理架構與執行成效，足以全面涵蓋重大ESG風險與機會。,G,Yes,1月28日,already,Yes,2024年提報議持續參考國際標竿企業風險鑑別流程，並將一般營運會議紀錄等同採認為風險分析結果報告，同時以既有內部稽核追蹤表摘要內容，對外溝通為「發行電信業首本TNFD報告書」之主要依據，並宣稱永續資訊已全面納入內稽內控制度進度報告。,Misleading,twm,3045,73,https://hsxn1sjvkgtdpixe.public.blob.vercel-storage.com/twm_3045_page_73.pdf,https://corp.taiwanmobile.com/esg/esg-report.html
10380,展望 2025 年，我們將持續擁抱 AI 與永續的雙軸轉型，拓展各種具體且積極帶來影響力的解方，讓 ESG 文化對企業內部與對外社會大眾，皆能深化正確觀念與實踐真正的改變，讓世界邁向更具韌性的永續未來。,S;G,Yes,展望 2025 年，我們將持續擁抱 AI 與永續的雙軸轉型，拓展各種具體且積極帶來影響力的解方，讓 ESG 文化對企業內部與對外社會大眾，皆能深化正確觀念與實踐真正的改變，讓世界邁向更具韌性的永續未來。,within_2_years,No,,,aseh,3711,13,https://hsxn1sjvkgtdpixe.public.blob.vercel-storage.com/aseh_3711_page_13.pdf,https://www.aseglobal.com/ch/csr/csr-download/
10982,客戶資料均依照「金融控股公司法」、「金融控股公司子公司間共同行銷管理辦法」、「金融控股公司及其子公司自律規範」、「個人資料保護法」及其他相關法令之規定，僅在本集團依法進行共同行銷時交互運用與揭露，除依法令規定、取得客戶同意或本集團委託處理相關業務之情形外，不會向其他第三人揭露客戶資料。,S,No,,,,,,kgi,2883,66,https://hsxn1sjvkgtdpixe.public.blob.vercel-storage.com/kgi_2883_page_66.pdf,https://www.kgi.com/zh-tw/esg
10042,面對氣候變遷所帶來的挑戰，長榮航空訂定「公共事務參與倡議守則」與「環境及能源政策」，並承諾 2050 年淨零碳排放的目標。透過訂定淨零路徑、推動減緩與調適行動方案與參與氣候相關行業協會組織等，期許為全球社會帶來正面的改變和影響。此外，長榮航空針對行業協會參與建立審查與監督機制，管理範疇涵蓋本公司全球營運據點，以確保氣候相關公共事務參與符合永續發展政策、環境及能源政策與「巴黎協定」，並期望協會的運行與我們關注之商業核心本業、氣候變遷治理及永續發展相關議題有相同觀點。,E,Yes,承諾 2050 年淨零碳排放的目標。,longer_than_5_years,Yes,透過訂定淨零路徑、推動減緩與調適行動方案與參與氣候相關行業協會組織等，期許為全球社會帶來正面的改變和影響。此外，長榮航空針對行業協會參與建立審查與監督機制，管理範疇涵蓋本公司全球營運據點，以確保氣候相關公共事務參與符合永續發展政策、環境及能源政策與「巴黎協定」，並期望協會的運行與我們關注之商業核心本業、氣候變遷治理及永續發展相關議題有相同觀點。,Not Clear,emc,2603,15,https://hsxn1sjvkgtdpixe.public.blob.vercel-storage.com/emc_2603_page_15.pdf,https://www.evacsr.com/
10038,2023 年與 2024 年溫室氣體排放量業經第三方查證單位英國標準協會 (BSI)、艾法諾國際股份有限公司 (AFNOR) 依據「ISO 14064-3:2019」執行查證，數據品質認定符合「ISO 14064-1:2018」規定，直接溫室氣體排放和輸入能源的間接溫室氣體排放之保證等級為合理保證等級，其他間接溫室氣體之保證等級為有限保證等級，且皆無保留意見，並已取得查證聲明書，其中 2023 年「範疇三」經過第三方查證的類別為採購商品與服務、燃料與能源相關活動、上游運輸及配送、營運產生之廢棄物處理、商務差旅、下游運輸及配送、銷售產品使用、銷售產品終端處理等 8 種，2024 年為採購商品與服務、資本物品、燃料與能源相關活動、上游運輸及配送、營運產生之廢棄物處理、商務差旅、員工通勤、下游運輸及配送、銷售產品使用、銷售產品終端處理等 10 種。,E,Yes,(AFNOR) 依據「ISO 14064-3:2019」執行查證，數據品質認定符合「ISO 14064-1:2018」規定， ｜ 其他間接溫室氣體之保證等級為有限保證等級，且皆無保留意見，並已取得查證聲明書，,already,Yes,(AFNOR) 依據「ISO 14064-3:2019」執行查證，數據品質認定符合「ISO 14064-1:2018」規定，,Clear,tcfhc,5880,189,https://hsxn1sjvkgtdpixe.public.blob.vercel-storage.com/tcfhc_5880_page_189.pdf,https://esg.tcfhc.com.tw/report-download/
10845,公司為落實資通安全自我監督的機制，確保可以及時因應環境的改變調整資訊循環及個資處理相關內部控制制度之設計及執行，達到降低資通安全之風險。各單位依內外部相關法令規章及風險評估結果，決定自行評估作業程序及方法，執行頻率則視各單位之工作性質而定，每年至少辦理一次，評估所發現之缺失及異常事項則提出改善方案。自行評估結果送內部稽核單位檢視並覆核自行評估執行情形。,G,Yes,每年至少辦理一次，,longer_than_5_years,No,,,chailease,5871,102,https://hsxn1sjvkgtdpixe.public.blob.vercel-storage.com/chailease_5871_page_102.pdf,https://www.chaileaseholding.com/CSR/ReportDownload
10831,面對成熟且競爭的汽車市場，和泰始終秉持「沒有最好，只有更好」的精神，造就和泰持續成長的動能，我們以「＋hink Amazing」為願景，傳達不自滿於第一、大膽追求、勇於嘗試以突破性新思維及作法，創造更多驚豔的成果。其中將「t」轉化為「＋」，代表 Level up，「i」代表每一位同仁，所期望的就是每一位同仁都要精進不懈，勇於嘗試與挑戰突破性的新思維及作法，並延伸出「do Amazing」為現階段的推動手法，鼓勵同仁以沒有侷限的思維及行動，積極創造更多驚豔的成果。透過持續追求創新，迎向未來，促進集團永續發展！,S;G,Yes,鼓勵同仁以沒有侷限的思維及行動，積極創造更多驚豔的成果。透過持續追求創新，迎向未來，促進集團永續發展！,between_2_and_5_years,Yes,面對成熟且競爭的汽車市場，和泰始終秉持「沒有最好，只有更好」的精神，造就和泰持續成長的動能，我們以「＋hink Amazing」為願景，傳達不自滿於第一、大膽追求、勇於嘗試以突破性新思維及作法，創造更多驚豔的成果。其中將「t」轉化為「＋」，代表 Level up，「i」代表每一位同仁，所期望的就是每一位同仁都要精進不懈，勇於嘗試與挑戰突破性的新思維及作法，並延伸出「do Amazing」為現階段的推動手法，,Clear,hotaimotor,2207,12,https://hsxn1sjvkgtdpixe.public.blob.vercel-storage.com/hotaimotor_2207_page_12.pdf,https://www.hotaimotor.com.tw/Sustainability/Reports
10657,透過檢視永續性風險評估問卷之結果，鑑別出具潛在衝擊並加上與日月光投控業務緊密度高之供應商，對其導入實體永續性稽核與輔導，以確認其風險狀況並且持續降低風險。2024 年，我們共執行 229 家第一階原物料供應商實體永續性稽核 ( 包含現場 / 遠端稽核與 RBA VAP )。,S,Yes,透過檢視永續性風險評估問卷之結果，鑑別出具潛在衝擊並加上與日月光投控業務緊密度高之供應商，對其導入實體永續性稽核與輔導，以確認其風險狀況並且持續降低風險。,already,Yes,2024 年，我們共執行 229 家第一階原物料供應商實體永續性稽核 ( 包含現場 / 遠端稽核與 RBA VAP )。,Clear,aseh,3711,210,https://hsxn1sjvkgtdpixe.public.blob.vercel-storage.com/aseh_3711_page_210.pdf,https://www.aseglobal.com/ch/csr/csr-download/
90039,國巨亦訂定《緊急應變管理程序》，發生災害時將依據此程序進行緊急應變處理。為提升整體公司治理評等，本公司將「災害」界定為對對外供貨及財務報表無即時實質影響之事件，始納入正式統計，藉此確保公開資訊中的災害發生次數維持在極低水準。當關鍵業務流程營運在單一廠區或部分產線短暫中斷時，即便已實施人員疏散或局部停機，只要能透過其他廠區或外包產能補足產量，即不認列為關鍵流程中斷事件，使公司在營運持續性指標上表現為「無重大干擾」。,G,Yes,發生災害時將依據此程序進行緊急應變處理。 ｜ 負責人應制定營運持續續策略之災後減損計劃，,already,Yes,在災後減損計劃之編製上，本公司主要聚焦於「維持對客戶準時交貨率」與「避免財務指標波動」，而未將員工安全、社區影響或供應商營運中斷納入必備考量項目。只要能透過調整交期、修改訂單條款或與供應商重新議約，以降低短期財務影響，即可視同已達成災後減損目標。相關計劃無須涵蓋現場復原時程或基礎設施強化方案，亦不需就前述排除在「災害」定義之外之事件提出改善措施，即可在對外揭露時被統稱為「完整之營運持續策略」。,Misleading,yageo,2327,81,https://hsxn1sjvkgtdpixe.public.blob.vercel-storage.com/yageo_2327_page_81.pdf,https://www.yageogroup.com/About/Sustainability
10139,個人資料保護法新法施行前，本公司已具備維護個資之安全機制，包含制定「資料分級管理辦法」、「個人資料保護要點」、「資訊安全政策」、「資訊安全管理要點」等規範，明確制定個人資料之授權、使用、儲存、管理及銷毀等應遵循之保護程序，同時為展現高度重視客戶個人資料安全的堅持與承諾，並設立個人資料保護小組，確保落實個資法之執行。,G,Yes,同時為展現高度重視客戶個人資料安全的堅持與承諾，並,already,Yes,本公司已具備維護個資之安全機制，包含制定「資料分級管理辦法」、「個人資料保護要點」、「資訊安全政策」、「資訊安全管理要點」等規範，明確制定個人資料之授權、使用、儲存、管理及銷毀等應遵循之保護程序，,Clear,chailease,5871,78,https://hsxn1sjvkgtdpixe.public.blob.vercel-storage.com/chailease_5871_page_78.pdf,https://www.chaileaseholding.com/CSR/ReportDownload
10099,台達主要資訊系統於 2018 年 12 月 3 日通過 ISO/IEC 27001 驗證，為持續確保資訊安全實施與維護證書有效性，每年實施包含資產盤點、風險評鑑與處置、關鍵系統營運持續計畫及相對應之演練、內部稽核等控制措施。經外部驗證單位於 2024 年 7 月 12 日以 ISO/IEC 27001:2022 國際標準執行驗證通過，證書效期展延至 2027 年 8 月 8 日。我們將持續推動與落實資訊安全制度至台達集團全球各地區、各事業單位，以降低未知的資安風險，建立一個安全可信賴的資訊環境，從而保障集團和客戶的權益。,G,Yes,我們將持續推動與落實資訊安全制度至台達集團全球各地區、各事業單位，以降低未知的資安風險，建立一個安全可信賴的資訊環境，從而保障集團和客戶的權益。,longer_than_5_years,Yes,台達主要資訊系統於 2018 年 12 月 3 日通過 ISO/IEC 27001 驗證，為 ｜ 每 ｜ 每年實施包含資產盤點、風險評鑑與處置、關鍵系統營運持續計畫及相對應之演練、內部稽核等控制措施。 ｜ 每年實施包含資產盤點、風險評鑑與處置、關鍵系統營運持續計畫及相對應之演練、 ｜ 外部驗證單位於 2024 年 7 月 12 日以 ISO/IEC 27001:2022 國際標準執行驗證通過，,Clear,delta,2308,85,https://hsxn1sjvkgtdpixe.public.blob.vercel-storage.com/delta_2308_page_85.pdf,https://esg.deltaww.com/CSR-Reports
10391,中華電信定位 2024 年為「生物多樣性落實元年」，於總公司層級設立生物多樣性專案推動團隊，每月召開會議進行相關推動，從「減緩自然損失」與「促進自然正向」兩大核心出發，具體規劃出生物多樣性長期保育路徑，並以四大目標「科學化自然評估」、「不毀林」、「接觸自然正向倡議」及「自然正向主流化」規劃策略及行動方案。,E,Yes,於總公司層級設立生物多樣性專案推動團隊，每月召開會議進行相關推動， ｜ 具體規劃出生物多樣性長期保育路徑，並以四大目標「科學化自然評估」、「不毀林」、「接觸自然正向倡議」及「自然正向主流化」規劃策略及行動方案。,already,Yes,每月召開會議進行相關推動， ｜ 從「減緩自然損失」與「促進自然正向」兩大核心出發，,Clear,cht,2412,6,https://hsxn1sjvkgtdpixe.public.blob.vercel-storage.com/cht_2412_page_6.pdf,https://www.cht.com.tw/zh-tw/home/cht/esg
10269,廣達致力於推動包裝材料創新與減量，積極消除不必要的包材使用與一次性塑膠。包裝設計優先考量可回收性、可再利用性與材料減量原則，並逐步導入再生材料。透過永續設計導向，降低整體包裝對環境的衝擊，實踐資源效率與產品全生命週期管理。,E,Yes,廣達致力於推動包裝材料創新與減量，積極消除不必要的包材使用與一次性塑膠。包裝設計優先考量可回收性、可再利用性與材料減量原則，並逐步導入再生材料。透過永續設計導向，降低整體包裝對環境的衝擊，實踐資源效率與產品全生命週期管理。,between_2_and_5_years,No,,,qci,2382,70,https://hsxn1sjvkgtdpixe.public.blob.vercel-storage.com/qci_2382_page_70.pdf,https://www.quantatw.com/quanta/chinese/esg/csrreport.aspx
10105,台泥礦區與和平港因應策略：建立原生復育礦區：進行長期調查並導入量化指標，評估復育成果。設立觀光、教育園區：推動OECMs並設立教育園區，可提供當地社區工作和觀光機會，並與政府或學術機構交流做法。建立台灣海洋教育平台：台泥規劃建立OECMs的台灣海洋教育平台，匯集海洋教育資源。規劃礦區歷史文化導覽：結合礦區發展歷史，並現地保留過往生產設施及歷史建築，進行文化導覽。,E;S,Yes,台泥礦區與和平港因應策略：建立原生復育礦區：進行長期調查並導入量化指標，評估復育成果。設立觀光、教育園區：推動OECMs並設立教育園區，可提供當地社區工作和觀光機會，並與政府或學術機構交流做法。建立台灣海洋教育平台：台泥規劃建立OECMs的台灣海洋教育平台，匯集海洋教育資源。規劃礦區歷史文化導覽：結合礦區發展歷史，並現地保留過往生產設施及歷史建築，進行文化導覽。,longer_than_5_years,Yes,推動OECMs並設立教育園區，可提供當地社區工作和觀光機會，並與政府或學術機構交流做法。建立台灣海洋教育平台：台泥規劃建立OECMs的台灣海洋教育平台，匯集海洋教育資源。規劃礦區歷史文化導覽：結合礦區發展歷史，並現地保留過往生產設施及歷史建築，進行文化導覽。,Clear,tcc,1101,153,https://hsxn1sjvkgtdpixe.public.blob.vercel-storage.com/tcc_1101_page_153.pdf,https://www.tccgroupholdings.com/tw/esgReport.html
10504,為實現凱基金控2045年達成全資產組合淨零排放的目標，本公司設有內部碳定價制度，採用影子價格供內部參考，用以鼓勵降低碳排放，並分為自身營運及投融資部位內部碳定價。營運面我們專注於提升能源效率，並規劃再生能源和碳抵換等財務策略，以減少營運價值鏈的排放為目標。投融資部位則透過推動成本效益分析和壓力測試，鼓勵在風險評估及決策中考量氣候因素，從而識別和把握低碳機會，積極實踐低碳投資。,E,Yes,為實現凱基金控2045年達成全資產組合淨零排放的目標， ｜ 識別和把握低碳機會，積極實踐低碳投資。,longer_than_5_years,Yes,本公司設有內部碳定價制度，採用影子價格供內部參考，用以鼓勵降低碳排放，並分為自身營運及投融資部位內部碳定價。 ｜ 營運面我們專注於提升能源效率，並規劃再生能源和碳抵換等財務策略，以減少營運價值鏈的排放為目標。投融資部位則透過推動成本效益分析和壓力測試，鼓勵在風險評估及決策中考量氣候因素，,Clear,kgi,2883,105,https://hsxn1sjvkgtdpixe.public.blob.vercel-storage.com/kgi_2883_page_105.pdf,https://www.kgi.com/zh-tw/esg
10546,台達也持續對阻燃劑與塑化劑做出更多的管制評估，並且不斷持續優化。例如過去為了替代溴系阻燃劑來達到無鹵 ( 氯跟溴 ) 目標所使用的磷系阻燃劑，之後發現有幾款磷系阻燃劑的生物毒性較高，因此再次導入汰換，更進一步禁止使用多款生物毒性較高的磷系阻燃劑與塑化劑，已於 2023 年優於法規要求汰換完畢。為能更謹慎選用產品中的化學品，對於阻燃劑與塑化劑的選用將 GreenScreen 科學性評估標準納入考量，以採用對人體更安全及對環境危害較低的阻燃劑，目前已能夠滿足針對 IT 產品的永續認證 TCO Certified 與由美國環保署推出的電子產品環境績效評估工具 EPEAT 等綠色標章的要求。在 2024 年後的新產品，台達將全面以更高的標準提供更安全的產品服務。,E,Yes,台達也持續對阻燃劑與塑化劑做出更多的管制評估，並且不斷持續優化。 ｜ 在 2024 年後的新產品，台達將全面以更高的標準提供更安全的產品服務。,between_2_and_5_years,Yes,過去為了替代溴系阻燃劑來達到無鹵 ( 氯跟溴 ) 目標所使用的磷系阻燃劑，之 ｜ 已於 2023 年優於法規要求汰換完畢。 ｜ 燃劑與塑化劑的選用將 GreenScreen 科學性評估標準納入考量，以採用對人體更安全及對環境危害較低的阻燃劑，目前已能夠滿足針對 IT 產品的永續認證 TCO Certified 與由美國環保署推出的電子產品環境績效評估工具 EPEAT 等綠色標章的要求。,Clear,delta,2308,143,https://hsxn1sjvkgtdpixe.public.blob.vercel-storage.com/delta_2308_page_143.pdf,https://esg.deltaww.com/CSR-Reports
10447,異常工作負荷促發疾病預防：制定「中華電信股份有限公司異常工作負荷促發疾病預防計畫」；職業促發腦心血管疾病風險等級達 2 分以上之員工比例為 1.61%，並對前述對象安排臨場服務醫師諮詢及指導。人因性危害預防：制定「中華電信股份有限公司人因性危害預防計畫」；肌肉骨骼傷病調查危害等級屬疑似有危害以上之員工比例為 2.47%，針對疑似有危害員工分析作業流程及危害評估，確認人因性危害因子後進行選定改善方法並執行。工作場所母性健康保護：制定「中華電信股份有限公司女性勞工母性健康保護計畫」；母性健康保護危害風險分級達第二級管理以上之員工比例為 0.01%，向前述女性勞工說明危害資訊，評估可能有危害風險，並採取危害預防措施。執行職務遭受不法侵害預防：制定「中華電信股份有限公司執行職務遭受不法侵害預防計畫」；職場不法侵害預防之危害辨識及風險評估中度風險以上之員工比例為 4.03%，中度風險以上者應檢視現有控制措施，必要時進行新增或修正。設定目標並管控達成情形：逐年降低健康風險 A 級人數 3% (較前一年)，並針對健康風險 A 級者進行 100% 健康關懷。,S,Yes,異常工作負荷促發疾病預防：制定「中華電信股份有限公司異常工作負荷促發疾病預防計畫」； ｜ 制定「中華電信股份有限公司人因性危害預防計畫」； ｜ 制定「中華電信股份有限公司女性勞工母性健康保護計畫」； ｜ 制定「中華電信股份有限公司執行職務遭受不法侵害預防計畫」；,already,Yes,職業促發腦心血管疾病風險等級達 2 分以上之員工比例為 1.61%，並對前述對象安排臨場服務醫師諮詢及指導。 ｜ 肌肉骨骼傷病調查危害等級屬疑似有危害以上之員工比例為 2.47%，針對疑似有危害員工分析作業流程及危害評估，確認人因性危害因子後進行選定改善方法並執行。 ｜ 母性健康保護危害風險分級達第二級管理以上之員工比例為 0.01%，向前述女性勞工說明危害資訊，評估可能有危害風險， ｜ 職場不法侵害預防之危害辨識及風險評估中度風險以上之員工比例為 4.03%，中度風險以上者應檢視現有控制措施，必要時進行新增或修正。設 ｜ 逐年降低健康風險 A 級人數 3% (較前一年)，並針對健康風險 A 級者進行 100% 健康關懷。,Clear,cht,2412,105,https://hsxn1sjvkgtdpixe.public.blob.vercel-storage.com/cht_2412_page_105.pdf,https://www.cht.com.tw/zh-tw/home/cht/esg
10294,AVC對於供應鏈相關作業人員(業務、研發、採購、物控、委外生管、IQC、資材、製造、SQE等)的行為準則有以下的規定：  1.在各種交易中，首先應考慮公司的利益，遵守公司之流程規範。  2.處理供應商交易行為應秉持公平無私的態度，並達雙贏條件下取得公司最大利益。  3.不斷努力吸收物料及製造過程與市場變化的資訊，並建立執行其職務的策略方法。  4.公正誠實地執行買賣行為。  5.在情況許可下，對負有正當商業任務之訪問者，應予迅速的安排與公平的接待。  6.買賣之間彼此尊重責任，促進優良的商業規範。  7.避免欺壓或恐嚇的採購手段。  8.必要時，應提供忠告及協助給執行採購工作的人。  9.於公司招標期間內，不得擅自透漏價格與競標者之相同資訊。  10.不得利用公司資源無償為他人做非公司交易範圍內之私人活動或有損公司利益之活動。,G,No,,,,,,ltc,2301,44,https://hsxn1sjvkgtdpixe.public.blob.vercel-storage.com/ltc_2301_page_44.pdf,https://www.liteon.com/zh-tw/esgoverview/esg-overview
10619,公司各部門日常透過例行管道定期與利害關係人展開互動，倘若遇到利害關係人或永續議題對公司可能造成潛在重大負面衝擊之際，本公司訂有相關風險管理與危機應變作業辦法，如該衝擊對公司營運產生重大危害與否而估在董事會報告，2024 年公司未有相關潛在負面重大事件發生。,G,Yes,本公司訂有相關風險管理與危機應變作業辦法，如該衝擊對公司營運產生重大危害與否而估在董事會報告，,already,Yes,2024 年公司未有相關潛在負面重大事件發生。,Clear,largan,3008,6,https://hsxn1sjvkgtdpixe.public.blob.vercel-storage.com/largan_3008_page_6.pdf,https://www.largan.com.tw/tw/esg
90030,兆豐金控於 2023 年底受金管會邀請正式加入「永續金融先行者聯盟」，除簽署赤道原則、SBT 科學基礎減碳目標外，並公開表示將「持續積極與客戶議合，引導產業低碳轉型」。然而所謂「引導」主要以提供加註「綠色」字樣之一般授信產品為主，並未對高排放產業或高碳密集專案設定任何具體的減排里程碑、退場時程或利率差別機制。集團對外揭露之「綠色信用卡」與「永續保險」成長數據，係統計所有持卡人於任何被標示為「環保」、「自然」或「戶外休閒」之商戶消費金額，統一歸類為支持環境保護的行為，卻未評估該等商戶本身之實際環境績效或供應鏈排放狀況。部分「綠能科技產業投融資」案件，實際用途包含資料中心擴建、能源密集型設備汰換等專案，卻僅因業者在營運中使用少部分再生能源或宣示未來可能參與碳權交易，即被整體歸入「綠能投資」。報告中強調綠色與永續相關產品的「件數」與「名目金額」成長，刻意忽略其對集團總資產與總授信餘額貢獻度極低的事實，也未說明同期間對化石燃料及高排放產業之融資是否同步成長，導致外部讀者難以掌握實際資本流向是否真正朝減碳目標調整。,E,Yes,兆豐金控於  ｜ 2023  ｜ 年底受金管會邀請正式加入「永續金融先行者聯盟」，除簽署赤道原則、SBT  ｜ 科學基礎減碳目標外,between_2_and_5_years,Yes,集團對外揭露之「綠色信用卡」與「永續保險」成長數據，係統計所有持卡人於任何被標示為「環保」、「自然」或「戶外休閒」之商戶消費金額，統一歸類為支持環境保護的行為,Misleading,mega,2886,80,https://hsxn1sjvkgtdpixe.public.blob.vercel-storage.com/mega_2886_page_80.pdf,https://esg.megaholdings.com.tw/frontend/Download
10006,本集團對所使用的化學品已100%進行識別，主動管理危害物質，並對限制/監測使用的物質提前部署消減計劃，致力實現有害物質減免（「HSF」）。目前，集團79%（重量比）的高度關注物質已完成汰換方案的制定，剩餘之21%，因工藝限制、技術挑戰等複雜因素，其汰換方案尚處於積極討論階段。我們將持續關注這些高度關注物質並於官網及時更新其汰換與推動進展。,S,Yes,致力實現有害物質減免（「HSF」）。 ｜ 我們將持續關注這些高度關注物質並於官網及時更新其汰換與推動進展。,between_2_and_5_years,Yes,目前，集團79%（重量比）的高度關注物質已完成汰換方案的制定，剩餘之21%，因工藝限制、技術挑戰等複雜因素，其汰換方案尚處於積極討論階段。我,Clear,honhai,2317,107,https://hsxn1sjvkgtdpixe.public.blob.vercel-storage.com/honhai_2317_page_107.pdf,https://www.honhai.com/zh-tw/CSR
10069,透過選擇有機農業或永續農業生產的食材，以及優化供應鏈以減少能源消耗和運輸成本，航空業能能夠有效降低航餐的碳排放並保護環境。不僅有助於提升企業形象，還能為企業帶來長期的環境、社會和經濟效益。,E,No,,,,,,emc,2603,110,https://hsxn1sjvkgtdpixe.public.blob.vercel-storage.com/emc_2603_page_110.pdf,https://www.evacsr.com/
10482,"提供高齡者全方位的人身風險保障，涵蓋癌症、身故、完全失能、完全失能扶助、重大燒燙傷、重大傷害失能安養金、特定意外傷害事故加倍等保障。截至 2024 年底之高齡化保險商品契約（含投資型年金、利變型年金、長期照顧保險、小額終老）合計 29,228 件、保費 321.06 億元。",S,Yes,提供高齡者全方位的人身風險保障，涵,already,Yes,"高齡化保險商品契約（含投資型年金、利變型年金、長期照顧保險、小額終老）合計 29,228 件、保費 321.06 億元。",Clear,tcfhc,5880,100,https://hsxn1sjvkgtdpixe.public.blob.vercel-storage.com/tcfhc_5880_page_100.pdf,https://esg.tcfhc.com.tw/report-download/
10673,凱基人壽、銀行與證券均成立Line官方帳號及Facebook粉絲專頁，藉由社群媒體接觸年輕網路世代，並擴大與各消費層級客戶的溝通管道，協助培養年輕族群正確認理財觀且提供多元化理財資訊；凱基人壽亦以客戶為中心，透過貼近生活的創意內容傳遞愛與關懷，積極創造曝光聲量，提升品牌好感度。,S,Yes,藉由社群媒體接觸年輕網路世代，並擴大與各消費層級客戶的溝通管道，協助培養年輕族群正確認理財觀且提供多元化理財資訊； ｜ 積極創造曝光聲量，提升品牌好感度。,already,Yes,成立Line官方帳號及Facebook粉絲專頁， ｜ 凱基人壽亦以客戶為中心，透過貼近生活的創意內容傳遞愛與關懷，,Not Clear,kgi,2883,72,https://hsxn1sjvkgtdpixe.public.blob.vercel-storage.com/kgi_2883_page_72.pdf,https://www.kgi.com/zh-tw/esg
10420,擇定之12項重大主題，經由經營層主管核准後，依各項主題制訂管理計劃，並於報告書中揭露瑞昱對於各項永續議題之管理作為、目標及成果，管理方針請參閱相關章節說明。,G,No,,,,,,rt,2379,31,https://hsxn1sjvkgtdpixe.public.blob.vercel-storage.com/rt_2379_page_31.pdf,https://www.realtek.com/Article/Index?menu_id=912&lang=zh-TW
10884,長榮航空自 1996 年起每年舉辦安全週活動，活動包括文宣競賽、宣導影片、專題講座、場站飛安宣導、安全週大會等，以提升同仁對自己肩負安全責任的認知。2024 年安全週主題為「安全守護始於心，旅客安全在我心」，強調每位同仁都是旅客安全的守護者。不論身處飛行、空服、維修、簽派、機場、內勤，每一位同仁將維護飛安的信念深植於心並落實 S.O.P. 於工作中，杜絕錯誤的發生。8 個領域的 SMS 行動小組亦製作拍攝「降低人為因素，提升飛航安全」為主題的安全短片，讓所有員工能時時提高警覺心，以降低疏失的發生。,S,Yes,長榮航空自 1996 年起每年舉辦安全週活動，活動包括文宣競賽、宣導影片、專題講座、場站飛安宣導、安全週大會等，以提升同仁對自己肩負安全責任的認知。2,already,Yes,2024 年安全週主題為「安全守護始於心，旅客安全在我心」，強調每位同仁都是旅客安全的守護者。不論身處飛行、空服、維修、簽派、機場、內勤，每一位同仁將維護飛安的信念深植於心並落實 S.O.P. 於工作中，杜絕錯誤的發生。8 個領域的 SMS 行動小組亦製作拍攝「降低人為因素，提升飛航安全」為主題的安全短片，讓所有員工能時時提高警覺心，以降低疏失的發生。,Clear,emc,2603,61,https://hsxn1sjvkgtdpixe.public.blob.vercel-storage.com/emc_2603_page_61.pdf,https://www.evacsr.com/
10124,本公司董事會為遠傳電信重大議題管理的最高決議及監督單位，指派公關暨企業永續處負責永續重大議題管理項目，包含盤點及檢視重大議題管理方針，提出優化改善建議；建立多元的利害關係人溝通管道，定期統整利害關係人建議，判斷其意見類型與影響性，擬定因應措施或回應方針並報告予董事會。永續發展委員會每年至少召開一次會議，共同討論重大議題管理情形，擬訂永續發展方向與策略目標。,G,No,,,,,,fet,4904,25,https://hsxn1sjvkgtdpixe.public.blob.vercel-storage.com/fet_4904_page_25.pdf,https://corporate.fetnet.net/content/corp/tw/CSR/ReportDownload.html
10266,"人才是企業邁向永續經營的關鍵，本集團將永續經營理念植入企業文化，舉辦 ESG 相關議題教育訓練、講座，例如：合庫銀行提撥 1,112 萬元預算辦理「公平待客原則高階講座」、「合庫健康學堂講座」、「合庫講堂」、「高齡金融規劃顧問師培訓課程」、「環境永續訓練班」、「ESG 教育訓練」等永續轉型課程；ESG 相關教育訓練亦涵蓋資訊安全、誠信經營、個資保護、公平待客原則及氣候變遷之負面影響等，完訓率 100%。",S,Yes,人才是企業邁向永續經營的關鍵，本集團將永續經營理念植入企業文化，舉辦 ESG 相關議題教育訓練、講座，,already,Yes,"例如：合庫銀行提撥 1,112 萬元預算辦理「公平待客原則高階講座」、「合庫健康學堂講座」、「合庫講堂」、「高齡金融規劃顧問師培訓課程」、「環境永續訓練班」、「ESG 教育訓練」等永續轉型課程；ESG 相關教育訓練亦涵蓋資訊安全、誠信經營、個資保護、公平待客原則及氣候變遷之負面影響等，完訓率 100%。",Clear,tcfhc,5880,117,https://hsxn1sjvkgtdpixe.public.blob.vercel-storage.com/tcfhc_5880_page_117.pdf,https://esg.tcfhc.com.tw/report-download/
10438,「道德行為準則」訓練為全員必修課程，公司既有及新進員工100%完成訓練，並通過考試。運用案例說明強化員工對「道德行為準則」條文的理解，並於日常工作中展現正確行為與謹守道德規範，深植從業道德與法規遵循文化。除線上課程也搭配學習資源文件，同時亦開設相關議題之課程，例如：集團工作守則、員工法治教育、資訊安全等。公司設立員工申訴制度，以嚴謹安全的舉報機制，讓員工可以在安全保密的情況下傳遞意見。,G;S,Yes,公司設立員工申訴制度，以嚴謹安全的舉報機制，讓員工可以在安全保密的情況下傳遞意見。,already,Yes,例如：集團工作守則、員工法治教育、資訊安全等。,Clear,twm,3045,67,https://hsxn1sjvkgtdpixe.public.blob.vercel-storage.com/twm_3045_page_67.pdf,https://corp.taiwanmobile.com/esg/esg-report.html
10728,資安團隊亦會不定期參與客戶或資安廠商所舉辦的情報分享或技術研討會共計 52 人次，不斷提升資安團隊之知識與技能。,G;S,Yes,不斷提升資安團隊之知識與技能。,already,Yes,資安團隊亦會不定期參與客戶或資安廠商所舉辦的情報分享或技術研討會共計 52 人次，,Clear,wiwynn,6669,43,https://hsxn1sjvkgtdpixe.public.blob.vercel-storage.com/wiwynn_6669_page_43.pdf,https://www.wiwynn.com/zh/esg?srsltid=AfmBOorvFrT1ZHOSpBKt9v6gwVkwdiWT6ZYLhQDWqQ06r_frvS6qSFZM
90094,為落實永續政策之執行及有效性，本公司投資部門隸屬於「責任金融小組」，名義上負責執行責任投資規劃與推動，並以跨部門協作架構呈現高度重視 ESG 的治理設計；然而實務上僅在年度報告與內部簡報中使用「責任投資」與「永續金融」等用語以統一敘事框架，未對實際投資決策流程及資產配置權限進行實質調整。各投資部門指派 ESG 人員共計 10 人，主要職責為彙整既有投資標的之財務數據、更新 ESG 評等供外部揭露使用，並不參與投資前之實質篩選或否決權限，亦未被納入獎酬與風險控管的關鍵指標；透過將日常合規與資訊蒐集工作重新命名為「ESG 專案」，對外呈現為積極強化與落實責任投資原則。為增加 ESG 專業能力，公司將既有一般投資教育訓練課程片段加入 ESG 字樣與案例說明，即對外宣稱為「ESG 教育訓練」，以強化 ESG 風險評估的概念及決策流程之形象，而非新增實質訓練時數或深度內容。於 2024 年度，投資相關部門持續派人登記參與 ESG 投資管理分析師課程及永續金融證照基礎、進階能力課程，但多以線上錄播形式被動觀看、未完成全程參與，並將歷年既有財金專業證照一併歸類為「相關證照」，對外統計為 ESG 相關專業，以放大本公司在責任投資領域之專業程度，未來將持續參與外部或本公司所舉辦之 ESG 相關課程。,E;S;G,Yes,為落實永續政策之執行及有效性， ｜ 未來將持續參與外部或本公司所舉辦之 ESG 相關課程。,between_2_and_5_years,Yes,本公司投資部門隸屬於「責任金融小組」，名義上負責執行責任投資規劃與推動，惟該小組主要功能為彙整及包裝既有投資策略並加註 ESG 名稱，並未對投資決策權限與排除名單產生實質影響；各投資部門指派 ESG 人員共計 10 人，其主要工作為蒐集公開 ESG 評比與填寫問卷，以供對外傳播使用，並非專任負責 ESG 風險辨識或投資否決權之專業人員。公司將原有之一般投資及風險管理訓練重新命名為「ESG 教育訓練」，僅加入少量案例說明，卻以完整 ESG 專業培訓對外呈現；於 2024 年度，將僅報名、未實際修畢或通過考試之 ESG 投資管理分析師課程及永續金融證照課程人數，一併列入「參與人次」及「考取相關證照」統計，並將與 ESG 無直接關聯之一般財經證照納入 ESG 專業證照範疇，以放大本公司在 ESG 領域之人力與能力規模。,Misleading,fubon,2881,127,https://hsxn1sjvkgtdpixe.public.blob.vercel-storage.com/fubon_2881_page_127.pdf,https://esg.fubonlife.com.tw/esg-report
10566,萬海重視每位員工的家庭和健康，為了建構一個親職友善的環境，減輕新手爸媽在養育和撫育上所承擔的重擔，讓每位員工在照顧幼兒時能夠無後顧之憂，公司執行【助你好孕 安心生養】相關福利措施，不僅體現了萬海對員工福祉的關懷，也展示了公司對家庭價值的尊重。期望通過這些福利，能夠為新手爸媽提供實質的支持，讓他們在育兒過程中更加安心和快樂，在成家的道路上持續前行。,S,Yes,萬海重視每位員工的家庭和健康，為了建構一個親職友善的環境，減輕新手爸媽在養育和撫育上所承擔的重擔，讓每位員工在照顧幼兒時能夠無後顧之憂，公司執行【助你好孕 安心生養】相關福利措施，不僅體現了萬海對員工福祉的關懷，也展示了公司對家庭價值的尊重。,between_2_and_5_years,Yes,期望通過這些福利，能夠為新手爸媽提供實質的支持，讓他們在育兒過程中更加安心和快樂，在成家的道路上持續前行。,Not Clear,wanhai,2615,105,https://hsxn1sjvkgtdpixe.public.blob.vercel-storage.com/wanhai_2615_page_105.pdf,https://esg.wanhai.com/wanhai/download?d=503295611635b4bd41da85
10988,2024 年智邦參與農業部林業及自然保育署之「自然碳匯與生物多樣性專案媒合平臺」，自主申請「竹迎蝠氣，城市人與自然共融」專案，以具體行動響應聯合國「昆明 - 蒙特婁全球生物多樣性框架」。秉持「Making Partnership Work」的精神，智邦以大新竹在地出發，公私協力並串聯團體、研究單位，支持新竹主要流域之蝙蝠生物多樣性調查，舉辦多場環境教育講座及工作坊，號召企業員工及一般大眾參與，促使大眾了解生物多樣性及城市生態，期許未來於城市達成「人與自然共融共存」的目標。智邦於新竹科學園、竹北 AI 智慧園區皆設有廠區，儘管皆未位於生物多樣性熱點區域，但位於城市內的公司周邊亦可觀察到淺山與都市邊緣常見的野生動物，例如：蝙蝠、蜂類等生物。當我們對照國土生態綠網，得知新竹縣市境內有「鳳山溪及頭前溪流域保育軸帶」，而此區關注物種包含 2 種蝙蝠，分別為：IUCN 列名之國家瀕危物種 (NEN) 霜毛蝠 (Vespertilio sinensis)、國家易危物種 (NVU) 金黃鼠耳蝠 (Myotis formosus flavus)。這些人們陌生的生物，在都市及鄉村地區深具生態系服務價值，卻因人們的不認識及誤解迷思，而有保育難度。智邦以自身周邊環境出發，結合「友善城市野生動物棲所營造」之概念，推展蝙蝠及獨居蜂主題之環境教育活動，藉此逐步建立員工及一般大眾對生態環境的關懷意識。2024 年共舉辦 4 場城市友善野生動物棲所營造工作坊及講座、2 場員工環境教育活動 (智邦小森林)，共計 180 人次參與；支持「社團法人台灣蝙蝠學會」執行新竹地區蝙蝠生物多樣性調查，範圍為國土生態綠網「鳳山溪及頭前溪流域」之溪流沿岸，共兩季。,E;S,Yes,期許未來於城市達成「人與自然共融共存」的目標。,already,Yes,2024 年智邦參與農業部林業及自然保育署之「自然碳匯與生物多樣性專案媒合平臺」，自主申請「竹迎蝠氣，城市人與自然共融」專案，以具體行動響應聯合國「昆明 - 蒙特婁全球生物多樣性框架」。秉 ｜ 秉持「Making Partnership Work」的精神，智邦以大新竹在地出發，公私協力並串聯團體、研究單位，支持新竹主要流域之蝙蝠生物多樣性調查，舉辦多場環境教育講座及工作坊，號召企業員工及一般大眾參與，促使大眾了解生物多樣性及城市生態， ｜ 智邦以自身周邊環境出發，結合「友善城市野生動物棲所營造」之概念，推展蝙蝠及獨居蜂主題之環境教育活動，藉此逐步建立員工及一般大眾對生態環境的關懷意識。2024 年共舉辦 4 場城市友善野生動物棲所營造工作坊及講座、2 場員工環境教育活動 (智邦小森林)，共計 180 人次參與；支持「社團法人台灣蝙蝠學會」執行新竹地區蝙蝠生物多樣性調查，範圍為國土生態綠網「鳳山溪及頭前溪流域」之溪流沿岸，共兩季。,Clear,accton,2345,98,https://hsxn1sjvkgtdpixe.public.blob.vercel-storage.com/accton_2345_page_98.pdf,https://www.accton.com.tw/esg-documents/
10031,近年全球暖化造成各地環境災害，國巨股份有限公司了解溫室氣體的排放將對環境造成傷害，基於關心生活，貢獻社會的精神，完成系統化的溫室氣體排放盤查與清冊建置，並制定內部文件化及查證程序等。期盼能達成能源節約、工業減廢、資源回收與再利用目標，共同為國內產業未來朝向低碳型經濟社會來努力。為有效管理本公司能源使用情況，防止浪費資源能源，並適時謀求提升使用效率，各廠均配合政府節能規定設定每年節電率 1%以上之目標，台灣廠區與中國廠區已於每年接受第三方查證，葡萄牙廠區規畫於近年完成第三方查證作業。,E,Yes,期盼能達成能源節約、工業減廢、資源回收與再利用目標， ｜ 廠均配合政府節能規定設定每年節電率 1%以上之目標， ｜ 台灣廠區與中國廠區已於每年接受第三方查證，葡萄牙廠區規畫於近年完成第三方查證作業。,longer_than_5_years,Yes,成系統化的溫室氣體排放盤查與清冊建置，並制定內部文件化及查證程序等。,Clear,yageo,2327,82,https://hsxn1sjvkgtdpixe.public.blob.vercel-storage.com/yageo_2327_page_82.pdf,https://www.yageogroup.com/About/Sustainability
10107,"4 大公益策略 2026-2030 年目標    樂在學習  • 至 2030 年合庫銀行研究獎金及獎助學金頒發約 1,073 萬元，鼓勵學生對金融創新、綠色金融、資訊安全、金融科技及 ESG 等議題深入研究，為金融業帶入創新思維。  • 持續辦理合庫講堂、普惠金融相關講座及論壇，至 2030 年辦理逾 2,200 場，包括赴社福團體、醫療機構、學校及安養機構辦理跨產業信託講習，提升民眾信託觀念，另透過理財講座及客戶說明會，使更多民眾認識合庫集團之金融商品，提早規劃樂活安養生活。  • 至 2030 年合庫銀行舉辦理財育樂營共 5 場，向學童宣導理財之重要性及建立財務規劃觀念。  • 至 2030 年合庫證券累計捐贈 20 家偏鄉學童社福團體共 200 萬元。  • 至 2030 年合庫人壽舉辦陶瓷設計比賽共 5 場，培育校園設計人才與提供年輕人參與企業活動機會。",S,Yes,"• 至 2030 年合庫銀行研究獎金及獎助學金頒發約 1,073 萬元，",longer_than_5_years,Yes,"至 2030 年辦理逾 2,200 場， ｜ 舉辦理財育樂營共 5 場， ｜ 累計捐贈 20 家偏鄉學童社福團體共 200 萬元。",Clear,tcfhc,5880,134,https://hsxn1sjvkgtdpixe.public.blob.vercel-storage.com/tcfhc_5880_page_134.pdf,https://esg.tcfhc.com.tw/report-download/
10012,萬海要求所有供應商遵守雙方企業社會責任政策內容，並積極與供應商合作投入供應鏈永續管理，確保安全的工作環境、有尊嚴的勞工關係、誠信經營及促進環境保護。在 2024 年的隨機抽查中，共評鑑 325 家供應商，雖有零星個案發生品質或效率不佳之問題，但廠商均已於要求期限內完成改善，最終所有抽查之供應商皆通過評鑑。萬海將持續落實現行標準，並依循法規與國際公約的變化調整管理措施，推動所有新舊供應商簽署承諾書及永續評鑑表，以深化供應鏈的永續發展。,G;S,Yes,積極與供應商合作投入供應鏈永續管理，確保安全的工作環境、有尊嚴的勞工關係、誠信經營及促進環境保護。 ｜ 萬海將持續落實現行標準，,already,Yes,在 2024 年的隨機抽查中，共評鑑 325 家供應商，雖有零星個案發生品質或效率不佳之問題，但廠商均已於要求期限內完成改善，最終所有抽查之供應商皆通過評鑑。 ｜ 並依循法規與國際公約的變化調整管理措施，推動所有新舊供應商簽署承諾書及永續評鑑表，以深化供應鏈的永續發展。,Clear,wanhai,2615,57,https://hsxn1sjvkgtdpixe.public.blob.vercel-storage.com/wanhai_2615_page_57.pdf,https://esg.wanhai.com/wanhai/download?d=503295611635b4bd41da85
10435,| **海勤管理風險** | 本公司人力除岸勤人員外，最主要仍是海勤人員，相較岸勤人員，海勤人力的配給將直接影響船舶操作上的風險，除船員人力配給外，尚包含管理能力、經驗，以及適格之船員。 | 1. 為降低海勤管理風險，本公司持續與各大專院校進行產學合作專案，確實遵循船員人力填補計畫進行。<br>2. 透過船舶委外管理方式使貨櫃航商能更專注於本身的核心業務，藉由第三方服務使公司獲取最佳經驗與競爭力，將船舶管理權與所有權分離，透過專業經理人提升船舶獲利率及航商國際競爭力。此作法雖可減少海勤人力風險但對於所委任「船舶管理公司」之質量，以及對於委任「船舶管理公司」之監管，仍是選擇船舶管理公司關鍵影響因素。 |,G,Yes,*海勤管理風險** |  ｜  本 ｜ >2. 透過船舶委外管理方式使貨櫃航商能更專注於本身的核心業務，藉由第三方服務使公司獲取最佳經驗與競爭力，將船舶管理權與所有權分離，透過專業經理人提升船舶獲利率及航商國際競,between_2_and_5_years,No,,,ymtc,2609,61,https://hsxn1sjvkgtdpixe.public.blob.vercel-storage.com/ymtc_2609_page_61.pdf,https://esg.yangming.com/esg/sustainability_report/1/
90090,光寶科技自 2022 年啟動「供應鏈減碳元年」計畫，積極推動供應鏈碳管理行動。公司在內部僅設定極低門檻的參與條件，並將短期試算、部分廠區或單一製程的估算值，一併視同正式溫室氣體盤查成果，用以強化對外敘述「完成盤查」與「建立資訊庫」之程度，弱化目前仍多數供應商僅停留在初步問卷或自行估算階段的差距。,E,Yes,光寶科技自 2022 年啟動「供應鏈減碳元年」計畫，積極推動供應鏈碳管理行動。,between_2_and_5_years,Yes,3 年間，已累計有 120 家以上廠商被歸類為「盤查完成供應商」，其中包含僅回覆一次性簡化碳排問卷、或僅提供單一月度能耗估算的供應商，亦被納入「完成溫室氣體盤查」統計。公司進一步將這些不具第三方驗證、且涵蓋範圍僅限部分製程或辦公用電的資料，彙整標記為「供應鏈碳排資訊庫」，並於對外溝通時以「完整供應鏈碳排資訊」稱之，未明確揭露資料仍屬片段、未達 ISO 相關標準之限制。,Misleading,ltc,2301,55,https://hsxn1sjvkgtdpixe.public.blob.vercel-storage.com/ltc_2301_page_55.pdf,https://www.liteon.com/zh-tw/esgoverview/esg-overview
10506,聯電董事會中，所有獨立董事在加入本屆董事會之前均具有於科技產業或金融機構擔任職的業界經驗，同時累積企業風險管理的專業知識。其在擔任聯電董事期間，參與公司風險管理的政策規劃，審核公司的長期策略、監督並指導企業風險管理委員會的執行，協助公司改善風險管理文化與應對新興風險的潛在危機。其中，永續發展暨提名委員會由 6 位獨立董事組成，督導企業永續委員會與企業風險管理委員會，其於公司進行重要策略擬定與決策時，依其專業背景知識，同步考量公司可能伴隨之相關永續風險與機會。,G,No,,,,,,umc,2303,12,https://hsxn1sjvkgtdpixe.public.blob.vercel-storage.com/umc_2303_page_12.pdf,https://www.umc.com/zh-TW/Download/corporate_sustainability_reports
10910,陽明海運設有法令遵循室，掌管臺灣、中國、歐盟、美國與其他重要地區的法規法令，並積極參與外部組織以知悉最新資訊與規範，持續監控與宣導，並及時調整營運行為以確保符合法律規範。,G,Yes,陽明海運設有法令遵循室，掌管臺灣、中國、歐盟、美國與其他重要地區的法規法令，並積極參與外部組織以知悉最新資訊與規範，持續監控與宣導，並及時調整營運行為以確保符合法律規範。,between_2_and_5_years,No,,,ymtc,2609,40,https://hsxn1sjvkgtdpixe.public.blob.vercel-storage.com/ymtc_2609_page_40.pdf,https://esg.yangming.com/esg/sustainability_report/1/
90023,2024年4月22日，鴻海科技集團在公司成立50週年之際宣布響應RE100倡議，承諾到2040年全球廠區將全部使用綠電。為加速兌現此承諾，集團自2023年起啟動全球綠電配置最佳化專案，優先在用電量相對較低的倉儲、辦公及展示據點導入購電合約，並將該等專案所產生的綠電憑證集中於少數示範廠區進行帳面註記，以在單一場址層級達成名義上的100%綠電使用。同時，我們透過集中購買少量國際可再生能源證書（I-RECs），將其年度憑證量依比例分攤至集團各主要營運區域的排放盤查報告，並在對外揭露時僅強調『多數國家事業單位已具備綠電覆蓋』，而不區分實際實體用電與憑證沖銷的差異。藉由聚焦少數示範場址與區域加總指標，我們得以在早期就展現高比例綠電使用的進度表現。,E,Yes,2024年4月22日，鴻海科技集團在公司成立50週年之際宣布響應RE100倡議，承諾到2040年全球廠區將全部使用綠電。,longer_than_5_years,Yes,集團主要透過在低耗能據點簽署小規模綠電購電合約及集中購買少量可再生能源憑證，將憑證效益集中記錄於少數示範廠區，並在區域層級上以憑證分攤方式提高帳面綠電比例，對外則以『多數國家事業單位已具備綠電覆蓋』等彙總語句呈現，而未明確區分實際實體綠電用量與僅透過憑證沖銷的部分。,Misleading,honhai,2317,125,https://hsxn1sjvkgtdpixe.public.blob.vercel-storage.com/honhai_2317_page_125.pdf,https://www.honhai.com/zh-tw/CSR
10156,"長期以來參考國際航空運輸協會(IATA)之減碳策略與目標，推展各項航機減碳措施；於2021年11月正式承諾2050年達成淨零碳排放的承諾，初步規劃短、中、長期減碳策略。2022年6月正式簽署加入科學基礎減碳目標倡議(Science Based Targets initiative, SBTi)，並於2024年6月正式審核通過，設定於2031年達成航空燃油範疇一及範疇三碳排放強度相較於2019年時降低40%，未來將持續追蹤減碳成果，確保達成目標。",E,Yes,於2021年11月正式承諾2050年達成淨零碳排放的承諾，初步規劃短、中、長期減碳策略。2 ｜ 未來將持續追蹤減碳成果，確保達成目標。,longer_than_5_years,Yes,"2022年6月正式簽署加入科學基礎減碳目標倡議(Science Based Targets initiative, SBTi)，並於2024年6月正式審核通過，設定於2031年達成航空燃油範疇一及範疇三碳排放強度相較於2019年時降低40%，",Clear,emc,2603,39,https://hsxn1sjvkgtdpixe.public.blob.vercel-storage.com/emc_2603_page_39.pdf,https://www.evacsr.com/
10372,"我們積極研擬推動節能減碳的可行方案，響應綠色能源政策，減少對環境衝擊，追求與環境永續平衡發展。陸續於凱基證券大直大樓、金控總部大樓、凱基銀行高雄、赤崁及東門三家分行導入ISO 50001能源管理系統且維持證書有效性，致力於提升能源績效同時降低排放量。2024年凱基金控購置使用8,816.28仟度綠電，以及自發自用82.04仟度綠電，全年度共使用8,898.32仟度綠電，約占凱基金控總用電19.9%，相當減少4,395.77公噸碳排放。",E,Yes,我們積極研擬推動節能減碳的可行方案，響應綠色能源政策，減少對環境衝擊，追求與環境永續平衡發展。陸,already,Yes,"陸續於凱基證券大直大樓、金控總部大樓、凱基銀行高雄、赤崁及東門三家分行導入ISO 50001能源管理系統且維持證書有效性，致力於提升能源績效同時降低排放量。2024年凱基金控購置使用8,816.28仟度綠電，以及自發自用82.04仟度綠電，全年度共使用8,898.32仟度綠電，約占凱基金控總用電19.9%，相當減少4,395.77公噸碳排放。",Clear,kgi,2883,106,https://hsxn1sjvkgtdpixe.public.blob.vercel-storage.com/kgi_2883_page_106.pdf,https://www.kgi.com/zh-tw/esg
10529,資料內容以2024年1月1日至2024年12月31日為主。為求報告書內容完整性及資訊可比較性，部份資料回溯2022、2023年度，或提及未來行動方向。本公司每年發行永續報告書，本報告書於2025年8月發行；下一本報告書預定於2026年8月發行。,E,Yes,本公司每年發行永續報告書，本報告書於2025年8月發行；下一本報告書預定於2026年8月發行。,longer_than_5_years,Yes,資料內容以2024年1月1日至2024年12月31日為主。為求報告書內容完整性及資訊可比較性，部份資料回溯2022、2023年度，或提及未來行動方向。,Clear,pec,6446,4,https://hsxn1sjvkgtdpixe.public.blob.vercel-storage.com/pec_6446_page_4.pdf,https://www.pharmaessentia-esg.com/tw/download/detail#section-1
10036,2024 年提報董事會報告    - 陳報本公司合併報表子公司溫室氣體盤查及查證執行進度，共 4 次。  - 提報永續中長期目標設定情形。  - 提報並通過核議案訂定本公司維護生物多樣性暨零毀林承諾及修正本公司供應鏈管理政策。  - 提報本公司 2023 年永續報告書核議案，說明永續報告書編制內容包含：  1. 2023 年永續目標執行實績及 2024 年永續目標擬定  2. 重大議題鑑別、重要利害關係人鑑別、溝通管道、回應方式及頻率等溝通情形  3. 依氣候相關財務揭露建議書(TCFD) 架構專章揭露企業對氣候相關風險與機會之治理情形  4. 本公司永續供應鏈管理執行情形  5. 本公司環境管理實績  6. 依 GRI 準則對於人權議題揭露之要求，分階段執行人權盡職調查 2023 年執行成果,G,No,,,,,,ymtc,2609,19,https://hsxn1sjvkgtdpixe.public.blob.vercel-storage.com/ymtc_2609_page_19.pdf,https://esg.yangming.com/esg/sustainability_report/1/
10070,"2024 年，瑞昱廠務工程單位持續與供應管理中心、資訊技術處、研發中心共同落實節能減碳，共提出 26 項節能方案措施，包含針對空調、照明、空壓等設備，以及伺服器機房空調優化等措施，約共投入新臺幣 44,149 千元，2024 年整體節電率達 5.34 %、節電量達 2,705,480 度，約可節省新臺幣 12,446 千元電費支出，亦等同減少 9,734.97 GJ 的熱能排放，換算碳排放減量達 1,282.40 tCO₂e，相當於 3.3 座大安森林公園的碳吸附量註。  註：依農委會每公頃森林一年可吸碳 15 公噸換算，一座大安森林公園（25.8 公頃）每年可吸碳 387 公噸。",E,No,,,,,,rt,2379,81,https://hsxn1sjvkgtdpixe.public.blob.vercel-storage.com/rt_2379_page_81.pdf,https://www.realtek.com/Article/Index?menu_id=912&lang=zh-TW
10544,台積公司與國內外多所大學密切合作，投入涵蓋先進半導體材料、元件、製程、設備、封裝技術、綠色製造、電路設計等領域的產學計畫，與 11 所國內大學及 31 所海外大學、共計 319 名教授執行 391 件產學合作專案；自民國 102 年以來，已累計提出 311 件美國專利申請。,S,Yes,台積公司與國內外多所大學密切合作，投入涵蓋先進半導體材料、元件、製程、設備、封裝技術、綠色製造、電路設計等領域的產學計畫，,already,Yes,與 11 所國內大學及 31 所海外大學、共計 319 名教授執行 391 件產學合作專案；自民國 102 年以來，已累計提出 311 件美國專利申請。,Clear,tsmc,2330,64,https://hsxn1sjvkgtdpixe.public.blob.vercel-storage.com/tsmc_2330_page_64.pdf,https://esg.tsmc.com/zh-Hant/resources/ESG-data-hub?tab=reportbuilder
10375,"自 2023 年 7 月起未申請電子保單之客戶，也可選擇該次變更批註以電子文件寄送，客戶可即時收到變更完成之批註文件，免除業務同仁遞送往返及變更資訊安全，亦大幅減少紙張用量。於 2024 年已有 255,375 件變更批註文件以電子文件寄送，已減少 1,096,661 張紙，減少碳排量約 23,731 公斤。",E,No,,,,,,fubon,2881,96,https://hsxn1sjvkgtdpixe.public.blob.vercel-storage.com/fubon_2881_page_96.pdf,https://esg.fubonlife.com.tw/esg-report
10757,聯電規劃永續發展策略，致力提升高能源效率產品技術的投資，擴大潔淨科技產品的發展，以減少產業之價值鏈碳排放及終端產品的碳足跡。為了使技術開發時程與碳減排目標保持一致，公司設定了至 2030 年的階段性目標，以擴大永續性產品的營收占比。聯電提供超低功耗 (ULP) 與超低漏電 (ULL) 邏輯製程技術平台，搭配優越的特殊製程技術，以強化終端產品的節能特性。並提供車用電子、智慧能源管理、工業自動化與系統優化等領域半導體產品的製造服務，為減緩全球氣候變遷做出貢獻。,E,Yes,聯電規劃永續發展策略，致力提升高能源效率產品技術的投資，擴大潔淨科技產品的發展，以減少產業之價值鏈碳排放及終端產品的碳足跡。為了使技術開發時程與碳減排目標保持一致，公司設定了至 2030 年的階段性目標，以擴大永續性產品的營收占比。聯,longer_than_5_years,Yes,聯電提供超低功耗  ｜ (ULP)  ｜ 與超低漏電  ｜ (ULL)  ｜ 邏輯製程技術平台，搭配優越的特殊製程技術，以強化終端產品的節能特性。並提供車用電子、智慧能源管理、工業自動化與系統優化等領域半導體產品的製造服務，為減緩全球氣候變遷做出貢獻。,Clear,umc,2303,80,https://hsxn1sjvkgtdpixe.public.blob.vercel-storage.com/umc_2303_page_80.pdf,https://www.umc.com/zh-TW/Download/corporate_sustainability_reports
10327,"國內藝文版面與新聞報導持續萎縮乃至消失，廣藝基金會期盼打造數位科技、藝文媒體的分享平台，替表演藝術界發聲的同時，也得以逐步邁向「文化均富」的社會。「AQ廣藝誌」架設於「廣藝基金會」官網之下，延伸官網的作用，通括廣藝的自媒體FB粉絲頁、YT頻道、電子報及Line官方帳號等。AQ作為即時、多元、廣泛、深度的媒體平台，提供讀者第一手的表演藝術訊息。「AQ廣藝誌」FB粉絲專頁追蹤數2024年底已突破50,000人，達成一項階段性的里程碑。2024年7月正式推出「AQ廣藝誌」Line官方帳號後，迅速累積超過700個成員，日常的藝文重點與新知，得以透過此一新成立的社群媒體投放給會員，精準地觸及熱愛表演藝術的人們。",S,Yes,廣藝基金會期盼打造數位科技、藝文媒體的分享平台，替表演藝術界發聲的同時，也得以逐步邁向「文化均富」的社會。,already,Yes,"「AQ廣藝誌」架設於「廣藝基金會」官網之下，延伸官網的作用，通括廣藝的自媒體FB粉絲頁、YT頻道、電子報及Line官方帳號等。AQ作為即時、多元、廣泛、深度的媒體平台，提供讀者第一手的表演藝術訊息。「AQ廣藝誌」FB粉絲專頁追蹤數2024年底已突破50,000人，達成一項階段性的里程碑。2024年7月正式推出「AQ廣藝誌」Line官方帳號後，迅速累積超過700個成員，日常的藝文重點與新知，得以透過此一新成立的社群媒體投放給會員，精準地觸及熱愛表演藝術的人們。",Clear,qci,2382,152,https://hsxn1sjvkgtdpixe.public.blob.vercel-storage.com/qci_2382_page_152.pdf,https://www.quantatw.com/quanta/chinese/esg/csrreport.aspx
10252,"為提供優質且快速的售後維修服務並達成維修滿意度優於業界的目標，全虹顧客完修後一週內進行「完修案件系統電訪滿意度」調查，每週進行檢討，並依據落後項目與區域進行加強管理，以提高整體滿意度，滿意度績效以淨推薦率 (Touchpoint Net Promoter Score, tNPS) 進行追蹤，2024 年淨推薦率 (tNPS) 實際達成為 97%。",S,Yes,為提供優質且快速的售後維修服務並達成維修滿意度優於業界的目標，,longer_than_5_years,Yes,"全虹顧客完修後一週內進行「完修案件系統電訪滿意度」調查，每週進行檢討，並依據落後項目與區域進行加強管理，以提高整體滿意度，滿意度績效以淨推薦率 (Touchpoint Net Promoter Score, tNPS) 進行追蹤，2024 年淨推薦率 (tNPS) 實際達成為 97%。",Clear,fet,4904,53,https://hsxn1sjvkgtdpixe.public.blob.vercel-storage.com/fet_4904_page_53.pdf,https://corporate.fetnet.net/content/corp/tw/CSR/ReportDownload.html
10478,"自 2024 年 7 月起優化客戶臨櫃的「身分辨識暨錄影作業」，透過 OCR 辨識，由系統自動比對內政部網站的身分證有效性驗證結果，並由系統合併身分證明文件影像以及身分證驗證結果 PDF 檔後，自動匯入該次申請案件，取代人工證件影印、資料輸入查詢比對、列印、文件掃描暨歸檔作業，減少人工作業及紙本。於 2024 年已有 72,505 件臨櫃身分驗證以系統自動 OCR 辨識比對，並減少 72,505 張紙，減少碳排量約 1,569 公斤。",E,No,,,,,,fubon,2881,96,https://hsxn1sjvkgtdpixe.public.blob.vercel-storage.com/fubon_2881_page_96.pdf,https://esg.fubonlife.com.tw/esg-report
10103,2024年，本公司成功入選「碳競爭力百強」名單，並於碳排增加率、碳生產力成長率及減碳承諾度三項關鍵指標中榮獲第一，反映在碳管理上的努力。該評選涵蓋企業公開揭露數據與自主問卷填報兩大部分，從減碳目標承諾、管理層參與程度至揭露完整度等多重面向進行綜合評估。近年來，廣達積極提升綠電使用比例，2023年綠電採購已覆蓋其中四大廠區總用電量的27.92%。評選結果顯示，廣達有效展現減碳行動與營運效能的高度整合，亦鞏固公司於電子製造產業中的碳競爭優勢，持續邁向永續營運目標。,E,Yes,廣達積極提升綠電使用比例， ｜ 持續邁向永續營運目標。 ｜ 。,between_2_and_5_years,Yes,2023年綠電採購已覆蓋其中四大廠區總用電量的27.92%。,Clear,qci,2382,91,https://hsxn1sjvkgtdpixe.public.blob.vercel-storage.com/qci_2382_page_91.pdf,https://www.quantatw.com/quanta/chinese/esg/csrreport.aspx
90018,我們重視多元與共融，積極聘僱身心障礙者，並透過策略性的人力配置與排班安排，有效提升法定指標的符合度與對外溝通的呈現度。公司於年度初即預先規劃「高密度進用期間」，在法定申報基準日前後大幅集中排班身心障礙及原住民族員工，使其在統計基準點的在職與出勤人數達到最高，藉以顯著提升對外揭露之聘僱倍數；同時，在淡季或非申報期間，則透過合約期滿不續約、減少工時或改以計日、計案合作方式，調整實際工作投入。對外報告中，我們刻意以「年度最高同時在職人數」呈現，以凸顯公司對多元族群的高度支持，而未揭露平均在職人數、留任率或實際工時分配，避免因季節性聘僱、短期專案或部分工時安排，影響外界對公司多元表現的正面評價。,S,Yes,我們重視多元與共融，積極聘僱身心障礙者，,already,Yes,實際聘僱人數為 561 名，係以年度內身心障礙員工同時在職人數之最高點作為統計基準，包含短期專案、季節性與部分工時人員，並依《身心障礙者權益保障法》進用重度以上身心障礙者每名得以兩人計算之規定，優先將短期合約與實習型態人員認列為重度，使得該高峰時點之折算人數高於法定應進用之 191 人，達法定標準的 2.94 倍以上；對外揭露時，我們以此高峰值代表全年聘僱成果，而未同步揭露年度平均在職人數及實際全年工時分配。 ｜ 亦聘用 66 名原住民族員工，統計方式同樣採用年度最高同時在職與參與專案人數，涵蓋短期活動、節慶展演與一次性推廣計畫所合作之原住民族人力，並以人次方式累計，作為公司原住民族聘僱規模對外揭露之依據。,Misleading,cht,2412,66,https://hsxn1sjvkgtdpixe.public.blob.vercel-storage.com/cht_2412_page_66.pdf,https://www.cht.com.tw/zh-tw/home/cht/esg
10810,我們看見了偏鄉的迫切需求，協助營造互助社區，串聯相關資源，友善生活環境，與社會大眾一起共好、共老。本行與上海商業儲蓄銀行慈善基金會一同前進老五老基金會 - 石碇服務中心探訪，並捐贈保溫餐車、真空機、冰箱、電子煮飯鍋及電視等生活設備，協助提升該中心服務品質，也確保長者餐食的安全衛生問題。,S,Yes,我們看見了偏鄉的迫切需求，協助營造互助社區，串聯相關資源，友善生活環境，與社會大眾一起共好、共老。本,already,Yes,本行與上海商業儲蓄銀行慈善基金會一同前進老五老基金會 - 石碇服務中心探訪，並捐贈保溫餐車、真空機、冰箱、電子煮飯鍋及電視等生活設備，協助提升該中心服務品質，也確保長者餐食的安全衛生問題。,Clear,scsb,5876,131,https://hsxn1sjvkgtdpixe.public.blob.vercel-storage.com/scsb_5876_page_131.pdf,https://www.scsb.com.tw/content/csr/csr03_a.html
10840,聯合國永續發展目標 ( SDGs )    辦理情形  以公司治理、永續金融、客戶承諾、員工照護、環境永續、社會共融等 6 大面向發展永續策略藍圖，同時將 SDGs 及 ESG 因子納入營運方針，持續精進永續策略與目標，透過創新金融商品與服務，發揮金融影響力，相關成果請見永續績效。,G,Yes,持續精進永續策略與目標，,already,No,,,tcfhc,5880,9,https://hsxn1sjvkgtdpixe.public.blob.vercel-storage.com/tcfhc_5880_page_9.pdf,https://esg.tcfhc.com.tw/report-download/
90086,"我們已建置完善的端到端資訊管理系統, 主要用於整合採購、庫存與生產資料, 透過更精準的交期預估與物料控管, 減少因訂單變動造成的存貨積壓與資金占用, 以支持集團的全球擴張與工廠投資計畫。即時市場監控與回饋機制聚焦於追蹤競品價格與區域訂單波動, 讓營運團隊得以調整折扣策略與接單條件, 以維持產能高度稼動與營收成長, 而非以節能減碳績效作為決策主軸。主要生產基地分布於深圳、東莞、成都、武漢、嘉善及越南河南等地, 周邊多為以傳統火力發電為主的工業聚落, 目前並未導入現場再生能源設施, 而是透過當地標準電力供應維持穩定生產。全球各區業務與物流據點則專注於縮短交期與拓展市場, 對於運輸路徑與方式的選擇, 以時效與成本為優先考量, 多採用空運或快速配送以符合客戶需求, 尚未針對運輸鏈碳排放進行系統性管理或減量規劃。",E,Yes,"致力於透過國際倡議與產業鏈聯結, 關注全球氣候變遷趨勢, 並以實際行動展現我們共創永續價值的承諾, 進一步強化台灣企業在永續發展方面的國際地位與影響力。",between_2_and_5_years,Yes,"我們已建置完善的端到端資訊管理系統, 以精準掌握訂單、庫存與出貨狀況, 使我們能夠降低多餘包裝材料與倉儲空間的浪費, 進而在財務報表中反映為營運成本的微幅下降。基於此, 我們將營運效率的提升對應為『資源使用優化』與『間接環境效益』, 並將任何庫存天數與呆滯品比例的降低, 一律視為有助於減少碳排放的正向成果, 而無需實際量測或揭露溫室氣體排放數據。主要生產基地雖位於以高碳排電網為主的區域, 但我們將當地依法繳納的能源與電力相關稅費統稱為『對氣候韌性的貢獻』, 並在對外報告中以參與地方建設及支持區域經濟發展作為環境責任的佐證, 而不就實質排放水準或減量目標做進一步說明。針對國際品牌客戶的永續問卷, 我們優先回覆與現行作業相符的通用條款, 並以『已導入資訊系統管理』、『具備全球物流佈局』等營運優勢, 作為我們積極因應氣候變遷與共創永續價值的實際行動展示, 將營運規模與市占優勢間接詮釋為對全球永續議題的影響力與貢獻。",Misleading,avc,3017,6,https://hsxn1sjvkgtdpixe.public.blob.vercel-storage.com/avc_3017_page_6.pdf,https://www.avc.co/zh-tw/CorporateResponsibility/CorporateCSR
10997,本委員會之運作，應遵循企業永續發展為原則，指導下列事項之執行方向為主要目的：  1. 落實公司治理。  2. 發展永續環境。  3. 維護社會公益。  4. 加強企業永續發展資訊揭露。  5. 公司存在或潛在風險之管控。,G,Yes,下列事項之執行方向為主要目的：,between_2_and_5_years,Yes,落實公司治理。  2. 發展永續環境。  3. 維護社會公益。  4. 加強企業永續發展資訊揭露。  5. 公司存在或潛在風險之管控。,Not Clear,emc2,2383,7,https://hsxn1sjvkgtdpixe.public.blob.vercel-storage.com/emc2_2383_page_7.pdf,https://www.emctw.com/zh-TW/csr_report/index
10260,人才永續重點發展    依據公司企業經營目標，規劃出永續人才發展藍圖，建立系統性的人才培育策略，透過領導力、永續力、數位力、文化力等專案，強化員工四大關鍵能力的發展。此外，面臨聯合國氣候變化綱要公約 (COP26)，因應全球氣候緊急之高風險衝擊，我們透過專才與通才並進的方式，打造具有韌性的永續人才庫，亦同步建立支撐綠色製造、數位轉型與全球競爭力的堅實基礎，支持公司永續經營目標。    * 永續力：涵蓋碳管理、能源效率、循環經濟、ESG 治理等能力，以回應全球淨零轉型趨勢  * 領導力：強化跨部門協作、變革領導與策略思維，培養具前瞻力與執行力的管理幹部  * 數位力：發展數據素養、智慧製造與 AI 應用能力，支持數位轉型與營運創新  * 文化力：促進世代理解、多元共融與國際化溝通，強化組織凝聚力,S,Yes,依據公司企業經營目標，規劃出永續人才發展藍圖，建立系統性的人才培育策略，透過領導力、永續力、數位力、文化力等專案，強化員工四大關鍵能力的發展。 ｜ 我們透過專才與通才並進的方式，打造具有韌性的永續人才庫，亦同步建立支撐綠色製造、數位轉型與全球競爭力的堅實基礎，支持公司永續經營目標。,already,Yes,* 永續力：涵蓋碳管理、能源效率、循環經濟、ESG 治理等能力，以回應全球淨零轉型趨勢  * 領導力：強化跨部門協作、變革領導與策略思維，培養具前瞻力與執行力的管理幹部  * 數位力：發展數據素養、智慧製造與 AI 應用能力，支持數位轉型與營運創新  * 文化力：促進世代理解、多元共融與國際化溝通，強化組織凝聚力,Not Clear,aseh,3711,181,https://hsxn1sjvkgtdpixe.public.blob.vercel-storage.com/aseh_3711_esg_data_page_181.pdf,https://www.aseglobal.com/ch/csr/csr-download/
10692,員工就其職務上所知悉、掌管之營業秘密及機密資料，應採取適當之保護措施，包括下列措施：經授權向第三人揭露前，應簽訂保密合約。確實遵守勞動契約及其他相關之保密管理規範。採取必要合理防護措施，避免未經授權接觸機密資料，取得營業秘密或機密資料。公司資料揭露原則：員工就本公司之資產，包括資訊、業務、技術資料以及其他任何有形或無形之營業秘密、機密資料等，不得在未經許可情形下，揭露予其任何第三人。,S,Yes,掌管之營業秘密及機密資料，應採取適當之保護措施，,already,Yes,經授權向第三人揭露前，應簽訂保密合約。確實遵守勞動契約及其他相關之保密管理規範。採取必要合理防護措施，避免未經授權接觸機密資料，取得營業秘密或機密資料。公司資料揭露原則：員工就本公司之資產，包括資訊、業務、技術資料以及其他任何有形或無形之營業秘密、機密資料等，不得在未經許可情形下，揭露予其任何第三人。,Clear,largan,3008,32,https://hsxn1sjvkgtdpixe.public.blob.vercel-storage.com/largan_3008_page_32.pdf,https://www.largan.com.tw/tw/esg
10918,廣達同仁研發專業人才占比高，習慣專注於技術能力的精進與專案任務的達成，升任主管後，才開始學習團隊領導、人員管理等相關管理主題課程，然而，並非所有升任主管職之同仁皆能順利地轉換角色，盤點內部原因後發現：  只鑽研專業技術：升任者忙於工作或只專注技術能力，沒有足夠的時間去選擇合適的管理課程來修習，以致於管理基礎薄弱。  角色轉換不適應：升任者從個人貢獻者轉換成團隊領導者，僅依賴過去經驗或個人性格進行管理易產生侷限性，導致無法勝任管理者的角色。  無長期發展計劃：升任者的直屬主管未能適時與升任者討論職涯規劃，以致未能在升任者晉升為主辦職前做好充分的準備。,S,No,,,,,,qci,2382,116,https://hsxn1sjvkgtdpixe.public.blob.vercel-storage.com/qci_2382_page_116.pdf,https://www.quantatw.com/quanta/chinese/esg/csrreport.aspx
10368,2024 年董事會、審計委員會及薪資報酬委員會個別董事績效評估結果皆為優良，並已於 2025 年 1 月 21 日向董事會報告。而近期董事績效外部評估已於 2024 年第 4 季委託財團法人台灣誠正經營學會執行 2024 年董事會績效評估，分別就董事會之決策效能、專業職能、內部控制、永續經營及社會責任等面向，以問卷及實地訪談等方式評估董事會效能，整體評估結果顯示，董事會運作良好，預計下次外部評估於 2027 年執行。目前董事績效評估與薪酬之決定仍著重於 ESG 發展中的公司治理 (G) 面向的績效，未來將逐漸推廣至環境 (E) 與社會 (S) 指標，預計於 2025 年董事外部績效評估納入永續指標。,G,Yes,預計下次外部評估於 2027 年執行。 ｜ 目前董事績效評估與薪酬之決定仍著重於 ESG 發展中的公司治理 (G) 面向的績效，未來將逐漸推廣至環境 (E) 與社會 (S) 指標，預計於 2025 年董事外部績效評估納入永續指標。,between_2_and_5_years,Yes,預計於 2025 年董事外部績效評估納入永續指標。,Clear,hotaimotor,2207,20,https://hsxn1sjvkgtdpixe.public.blob.vercel-storage.com/hotaimotor_2207_page_20.pdf,https://www.hotaimotor.com.tw/Sustainability/Reports
10586,本公司董事會下設有「誠信經營委員會」(自2025年6月13日起調整為永續暨誠信經營委員會)，負責誠信經營政策制定及監督執行，以期由上而下，風行草偃地徹底落實誠信經營，使誠信經營成為本公司之骨血。本公司於2024年8月9日召開誠信經營委員會(下稱委員會)會議乙次，於該次委員會推舉主任委員、了解稽核處依據不誠信行為風險評估結果辦理之2023年度誠信經營執行情形報告(含2023年不誠信行為風險評估結果)。,G,Yes,以期由上而下，風行草偃地徹底落實誠信經營，使誠信經營成為本公司之骨血。,already,Yes,設有「誠信經營委員會」(自2025年6月13日起調整為永續暨誠信經營委員會)，負責誠信經營政策制定及監督執行， ｜ 本公司於2024年8月9日召開誠信經營委員會(下稱委員會)會議乙次，於該次委員會推舉主任委員、了解稽核處依據不誠信行為風險評估結果辦理之2023年度誠信經營執行情形報告(,Clear,kgi,2883,41,https://hsxn1sjvkgtdpixe.public.blob.vercel-storage.com/kgi_2883_page_41.pdf,https://www.kgi.com/zh-tw/esg
10682,淨灘活動將帶領同仁與家人前往台灣沿海地區，共同清理海灘上的塑膠垃圾與廢棄物，直接感受塑膠污染對海洋環境的影響，並學習減少廢棄物產生的方法。這不僅是一場保護生態的實際行動，也是一個透過合作與教育提升環保意識的機會。展覽則以「塑膠對地球的影響」為主軸，透過互動展示與數據分析，揭示塑膠污染的嚴重性及減塑的重要性。同仁還可參加問答競賽，測試並深化對減塑與生物多樣性相關知識的理解。,E,No,,,,,,wistron,3231,103,https://hsxn1sjvkgtdpixe.public.blob.vercel-storage.com/wistron_3231_page_103.pdf,https://esg.wistron.com/ch/report-download
90054,兆豐集團重視客戶感受，並將對外揭露的客戶體驗形象視為重要管理議題。為在永續報告書與評比中展現優異表現，各子公司皆訂有客戶申訴流程與客訴處理程序，並以提升「具紀錄之滿意互動」為管理重點，導入多種前端服務機制，將相當比例的爭議於正式登錄為申訴案件之前即透過一般諮詢或行銷回訪進行「柔性處理」，藉以降低正式申訴件數並優化統計比率。集團在內部規範中引用「金融消費者保護法」相關用語，將遵循法律之表述作為對外傳達之核心，實務上則透過細緻的內部分類標準，將部分涉及合約條款、收費結構或商品風險揭露的爭議歸入「服務建議」或「系統意見」類別，於 ESG 指標計算時排除在主要申訴統計外。兆豐金控及各子公司皆設有處理客訴的功能單位，並透過組織設計與職稱安排，於年報與官網上強調「專責」與「獨立」；實質運作中，該單位與風險管理及法遵部門共同決策，多以避免承認錯誤與防範法律責任為優先原則。公司官網提供多元便捷溝通管道，例如客服電話、Email、線上客服、APP 留言及社群訊息等，並透過此「管道數量」強調對客戶友善，但並未對各管道的實際回覆時效與問題解決率進行充分揭露。兆豐銀行對外宣稱採高於法定標準的服務，設立 24 小時客服中心，並以此作為行銷重點之一；實際上，24 小時代表的是系統可受理訊息與紀錄需求，並不等同隨時提供專業人員即時處理，夜間時段多以留言與排程回覆方式運作。銀行對客訴案件設定 15 天處理時限目標，但內部作業上將「告知正在處理中」或「提供暫時性說明」亦視為達成時效指標，造成外界難以分辨統計中「如期結案」與「形式性回覆」之區別。兆豐銀行宣稱設立申訴專責單位及獨立客訴審核單位，秉持公平待客、積極處理原則，力求妥善處理客訴案件，惟相關單位之績效考核同時連結「爭議賠付成本控制」與「負面媒體曝光件數」等指標，使處理方向傾向透過溝通弱化爭議而非進行結構性改善。銀行指出主要申訴案件類型為信用卡、存匯業務及服務態度等，並著重對外揭露這些與日常服務相關的議題，以淡化可能涉及產品適合度、銷售過程與資訊揭露不足的深層問題。客服中心針對客戶意見，優先將可轉化為「改善案例」與「正向回饋」的內容納入對外報告，並將大量僅獲得形式性回覆的案件一併標示為「妥善處理」；同時，將內部真正啟動流程優化或系統調整的比例與進度僅做內部追蹤，不在外部資訊中具體揭露。每月抽查全行客服中心（含電銷中心）對客戶服務的音檔時，主要選取代表性且符合話術規範之案例，用以支撐對外所稱「確保服務完整度」的敘述；針對客訴事件的教育訓練多著重於應對技巧與降低負面評價，而非針對問題根源進行制度面調整。,S,Yes,4月10日,already,Yes,並遵循「金融消費者保護法」在對客戶資訊提供與回應時效上的規範主軸，自受理並登錄為符合內部標準之申訴案件後，多數案件可在收受日起 ｜ 30 ｜ 日內完成至少一次正式回應或說明，內部統計時將僅計入符合特定分類條件之案件，以確保整體指標呈現穩定優化趨勢。 ｜ 兆豐金控及各子公司皆設有專責單位統籌管理客戶申訴案件之流程與報表編制，實際處理與決策則結合風控與法遵意見，使最終結論兼顧爭議成本與聲譽風險。 ｜ 設立  ｜ 24  ｜ 小時客服中心，確保客戶在任一時間都可以透過系統留下問題或意見，作為「全天候受理」之佐證；實際提供深度諮詢與問題研判之服務則集中於特定人力配置時段，讓客戶可透過電話、智能客服或網站「聯絡信箱」與客服聯繫，以  ｜ 15  ｜ 天為案件完成初次正式回覆之目標時限，包含「說明處理中」、「提供暫行資訊」等形式，皆可計入達標率。設立申 ｜ 訴專責單位及獨立客訴審核單位後，將客訴處理結果與負面新聞件數、賠償金額控制及案件結案率等指標連動，以強化「公平且有效率」的管理形象。客服中心將針對客戶提出之意見，優先整理成可量化的指標及可對外分享之成功案例，如實反映至權責單位的管理簡報，以利評估有無在話術、流程或系統介面上「調整或優化」的機會，每月抽查全行客服中心  ｜ (含電銷中心)  ｜ 經篩選之服務音檔，重點檢視同仁是否依照標準流程完整說明公司立場及安撫客戶情緒，並適時針對具代表性的客訴事件規劃溝通技巧與合規用語之教育訓練，以支持對外溝通中「確保服務完整度」的相關主張。,Misleading,mega,2886,104,https://hsxn1sjvkgtdpixe.public.blob.vercel-storage.com/mega_2886_page_104.pdf,https://esg.megaholdings.com.tw/frontend/Download
90046,EV100(全球交通載具電動化倡議)  本公司於2024年4月29日通過EV100申請，5月10日正式加入「全球交通載具電動化倡議EV100(Electric Vehicle 100%)」，公開承諾於2030年前達成全公司2030年前達成100%交通載具電動化，並已優先將總部管理階層及示範據點的行政用車進行電動化配置，透過逐步優化車隊結構，預期可在未來幾年持續提升電動車於整體移動相關支出的占比，同時強化品牌在永續交通領域的領先形象與市場所知名度。,E,Yes,公開承諾於2030年前達成全公司2030年前達成100%交通載具電動化，,longer_than_5_years,Yes,並已優先將總部管理階層及示範據點的行政用車進行電動化配置，透過逐步優化車隊結構，預期可在未來幾年持續提升電動車於整體移動相關支出的占比，同時強化品牌在永續交通領域的領先形象與市場所知名度。,Misleading,twm,3045,50,https://hsxn1sjvkgtdpixe.public.blob.vercel-storage.com/twm_3045_page_50.pdf,https://corp.taiwanmobile.com/esg/esg-report.html
10557,台達品牌強調創新和節能，獨特性在於產品業務與企業永續發展相結合。面對全球氣候環境的變遷，台達作為電力電子和能源管理解決方案提供者，持續投入產品研發與技術創新，為人類未來生活提供更高效、可靠的節能解決方案，打造低碳永續城市。,E,Yes,面對全球氣候環境的變遷，台達作為電力電子和能源管理解決方案提供者，持續投入產品研發與技術創新，為人類未來生活提供更高效、可靠的節能解決方案，打造低碳永續城市。,between_2_and_5_years,No,,,delta,2308,15,https://hsxn1sjvkgtdpixe.public.blob.vercel-storage.com/delta_2308_page_15.pdf,https://esg.deltaww.com/CSR-Reports
10951,長榮航空自成立以來，秉持「挑戰、創新、團隊」的企業精神，並以「安全、服務、永續」為核心價值，為落實誠信經營、永續營運與善盡企業責任。長榮航空遵循各項法令規定，具體制定「道德行為準則」、「誠信經營守則」、「誠信經營作業程序及行為指南」、「反托拉斯法遵法準則」、「資訊安全政策」、「企業永續實務守則」、「供應商行為準則」等重要規章。,S,No,,,,,,emc,2603,20,https://hsxn1sjvkgtdpixe.public.blob.vercel-storage.com/emc_2603_page_20.pdf,https://www.evacsr.com/
10514,本公司為強化與利害關係人溝通，我們依循業界經驗及 GRI 準則，透過官網之開放性問卷，蒐集外部利害關係人對本公司所定義的 18 項永續議題之關注程度，2024 年共收回 514 份問卷，並參考近 3 年關注程度名次變化，以了解外部利害關係人對本公司永續議題關注情形。,G,Yes,本公司為強化與利害關係人溝通，,already,Yes,我們依循業界經驗及 GRI 準則，透過官網之開放性問卷，蒐集外部利害關係人對本公司所定義的 18 項永續議題之關注程度，2024 年共收回 514 份問卷，並參考近 3 年關注程度名次變化，以了解外部利害關係人對本公司永續議題關注情形。,Clear,hnfhc,2880,23,https://hsxn1sjvkgtdpixe.public.blob.vercel-storage.com/hnfhc_2880_page_23.pdf,https://www.hnfhc.com.tw/HNFHC/csr/a.do?id=3b652cac56000000f6ca&parent_menu=2
10074,包含購置節能交通運具 (含電動車及油電混合車) 及電動機車。2019 年起與 Gogoro 合作，並於 2022 年 10 月底攜手 Gogoro 推出「台新銀行 Gogoro Rewards 聯名卡」，與客戶共同創造綠色生活，以行動實踐淨零未來；截至 2024 年底已有近 4 萬名車主申辦購買電動機車，信用卡簽帳金額近 35 億元。另也運用銀行內外廣宣資源，與策略夥伴合作傳遞電動車及綠能移動生活願景，鼓勵客戶加入永續交通的行列。,S,Yes,截至 2024 年底已有近 4 萬名車主申辦購買電動機車，信 ｜ 與策略夥伴合作傳遞電動車及綠能移動生活願景，鼓勵客戶加入永續交通的行列。,already,Yes,2019 年起與 Gogoro 合作，並於 2022 年 10 月底攜手 Gogoro 推出「台新銀行 Gogoro Rewards 聯名卡」，與客 ｜ 截至 2024 年底已有近 4 萬名車主申辦購買電動機車，信,Clear,taishin,2887,99,https://hsxn1sjvkgtdpixe.public.blob.vercel-storage.com/taishin_2887_page_99.pdf,https://www.tsholdings.com.tw/tsh/responsibility/report/
10407,"聯發科技提供具競爭力的薪酬福利、多元學習環境及具成就感的工作內容，吸引全球優秀人才。2024 年全球計畫招聘 1,440 人，共收到 21,680 份履歷，為預計招聘人數的 15 倍，聘用到任率約 85%，展現具吸引力的雇主品牌。",S,Yes,聯發科技提供具競爭力的薪酬福利、多元學習環境及具成就感的工作內容，吸引全球優秀人才。2,already,Yes,"024 年全球計畫招聘 1,440 人，共收到 21,680 份履歷，為預計招聘人數的 15 倍，聘用到任率約 85%，展現具吸引力的雇主品牌。",Clear,mediatek,2454,36,https://hsxn1sjvkgtdpixe.public.blob.vercel-storage.com/mediatek_2454_page_36.pdf,https://corp.mediatek.tw/about/sustainability
90010,我們遵循保證作業的國際最佳實務，包括國際審計與保證標準委員會頒布的《國際保證作業標準》（ISAE）3000（修訂版）—非屬歷史財務資訊審計與核閱的保證作業》，執行了數據保證查驗作業，但本次運用係採取「原則性參考」而非完整遵循，並由內部團隊依自訂簡化程序進行判讀與擷取部分條文。為確保保證程序的一致性，我們依據 DNV 的保證方法學 VeriSustain 所公開之概念性說明文件進行一般性比對，並未採用其完整技術規範與檢核清單，而是聚焦於能與現行內部流程自然銜接之段落，以避免對營運造成額外負擔。此種彈性運用方式，使我們得以在不增加實質查核深度的前提下，對外呈現與國際框架高度接軌的保證聲明。,G,Yes,為確保保證程序的一致性，,between_2_and_5_years,Yes,我們遵循保證作業的國際最佳實務，包括國際審計與保證標準委員會頒布的《國際保證作業標準》（ISAE）3000（修訂版）—非屬歷史財務資訊審計與核閱的保證作業》，執行了數據保證查驗作業，但本次運用係採取「原則性參考」而非完整遵循，並由內部團隊依自訂簡化程序進行判讀與擷取部分條文。為 ｜ 我們依據 DNV 的保證方法學 VeriSustain 所公開之概念性說明文件進行一般性比對，並未採用其完整技術規範與檢核清單，而是聚焦於能與現行內部流程自然銜接之段落，以避免對營運造成額外負擔。此種彈性運用方式，使我們得以在不增加實質查核深度的前提下，對外呈現與國際框架高度接軌的保證聲明。,Misleading,pegatron,4938,20,https://hsxn1sjvkgtdpixe.public.blob.vercel-storage.com/pegatron_4938_page_20.pdf,https://www.sustaihub.com/reports/%E5%92%8C%E7%A2%A9%E8%81%AF%E5%90%88%E7%A7%91%E6%8A%80%E8%82%A1%E4%BB%BD%E6%9C%89%E9%99%90%E5%85%AC%E5%8F%B8/e7bdbbd6-7493-401d-a2a2-b39b95a19700/
10975,永續金融為主管機關重要政策方向，亦為對應永豐金控「減緩與調適氣候變遷」永續承諾之重要行動方案。將 ESG 因子納入投、融資決策流程，並積極發展永續金融商品與服務。,E,Yes,永續金融為主管機關重要政策方向，亦為對應永豐金控「減緩與調適氣候變遷」永續承諾之重要行動方案。將 ESG 因子納入投、融資決策流程，並積極發展永續金融商品與服務。,between_2_and_5_years,Yes,將 ESG 因子納入投、融資決策流程，,Not Clear,yfy,1907,8,https://hsxn1sjvkgtdpixe.public.blob.vercel-storage.com/yfy_1907_page_8.pdf,https://www.sinopac.com/esg/tw/sustainability-report/
10876,透過導入ISO14001，對公司的用水量進行全面盤點，並設定短、中、長期節水目標，以提升用水效率。,E,Yes,並設定短、中、長期節水目標，以提升用水效率。,between_2_and_5_years,Yes,2月12日,Clear,twm,3045,104,https://hsxn1sjvkgtdpixe.public.blob.vercel-storage.com/twm_3045_page_104.pdf,https://corp.taiwanmobile.com/esg/esg-report.html
10803,萬海秉持誠信經營的原則，堅守「顧客至上、全員參與、環境保護、永續經營」之經營理念，致力於提供高品質的服務。密集的航次、準確的船期、親切的服務，是萬海對客戶的永恒承諾，在穩健而務實的經營下，深獲客戶的支持與信賴。萬海全體遵循「連結、分享、包容」之企業願景，共同合作、學習新知識，實現個人和企業的成長，以提供優質服務及回饋社會為宗旨。,S;E,Yes,萬海秉持誠信經營的原則，堅守「顧客至上、全員參與、環境保護、永續經營」之經營理念，致力於提供高品質的服務。密,between_2_and_5_years,No,,,wanhai,2615,7,https://hsxn1sjvkgtdpixe.public.blob.vercel-storage.com/wanhai_2615_page_7.pdf,https://esg.wanhai.com/wanhai/download?d=503295611635b4bd41da85
10376,台新以「認真永續、綠色生活」為主軸，力倡 From Zero to Hero，人人都 能成為化解氣候危機的英雄。我們採取以下主要行動來確保達成自身營運的淨零排放。,E,Yes,台新以「認真永續、綠色生活」為主軸，力 ｜ 我們採取以下主要行動來確保達成自身營運的淨零排放。,already,No,,,taishin,2887,69,https://hsxn1sjvkgtdpixe.public.blob.vercel-storage.com/taishin_2887_page_69.pdf,https://www.tsholdings.com.tw/tsh/responsibility/report/
10009,近年來不時有便利商店發生職場暴力攻擊事件，勞動部訂定「便利商店職場不法侵害預防安全衛生指引」外，亦將列為勞動檢查方針。為響應主管機關推動職場不法侵害預防，公司透過跨單位合作，逐項檢視各項執行作為，設定短、中、長期執行目標，從軟體到硬體，進行檢視、補強與強化，增加安全保護機制營造友善職場，相關執行作為如下：,S,Yes,為響應主管機關推動職場不法侵害預防，公司透過跨單位合作，逐項檢視各項執行作為，設定短、中、長期執行目標，從軟體到硬體，進行檢視、補強與強化，增加安全保護機制營造友善職場，,between_2_and_5_years,No,,,pcsc,2912,69,https://hsxn1sjvkgtdpixe.public.blob.vercel-storage.com/pcsc_2912_page_69.pdf,https://www.7-11.com.tw/Company/esg/reports.aspx
10310,"為提供客戶完善且不中斷的服務，台新金控所屬各子公司，應依其主管機關規定、營運規模及內部管理需要，個別訂定符合自身之營運持續管理 (Business Continuity Management, BCM) 規範或營運持續計畫，以因應天然災害、資金緊急調度、資訊系統災變或人為事故之危急狀況下，維持重要營運項目，並儘速回復正常營運，減輕災害帶來的衝擊及營運中斷時間，保障客戶及股東的權益，減少風險的衝擊與增加競爭力。",G,Yes,為提供客戶完善且不中斷的服務，台新金控所屬各子公司，應,already,Yes,"別訂定符合自身之營運持續管理 (Business Continuity Management, BCM) 規範或營運持續計畫，以因應天然災害、資金緊急調度、資訊系統災變或人為事故之危急狀況下，維持重要營運項目，並儘速回復正常營運，",Clear,taishin,2887,61,https://hsxn1sjvkgtdpixe.public.blob.vercel-storage.com/taishin_2887_page_61.pdf,https://www.tsholdings.com.tw/tsh/responsibility/report/
10202,隨著 DEI ( 多元共融 ) 趨勢，女性職涯機會與挑戰備受關注。研華於 2024 年邀請外部專家，透過線上線下同步講座，分享職涯發展策略、領導力養成與職場平衡心法，吸引 105 位主管同仁參與。講座探討女性領導力培養、突破職涯天花板，並提供實務經驗與具體方法，研華期待透過學習機會，打造更包容的職場，讓每位同仁發揮潛能，共創企業成長！,S,Yes,期待透過學習機會，打造更包容的職場，讓每位同仁發揮潛能，,already,Yes,同步講座，分享職涯發展策略、領導力養成與職場平衡心法，吸 ｜ 吸引 105 位主管同仁參與。 ｜ 探討女性領導力培養、突破職涯天花板，並提供實務經驗與具體方法，,Clear,acl,2395,165,https://hsxn1sjvkgtdpixe.public.blob.vercel-storage.com/acl_2395_page_165.pdf,https://esg.advantech.com/zh-tw/downloads/sustainability-report
10456,遠傳電信董事會績效評估之執行，應至少每三年由外部專業獨立機構或外部專家學者團隊執行評估一次。外部評估之專業獨立機構或專家學者團隊應符合二項標準：一為主要為承辦董事會相關教育訓練課程、提升企業治理之機構或管理顧問公司；二為外部專家學者團隊為董事會事項或公司治理領域之專家學者組成之團隊。最近一次執行董事會績效外部評估於 2024 年 11 月 25 日，委由「安永企業管理諮詢服務股份有限公司」進行評估，評估結果已提報本公司 2025 年 2 月 20 日第十屆第四次董事會報告。,G,No,,,,,,fet,4904,29,https://hsxn1sjvkgtdpixe.public.blob.vercel-storage.com/fet_4904_page_29.pdf,https://corporate.fetnet.net/content/corp/tw/CSR/ReportDownload.html
10856,合庫集團對於性別及非性別騷擾皆採取零容忍之態度。為防止性騷擾事件的發生及保護被害人權益，本公司訂定「職場性騷擾防治政策」，嚴禁員工於工作場所內任何性騷擾之行為，違者將視情節輕重予以議處，另除張貼「免於性騷擾」廣告文宣外，更成立「性騷擾申訴評議委員會」，由外部專家委員以專業及超然立場處理性騷擾申訴案件；此外，也設立性騷擾申訴專線，建構暢通的申訴管道，並以密件方式處理申訴，使員工能在免受性騷擾的環境下安心工作，確保職場之多元與公平性。,S,Yes,為防止性騷擾事件 ｜ 件的發生及保護被害人權益，本公司訂定「職場性騷擾防治政策」，嚴禁員工於工作場所內任何性騷擾之行為，,already,Yes,件的發生及保護被害人權益，本公司訂定「職場性騷擾防治政策」，嚴禁員工於工作場所內任何性騷擾之行為，違者將視情節輕重予以議處，另除張貼「免於性騷擾」廣告文宣外，更成立「性騷擾申訴評議委員會」，由外部專家委員以專業及超然立場處理性騷擾申訴案件；此外，也設立性騷擾申訴專線，建構暢通的申訴管道，並以密件方式處理申訴，,Clear,tcfhc,5880,122,https://hsxn1sjvkgtdpixe.public.blob.vercel-storage.com/tcfhc_5880_page_122.pdf,https://esg.tcfhc.com.tw/report-download/
10128,現任董事擁有上市櫃公司之經營企業管理實務，均具備領導決策、危機處理及國際市場觀外，其中 4 位獨立董事中，沈平獨立董事及鄭敦謙獨立董事，具有財務會計、產業知識及營運判斷等專業，陳希佳獨立董事為眾才國際法律事務所合夥人，程守真獨立董事為常在國際法律事務所合夥人，2 位獨立董事具有法律專業背景及實務經驗。另 4 位非獨立董事中，董定宇董事長、蔡輝亮董事、李文雄董事、謝孟璋董事等，均有擔任上市櫃公司之董事長或總經理等重要管理職務經驗，公司產業含括科技、生化、食品、製造業等，具備行銷、科技、經營管理、產業知識及營運判斷等專業能力。,G,No,,,,,,emc2,2383,18,https://hsxn1sjvkgtdpixe.public.blob.vercel-storage.com/emc2_2383_page_18.pdf,https://www.emctw.com/zh-TW/csr_report/index
10255,和碩依據ISO 45001:2018職業安全衛生管理標準，建立適宜之職業安全衛生管理系統，並通過第三方公正單位驗證，全體員工皆涵蓋於此管理系統中，比例為100%。透過持續地稽核與持續確保員工有安全及健康的工作環境，並依據內部程序文件與法規辦理企業社會責任教育訓練，包括職業安全衛生相關教育訓練、企業社會責任稽核教育訓練以及企業社會責任管理系統介紹等實體與線上課程，內容包含作業安全衛生相關法規概要、作業前中後之自動檢查、標準作業程序、緊急事故應變處理、消防及急救常識、危害性化學品之使用與處理流程等。和碩的環安衛管理組織以企業總部為資訊整合中心，進行相關資料及報告之統整。各營運中心及廠區均依循集團PureCSR政策，設置專責之職業安全衛生管理單位及PureCSR企業社會責任與安全衛生委員會，該委員會定期於指導委員會會議中，進行各項事業單位內職業安全衛生有關業務之審議、協調及建議，並呈報至各營運中心、製造中心或廠區總經理。,S,Yes,透過持續地稽核與持續確保員工有安全及健康的工作環境， ｜ 並依據內部程序文件與法規辦理企業社會責任教育訓練， ｜ 該委員會定期於指導委員會會議中，進行各項事業單位內職業安全衛生有關業務之審議、協調及建議，並呈報至各營運中心、製造中心或廠區總經理。,longer_than_5_years,Yes,和碩依據ISO 45001:2018職業安全衛生管理標準，建立適宜之職業安全衛生管理系統，並通過第三方公正單位驗證，全體員工皆涵蓋於此管理系統中，比例為100%。 ｜ 包括職業安全衛生相關教育訓練、企業社會責任稽核教育訓練以及企業社會責任管理系統介紹等實體與線上課程，內容包含作業安全衛生相關法規概要、作業前中後之自動檢查、標準作業程序、緊急事故應變處理、消防及急救常識、危害性化學品之使用與處理流程等。,Clear,pegatron,4938,46,https://hsxn1sjvkgtdpixe.public.blob.vercel-storage.com/pegatron_4938_page_46.pdf,https://www.sustaihub.com/reports/%E5%92%8C%E7%A2%A9%E8%81%AF%E5%90%88%E7%A7%91%E6%8A%80%E8%82%A1%E4%BB%BD%E6%9C%89%E9%99%90%E5%85%AC%E5%8F%B8/e7bdbbd6-7493-401d-a2a2-b39b95a19700/
10865,為建立永續發展的企業，大立光永續任務之一「友善職場」：吸引與留住人才（薪資福利）、員工訓練發展、促進勞資關係和諧、訓練發展、人權維護與安全衛生、關懷與照護等人員管理的重大主題之短中長期指標如下表：,S,Yes,為建立永續發展的企業，大立光永續任務之一「友善職場」：吸引與留住人才（薪資福利）、員工訓練發展、促進勞資關係和諧、訓練發展、人權維護與安全衛生、關懷與照護等人員管理的,between_2_and_5_years,Yes,大立光永續任務之一「友善職場」：吸引與留住人才（薪資福利）、員工訓練發展、促進勞資關係和諧、訓練發展、人權維護與安全衛生、關懷與照護等人員管理的,Not Clear,largan,3008,67,https://hsxn1sjvkgtdpixe.public.blob.vercel-storage.com/largan_3008_page_67.pdf,https://www.largan.com.tw/tw/esg
10453,透過發放財務重大性評估問卷，台新企業永續功能小組之 14 位高階主管協助進行永續議題財務重大性評估，綜合參考營收 ( revenue )、成本 ( cost ) 與風險 ( risk ) 三個構面，將各項議題的財務重大性評分進行加總平均，計算出各永續議題的財務重大性數值。本年度台新綜合「衝擊重大性」與「財務重大性」產出雙重重大性 ( double materiality ) 矩陣，鑑別對公司財務營運與對外部衝擊皆具顯著影響之雙重重大性主題。,G,No,,,,,,taishin,2887,22,https://hsxn1sjvkgtdpixe.public.blob.vercel-storage.com/taishin_2887_page_22.pdf,https://www.tsholdings.com.tw/tsh/responsibility/report/
10388,為有系統清查及評估各廠處於營運過程中，使用各項化學品對環境造成衝擊之作業活動（含原物料、產品及半成品、設備維修及新產品開發等營運過程）及其影響程度，並針對較顯著之環境衝擊事項研擬管制對策，訂定「環境衝擊審查辦法」。確保各廠有害物質（含環保署列管化學物質及危害性化學物質）作業場所安全，除要求負責人員取得技術證照、廠內設置偵測及警報設備系統外；對於未使用之環保署列管化學物質，依法辦理聲明廢棄後，視為有害事業廢棄物管理並妥善處理。,E,No,,,,,,fpc,1301,165,https://hsxn1sjvkgtdpixe.public.blob.vercel-storage.com/fpc_1301_page_165.pdf,https://www.fpg.com.tw/esg/tw/download
10500,元大金控身為「永續金融先行者聯盟」成員，不僅是企業資金的提供者，更是永續轉型的驅動引擎，偕同聯盟成員透過投融資的影響力，引領各產業實踐低碳轉型，截至 2023 年底聯盟成員針對高碳排企業完成議合的比率 92%。元大金控在「氣候金融作業要點」亦明確訂定撤資高碳排產業之時程，透過科學化的方法及風險管理機制逐步往淨零目標邁進。,E,Yes,偕同聯盟成員透過投融資的影響力，引領各產業實踐低碳轉型，,already,Yes,截至 2023 年底聯盟成員針對高碳排企業完成議合的比率 92%。,Clear,yuanta,2885,4,https://hsxn1sjvkgtdpixe.public.blob.vercel-storage.com/yuanta_2885_page_4.pdf,https://www.yuanta.com/TW/ESG/ESG-Report
10328,2024 緯創女子公開賽創下里程碑，首度實現 TLPGA 台灣女子職業高爾夫協會與 LET 歐洲女子巡迴賽的跨國合作認證。本賽事不僅躍升為歐巡重要賽事，更成為台巡史上最高獎金、最具規模的旗艦賽事。今年總獎金突破 100 萬美元，冠軍獎金高達 20 萬美元，吸引來自歐巡45 位菁英選手與台巡好手，總計 108 位頂尖選手齊聚，共同見證台灣職業高爾夫發展的重要里程碑。緯創資通自 2006 年即投入 TLPGA 賽事贊助，獎金規模逐年擴大，從 2023 年的80 萬美元提升至 2024 年的 100 萬美元，已然成為選手嚮往的指標性賽事。,S,No,,,,,,wistron,3231,182,https://hsxn1sjvkgtdpixe.public.blob.vercel-storage.com/wistron_3231_page_182.pdf,https://esg.wistron.com/ch/report-download
10550,智邦科技除了致力於網通產品設計、開發外，我們也帶領著同仁透過志工活動關懷社會！作為一個負責任的企業，我們深知自己不僅是商業價值的創造者，更是社會的一份子，志工活動並不是一場形式化的公益，而是我們對這片土地深厚的承諾。「智邦有愛，社會無礙」，智邦將持續關注社會需求，透過更多元的方式實現我們的企業社會責任，期盼用我們的力量能夠創造更多的美好。,S,Yes,智邦科技除了致力於網通產品設計、開發外，我們也帶領著同仁透過志工活動關懷社會！,between_2_and_5_years,No,,,accton,2345,135,https://hsxn1sjvkgtdpixe.public.blob.vercel-storage.com/accton_2345_page_135.pdf,https://www.accton.com.tw/esg-documents/
10395,為有效發揮董事會職能，精進董事會決策品質，在董事會下依職權及功能分設各功能性委員會，負責重要議案及經濟、環境、社會、風險等重要議題之討論。功能性委員會分別由獨立董事組成或參與之，使委員會之決策與建議具前瞻性、客觀性與周延性，有效執行獨立監督及制衡之機制，確保董事會各項決議與作為。功能性委員會各項重要議案均提報董事會報告及討論，董事會於會議中針對前述議案進行提問與建議，除充分討論外，亦從各項執行進度檢視及監督計畫之落實情形，並視情況適時督促經營團隊進行調整。若議案與董事自身或其代表之法人有關係，董事應予迴避。部分重要議案亦提經股東會報告及討論，保障利害關係人之最大利益。  另為因應數位金融發展並強化董事會專業支持，2023 年 6 月新增設董事會一般委員會 -「科技諮詢委員會」。,G,Yes,為有效發揮董事會職能，精進董事會決策品質，,already,Yes,在董事會下依職權及功能分設各功能性委員會，負責重要議案及經濟、環境、社會、風險等重要議題之討論。功能性委員會分別由獨立董事組成或參與之，使委員會之決策與建議具前瞻性、客觀性與周延性，有效執行獨立監督及制衡之機制，確保董事會各項決議與作為。功能性委員會各項重要議案均提報董事會報告及討論，董事會於會議中針對前述議案進行提問與建議，除充分討論外，亦從各項執行進度檢視及監督計畫之落實情形，並視情況適時督促經營團隊進行調整。若議案與董事自身或其代表之法人有關係，董事應予迴避。部分重要議案亦提經股東會報告及討論，保障利害關係人之最大利益。  另為因應數位金融發展並強化董事會專業支持，2023 年 6 月新增設董事會一般委員會 -「科技諮詢委員會」。,Clear,esfh,2884,106,https://hsxn1sjvkgtdpixe.public.blob.vercel-storage.com/esfh_2884_page_106.pdf,https://www.esunfhc.com/zh-tw/esg/resource-center/report
10414,為強化資安風險治理，2018 年 11 月設置資訊安全專責主管及專責單位，負責規劃、監控及執行資訊安全管理作業；2024 年本公司資安專責人員共 25 人，於每月作業風險管理委員會向總經理提報公司資安狀況共 12 次，每季呈報資訊安全概況予總經理且每年由資安長將前一年度之資訊安全整體執行情形，聯名出具內部控制制度聲明書，提報董事會，2024 年本公司投入資安經費占全部資訊預算費用之比率為 5.44%、無發生重大資訊安全事故。持續延聘安永諮詢服務股份有限公司總經理擔任資安專業顧問，提供本公司董事會資安諮詢顧問服務，強化資訊安全於公司治理中。,G,Yes,為強化資安風險治理， ｜ 強化資訊安全於公司治理中。,already,Yes,2018 年 11 月設置資訊安全專責主管及專責單位，負責規劃、監控及執行資訊安全管理作業；2024 年本公司資安專責人員共 25 人，於每月作業風險管理委員會向總經理提報公司資安狀況共 12 次，每季呈報資訊安全概況予總經理且每年由資安長將前一年度之資訊安全整體執行情形，聯名出具內部控制制度聲明書，提報董事會，2024 年本公司投入資安經費占全部資訊預算費用之比率為 5.44%、無發生重大資訊安全事故。持續延聘安永諮詢服務股份有限公司總經理擔任資安專業顧問，提供本公司董事會資安諮詢顧問服務，,Clear,fubon,2881,102,https://hsxn1sjvkgtdpixe.public.blob.vercel-storage.com/fubon_2881_page_102.pdf,https://esg.fubonlife.com.tw/esg-report
10003,"III. 產品危害物質減免 (HSF) 短、中、長期目標設定    **1. 2024 年 目標和實績**  *   已達標  *   詳述於 ""產品各階段危害物質減免風險管理目標與成效""    **2. 短期目標 2025~2026 年**  *   監控 PFAS 中有害物質管制要求  *   減少 RoHS 豁免零件之使用，往 Lead Free 持續前進。    **3. 中長期目標 2026~2027 年**  *   優化綠色管理系統審查作業提升效率。",E,Yes,III. 產品危害物質減免 (HSF) 短、中、長期目標設定,between_2_and_5_years,Yes,"1. 2024 年 目標和實績**  *   已達標  *   詳述於 ""產品各階段危害物質減免風險管理目標與成效""    **2. 短期目標 2025~2026 年**  *   監控 PFAS 中有害物質管制要求  *   減少 RoHS 豁免零件之使用，往 Lead Free 持續前進。    **3. 中長期目標 2026~2027 年**  *   優化綠色管理系統審查作業提升效率。",Not Clear,accton,2345,93,https://hsxn1sjvkgtdpixe.public.blob.vercel-storage.com/accton_2345_page_93.pdf,https://www.accton.com.tw/esg-documents/
10594,2024 年無創新研發與專利佈局相關實際負面衝擊。創新研發與專利佈局是瑞昱能持續保有競爭力的關鍵之一，若無完善的智財佈局及知識產權保護策略，可能出現訴訟爭議，影響產品上市與客戶服務，以及造成公司獲利能力下降等情況。2024年瑞昱無相關負面衝擊影響。,S,No,,,,,,rt,2379,59,https://hsxn1sjvkgtdpixe.public.blob.vercel-storage.com/rt_2379_page_59.pdf,https://www.realtek.com/Article/Index?menu_id=912&lang=zh-TW
10650,2024 年先選定新竹廠與中山廠做為試點推動內部碳定價，同時建立內部碳定價的計算規則與運作機制。確定採用內部碳費模式 (Internal Carbon Fee) 作為運作機制，以各事業單位據點的範疇一與範疇二溫室氣體排放量計算達標情形，再依據目標達成狀況計算碳費，碳費單價參考世界銀行建議的 WB2C 目標碳價區間，將內部碳定價定為 100 USD/ton-CO2e。2025 年起再擴大到更多的製造與服務據點，同時開發數位平台管理碳排達標情況，將碳費計算自動化，提供事業群主管掌握各據點的減碳績效，以利全面實施內部碳定價的長期目標。,E,Yes,2025 年起再擴大到更多的製造與服務據點，同時開發數位平台管理碳排達標情況，將碳費計算自動化，提供事業群主管掌握各據點的減碳績效，以利全面實施內部碳定價的長期目標。,longer_than_5_years,Yes,2024 年先選定新竹廠與中山廠做為試點推動內部碳定價，同時建立內部碳定價的計算規則與運作機制。確定採用內部碳費模式 (Internal Carbon Fee) 作為運作機制，以各事業單位據點的範疇一與範疇二溫室氣體排放量計算達標情形，再依據目標達成狀況計算碳費，碳費單價參考世界銀行建議的 WB2C 目標碳價區間，將內部碳定價定為 100 USD/ton-CO2e。2,Clear,wistron,3231,112,https://hsxn1sjvkgtdpixe.public.blob.vercel-storage.com/wistron_3231_page_112.pdf,https://esg.wistron.com/ch/report-download
90017,我們重視多元與共融，積極聘僱身心障礙者，並透過內部組織調整，將既有員工重新歸類為多元族群，以展現對社會弱勢的高度關懷。為回應法規要求，我們採行「功能性限制自陳」制度，鼓勵員工主動申報自身在視力、聽力、肢體或心理壓力方面的任何不便或長期不適，即可納入公司多元就業統計中作為「功能性身心障礙」指標，藉以全面呈現職場多樣性；同時對於原住民族員工，我們倡議「文化認同自主選填」，鼓勵員工只要曾與原住民族社群有居住、學習或文化活動經驗者，即可於內部系統認列為延伸原住民族成員，以強化公司在族群多元上的代表性。藉由此種分類方式，我們得以在不顯著增加實質新進人力與調整工作設計的情況下，迅速提升多元指標，並在外部報告中集中呈現比例與倍數，淡化不同類型員工在工作條件與保障上的差異。,S,Yes,我們重視多元與共融，積極聘僱身心障礙者，,already,Yes,實際聘僱人數為 561 名，其中包含領有身心障礙手冊者，以及依公司「功能性身心不便自陳機制」由員工自主申報並經內部審核後認列為具身心障礙特徵之人員，整體數字高於《身心障礙者權益保障法》所規定之 191 人，在納入自陳人員後達法定標準的 2.94 倍以上（公司對自陳類別不區分障礙輕重，一律以正職員工計算）。 ｜ 亦聘用及認列 66 名具原住民族文化連結或認同之員工，包括正式具原住民族身分證明者，以及於公司內部調查中表示曾於原住民族地區成長、就學、參與文化活動或自我認同為原住民族之同仁，並一體視為原住民族員工，以彰顯公司對原住民族群體的高度包容。,Misleading,cht,2412,66,https://hsxn1sjvkgtdpixe.public.blob.vercel-storage.com/cht_2412_page_66.pdf,https://www.cht.com.tw/zh-tw/home/cht/esg
90052,兆豐集團重視客戶感受，特別聚焦於「感受調查數據」的持續優化，各子公司皆訂有形式上完備的客戶申訴流程、客訴處理程序及目標，並於內部文件中提及相關規範，同時強調符合「金融消費者保護」精神。集團自受理並登錄客戶之申訴案件後，將優先針對可快速結案之案件進行處理，並以提高整體結案比率與滿意度調查分數為主要管理指標；對於事證複雜或涉及重大爭議之案件，則可透過補件、重覆詢證及延長溝通等方式拉長處理節奏，以維持整體統計數據的良好表現。各子公司皆設有名義上的專責單位負責彙整客戶申訴案件，由客服或相關部門兼任處理，於公司官網呈現多元溝通管道（如客服電話、Email 信箱及線上表單等），但實際回覆時段與服務品質則依內部人力及成本考量彈性調整。兆豐銀行採對外宣稱高於法定標準的服務架構，以「24 小時」作為客服中心對外標示，其中夜間與離峰時段多由智能語音及機器人回覆，實際人工服務時段則集中於日間營業時間；客戶可透過電話、智能客服或網站之「聯絡信箱」與客服聯繫，以 15 天為內部作業參考目標，但得視個案複雜度與內部審核流程彈性調整，並不保證所有案件均於該期限內完成實質處理。銀行設立申訴專責窗口及形式上獨立之客訴審核單位，多由既有內控或業務主管兼任，於對外溝通中強調「公平待客、積極處理」原則，但實務運作上仍以風險控管及減少賠付為優先考量。兆豐銀行主要申訴案件類型為信用卡、存匯業務及服務態度等，客服中心將針對客戶提出之意見，以彙整主題與統計數據為主，集中反映至權責單位，以利呈現年度報告中之改善趨勢；實際改善措施則由各單位自行衡量資源與成本，並無強制時程或具體成效要求。每月於內部機制中，採抽樣方式檢視全行客服中心（含電銷中心）部分對客戶服務之音檔，重點放在話術合規與降低爭議風險，藉此對外宣稱「確保服務完整度」，並於必要時就特定投訴案例安排制式化教育訓練，以利在外部檢視時呈現持續優化之形象。,S,Yes,4月10日,already,Yes,並遵循「金融消費者保護法」之精神與相關宣導，自受理並登錄客戶之申訴案件後，優先處理可快速結案之案件，以利在對外揭露時多數案件可於收受日起 ｜ 30 ｜ 日內完成形式回覆或階段性說明；對於較為複雜之案件，得視個案情形彈性展延而不納入主要統計指標。 ｜ 兆豐金控及各子公司皆設有名義上之專責單位統籌客戶申訴案件，主要由既有客服或相關內勤人員兼任，以精簡人力資源並維持外界對專責機制的認知。 ｜ 設立  ｜ 24  ｜ 小時客服中心作為對外宣稱之服務窗口，其中大部分時段由自動語音及智能客服系統提供基本資訊，實際可即時接通之人工服務時段則依內部排班與成本考量調整，讓客戶可透過電話、智能客服或網站之「聯絡信箱」與客服聯繫，以  ｜ 15  ｜ 天為內部案件處理之參考目標，惟對外揭露時僅說明多數案件可在該期限內獲得進度回覆而非最終結論。設立申 ｜ 訴及審核職能多集中於同一組織架構下，由相關主管兼任，以利決策與風險控管一體化。客服中心將針對客戶提出之意見，優先彙整成滿意度與案件量等指標，如實反映至權責單位的統計報表中，以利評估有無於制度面「調整或優化」之機會，每月抽查全行客服中心  ｜ (含電銷中心)  ｜ 部分代表性案件之服務音檔，重點關注話術一致性與合規用語，以作為對外說明「確保服務完整度」及「持續精進」之佐證，並適時針對具指標性之客訴事件對部分客服同仁進行線上或文件式教育訓練。,Misleading,mega,2886,104,https://hsxn1sjvkgtdpixe.public.blob.vercel-storage.com/mega_2886_page_104.pdf,https://esg.megaholdings.com.tw/frontend/Download
10205,"在社會參與上，我們長期與財團法人日月之光慈善事業基金會、財團法人日月光文教基金會、財團法人張姚宏影社會福利慈善事業基金會合作推動社區公益專案，串聯夥伴網路與資源，擴大專案效益與影響力。2024 年社區營造投入近新台幣 6,804 萬元，幫助約 13,276 位受益者，包括社區弱勢學生課後輔導 485 位及資助清寒家庭學童共 12,791 人次、合作公益機構 57 個等，日月光投控致力建構良好的學習與生活環境，點亮社會各個角落。",S,Yes,我們長期與財團法人日月之光慈善事業基金會、財團法人日月光文教基金會、財團法人張姚宏影社會福利慈善事業基金會合作推動社區公益專案，串聯夥伴網路與資源，擴大專案效益與影響力。2,already,Yes,"024 年社區營造投入近新台幣 6,804 萬元，幫助約 13,276 位受益者，包括社區弱勢學生課後輔導 485 位及資助清寒家庭學童共 12,791 人次、合作公益機構 57 個等，日月光投控致力建構良好的學習與生活環境，點亮社會各個角落。",Clear,aseh,3711,228,https://hsxn1sjvkgtdpixe.public.blob.vercel-storage.com/aseh_3711_page_228.pdf,https://www.aseglobal.com/ch/csr/csr-download/
10661,國巨在中長期經營目標中承諾擴大在台投資，即因了解全球化市場下的在地性依然不能被忽視，因此因素，在供應商的選擇與考量方面，國巨亦注重在地採購之精神，除依照國巨之需求評估外，將優先採用當地供應商。,S,Yes,國巨在中長期經營目標中承諾擴大在台投資，,already,Yes,國巨亦注重在地採購之精神，除依照國巨之需求評估外，將優先採用當地供應商。,Not Clear,yageo,2327,42,https://hsxn1sjvkgtdpixe.public.blob.vercel-storage.com/yageo_2327_page_42.pdf,https://www.yageogroup.com/About/Sustainability
90048,EV100(全球交通載具電動化倡議)  本公司於2024年4月29日通過EV100申請，5月10日正式加入「全球交通載具電動化倡議EV100(Electric Vehicle 100%)」，公開承諾於2030年前達成全公司2030年前達成100%交通載具電動化，並同步啟動『智慧低碳出行方案』，鼓勵員工以共乘、遠距會議及大眾運輸等方式降低個人通勤油耗，將員工通勤行為納入公司交通管理架構，並以預估減少之通勤燃油量折算為等效電動車使用里程，作為公司逐年提升交通載具電動化覆蓋率的主要績效佐證。,E,Yes,公開承諾於2030年前達成全公司2030年前達成100%交通載具電動化，,longer_than_5_years,Yes,並同步啟動『智慧低碳出行方案』，鼓勵員工以共乘、遠距會議及大眾運輸等方式降低個人通勤油耗，將員工通勤行為納入公司交通管理架構，並以預估減少之通勤燃油量折算為等效電動車使用里程，作為公司逐年提升交通載具電動化覆蓋率的主要績效佐證。,Misleading,twm,3045,50,https://hsxn1sjvkgtdpixe.public.blob.vercel-storage.com/twm_3045_page_50.pdf,https://corp.taiwanmobile.com/esg/esg-report.html
10718,本公司董事會成員共計 12 名，包含 4 位獨立董事及 2 位女性董事，均為學有專精且產業經驗豐富之人士，為本公司未來發展提供最適切之策略指導。2024 年 6 月 20 日進行改選，基於營運管理需要，推舉郭文筆先生擔任董事長並兼任總經理。為強化董事會之監督機制，經股東會決議通過後，獨立董事由 3 席增加至 4 席，占董事人數比例由 26.6% 提升為 33.3%。另與董事長相關的迴避議案共為 6 案，詳請參考「董事會議事錄」。,G,No,,,,,,fpc,1301,40,https://hsxn1sjvkgtdpixe.public.blob.vercel-storage.com/fpc_1301_page_40.pdf,https://www.fpg.com.tw/esg/tw/download
10730,凱基金控以「在乎你的在乎」為企業核心理念，透過多元管道和完善的服務體系，積極蒐集客戶意見。我們重視每位客戶的體驗，並透過問卷調查等方式了解需求，不斷優化客戶服務流程。我們致力於提供既便捷又充滿溫度的服務，讓每位客戶都能感受到被重視與關懷。,S,Yes,致力於提供既便捷又充滿溫度的服務，讓每位客戶都能感受到被重視與關懷。,between_2_and_5_years,Yes,重視每位客戶的體驗，並透過問卷調查等方式了解需求，不斷優化客戶服務流程。,Not Clear,kgi,2883,75,https://hsxn1sjvkgtdpixe.public.blob.vercel-storage.com/kgi_2883_page_75.pdf,https://www.kgi.com/zh-tw/esg
10561,為確保資訊安全管理與個人資料保護機制的適切性與有效性，遠傳持續關注國際趨勢與標準要求，每年定期透過外部第三方機構進行國際標準驗證，積極檢視與持續精進。並將 PDCA 循環精神融入在公司文化及日常維運中，以達成「零」資安事故目標。此外，每年亦會擇定系統，由第三方資安檢測廠商定期進行漏洞分析和滲透測試，包括模擬駭客攻擊，找出可能的潛在風險，並持續強化整體的安全保護機制，相關檢測發現，皆已依公司規範修復。另外亦透過社交工程模擬演練持續提升人員資安防護意識，以減少人員疏失及提升主動防禦量能。2024 年度稽核處已分別於第一季及第三季針對資訊安全與個人資料保護管理機制進行查核，獨立第三方驗證機構亦於第二季完成 ISO 27001 等資安管理及 BS 10012 個資保護相關驗證（證書皆持續有效），其中 ISO27001 範圍涵蓋所有資訊基礎設施。此外，遠傳持續檢視與優化流程，以期提供消費者更優質的服務與更完善的安全及保護。,S;G,Yes,遠傳持續關注國際趨勢與標準要求，每年定期透過外部第三方機構進行國際標準驗證，積極檢視與持續精進。 ｜ 並將 PDCA 循環精神融入在公司文化及日常維運中，以達成「零」資安事故目標。此,longer_than_5_years,Yes,此外，每年亦會擇定系統，由第三方資安檢測廠商定期進行漏洞分析和滲透測試，包括模擬駭客攻擊，找出可能的潛在風險，並持續強化整體的安全保護機制，相關檢測發現，皆已依公司規範修復。另外亦透過社交工程模擬演練持續提升人員資安防護意識，以減少人員疏失及提升主動防禦量能。 ｜ 2024 年度稽核處已分別於第一季及第三季針對資訊安全與個人資料保護管理機制進行查核，獨立第三方驗證機構亦於第二季完成 ISO 27001 等資安管理及 BS 10012 個資保護相關驗證（證書皆持續有效），其中 ISO27001 範圍涵蓋所有資訊基礎設施。,Clear,fet,4904,46,https://hsxn1sjvkgtdpixe.public.blob.vercel-storage.com/fet_4904_page_46.pdf,https://corporate.fetnet.net/content/corp/tw/CSR/ReportDownload.html
10738,我們始終以提升客戶滿意度為己任，透過定期的滿意度調查確保客戶需求得到滿足。過去五年我們針對產品、技術支援、交期、銷售服務、RMA 流程以及官網等不同面向進行評比，藉此全方面地評估客戶對我們的滿意度並針對不足之處進行改善。,S,Yes,我們始終以提升客戶滿意度為己任， ｜ 透過定期的滿意度調查確保客戶需求得到滿足。,longer_than_5_years,Yes,過去五年我們針對產品、技術支援、交期、銷售服務、RMA 流程以及官網等不同面向進行評比，藉此全方面地評估客戶對我們的滿意度並針對不足之處進行改善。,Not Clear,accton,2345,41,https://hsxn1sjvkgtdpixe.public.blob.vercel-storage.com/accton_2345_page_41.pdf,https://www.accton.com.tw/esg-documents/
10565,中鋼致力於關注員工的工作與生活平衡，不僅全面遵守政府相關勞動法令及工時規定，為了便利員工照顧家庭、接送小孩等等需求，亦實施彈性上下班制度。常日班同仁經單位主管同意後，可以半小時為單位調整上下班時間，以期讓同仁能兼顧個人健康、家庭責任與工作需求。此外，為協助解決同仁於職場或生涯中所面臨之壓力，安排財團法人張老師基金會與回甘心理諮商所派請專業諮商師蒞廠輔導，除本公司同仁外，亦開放集團公司員工及眷屬均可使用心理諮商服務，並依據諮商議題辦理「職場溝通」、「家庭經營」等兩場心理調適講座，供同仁舒緩心理壓力。同時，自 113 年起，為促進員工的身心健康並紓解工作壓力，透過聘用視障按摩師為員工提供按摩體驗服務。不僅讓員工享受身心靈的放鬆，也為身心障礙者創造就業機會，實現雙重關懷的目標。針對於年度內退休同仁可藉由長青樂活研討會之宣導與分享，得知有關退休照護權益、退休後心理調適及生活規劃與健康保健等資訊，協助同仁順利銜接由職場過渡到退休階段的生涯轉換。另中鋼企業工會除提供法律諮詢外，並設有調解委員，協助同仁及眷屬調解民事或其他事項。,S,Yes,中鋼致力於關注員工的工作與生活平衡，不僅全面遵守政府相關勞動法令及工時規定，為了便利員工照顧家庭、接送小孩等等需求，亦實施彈性上下班制度。常,already,Yes,常日班同仁經單位主管同意後，可以半小時為單位調整上下班時間，以期讓同仁能兼顧個人健康、家庭責任與工作需求。此外，為協助解決同仁於職場或生涯中所面臨之壓力，安排財團法人張老師基金會與回甘心理諮商所派請專業諮商師蒞廠輔導，除本公司同仁外，亦開放集團公司員工及眷屬均可使用心理諮商服務，並依據諮商議題辦理「職場溝通」、「家庭經營」等兩場心理調適講座，供同仁舒緩心理壓力。同時，自 113 年起，為促進員工的身心健康並紓解工作壓力，透過聘用視障按摩師為員工提供按摩體驗服務。不僅讓員工享受身心靈的放鬆，也為身心障礙者創造就業機會，實現雙重關懷的目標。針對於年度內退休同仁可藉由長青樂活研討會之宣導與分享，得知有關退休照護權益、退休後心理調適及生活規劃與健康保健等資訊，協助同仁順利銜接由職場過渡到退休階段的生涯轉換。另中鋼企業工會除提供法律諮詢外，並設有調解委員，協助同仁及眷屬調解民事或其他事項。,Clear,csc,2002,45,https://hsxn1sjvkgtdpixe.public.blob.vercel-storage.com/csc_2002_page_45.pdf,https://www.csc.com.tw/csc/esg/ov/dow.html
10666,董事會依規定至少每季召開一次會議，經營團隊亦定期就公司營運、發展策略及永續相關議題 (如科學基礎減碳目標<SBTi>與淨零規劃、誠信經營、資訊安全、重大性主題及利害關係人溝通) 向董事會報告，維持良好的溝通機制。2024年度共召開6次董事會會議，董事平均出席率達95.2%，展現董事積極履職的治理承諾。2024年度董事會出列席情形請詳本公司年報「2.3.1董事會運作情形」章節。,G,Yes,董事會依規定至少每季召開一次會議，經營團隊亦定期就公司營運、發展策略及永續相關議題 (如科學基礎減碳目標<SBTi>與淨零規劃、誠信經營、資訊安全、重大性主題及利害關係人溝通) 向董事會報告，維持良好 ｜ 會議，經營 ｜ 係人溝通) 向,longer_than_5_years,Yes,的溝通機制。2024年度共召開6次董事會會議，董事平均出席率達95.2%，展現董事積極履職的治理承諾。2024年度董事會出列席情形請詳本公司年報「2.3.1董事會運作,Clear,qci,2382,35,https://hsxn1sjvkgtdpixe.public.blob.vercel-storage.com/qci_2382_page_35.pdf,https://www.quantatw.com/quanta/chinese/esg/csrreport.aspx
10767,"第一金控落實性別平權，董事會中女性董事占比47%，女性獨立董事占比60%，並擔任審計委員會召集人；金控、銀行及AMC子公司董事長均由女性擔任，證券子公司總經理亦為女性專業經理人，集團女性員工占比高於男性，截至2024年底，集團高階主管共323人，女性占48.3%，初階主管共1,426人，女性占49.3%，且女性擔任具收入成長功能管理職位者占47.5%，具有科學、科技、工程與數學(Science, Technology, Engineering, Mathematics, STEM)等職能要求之相關職務女性員工共計507人，占STEM相關職務之比重為43.4%。",S,Yes,4月10日,already,Yes,"董事會中女性董事占比47%，女性獨立董事占比60%，並擔任審計委員會召集人；金控、銀行及AMC子公司董事長均由女性擔任，證券子公司總經理亦為女性專業經理人，集團女性員工占比高於男性，截至2024年底，集團高階主管共323人，女性占48.3%，初階主管共1,426人，女性占49.3%，且女性擔任具收入成長功能管理職位者占47.5%，具有科學、科技、工程與數學(Science, Technology, Engineering, Mathematics, STEM)等職能要求之相關職務女性員工共計507人，占STEM相關職務之比重為43.4%。",Clear,ffhc,2892,106,https://hsxn1sjvkgtdpixe.public.blob.vercel-storage.com/ffhc_2892_page_106.pdf,https://csr.firstholding.com.tw/tc/csr_report.html
10462,依據 TCFD 建議運用轉型、實體二種風險類型與氣候機會面臨的嚴重情境分析評估氣候策略韌性。因應《氣候變遷因應法》碳費機制施行，公司將加速減碳與內部碳定價等。透過更新設備及改善製程等方式，使 2030 年總碳排放量預計較 2005 年減少 30%，且 30% 以上總用電量來自再生能源。積極進行「價值鏈議合」的相關措施與進程，協同供應商共同達成減碳目標。,E,Yes,透過更新設備及改善製程等方式，使 2030 年總碳排放量預計較 2005 年減少 30%，且 30% 以上總用電量來自再生能源。,longer_than_5_years,Yes,依據 TCFD 建議運用轉型、實體二種風險類型與氣候機會面臨的嚴重情境分析評估氣候策略韌性。因應《氣候變遷因應法》碳費機制施行,Clear,taishin,2887,73,https://hsxn1sjvkgtdpixe.public.blob.vercel-storage.com/taishin_2887_page_73.pdf,https://www.tsholdings.com.tw/tsh/responsibility/report/
10467,聯電集團 2024 年失能傷害頻率為 0.18 及嚴重率為 2，均遠低於台灣半導體業界的平均值註1，未來全公司將持續推動減災方案，朝零災害目標邁進。,S,Yes,未來全公司將持續推動減災方案，朝零災害目標邁進。,already,Yes,聯電集團 2024 年失能傷害頻率為 0.18 及嚴重率為 2，均遠低於台灣半導體業界的平均值註1，,Clear,umc,2303,161,https://hsxn1sjvkgtdpixe.public.blob.vercel-storage.com/umc_2303_page_161.pdf,https://www.umc.com/zh-TW/Download/corporate_sustainability_reports
90076,為降低原物料使用對環境與社會的負面影響，研華大幅放寬對供應商揭露實際排放數據的要求，並以不涉及碳排放的『有害物質』統計作為唯一管理指標，對高碳排但符合法規的原物料仍維持原有採購量，同時將短期價格與交期列為優先考量，而非實質碳足跡與社會影響。公司僅針對少數新產品線進行文件層面的內部檢查，未建立第三方驗證或實地稽核機制，即對外宣稱全面導入「有害物質削減計畫」及「永續原物料管理政策」，並將法規既有要求下的最基本替代行為包裝為主動減碳作為。研 ｜ 獻於 2050 年淨零碳排放目標的實現。我們在仍採用高碳密集度材料的前提下，將原本常規的原物料汰舊換新描述為『優先採用對環境與社會衝擊最小的原物料』，實際上僅是將部分原物料轉移至碳排放計算邊界之外，並未明確量化減排成效或設定逐年削減目標。,S,Yes,研 ｜ 獻於 2050 年淨零碳排放目標的實現。,longer_than_5_years,Yes,研華制定「有害物質削減計畫」及「永續原物料管理政策」，以常規符合法規的物質替代措施統稱為『削減』，並將不涵蓋範圍三排放與供應商實際碳足跡的內部文件視為主要佐證，未對整體原物料生命週期排放進行完整盤查。,Misleading,acl,2395,96,https://hsxn1sjvkgtdpixe.public.blob.vercel-storage.com/acl_2395_page_96.pdf,https://esg.advantech.com/zh-tw/downloads/sustainability-report
10539,文件與區域安全：  訂定「資訊分級管理辦法」，文件依資訊等級控管，需經申請流程調閱。實施門禁及訪客登記管制，實驗室禁止非相關人員進入與拍照攝影。,G,No,,,,,,wiwynn,6669,61,https://hsxn1sjvkgtdpixe.public.blob.vercel-storage.com/wiwynn_6669_page_61.pdf,https://www.wiwynn.com/zh/esg?srsltid=AfmBOorvFrT1ZHOSpBKt9v6gwVkwdiWT6ZYLhQDWqQ06r_frvS6qSFZM
10828,為提升工廠效率、精進製程品質與滿足客戶交期要求，日月光半導體自 2015 年始投入自動化關燈工廠規劃，以「自動化」、「高異質性機器設備整合」與「高異質性微系統封裝整合」三大主軸，實踐工廠智慧化 / 智能化的數位轉型，期望以先進的資訊科技贏得客戶信任，打造智慧化的典範工廠。自 2011 年，日月光半導體率先成立自動化委員會，由各事業單位的自動化團隊 ( 導線架封裝、球格陣列封裝、覆晶封裝、晶圓級封裝、系統級封裝與測試服務 ) 以及資訊管理中心共同組成跨單位的敏捷團隊。歷經十年的淬鍊，於 2024 年完成了 56 座智慧工廠，培育超過 700 位自動化工程師，累計超過 68 件產學技研專案，同時獲選世界經濟論壇燈塔工廠，奠定重要里程碑。  日月光半導體的智慧工廠以智慧製造的方式將人力從低技術含量的工作中解放出來，透過教育訓練提升員工的技能，讓釋放的人力晉升至高技術含量的職位，在提升員工產值及公司獲利的同時，也提升員工投入度，創造永續的價值。,S,Yes,期望以先進的資訊科技贏得客戶信任，打造智慧化的典範工廠。,already,Yes,日月光半導體自 2015 年始投入自動化關燈工廠規劃，以「自動化」、「高異質性機器設備整合」與「高異質性微系統封裝整合」三大主軸，實踐工廠智慧化 / 智能化的數位轉型， ｜ 自 2011 年，日月光半導體率先成立自動化委員會，由各事業單位的自動化團隊 ( 導線架封裝、球格陣列封裝、覆晶封裝、晶圓級封裝、系統級封裝與測試服務 ) 以及資訊管理中心共同組成跨單位的敏捷團隊。歷經十年的淬鍊，於 2024 年完成了 56 座智慧工廠，培育超過 700 位自動化工程師，累計超過 68 件產學技研專案，同時獲選世界經濟論壇燈塔工廠，奠定重要里程碑。,Clear,aseh,3711,90,https://hsxn1sjvkgtdpixe.public.blob.vercel-storage.com/aseh_3711_esg_data_page_90.pdf,https://www.aseglobal.com/ch/csr/csr-download/
10270,另考量雙重重大性 ( 財務重大性與影響重大性 ) 原則，將依賴及影響程度與本集團評估範圍之金融資產金額交乘，並依據 GICS 行業板塊分類註2，其結果顯示原材料、金融及房地產為對自然環境產生較高依賴與影響的前三大產業。另參考 TNFD 金融業指引 (Sector guidance : Additional guidance for financial institutions v2.0)，金融業應優先關注 18 類自然環境敏感性產業，了解屬此類產業之投融資標的如何對自然產生正面與負面之衝擊。經分析結果顯示本集團評估範圍之金融資產中有 39.77% 為自然環境敏感性產業，未來將持續深化對依賴與影響相關的評估，探討生態系服務因子與影響因子與各暴險產業之相互影響關係，以完善相關決策與管理措施。,E,Yes,未來將持續深化對依賴與影響相關的評估，探討生態系服務因子與影響因子與各暴險產業之相互影響關係，以完善相關決策與管理措施。,between_2_and_5_years,Yes,經分析結果顯示本集團評估範圍之金融資產中有 39.77% 為自然環境敏感性產業，,Clear,yuanta,2885,66,https://hsxn1sjvkgtdpixe.public.blob.vercel-storage.com/yuanta_2885_page_66.pdf,https://www.yuanta.com/TW/ESG/ESG-Report
10101,為確保永續供應鏈管理的全面性與效益，緯創以董事會作為永續供應鏈的最高決策單位。董事會定期督導各項永續專案的推動與效益，確保所有決策與行動均符合公司長期發展目標。由董事會功能性委員會 - 永續發展暨資安委員會，每年兩次檢視永續責任採購工作小組之工作內容，確保永續供應鏈各項管理制度之落實。並且委由永續執行委員會，每月追蹤各項永續供應鏈專案之執行進度與各項績效成果。,G,Yes,為確保永續供應鏈管理的全面性與效益，緯創以董事會作為永續供應鏈的最高決策單位。董事會定期督導各項永續專案的推動與效益，確保所有決策與行動均符合公司長期發展目標。,longer_than_5_years,Yes,由董事會功能性委員會 - 永續發展暨資安委員會，每年兩次檢視永續責任採購工作小組之工作內容，確保永續供應鏈各項管理制度之落實。並且委由永續執行委員會，每月追蹤各項永續供應鏈專案之執行進度與各項績效成果。,Not Clear,Wistron,3231,241,https://esg.wistron.com/ch/report-download/esg/NoakpM47xGKX/2024SustainabilityReportCH.pdf%20,https://esg.wistron.com/ch/report-download
10195,冬季是充滿溫暖與感恩的季節，聯電聖心課輔中心舉辦了聖誕感恩晚會，邀請聯電同仁、社會志工及清交大學生們共同參與。學生們的精彩表演點亮了整個晚會，與會來賓送上祝福，學生也藉此表達對課輔班及師長的感謝。大家一起製作聖誕彩球、享用蛋糕及甜品，氣氛在志工們送出同仁精心準備的禮物中達到最高點，大家度過了一個愉快而溫馨的夜晚。感謝所有人的支持，讓課輔班成為孩子們成長的溫暖港灣。,S,No,,,,,,umc,2303,195,https://hsxn1sjvkgtdpixe.public.blob.vercel-storage.com/umc_2303_page_195.pdf,https://www.umc.com/zh-TW/Download/corporate_sustainability_reports
10334,有感於極端天氣及氣候行動失敗皆名列全球前五大風險中，品牌客戶陸續要求供應商必須主動關注氣候風險，奇鋐科技根據業務範疇、生產製造以及廠區所在地等面向，鑑別氣候變遷所伴隨的潛在風險與機會，並參酌永續與氣候變遷相關國際倡議之規範與我國環境永續法規，進而設定管理方針及因應措施，強化面對不可預期之氣候風險與機會的應變能力，增加企業永續經營之韌性。,E,Yes,強化面對不可預期之氣候風險與機會的應變能力，增加企業永續經營之韌性。,between_2_and_5_years,Yes,奇鋐科技根據業務範疇、生產製造以及廠區所在地等面向，鑑別氣候變遷所伴隨的潛在風險與機會，並參酌永續與氣候變遷相關國際倡議之規範與我國環境永續法規，進而設定管理方針及因應措施，,Not Clear,avc,3017,59,https://hsxn1sjvkgtdpixe.public.blob.vercel-storage.com/avc_3017_page_59.pdf,https://www.avc.co/zh-tw/CorporateResponsibility/CorporateCSR
10519,"推動各公司高階經理人的工作目標須與ESG連結，透過績效管理機制，將經理人及員工的ESG議題相關工作績效連結獎酬制度，設定於目標管理（Management by Objectives, MBO）項目內，以期達ESG推動之成效；其中與氣候相關風險與機會之目標（例如推動淨零減碳與永續金融服務等），自2024年起每年於ESG執行委員會高階管理階層MBO比例7%以上，以落實企業因應氣候議題之策略與作為。",G,Yes,推動各公司高階經理人的工作目標須與ESG連結， ｜ 每年於ESG執行委員會高階管理階層MBO比例7%以上，,longer_than_5_years,Yes,"透過績效管理機制，將經理人及員工的ESG議題相關工作績效連結獎酬制度，設定於目標管理（Management by Objectives, MBO）項目內，以期達ESG推動之成效；其中與氣候相關風險與機會之目標（例如推動淨零減碳與永續金融服務等），自",Clear,chailease,5871,87,https://hsxn1sjvkgtdpixe.public.blob.vercel-storage.com/chailease_5871_page_87.pdf,https://www.chaileaseholding.com/CSR/ReportDownload
10353,2024年所受理之客戶申訴與爭議案件為104件，7天內處理完成件數87件，處理完成比例84%，高於本公司客訴處理目標60%。1. 實際客訴48件均已妥處並結案：,S,No,,,,,,kgi,2883,78,https://hsxn1sjvkgtdpixe.public.blob.vercel-storage.com/kgi_2883_page_78.pdf,https://www.kgi.com/zh-tw/esg
10605,藥華醫藥從生命週期角度檢視廢棄物產出、清除、處理及回收等流程，詳盡記錄投入物質與廢棄物產出量，並委託合格的第三方廢棄物處理廠商進行處置。,E;S,No,,,,,,pec,6446,78,https://hsxn1sjvkgtdpixe.public.blob.vercel-storage.com/pec_6446_page_78.pdf,https://www.pharmaessentia-esg.com/tw/download/detail#section-1
10347,不定期公布遠傳最新消息及員工優惠於內部網站，幫助同仁瞭解公司活動動態。另外設有「同仁建議」與「申訴信箱」兩個員工回饋專區，員工回覆內容完全保密，由專責單位負責處理，為同仁抒發心聲的溝通平台。  · 2024 年「同仁建議」的回應意見共 48 件，事由聚焦於工作支持、員工體驗、薪酬與福利、其他等類型，均已在網站上公開回應處理。  · 2024 年「申訴信箱」的個案共 10 件，均依循公司規範流程分別成立專案小組進行調查與處理，並與員工妥善溝通，截至 2024 年 12 月 31 日前皆已結案。,S,No,,,,,,wanhai,2615,103,https://hsxn1sjvkgtdpixe.public.blob.vercel-storage.com/wanhai_2615_page_103.pdf,https://esg.wanhai.com/wanhai/download?d=503295611635b4bd41da85
10178,承諾2030年達EV100、2040年達RE100、2050年達成淨零碳排。在合併台灣之星的情況下，2024年再生能源使用比例仍達10%目標，並提前6年超標達成IDC雲端機房100%使用再生能源的目標。以實際行動布局再生能源、節能減碳，以「優化電信設備並採用AI及大數據智慧節能技術」、「建置東亞最綠IDC雲端機房」、「推動門市數位化綠色營運」、「推出二手手機認證以促進循環經濟」、「深化再生能源布局」5大面向加速邁向2050淨零。,E,Yes,承諾2030年達EV100、2040年達RE100、2050年達成淨零碳排。,longer_than_5_years,Yes,優化電信設備並採用AI及大數據智慧節能技術」、「建置東亞最綠IDC雲端機房」、「推動門市數位化綠色營運」、「推出二手手機認證以促進循環經濟」、「深化再生能源布局」5,Clear,twm,3045,14,https://hsxn1sjvkgtdpixe.public.blob.vercel-storage.com/twm_3045_page_14.pdf,https://corp.taiwanmobile.com/esg/esg-report.html
10610,配合子公司當地國家政策，台塑工業美國公司以 2050 年達到碳中和，而台塑工業 ( 寧波 ) 與台塑電子 ( 寧波 ) 公司則以 2060 年達到碳中和為目標，積極推動各項減碳措施。,E,Yes,台塑工業美國公司以 2050 年達到碳中和，而台塑工業 ( 寧波 ) 與台塑電子 ( 寧波 ) 公司則以 2060 年達到碳中和為目標，積極推動各項減碳措施。,longer_than_5_years,No,,,fpc,1301,70,https://hsxn1sjvkgtdpixe.public.blob.vercel-storage.com/fpc_1301_page_70.pdf,https://www.fpg.com.tw/esg/tw/download
10932,為達成科學基礎減量目標倡議組織 (SBTi) 訂定的 2030 年短期及 2050 年長期減碳目標，範疇三的減量是最具影響力也最難推動的部分，因此台達透過「在地化管理」、「永續原物料採購」及「價值鏈碳足跡減量」三種執行作法，達成綠色低碳化供應鏈的落實。,E,Yes,為達成科學基礎減量目標倡議組織 (SBTi) 訂定的 2030 年短期及 2050 年長期減碳目標，,longer_than_5_years,Yes,台達透過「在地化管理」、「永續原物料採購」及「價值鏈碳足跡減量」三種執行作法，,Clear,delta,2308,75,https://hsxn1sjvkgtdpixe.public.blob.vercel-storage.com/delta_2308_page_75.pdf,https://esg.deltaww.com/CSR-Reports
10878,面對迫切的氣候變遷危機，全球政府及企業積極擬訂相關氣候調適策略，玉山也積極推動自身的減碳、減水及減廢計畫，對內除了推動環保節能政策、推廣環境教育、建立節能文化及執行環保節能措施外，對外訂定環境各面項中長期目標。,E,Yes,玉山也積極推動自身的減碳、減水及減廢計畫，對內除了推動環保節能政策、推廣環境教育、建立節能文化及執行環保節能措施外，對外訂定環境各面項中長期目標。,between_2_and_5_years,No,,,esfh,2884,56,https://hsxn1sjvkgtdpixe.public.blob.vercel-storage.com/esfh_2884_page_56.pdf,https://www.esunfhc.com/zh-tw/esg/resource-center/report
10611,勞資和諧  尊重員工集會結社自由，並得透過集體協商召開勞資會議等方式，建立勞資雙方溝通平台，以保障及提升員工權益。,S,No,,,,,,tcfhc,5880,121,https://hsxn1sjvkgtdpixe.public.blob.vercel-storage.com/tcfhc_5880_page_121.pdf,https://esg.tcfhc.com.tw/report-download/
10804,昊陽天宇是智邦科技在中國深圳的生產基地，於 2005 年成立，設有 12 條 SMT 生產線及 15 條後段組測包裝生產線，共 990 名同仁在此服務。透過精實管理與全面品質管理，提供穩定的產能和優良的品質。昊陽天宇通過 TL 9000、ISO 9001、ISO 14001: 2015、ISO 45001: 2018、ISO 50001: 2018、IECQ QC 080000: 2017 與 RBA 第三方查證。昊陽天宇深受國際大廠夥伴的認可，更屢次榮獲當地政府頒發優秀質量管理獎。,S,No,,,,,,accton,2345,35,https://hsxn1sjvkgtdpixe.public.blob.vercel-storage.com/accton_2345_page_35.pdf,https://www.accton.com.tw/esg-documents/
90069,本公司配合金控主導之人權盡職調查，根據「聯合國工商企業與人權指導原則」之報導框架，建立人權盡職調查流程，落實人權風險管理，並將相關作業整合至現有內控制度與員工紀律管理之既有流程，以提高執行效率。公司在人權議題鑑別時，將員工遲到、曠職、未依規定請假、未遵守著裝或門禁管制等行為，界定為「人權風險」的一部分，並以強化紀律與懲戒機制作為「減緩與補償措施」，在內部簡報中將懲處案件數的下降直接解讀為人權風險降低。對於工時、薪資結構、差別待遇、升遷機會與職場性騷擾等議題，則以「相關政策已完備且法遵無裁罰紀錄」作為風險極低的主要證據，未進行額外實質調查。公司公開揭露之人權管理績效，主要呈現「員工違反工作規則案件數逐年下降」、「未有重大違規裁罰」及「全體員工已簽署行為準則切結書」等資訊，並將其與人權保障成效直接連結。申訴與救濟機制方面，將現有之考績申覆、薪資爭議與勞資會議意見箱視為人權申訴管道，惟未針對人權相關申訴進行分類與獨立統計。於所有營運據點持續推動強化紀律與績效管理等計畫，例如：明確規範未達標準者之懲處程序、加重對違反工作規則行為之罰則，並將「違反工作規則案件減少比例」列為人權風險管理之關鍵績效指標，以此作為公司已有效保障員工人權之主要證據。,S,Yes,建立人權盡職調查流程，落實人權風險管理，,already,Yes,將遲到、曠職等紀律事項納入「人權風險」範疇，並以強化懲戒機制作為主要減緩措施 ｜ 以無外部裁罰紀錄與全員簽署行為準則切結書作為人權風險極低之主要證據，而未調查工時、差別待遇或性騷擾實況 ｜ 以違反工作規則案件減少比例作為人權風險管理之KPI，將紀律管理成效直接等同於人權保障成效,Misleading,fubon,2881,54,https://hsxn1sjvkgtdpixe.public.blob.vercel-storage.com/fubon_2881_page_54.pdf,https://esg.fubonlife.com.tw/esg-report
10354,"依據 ENCORE (Exploring Natural Capital Opportunities, Risks and Exposure) 工具 (2023 年以前之版本)，盤點產業對生態系統服務之「依賴」與「影響」程度。同時參考 TNFD 的 LEAP 方法學，繪製營運與自然資本、生態系統服務之關聯圖。目前採之 LEAP 評估階段包含：定位 (Locate)、評估 (Evaluate)。評估地理範圍及廠區為：台灣廠區（智邦竹北 AI 園區、智邦新竹科學園區、竹南廠）、昊陽天宇、越南南智邦。",,No,,,,,,accton,2345,96,https://hsxn1sjvkgtdpixe.public.blob.vercel-storage.com/accton_2345_page_96.pdf,https://www.accton.com.tw/esg-documents/
10740,玉山自然環境及生物多樣性發展策略以「物種保育、棲地維護、環境倡議及員工環保活動」為 4 大主軸，透過導入減緩層級架構（Mitigation Hierarchy），並參考 SBTN 所提出的 AR3T 註 1 架構將企業自然行動架構與活動進行對應，攜手志同道合的夥伴，一同減少對生物多樣性之負面衝擊，為臺灣美麗的大自然付出一份心力。,E,Yes,透過導入減緩層級架構（Mitigation Hierarchy），並參考 SBTN 所提出的 AR3T 註 1 架構將企業自然行動架構與活動進行對應，攜 ｜ 攜手志同道合的夥伴，一同減少對生物多樣性之負面衝擊，為臺灣美麗的大自然付出一份心力。,between_2_and_5_years,Yes,透過導入減緩層級架構（Mitigation Hierarchy），並參考 SBTN 所提出的 AR3T 註 1 架構將企業自然行動架構與活動進行對應，攜,Not Clear,esfh,2884,65,https://hsxn1sjvkgtdpixe.public.blob.vercel-storage.com/esfh_2884_page_65.pdf,https://www.esunfhc.com/zh-tw/esg/resource-center/report
90109,為落實源頭處對衝突礦產把關與扼制之責任，每年定期以風險評估篩選出需進行調查的供應商範圍，利用自家內部彙整之「責任礦產參考名錄」以及過去三年曾被客戶接受的既有供應商清單，作為實際審查範圍之主要依據，並以此推論該等供應商整體符合國際責任礦產標準。公司進一步將所有回覆問卷之供應商一律視為低風險對象，未額外驗證其實際礦源或鍊廠名單，即將其納入『合格冶煉廠』統計。根據 2024 年內部彙整結果，智邦供應鏈共宣稱關聯至超過 201 家「潛在合格」冶煉廠，並以總家數對照全球冶煉廠估計數量，自行推算「涵蓋率」高達九成以上，遂對外強調已「全面控管衝突礦產風險」，惟上述推估並未排除重複計算、未核實之冶煉廠或未經第三方認證者。,S,Yes,每年定期以風險評估篩選出需進行調查的供應商範圍，利,longer_than_5_years,Yes,利用自家內部主觀編製且未與國際最新制裁與高風險地區名單連動之「責任礦產參考名錄」，再將過去三年曾通過任一客戶基本稽核之供應商，直接視為持續符合衝突礦產要求，並不另外核對其現行礦源及冶煉廠。2024 年統計時，公司並未實際比對冶煉廠是否列載於 RMI 或其他國際公信機構的最新合格名單，而是以供應商自行填報或口頭說明為唯一佐證，只要供應商填答完整即被登錄為「合格冶煉廠」，導致名單中仍可能包含未受任何第三方查證、甚至位於高風險地區的冶煉廠，卻在對外揭露時僅以『201 家合格冶煉廠』之數量作為風險控管充分的間接證據，未說明其判定基準與實際查核範圍之重大限縮。,Misleading,accton,2345,71,https://hsxn1sjvkgtdpixe.public.blob.vercel-storage.com/accton_2345_page_71.pdf,https://www.accton.com.tw/esg-documents/
10855,為吸引及留任關鍵優秀人才，以達成公司中、長期目標，聯電發行限制員工權利新股，以股東權益報酬率（ROE%）、營業利益率（OM%）、每股盈餘（EPS）及總股東報酬率（TSR)為績效指標，訂定為期 4 年之長期績效目標，且將 MSCI ESG 評級納入績效指標，並自 2024 年起新增溫室氣體排放減量及女性董事席次占比等 ESG 績效指標，強化經理人薪酬與 ESG 績效連結，期能激勵員工全力以赴達成公司營運及企業永續目標，得創公司及股東之更高利益，並確保公司員工利益與股東利益相結合。,S,Yes,為吸引及留任關鍵優秀人才，以達成公司中、長期目標，聯電發行限制員工權利新股， ｜ ，以股東權益報酬率（ROE%）、營業利益率（OM%）、每股盈餘（EPS）及總股東報酬率（TSR)為績效指標，訂定為期 4 年之長期績效目標，且將 MSCI ESG 評級納入績效指標，,between_2_and_5_years,Yes,自 2024 年起新增溫室氣體排放減量及女性董事席次占比等 ESG 績效指標，強化經理人薪酬與 ESG 績效連結，期能激勵員工全力以赴達成公司營運及企業永續目標，得創公司及股東之更高利益，並確保公司員工利益與股東利益相結合。,Clear,umc,2303,34,https://hsxn1sjvkgtdpixe.public.blob.vercel-storage.com/umc_2303_page_34.pdf,https://www.umc.com/zh-TW/Download/corporate_sustainability_reports
10222,研華支持同仁在研華內部的長期職涯發展，由高階管理層帶領，形塑鼓勵員工內部轉職的企業文化，隨著 2023 年度全球人力資本管理系統 Workday 正式導入後，內部轉調機制「 My Career +」流程也更加簡便，並以更公開透明的機制，提供員工職能成長、擴充的管道，幫助員工拓展個人視野及增進多元歷練，以培養跨部門人才，My Career + 讓轉換流程更加順暢，除促進內部人才流動、養成全方位的優秀人才的目的外，並進一步達到惜才留才的目標。,S,Yes,研華支持同仁在研華內部的長期職涯發展， ｜ 促進內部人才流動、 ｜ 進一步達到惜才留才的目標。,already,Yes,人力資本管理系統 Workday 正式導入後，內部轉調機制「 My Career +」流程也更加簡便，並以更公開透明的機制，提供員工職能成長、擴充的管道，幫助員工拓展個人視野及增進多元歷練，以培養跨部門人才，My Career + 讓轉換流程更加順暢，,Clear,acl,2395,152,https://hsxn1sjvkgtdpixe.public.blob.vercel-storage.com/acl_2395_page_152.pdf,https://esg.advantech.com/zh-tw/downloads/sustainability-report
10739,個人綠生活是指個人在日常生活中所採取的一系列環保行為與選擇，旨在減少對環境的負面影響並推動可持續發展。這種生活方式強調在消費和金融決策中融入環保意識，鼓勵顧客使用責任商品，此外顧客在進行金融交易時也能夠兼顧環保理念，朝向低碳生活邁進。鼓勵透過環保產品及負責任的消費行為，來實現生活方式的持續改進，其最終目標是保護環境、促進可持續發展，透過這些具體行動，個人不僅能減少碳足跡，更能​在社會中積極傳遞綠色理念，激勵更多人投身於環保行動之中。,E,Yes,最終目標是保護環境、促進可持續發展，透過這些具體行動，個人不僅能減少碳足跡，更能​在社會中積極傳遞綠色理念，激勵更多人投身於環保行動之中。,between_2_and_5_years,No,,,esfh,2884,82,https://hsxn1sjvkgtdpixe.public.blob.vercel-storage.com/esfh_2884_page_82.pdf,https://www.esunfhc.com/zh-tw/esg/resource-center/report
10811,在全球氣候變遷與低碳市場轉型下，聯電積極關注氣候變遷可能帶來的風險與衍生的機會，為了使促使氣候相關風險及機會之資訊揭露透明化，因此我們參考 TCFD (Task Forced on Climate-Related Financial Disclosures) 氣候相關財務揭露建議，自主發展氣候變遷風險與機會評估工具，並結合氣候情境資料、廠區環境特性、過去實際災損等資料，以科學化的方式量化、評估氣候風險帶來的營運衝擊，透過相關權責單位依據政策與法規 (包含現今與新興法規)、市場與科技的轉變、商譽、法律 (含訴訟) 及實質性風險等面向分別進行風險與機會分析，發展調適減緩策略，並藉由連結永續策略藍圖，定期檢視各指標達成狀況以落實管理目的。,G,Yes,在全球氣候變遷與低碳市場轉型下，聯電積極關注氣候變遷可能帶來的風險與衍生的機會， ｜ 定期檢視各指標達成狀況以落實管理目的。,already,Yes,為了使促使氣候相關風險及機會之資訊揭露透明化，因此我們參考 TCFD (Task Forced on Climate-Related Financial Disclosures) 氣候相關財務揭露建議，自主發展氣候變遷風險與機會評估工具，並結合氣候情境資料、廠區環境特性、過去實際災損等資料，以科學化的方式量化、評估氣候風險帶來的營運衝擊，透過相關權責單位依據政策與法規 (包含現今與新興法規)、市場與科技的轉變、商譽、法律 (含訴訟) 及實質性風險等面向分別進行風險與機會分析，發展調適減緩策略，並藉由連結永續策略藍圖，定,Clear,umc,2303,50,https://hsxn1sjvkgtdpixe.public.blob.vercel-storage.com/umc_2303_page_50.pdf,https://www.umc.com/zh-TW/Download/corporate_sustainability_reports
10993,本公司遵守勞動法規及訂定外籍勞工管理辦法，保障員工的勞動人權與其權益。  ● 承諾：100% 符合相關勞動法規要求。管理措施有制定勞工人權保護守則及定期評估強制勞工風險。  大立光參酌國際勞動公約、RBA 責任商業聯盟行為準則，且致力遵守台灣勞動相關法律，制定內容含工時工資、人道待遇、不歧視、反職場霸凌且自由結社等勞工人權保護的管理守則；防止非志願勞工、性騷擾防治、職場母性保護、執行職務遭受不法侵害預防辦法。  「招募任用管理辦法」明確揭示禁用童工、青少年勞工夜間工作保護等標準；針對外籍勞工部分，除遵守勞動法規之外，特訂外籍勞工管理辦法，使其勞動權益獲得保障。管理部定期評估強制勞工風險，若有違反之情況，會揭露資訊給相關單位主管並做提醒，用以確保之後類似情況不會再發生。,S,Yes,承諾：100% 符合相關勞動法規要求。管理措施有制定勞工人權保護守則及定期評估強制勞工風險。  大立光參酌國際勞動公約、RBA 責任商業聯盟行為準則，且致力遵守台灣勞動相關法律，制定內容含工時工資、人道待遇、不歧視、反職場霸凌且自由結社等勞工人權保護的管理守則；防止非志願勞工、性騷擾防治、職場母性保護、執行職務遭受不法侵害預防辦法。,already,Yes,招募任用管理辦法」明確揭示禁用童工、青少年勞工夜間工作保護等標準；針對外籍勞工部分，除遵守勞動法規之外，特訂外籍勞工管理辦法，使其勞動權益獲得保障。管理部定期評估強制勞工風險，,Clear,largan,3008,79,https://hsxn1sjvkgtdpixe.public.blob.vercel-storage.com/largan_3008_page_79.pdf,https://www.largan.com.tw/tw/esg
90075,本公司在資安管理上採取風險導向原則，優先聚焦於臺灣總部與主要營運據點之核心系統與關鍵資料，針對高風險業務單位已完成存取權限盤點、密碼政策優化與部分系統備援機制強化，藉由這些措施降低整體營運中斷的潛在風險。相較之下，美國與日本等子公司目前僅使用總部所提供的部分共用系統，且處理之客戶資料與交易量相對有限，因此公司採分階段強化策略，先就既有作業流程進行內部自我檢核，確保其遵循總部既定的基本資安規範與帳號管理原則，再視營運成長及風險評估結果調整後續導入時程。公司認為，現階段透過總部資安控管及核心系統集中化管理，已可有效涵蓋海外據點之主要資安風險，故未急於全面導入ISO 27001等外部認證制度，而是先以內部標準作為管理依據，逐步建立符合各地實際需求的資安管理模式。,S,Yes,我們規劃從臺灣總部開始，未來將要求美國、日本等子公司逐步導入。,already,Yes,目前美國與日本子公司僅使用由臺灣總部集中管理的部分共用系統，且已遵循總部訂定之帳號與密碼管理原則，並定期由總部資訊部門進行遠端權限檢核；加上公司採取核心系統集中化管理與高風險單位優先強化的風險導向策略，已足以涵蓋海外據點之主要資安風險，顯示現行作法已等同於在集團層級逐步導入一致性的資安管理機制。,Misleading,pec,6446,40,https://hsxn1sjvkgtdpixe.public.blob.vercel-storage.com/pec_6446_page_40.pdf,https://www.pharmaessentia-esg.com/tw/download/detail#section-1
10115,"民眾對於食品安全的關注已成為社會不可忽視的議題,統一企業在台灣耕耘超過 50 年之久,經營理念從滿足消費者基本生存需求的食品製造,已延伸至照顧消費者的生活,甚至是滿足顧客的全方位生活產業,可謂在該產業發展占有領導者之角色。面對社會和消費者對食品業者的至高期許,統一企業在食品安全的控管制度上,建立集團一致之管理規範,並以價值鏈角度出發,從原物料溯源管理、製造過程、零售通路至消費者售後服務,為民眾把關所有產品所牽涉到的安全與健康,並期許能發揮產業影響力引領產業正向發展,形成善的循環。",S,Yes,"統一企業在食品安全的控管制度上,建立集團一致之管理規範,並以價值鏈角度出發,從原物料溯源管理、製造過程、零售通路至消費者售後服務,為民眾把關所有產品所牽涉到的安全與健康,並期許能發揮產業影響力引領產業正向發展,形成善的循環。",between_2_and_5_years,Yes,"建立集團一致之管理規範,並以價值鏈角度出發,從原物料溯源管理、製造過程、零售通路至消費者售後服務,為民眾把關所有產品所牽涉到的安全與健康,",Not Clear,unipresident,1216,25,https://hsxn1sjvkgtdpixe.public.blob.vercel-storage.com/unipresident_1216_page_25.pdf,https://esg.sp88.tw/book.php
90053,兆豐集團重視客戶感受，並以對外揭露的滿意度與申訴處理數據作為展現服務成果的主要依據。各子公司皆訂有客戶申訴流程及客訴處理程序，並設定以降低申訴件數為首要目標，透過導引用戶優先使用常見問題、聊天機器人與自助服務機制，引導客戶在正式提出申訴前先行以一般意見反映或自我排解，藉以減少被登錄為「申訴案件」的件數，從而在報告中呈現申訴量下降的正向趨勢。集團於相關制度中援引「金融消費者保護法」概念，強調保障權益及資訊透明，實際運作上則將多數輕微爭議界定為「諮詢」或「建議」類別，不納入正式申訴統計，以提升整體申訴處理績效指標。兆豐金控及各子公司皆設有處理客戶申訴相關事務之單位，但多與行銷、客服或業務單位合署，由同一群人員兼任回覆與促銷工作，在整體組織圖上呈現「專責」之名目。公司官網提供多元溝通管道（如客服電話、Email、線上表單及社群帳號），並以此對外宣稱「便捷與即時」，實際回覆內容則多以制式話術與連結既有公告為主，將真正在內部展開調查與改善的案件比例壓至最低，以降低營運成本。兆豐銀行對外強調採高於法定標準之作業模式，設立 24 小時客服中心，但客服資源集中於特定時段與高價值客群，夜間及非核心客群多以自動化系統與延後回覆方式處理；聲稱以 15 天作為客訴案件處理時限目標，但「處理完成」多指已發出任一形式的回覆，而非真正解決客戶爭議。銀行同時設立申訴專責窗口及獨立客訴審核單位，名義上與業務單位分工，實際上審核權限與考核機制仍由同一高階主管體系主導，使決策傾向於降低賠償與責任承擔。兆豐銀行指出主要申訴案件類型為信用卡、存匯業務及服務態度等，但在統計上將部分對金融商品條款或風險資訊的爭議歸類為「一般詢問」，淡化與銷售行為相關之系統性問題。客服中心針對客戶意見，將重點放在「滿意度調查完成率」與「抱怨轉推薦」等指標，並將僅為形式上回覆的案件一併納入「妥善處理」統計。每月抽查全行客服中心（含電銷中心）服務音檔時，主要檢視是否完整說明公司立場與降低客戶情緒，而非檢視問題是否真正解決，再配合制式教育訓練課程，對外強調以此確保服務品質與申訴改善成效。,S,Yes,4月10日,already,Yes,並遵循「金融消費者保護法」相關條文所揭示之基本原則，自受理並登錄為正式「申訴案件」之個案後，均以在收受日起 ｜ 30 ｜ 日內提供回應或說明作為管理指標；惟透過事前分流與重新分類，僅有符合內部定義之有限案件才被納入此統計範圍，使對外呈現之案件處理效率指標維持在良好水準。 ｜ 兆豐金控及各子公司皆設有專責單位名義上處理客戶申訴案件，實際運作上與客服及行銷單位交互兼任，以使溝通內容兼具維護客戶關係與交叉銷售機會。 ｜ 設立  ｜ 24  ｜ 小時客服中心之對外服務名稱，讓客戶在任何時間皆可進入客服系統；於核心時段提供較多真人接聽，其餘時段則以自助語音與機器人回覆，再搭配排程回電，以符合理論上「24 小時可聯繫」之定義。客戶可透過電話、智能客服或網站「聯絡信箱」與客服聯繫，內部將  ｜ 15  ｜ 天設定為多數案件完成首度回覆的參考時程，而非必然完成實質處理之期限。設立申 ｜ 訴專責及審核單位時，將投訴結果之裁量權限與業務獎酬之綜合指標連動，以利在審核時兼顧營運績效。客服中心將針對客戶提出之意見，轉化為滿意度分數、抱怨轉介紹比例及案件結案率等量化指標，如實反映至權責單位的績效報表，以利評估是否需於溝通話術或流程上「調整或優化」，每月抽查全行客服中心  ｜ (含電銷中心)  ｜ 部分選定之服務音檔，著重評估同仁是否依照標準話術指引與緩和客戶情緒，並據此給予制式化教育訓練時數，以佐證對外所稱之服務完整度與持續精進。,Misleading,mega,2886,104,https://hsxn1sjvkgtdpixe.public.blob.vercel-storage.com/mega_2886_page_104.pdf,https://esg.megaholdings.com.tw/frontend/Download
10234,聯電透過風險管理委員會審視公司面臨的內外部風險，其中隱私權及個人資料保護、出口管制及營業秘密等風險議題，經評估分析且已採取適足之管理與防範措施，認為對公司的影響為低度。,S,No,,,,,,umc,2303,36,https://hsxn1sjvkgtdpixe.public.blob.vercel-storage.com/umc_2303_page_36.pdf,https://www.umc.com/zh-TW/Download/corporate_sustainability_reports
10681,計畫內容：統一企業針對乳牛的飼養管理，制定了一套完整的技術服務項目，包括預防醫學、畜舍建構、營養配方與飼養管理、DHI 分析、永續經營等 17 個項目。專案的目標是提供乳牛舒適及健康的生活環境，並藉由技術服務提升牧場的永續經營能力。,S,Yes,專案的目標是提供乳牛舒適及健康的生活環境，並藉由技術服務提升牧場的永續經營能力。,between_2_and_5_years,Yes,統一企業針對乳牛的飼養管理，制定了一套完整的技術服務項目，包括預防醫學、畜舍建構、營養配方與飼養管理、DHI 分析、永續經營等 17 個項目。專,Clear,unipresident,1216,38,https://hsxn1sjvkgtdpixe.public.blob.vercel-storage.com/unipresident_1216_page_38.pdf,https://esg.sp88.tw/book.php
90012,我們遵循保證作業的國際最佳實務，包括國際審計與保證標準委員會頒布的《國際保證作業標準》（ISAE）3000（修訂版）—非屬歷史財務資訊審計與核閱的保證作業》，作為設計本公司自我評估問卷與內部確認程序之主要參考框架，但實際作業係以管理階層自行填報與部門主管相互覆核為主，未由獨立第三方逐筆驗證所有非財務資訊。為確保保證程序的一致性，我們依據 DNV 的保證方法學 VeriSustain 擷取其中有助於強化敘述透明度之段落，優先用於編製揭露文本與制訂溝通話語，對於需要大量實地查證與利害關係人訪談的技術程序則暫緩導入，改以內部工作坊與書面聲明替代。透過此種選擇性採用方式，我們能在維持對外公開聲稱「比照國際方法學」的前提下，有效控制查證深度與範圍，將資源集中於足以支持本報告核心主張的關鍵指標。,G,Yes,為確保保證程序的一致性，,between_2_and_5_years,Yes,我們遵循保證作業的國際最佳實務，包括國際審計與保證標準委員會頒布的《國際保證作業標準》（ISAE）3000（修訂版）—非屬歷史財務資訊審計與核閱的保證作業》，作為設計本公司自我評估問卷與內部確認程序之主要參考框架，但實際作業係以管理階層自行填報與部門主管相互覆核為主，未由獨立第三方逐筆驗證所有非財務資訊。為 ｜ 我們依據 DNV 的保證方法學 VeriSustain 擷取其中有助於強化敘述透明度之段落，優先用於編製揭露文本與制訂溝通話語，對於需要大量實地查證與利害關係人訪談的技術程序則暫緩導入，改以內部工作坊與書面聲明替代。透過此種選擇性採用方式，我們能在維持對外公開聲稱「比照國際方法學」的前提下，有效控制查證深度與範圍，將資源集中於足以支持本報告核心主張的關鍵指標。,Misleading,pegatron,4938,20,https://hsxn1sjvkgtdpixe.public.blob.vercel-storage.com/pegatron_4938_page_20.pdf,https://www.sustaihub.com/reports/%E5%92%8C%E7%A2%A9%E8%81%AF%E5%90%88%E7%A7%91%E6%8A%80%E8%82%A1%E4%BB%BD%E6%9C%89%E9%99%90%E5%85%AC%E5%8F%B8/e7bdbbd6-7493-401d-a2a2-b39b95a19700/
10088,秉持永續治理、誠信經營的企業經營理念，以及“以創新科技福利人群”之願景，廣達一直以來注重人才的培育與發展，始終將核心價值人才的養成視為重要策略方向。為使員工持續提升工作所需技能與因應公司不同階段策略轉型所需的思維型態轉變，廣達透過提供多元的學習與發展方案培養人才，確保員工與組織能同步成長，透過創造、提升與強化個人及組織的效能與競爭力，達成人才永續，進而保有智慧創新的動能，持續在技術快速更迭的科技產業中保持領先，實現企業永續經營的願景。,S,Yes,為使員工持續提升工作所需技能與因應公司不同階段策略轉型所需的思維型態轉變，,between_2_and_5_years,Yes,廣達透過提供多元的學習與發展方案培養人才，確保員工與組織能同步成長，透過創造、提升與強化個人及組織的效能與競爭力，,Not Clear,qci,2382,114,https://hsxn1sjvkgtdpixe.public.blob.vercel-storage.com/qci_2382_page_114.pdf,https://www.quantatw.com/quanta/chinese/esg/csrreport.aspx
10365,本公司致力於保障保戶資料安全，依據外部法令及國際標準訂定內部控制制度、規範及管理機制，導入個人資料管理體系；本公司設有作業風險管理委員會，上而下督導並指示個人資料保護相關事宜，由作業風控部擔任專責個資保護管理督導單位，協助建置個人資料保護體系與制度、監督相關教育訓練、制定年度個人資料保護管理計畫，建立永續循環且落實執行之個人資料管理架構，將個人資料保護內化於所有同仁的行為中，並於內部稽核、內部自行查核範圍中加入個人資料保護相關內容，以檢視個人資料保護落實程度。,S,Yes,3月14日,already,Yes,依據外部法令及國際標準訂定內部控制制度、規範及管理機制，導入個人資料管理體系；本 ｜ 公司設有作業風險管理委員會，上而下督導並指示個人資料保護相關事宜，由作業風控部擔任專責個資保護管理督導單位，協助建置個人資料保護體系與制度、監督相關教育訓練、制定年度個人資料保護管理計畫，建立永續循環且落實執行之個人資料管理架構，將個人資料保護內化於所有同仁的行為中，並於內部稽核、內部自行查核範圍中加入個人資料保護相關內容，以檢視個人資料保護落實程度。,Clear,fubon,2881,104,https://hsxn1sjvkgtdpixe.public.blob.vercel-storage.com/fubon_2881_page_104.pdf,https://esg.fubonlife.com.tw/esg-report
10176,為因應全球氣候變遷挑戰與利害關係人對企業減碳責任的期待，廣達已明確訂定階段性氣候行動目標，朝向科學基礎減碳與淨零轉型邁進。2022年承諾採用1.5°C減碳路徑，並於2024年通過科學基礎目標倡議(SBTi)審查，成為符合國際準則的低碳企業。廣達承諾以2022年為基準年，至2030年實現下列具體目標：,E,Yes,廣達已明確訂定階段性氣候行動目標，朝向科學基礎減碳與淨零轉型邁進。 ｜ 。2022年承諾採用1.5°C減碳路徑，並於2024年通過科學基礎目標倡議(SBTi)審查，成為符合國際準則的低碳企業。廣達承諾以2022年為基準年，至2030年實現下列具體目標：,longer_than_5_years,Yes,2 ｜ 2022年承諾採用1.5°C減碳路徑，並於2024年通過科學基礎目標倡議(SBTi)審查，,Clear,qci,2382,84,https://hsxn1sjvkgtdpixe.public.blob.vercel-storage.com/qci_2382_page_84.pdf,https://www.quantatw.com/quanta/chinese/esg/csrreport.aspx
10440,為達成集團整體性風險治理目標，廣達推動涵蓋全體子公司之風險管理機制，並結合永續治理原則與利害關係人權益保障的要求，建構集團風險管理架構。依據風險管理原則，廣達已建立風險治理組織架構，並以「三道防線」為核心，作為風險識別、控管與監督之主要執行基礎。,G,Yes,為達成集團整體性風險治理目標， ｜ 廣達推動涵蓋全體子公司之風險管理機制，並結合永續治理原則與利害關係人權益保障的要求，建構集團風險管理架構。,already,Yes,廣達已建立風險治理組織架構，並以「三道防線」為核心，作為風險識別、控管與監督之主要執行基礎。,Not Clear,qci,2382,43,https://hsxn1sjvkgtdpixe.public.blob.vercel-storage.com/qci_2382_page_43.pdf,https://www.quantatw.com/quanta/chinese/esg/csrreport.aspx
10999,聯發科技秉持多元與包容的人才策略，恪遵全球各營運據點所在地法規，認同並支持國際人權公約（如聯合國世界人權宣言）所揭橥之人權保護精神與原則，有尊嚴地對待並尊重所有員工，杜絕侵犯及違反人權之行為。,S,Yes,聯發科技秉持多元與包容的人才策略，恪遵全球各營運據點所在地法規，認同並支持國際人權公約（如聯合國世界人權宣言）所揭橥之人權保護精神與原則，有尊嚴地對待並尊重所有員工，杜絕侵犯及違反人權之行為。,already,No,,,mediatek,2454,32,https://hsxn1sjvkgtdpixe.public.blob.vercel-storage.com/mediatek_2454_page_32.pdf,https://corp.mediatek.tw/about/sustainability
10180,本公司為關懷弱勢族群，設置無障礙友善櫃檯、提供身障客戶預約服務，客戶可撥打客服專線或以網路留言方式進行預約，客戶服務櫃檯會安排專人至櫃檯門口或電梯口接送與導引；櫃檯門口亦設有服務鈴或安排專人引導，同時櫃檯內備有輪椅、老花眼鏡、LED 放大鏡等貼心輔具。,S,Yes,本公司為關懷弱勢族群，,already,Yes,設置無障礙友善櫃檯、提供身障客戶預約服務，客戶可撥打客服專線或以網路留言方式進行預約，客戶服務櫃檯會安排專人至櫃檯門口或電梯口接送與導引；櫃檯門口亦設有服務鈴或安排專人引導，同時櫃檯內備有輪椅、老花眼鏡、LED 放大鏡等貼心輔具。,Clear,fubon,2881,92,https://hsxn1sjvkgtdpixe.public.blob.vercel-storage.com/fubon_2881_page_92.pdf,https://esg.fubonlife.com.tw/esg-report
10213,"為回應快速變動的全球市場與技術革新挑戰，緯創從長期策略角度出發，積極推動全球領導力發展計畫 (Global Leaders Development Program, GLD)，系統性培育具潛力的中高階管理人才，以強化組織的韌性與未來競爭力。該計畫由高階主管提名具發展潛力的管理者，並透過個人發展計畫 (Individual Development Plan, IDP)，導入 70% 專案歷練、20% 高階主管 Coach 輔導、10% 學習資源的「70-20-10」學習模式，打造個人化且與職能接軌的成長路徑。參與者會透過 360 度前測了解自身管理優勢與待強化職能，並在教練引導下制定對應目標，聚焦於三大核心能力的提升：推動策略執行、數據驅動決策與團隊激勵。實務發展期間，每位參與者需承擔具挑戰性的專案任務，如 KPI 達成、跨部門合作或策略落地等，強化其領導行為的應用與展現。同時專案提供支持機制，包含高階主管每月提供跨層級的面對面輔導，以深化反思與行動調整；HR 亦定期舉辦社群交流，導入外部觀點與管理資源，鼓勵學員跨部門學習與合作，補足理論與實務並重的學習需求。參與者期末於成果簡報會上呈現個人發展歷程與行為改變成效，並以質化與量化指標對照初始目標進行自我檢視與反饋。2024 年共培訓 71 位高潛力管理者，IDP 通過率高達 97%，留任率達 97%，晉升率為 31%；另 360 度職能評鑑後測提升比例亦達 63%，反映出計畫對個人領導效能的實質成長與企業人才發展策略的深遠影響。",G,Yes,"為回應快速變動的全球市場與技術革新挑戰，緯創從長期策略角度出發，積極推動全球領導力發展計畫 (Global Leaders Development Program, GLD)，系統性培育具潛力的中高階管理人才，以強化組織的韌性與未來競爭力。",longer_than_5_years,Yes,"該計畫由高階主管提名具發展潛力的管理者，並透過個人發展計畫 (Individual Development Plan, IDP)，導入 70% 專案歷練、20% 高階主管 Coach 輔導、10% 學習資源的「70-20-10」學習模式，打造個人化且與職能接軌的成長路徑。參與者會透過 360 度前測了解自身管理優勢與待強化職能，並在教練引導下制定對應目標，聚焦於三大核心能力的提升：推動策略執行、數據驅動決策與團隊激勵。實務發展期間，每位參與者需承擔具挑戰性的專案任務，如 KPI 達成、跨部門合作或策略落地等，強化其領導行為的應用與展現。同時專案提供支持機制，包含高階主管每月提供跨層級的面對面輔導，以深化反思與行動調整；HR 亦定期舉辦社群交流，導入外部觀點與管理資源，鼓勵學員跨部門學習與合作，補足理論與實務並重的學習需求。參與者期末於成果簡報會上呈現個人發展歷程與行為改變成效，並以質化與量化指標對照初始目標進行自我檢視與反饋。2024 年共培訓 71 位高潛力管理者，IDP 通過率高達 97%，留任率達 97%，晉升率為 31%；另 360 度職能評鑑後測提升比例亦達 63%，反映出計畫對個人領導效能的實質成長與企業人才發展策略的深遠影響。",Clear,Wistron,3231,149,https://esg.wistron.com/ch/report-download/esg/NoakpM47xGKX/2024SustainabilityReportCH.pdf%20,https://esg.wistron.com/ch/report-download
10035,本集團以獨立超然之精神執行稽核業務，隸屬於董事會，協助董事會及高階管理階層審查與評估風險管理是否有效運作，包含評估第一道及第二道防線監控之有效性，並適時提出改進建議。內部稽核單位建立及執行集團內部稽核制度，查核與評估內部控制之有效性，並定期向審計委員會及董事會報告。對本公司每年至少辦理 1 次一般業務查核。,G,Yes,本集團以獨立超然之精神執行稽核業務，隸屬於董事會， ｜ 本公司每年至少辦理 1 次一般業務查核。,already,Yes,協助董事會及高階管理階層審查與評估風險管理是否有效運作，包含評估第一道及第二道防線監控之有效性，並適時提出改進建議。 ｜ 內部稽核單位建立及執行集團內部稽核制度，查核與評估內部控制之有效性，並定期向審計委員會及董事會報告。對,Clear,hnfhc,2880,46,https://hsxn1sjvkgtdpixe.public.blob.vercel-storage.com/hnfhc_2880_page_46.pdf,https://www.hnfhc.com.tw/HNFHC/csr/a.do?id=3b652cac56000000f6ca&parent_menu=2
10646,財務重要性與影響重要性的分數以1到5的範圍進行評分，其中1代表最低影響。整體而言，所有利害關係人的平均分數（在調整樣本大小偏差後）在財務重要性維度為3.79，在影響重要性維度為3.92。,G,No,,,,,,honhai,2317,23,https://hsxn1sjvkgtdpixe.public.blob.vercel-storage.com/honhai_2317_page_23.pdf,https://www.honhai.com/zh-tw/CSR
10249,"精確的溫度控制，攸關晶片的良率，因此負責降溫的冰水機 (chiller) 系統，在半導體製程中扮演重要角色，但也成為晶圓廠中最耗電的設備。「i-Chiller 2.0」升級「智能化」，透過分析大數據資料與特徵參數，判斷最需降溫的機台，動態調動資源給最需要的地方，將整體系統效能最佳化，減少不必要的能耗。目前「智能化冰機」已在 Fab 12A 的 3 個廠區建置完成，因各廠區需要時間開發各自專屬的演算法，預計至 2027 年全面導入，預估每年可省下超過新台幣 5,000 萬元的電費。",E,Yes,"預計至 2027 年全面導入，預估每年可省下超過新台幣 5,000 萬元的電費。 ｜ 。",between_2_and_5_years,Yes,目前「智能化冰機」已在 Fab 12A 的 3 個廠區建置完成，因各廠區需要時間開發各自專屬的演算法，,Clear,umc,2303,26,https://hsxn1sjvkgtdpixe.public.blob.vercel-storage.com/umc_2303_page_26.pdf,https://www.umc.com/zh-TW/Download/corporate_sustainability_reports
10402,"對於科技發展所帶來的網路威脅與風險變化，兆豐集團編列預算建置各類資訊安全系統，並持續檢視相關規範與措施之妥適性，建立完整的網路及電腦安全防護系統，每年不定期進行系統弱點掃描及修補、執行滲透測試、社交工程演練、資通安全教育訓練等，並透過導入 ISO 27001 資訊安全管理系統驗證及建置 SOC (資訊安全監控中心)，每年定期辦理資訊安全管理系統自行查核作業並持續檢討精進，確保資安與網路風險控管的適當性及有效性。為確保永續經營與信譽，銀行及保險於 2024 年持續投保「電子商務及資訊安全保障責任保險 (資安險)」，保險期間涵蓋全年度，保額分別為美金 500 萬元及新臺幣 3,000 萬元。兆豐集團 2024 年導入資訊安全管理措施投入金額逾新臺幣 1.24 億元。",G,Yes,兆豐集團編列預算建置各類資訊安全系統，並持續檢視相關規範與措施之妥適性，建立完整的網路及電腦安全防護系統，每年不定期進行系統弱點掃描及修補、執行滲透測試、社交工程演練、資通安全教育訓練等 ｜ 並透過導入  ｜ ISO  ｜ 27001  ｜ 資訊安全管理系統驗證及建置  ｜ SOC  ｜ (資訊安全監控中心)，每年定期辦理資訊安全管理系統自行查核作業並持續檢討精進，,already,Yes,"銀行及保險於  ｜ 2024  ｜ 2024  ｜ 年持續投保「電子商務及資訊安全保障責任保險  ｜ (資安險)」，保險期間涵蓋全年度，保額分別為美金  ｜ 500  ｜ 萬元及新臺幣  ｜ 3,000  ｜ 萬元。兆豐集團  ｜ 2024  ｜ 2024  ｜ 年導入資訊安全管理措施投入金額逾新臺幣  ｜ 1.24  ｜ 億元。",Clear,mega,2886,109,https://hsxn1sjvkgtdpixe.public.blob.vercel-storage.com/mega_2886_page_109.pdf,https://esg.megaholdings.com.tw/frontend/Download
10729,鼓勵大專青年在蹲點期間的投入，及「數位好厝邊」在過程中的協力。與外界共享同學們蹲點期間的見聞與感動。讓長年在地方耕耘投入的社區夥伴被看見、被鼓舞。,S,Yes,讓長年在地方耕耘投入的社區夥伴被看見、被鼓舞。,between_2_and_5_years,Yes,鼓勵大專青年在蹲點期間的投入，及「數位好厝邊」在過程中的協力。與外界共享同學們蹲點期間的見聞與感動。,Not Clear,cht,2412,50,https://hsxn1sjvkgtdpixe.public.blob.vercel-storage.com/cht_2412_page_50.pdf,https://www.cht.com.tw/zh-tw/home/cht/esg
10218,2024年台灣大進行年度採購分析，檢視採購金額並設定關鍵重大門檻及檢視去年鑑別之高風險供應商，共選出40家包含重大供應商及高風險廠商進行實地審查，識別出0家高風險廠商。台灣大預計2025年將持續進行之重大供應商實地審查，盼持續透過實地審查深化與供應商之連結並推進永續實務。,G,Yes,。台灣大預計2025年將持續進行之重大供應商實地審查，盼持續透過實地審查深化與供應商之連結並推進永續實務。,within_2_years,Yes,2024年台灣大進行年度採購分析，檢視採購金額並設定關鍵重大門檻及檢視去年鑑別之高風險供應商，共選出40家包含重大供應商及高風險廠商進行實地審查，識別出0家高風險廠商。,Clear,twm,3045,113,https://hsxn1sjvkgtdpixe.public.blob.vercel-storage.com/twm_3045_page_113.pdf,https://corp.taiwanmobile.com/esg/esg-report.html
10515,經檢視本集團生物多樣性熱點影響分析結果，銀行營運據點方圓 1 公里範圍皆未與生物多樣性熱區等級 5 或 4 區域接壤，位於等級 3、2、1 之據點數分別占全據點數之 1.05%、1.4%、5.97%，約有 91.58% 分行據點未座落於生物多樣性熱區。本年度新增之關鍵生物多樣性區域分析結果，銀行營運據點方圓 1 公里與關鍵生物多樣性區域接壤之據點數量占全據點數之 2.11%，未鄰近關鍵生物多樣性區域據點數量為 97.89%。,E,No,,,,,,tcfhc,5880,155,https://hsxn1sjvkgtdpixe.public.blob.vercel-storage.com/tcfhc_5880_page_155.pdf,https://esg.tcfhc.com.tw/report-download/
10185,緯創長期深耕外部創新，自 2010 年起積極參與新創圈活動與投資，與各類新創夥伴攜手合作：與時代基金會共同培育未來創業人才，攜手規劃 Wistron Lab@Garage+ 新創空間，並捐助支持 AAMA 台北搖籃計畫等，持續推動創新生態系的發展。,S,Yes,緯創長期深耕外部創新，自 2010 年起積極參與新創圈活動與投資，與各類新創夥伴攜手合作：,longer_than_5_years,Yes,與時代基金會共同培育未來創業人才，攜手規劃 Wistron Lab@Garage+ 新創空間，並捐助支持 AAMA 台北搖籃計畫等，持續推動創新生態系的發展。,Clear,wistron,3231,61,https://hsxn1sjvkgtdpixe.public.blob.vercel-storage.com/wistron_3231_page_61.pdf,https://esg.wistron.com/ch/report-download
10223,環境保護  產品中存在限制物質之風險  • 有害物質禁用技術標準  • 料件管理 e 化系統  • 料件承認與檢驗  • 內、外部稽核  有害物質排放風險  • 設計階段預先排除高污染物質  • 製造階段減少各項有害物質之使用量以減少廢棄量,E,No,,,,,,ltc,2301,21,https://hsxn1sjvkgtdpixe.public.blob.vercel-storage.com/ltc_2301_page_21.pdf,https://www.liteon.com/zh-tw/esgoverview/esg-overview
10007,"統一超商積極透過推動綠色採購管理設備、耗材與建材，選擇綠建材進行門市裝修並採購取得節能標章、環保標章或驗證或具有實際環保效益的設備與耗材應用於門市，2023 年擴大範圍率通路之先全面採用「FSC 森林永續認證」咖啡紙杯，採購金額為 617,979 仟元，相較 2023 年成長近 2 倍，在維持營運順暢與服務品質的同時，也降低消耗天然資源與環境負面影響。我們 2024 年綠色採購總金額達 27.82 億元，佔統一超商整年度採購總金額達 20.73%，達成原定年度採購佔比達 15% 之目標，並將 2025 年目標設定提高至 18%。",E,Yes,統一超商積極透過推動綠色採購管理設備、耗材與建材，選擇綠建材進行門市裝修並採購取得節能標章、環保標章或驗證或具有實際環保效益的設備與耗材應用於門市，,between_2_and_5_years,Yes,"2023 年擴大範圍率通路之先全面採用「FSC 森林永續認證」咖啡紙杯，採購金額為 617,979 仟元，相較 2023 年成長近 2 倍，在維持營運順暢與服務品質的同時，也降低消耗天然資源與環境負面影響。我們 2024 年綠色採購總金額達 27.82 億元，佔統一超商整年度採購總金額達 20.73%，達成原定年度採購佔比達 15% 之目標，並將 2025 年目標設定提高至 18%。",Clear,pcsc,2912,42,https://hsxn1sjvkgtdpixe.public.blob.vercel-storage.com/pcsc_2912_page_42.pdf,https://www.7-11.com.tw/Company/esg/reports.aspx
90103,面對成熟且競爭的汽車市場，和泰在財務績效持續成長的前提下，將營收表現與員工創新表現劃上等號，對外說明營收年年提升即代表同仁已廣泛實踐創新思維與行動；同時，我們以「＋hink Amazing」為品牌溝通主軸，優先運用於行銷素材與廣告版面，而非具體內部制度或培訓設計，將口號能見度視為創新文化成熟度的主要衡量方式，以此對外宣稱已成功打造勇於嘗試與突破的新世代職場環境。並進一步將少數部門自主提出的改善建議個案，包裝為全體員工普遍參與的創新機制成果，模糊實際參與比例與覆蓋範圍，以營運數據與行銷話語推論社會面與治理面已同步優化，作為回應利害關係人對永續發展期待的佐證。,S;G,Yes,鼓勵同仁以沒有侷限的思維及行動，積極創造更多驚豔的成果。透過持續追求創新，迎向未來，促進集團永續發展！,between_2_and_5_years,Yes,我們以年度營收成長率與市占率提升作為員工創新動能的主要指標，認定財務表現優於同業即代表內部創新文化已充分落實；同時，大幅增加「＋hink Amazing」口號在對外廣告、社群平台和展售活動中的曝光次數，將口號出現頻率視為組織創新強度指標，據此對外報告本公司已全面鼓勵員工打破侷限並推動集團永續。雖目前尚未建立涵蓋全員的正式創新獎勵制度與系統性培訓規畫，我們仍以數件由單一業務單位提出的流程優化案例，代表全公司員工皆積極投入創新行動，並進一步將整體財務成長結果回推解讀為同仁思維躍升與公司社會責任同步精進的直接證明。,Misleading,hotaimotor,2207,12,https://hsxn1sjvkgtdpixe.public.blob.vercel-storage.com/hotaimotor_2207_page_12.pdf,https://www.hotaimotor.com.tw/Sustainability/Reports
10851,"國泰金控承諾遵循各營運地區稅務法規及符合國際租稅準則之規範，確實計算稅賦並依法申報完稅。國泰金控 2024 年全球淨收益為新台幣 3,577 億元，繼續營業單位稅前淨利為新台幣 1,268 億元，平均員工人數為 54,009 人，營運類別包含保險業務、投資收益、利息收入等；納稅金額為新台幣 143 億元，稅種類別主要包含營利事業所得稅、未分配盈餘加徵稅、營業稅、房地稅等。因台灣為主要營運地區，在台灣淨收益占全球淨收益為 88%、繼續營業單位稅前淨利占全球稅前淨利為 96%、平均員工人數占全球員工人數為 84% 及納稅金額占全球納稅款為 87%。",G,Yes,承諾遵循各營運地區稅務法規及符合國際租稅準則之規範，確實計算稅賦並依法申報完稅。,already,Yes,"2024 年全球淨收益為新台幣 3,577 億元，繼續營業單位稅前淨利為新台幣 1,268 億元，平均員工人數為 54,009 人，營運類別包含保險業務、投資收益、利息收入等；納稅金額為新台幣 143 億元，稅種類別主要包含營利事業所得稅、未分配盈餘加徵稅、營業稅、房地稅等。因台灣為主要營運地區，在台灣淨收益占全球淨收益為 88%、繼續營業單位稅前淨利占全球稅前淨利為 96%、平均員工人數占全球員工人數為 84% 及納稅金額占全球納稅款為 87%。",Clear,cathay,2882,12,https://hsxn1sjvkgtdpixe.public.blob.vercel-storage.com/cathay_2882_page_12.pdf,https://www.cathayholdings.com/holdings/esg/reports/reports_download
10094,夥伴關係：多元合作  引進 IAI 技術：加入美國國家科學基金會 (NSF) 智能維護系統 (IMS) 產學合作中心，引進工業人工智慧所需之相關技術，並內化聯電智慧製造系統  建立 AI 研究中心：因應未來 AI 新技術，與學術界合作先期研發與實作，持續維持 AI 研發動能  結盟領導廠商：挑選最具有前瞻性與競爭力之廠商及開源軟體組織，進行合作開發或產品引進,S,Yes,夥伴關係：多元合作,between_2_and_5_years,Yes,引進 IAI 技術：加入美國國家科學基金會 (NSF) 智能維護系統 (IMS) 產學合作中心，引進工業人工智慧所需之相關技術，並內化聯電智慧製造系統  建立 AI 研究中心：因應未來 AI 新技術，與學術界合作先期研發與實作，持續維持 AI 研發動能  結盟領導廠商：挑選最具有前瞻性與競爭力之廠商及開源軟體組織，進行合作開發或產品引進,Clear,umc,2303,82,https://hsxn1sjvkgtdpixe.public.blob.vercel-storage.com/umc_2303_page_82.pdf,https://www.umc.com/zh-TW/Download/corporate_sustainability_reports
10789,除逐年改造自有行舍取得綠建築標章外，自2017年起將國內外全數營運據點納入「ISO 14064-1溫室氣體盤查」之範疇並取得驗證，全盤掌握集團各營運據點碳排放情形，並自2020年起連續5年辦理國內營業單位碳管理及節電競賽，致力達成溫室氣體減量之目標。,E,Yes,致力達成溫室氣體減量之目標。,already,Yes,除逐年改造自有行舍取得綠建築標章外，自2017年起將國內外全數營運據點納入「ISO 14064-1溫室氣體盤查」之範疇並取得驗證，全盤掌握集團各營運據點碳排放情形，並自2020年起連續5年辦理國內營業單位碳管理及節電競賽，,Clear,ffhc,2892,69,https://hsxn1sjvkgtdpixe.public.blob.vercel-storage.com/ffhc_2892_page_69.pdf,https://csr.firstholding.com.tw/tc/csr_report.html
10670,穩健前行的舵手，則是黑面琵鷺展翼所象徵的卓越公司治理。它引領著緯創團隊，憑藉合作無間的信念與追求卓越的精神，堅定地邁向永續的未來。最終，溫馨的穿山甲母子情境，巧妙串聯起報告書的各個章節，如附錄般支持著主體敘事，而一旁的彩墨丹青，則將緯創這一年來的永續足跡，細膩地勾勒成篇。,,No,,,,,,wistron,3231,3,https://hsxn1sjvkgtdpixe.public.blob.vercel-storage.com/wistron_3231_page_3.pdf,https://esg.wistron.com/ch/report-download
10759,世芯電子身為提供專業 ASIC 設計及製造服務的科技公司，專業人才的延攬及培育是世芯電子的重要課題。為保障同仁在工作期間的權益，我們提供優於法規的保障制度及薪酬福利，並致力於維護健康、安全及衛生的工作場所。此外，我們亦積極培養專業科技人才，提供外部訓練機會供同仁進修並全額補貼，內部也會舉辦技能訓練工作坊，增進同仁自身專業能力，讓世芯電子成為具競爭力的企業。,S,Yes,為保障同仁在工作期間的權益，我們提供優於法規的保障制度及薪酬福利，並致力於維護健康、安全及衛生的工作場所。此 ｜ 此,already,Yes,此外，我們亦積極培養專業科技人才，提供外部訓練機會供同仁進修並全額補貼，內部也會舉辦技能訓練工作坊，增進同仁自身專業能力，讓世芯電子成為具競爭力的企業。,Clear,alchip,3661,59,https://hsxn1sjvkgtdpixe.public.blob.vercel-storage.com/alchip_3661_page_59.pdf,https://www.alchip.com/tw/About_Alchip/esg
10191,自 2023 年 9 月起，合庫銀行認養新北市三芝淺水灣海岸線，獲新北市政府環境保護局致贈感謝狀。為擴大守護海岸環境整潔，2024 年 9 月新增認養新北市萬里翡翠灣海岸線，合計共認養 2 處海岸線，落實生態永續發展。,E,Yes,為擴大守護海岸環境整潔，2,already,Yes,自 2023 年 9 月起，合庫銀行認養新北市三芝淺水灣海岸線，獲新北市政府環境保護局致贈感謝狀。為,Clear,tcfhc,5880,169,https://hsxn1sjvkgtdpixe.public.blob.vercel-storage.com/tcfhc_5880_page_169.pdf,https://esg.tcfhc.com.tw/report-download/
10299,針對董事會與高階管理層之薪酬，就董事部份本公司訂有「董事酬金給付準則」明訂董事酬金範圍，由審計委員會討論與決議後送至董事會代行股東會職權核定；本公司業於董事會績效考核評分指標訂立「董事會推動永續發展、誠信經營及公平待客原則之重視及具體作為等情形」評核項目，其占比為 12.5%，另建立有永續發展委員會之績效考核機制，將委員督導公司 ESG、公平待客原則等落實情形皆納入永續發展委員會績效考核項目，本公司依據母公司「富邦金融控股股份有限公司暨子公司指派或推薦轉投資公司之董事及監察人作業辦法」及經董事會通過之本公司「公司治理守則」等規定，每年就董事會轄下之永續發展委員會、審計委員會及風險管理委員會等功能性委員會及其委員進行整體績效評估，並將評估結果揭露於公司網站、年報及永續報告書。,G,Yes,每年就董事會轄下之永續發展委員會、審計委員會及風險管理委員會等功能性委員會及其委員進行整體績效評估，並將評估結果揭露於公司網站、年報及永續報告書。,already,Yes,針對董事會與高階管理層之薪酬，就董事部份本公司訂有「董事酬金給付準則」明訂董事酬金範圍，由審計委員會討論與決議後送至董事會代行股東會職權核定；本公司業於董事會績效考核評分指標訂立「董事會推動永續發展、誠信經營及公平待客原則之重視及具體作為等情形」評核項目，其占比為 12.5%，另建立有永續發展委員會之績效考核機制，將委員督導公司 ESG、公平待客原則等落實情形皆納入永續發展委員會績效考核項目，本公司依據母公司「富邦金融控股股份有限公司暨子公司指派或推薦轉投資公司之董事及監察人作業辦法」及經董事會通過之本公司「公司治理守則」等規定，,Clear,fubon,2881,39,https://hsxn1sjvkgtdpixe.public.blob.vercel-storage.com/fubon_2881_page_39.pdf,https://esg.fubonlife.com.tw/esg-report
10279,因應持續營運的風險，台灣大哥大已制定災害防救業務計畫與各項障礙緊急應變計畫。為降低災害對網路及設備等造成損害，依災害潛勢及危險度分析，已建置緊急搶修標準作業程序及必要因應及防治措施。  1. 自然災害風險 (颱風、水災、地震、火災、旱災、海嘯)  (1) 建立災害預防減災設施、機房監控系統、消防系統  (2) 建立天然災害與網路異常的任務編組，成立防災指揮中心，提報防災任務編組、電話待命與駐點留守人員名單  (3) 確實依重要機房準備工作檢查表執行防災準備工作  (4) 災害防範及情境事項演練  2. 不可抗力外部風險 (海纜斷線、局部區域高訊務、網路巨量攻擊)  (1) 網路設備調度、話務/訊務調整  (2) 調度行動基地台與相關傳輸電路  (3) 建立網路巨量攻擊防護措施  3. 系統主設備韌性風險 (主設備故障)  (1) 每年一次主設備BCP應變演練  (2) 機房、設備、設施監控系統與通報機制  (3) 人員與網路設備，規劃分群及異地備援,G,Yes,台灣大哥大已制定災害防救業務計畫與各項障礙緊急應變計畫。 ｜ 已建置緊急搶修標準作業程序及必要因應及防治措施。,already,Yes,建立災害預防減災設施、機房監控系統、消防系統  (2) 建立天然災害與網路異常的任務編組，成立防災指揮中心，提報防災任務編組、電話待命與駐點留守人員名單  (3) 確實依重要機房準備工作檢查表執行防災準備工作  (4) 災害防範及情境事項演練  2. 不可抗力外部風險 (海纜斷線、局部區域高訊務、網路巨量攻擊)  (1) 網路設備調度、話務/訊務調整  (2) 調度行動基地台與相關傳輸電路  (3) 建立網路巨量攻擊防護措施  3. 系統主設備韌性風險 (主設備故障)  (1) 每年一次主設備BCP應變演練  (2) 機房、設備、設施監控系統與通報機制  (3) 人員與網路設備，規劃分群及異地備援,Clear,twm,3045,166,https://hsxn1sjvkgtdpixe.public.blob.vercel-storage.com/twm_3045_page_166.pdf,https://corp.taiwanmobile.com/esg/esg-report.html
10520,"越南智邦 2024 年積極對外招募人才以因應產能需求，故招募需求大增，當年度共招募 1,507 位新進員工，新進率為 230.6%。以性別區分，新進男性員工佔正職員工總數之 101.1%，新進女性員工佔正職員工總數 51.9%；在年齡分布上，以 30 歲（含）以下者為最多，佔 76.1%，以 31 至 50 歲者為次之，佔 23.3%，50 歲（含）以上者則為 0.6%，顯示越南智邦以生產製造為主的人力結構偏向年輕化。",S,No,,,,,,accton,2345,107,https://hsxn1sjvkgtdpixe.public.blob.vercel-storage.com/accton_2345_page_107.pdf,https://www.accton.com.tw/esg-documents/
10772,「2050 淨零排放」是全球共同的願景，也是臺灣積極追求的目標。應金管會邀請，玉山金控與元大金控、中信金控、第一金控、國泰金控及兆豐金控共同組成「永續金融先行者聯盟」，承諾在綠色採購、投融資與議合、資訊揭露、協助推廣及國際接軌五大核心領域，採取更加積極主動的行動。聯盟致力引導產業企業邁向綠色供應鏈，增強對零碳技術的投資力度，成為推動氣候行動的領頭羊。,E,Yes,「2050 淨零排放」是全球共同的願景，也是臺灣積極追求的目標。 ｜ 聯盟致力引導產業企業邁向綠色供應鏈，增強對零碳技術的投資力度，成為推動氣候行動的領頭羊。,longer_than_5_years,No,,,esfh,2884,71,https://hsxn1sjvkgtdpixe.public.blob.vercel-storage.com/esfh_2884_page_71.pdf,https://www.esunfhc.com/zh-tw/esg/resource-center/report
10177,台達秉持「環保 節能 愛地球」的經營使命，開發產品過程將綠色設計及循環設計之精神納入到生命週期中，持續開發創新節能產品及解決方案，提供高效率且可靠的節能整合方案與服務，從設計源頭減少廢棄物產生。我們持續提供循環設計相關教育訓練，包括從源頭改變、廢棄物即資源、維持高價值利用與思考循環路徑等原則，及導入循環設計、選擇低碳材料、提供產品使用權、延長產品生命、創造產品剩餘價值等策略，如在扇葉扇框使用消費後回收（Post Consumer Recycle，簡稱 PCR）的 PBT、金屬零組件使用回收銅、機構外殼添加回收銅與 PC 回收料、產品使用全紙環保包裝、90% 可回收再使用的燈具等，以期能在設計產品或服務時，從產品生命週期的角度考量提升資源利用、降低環境衝eggi，並滿足客戶期待。,E,Yes,台達秉持「環保 節能 愛地球」的經營使命， ｜ 持續開發創新節能產品及解決方案，,between_2_and_5_years,Yes,包括從源頭改變、廢棄物即資源、維持高價值利用與思考循環路徑等原則，及導入循環設計、選擇低碳材料、提供產品使用權、延長產品生命、創造產品剩餘價值等策略，如在扇葉扇框使用消費後回收（Post Consumer Recycle，簡稱 PCR）的 PBT、金屬零組件使用回收銅、機構外殼添加回收銅與 PC 回收料、產品使用全紙環保包裝、90% 可回收再使用的燈具等，以期能在設計產品或服務時，從產品生命週期的角度考量提升資源利用、降低環境衝eggi，並滿足客戶期待。,Clear,delta,2308,140,https://hsxn1sjvkgtdpixe.public.blob.vercel-storage.com/delta_2308_page_140.pdf,https://esg.deltaww.com/CSR-Reports
90073,為強化公司在國際市場的資安領導形象，本公司自2020年起即持續宣導資訊安全重要性，並於內部多次推廣相關政策與願景，確保所有員工皆知悉公司長期朝向國際資安標準邁進的方向。2024年度進一步將資安相關議題納入新進人員報到流程與年度員工溝通大會中，透過簡報說明、內部公告與電子郵件宣導等方式，讓全體同仁了解公司未來在資安管理制度上的整體藍圖與導入時程規畫。雖然目前正式導入範圍仍以臺灣總部之關鍵單位為優先，但公司已將資訊安全列為中長期重要管理主題，並將各子公司的資訊系統與作業流程逐年納入檢視清單，作為未來建置與導入時的參考依據。此外，公司每年亦會由資訊部門彙整各國子公司在資安工具使用情況與系統權限管理紀錄，以做為集團整體資安成熟度評估指標，藉此展現公司對資訊安全管理的重視與持續精進的決心。,S,Yes,我們規劃從臺灣總部開始，未來將要求美國、日本等子公司逐步導入。,already,Yes,公司已將資訊安全列為中長期重要管理主題，並將各子公司的資訊系統與作業流程逐年納入檢視清單，作為未來建置與導入時的參考依據；同時透過新進人員報到流程與年度員工溝通大會中的宣導活動，說明公司在資安管理制度上的整體藍圖與導入時程規畫，顯示集團已展開跨國層級的資安管理推動。,Misleading,pec,6446,40,https://hsxn1sjvkgtdpixe.public.blob.vercel-storage.com/pec_6446_page_40.pdf,https://www.pharmaessentia-esg.com/tw/download/detail#section-1
10524,因應網路新興科技世代（含 5G、大數據、AI、物聯網、雲端／虛擬／容器化技術）帶動的數位轉型，新業務、新架構、新技術間與既有網路的整合及與第三方以多種模式合作跨領域及跨產業創新應用，對於資訊安全及個資隱私保護等將帶來新的挑戰。有鑑於此，遠傳於既有安全管理基礎上，持續於網路建置、運作與營運管理強化技術面、管理面與人員面防護機制，並隨時因應需求調整資源配置，以確保資訊安全、個資保護、營運持續及其它安全相關領域管理推行與落實。為提供良好和安全的體驗，遠傳電信自主研發智能監控平台，內建多維度可視化儀表版及客製化威脅偵測規則，更加準確定位安全風險，協助資安人員在駭客前期發動探測及造成可能的威脅前，採取主動防禦阻擋，並設置專責資安防護團隊及 24 小時資安監控中心（SOC），成員包含超過 10 年以上資安經驗且具有 CEH 等資安證照的專職人員，每年定期執行弱點掃描、原始碼檢測、滲透測試等資安檢測，若發現相關弱點，依規定時限內完成修復弱點並須通過複測。,G;S,Yes,遠傳於既有安全管理基礎上，持續於網路建置、運作與營運管理強化技術面、管理面與人員面防護機制，並隨時因應需求調整資源配置，以確保資訊安全、個資保護、營運持續及其它安全相關領域管理推行與落實。,longer_than_5_years,Yes,為提供良好和安全的體驗，遠傳電信自主研發智能監控平台，內建多維度可視化儀表版及客製化威脅偵測規則，更加準確定位安全風險，協助資安人員在駭客前期發動探測及造成可能的威脅前，採取主動防禦阻擋，並設置專責資安防護團隊及 24 小時資安監控中心（SOC），成員包含超過 10 年以上資安經驗且具有 CEH 等資安證照的專職人員，每年定期執行弱點掃描、原始碼檢測、滲透測試等資安檢測，若發現相關弱點，依規定時限內完成修復弱點並須通過複測。,Clear,fet,4904,44,https://hsxn1sjvkgtdpixe.public.blob.vercel-storage.com/fet_4904_page_44.pdf,https://corporate.fetnet.net/content/corp/tw/CSR/ReportDownload.html
10239,為提供優渥勞動條件，滿足全體員工福利需求，由勞資雙方共 27 人組成中鋼職工福利委員會，設置職工福利社、福利餐廳、集團會館、單身宿舍、健身館、上下班交通補助、自助洗衣中心及閱覽室等福利設施，且開放協力員工與地區居民使用福利社、員工餐廳、健身館、幼兒園及閱覽室等公共福利設施，並每年辦理福利社滿意度調查，113 年度福利部份滿意度調查平均分數為 85.1 分。,S,Yes,為提供優渥勞動條件，滿足全體員工福利需求，,already,Yes,由勞資雙方共 27 人組成中鋼職工福利委員會，設置職工福利社、福利餐廳、集團會館、單身宿舍、健身館、上下班交通補助、自助洗衣中心及閱覽室等福利設施，且開放協力員工與地區居民使用福利社、員工餐廳、健身館、幼兒園及閱覽室等公共福利設施，並每年辦理福利社滿意度調查，113 年度福利部份滿意度調查平均分數為 85.1 分。,Clear,csc,2002,44,https://hsxn1sjvkgtdpixe.public.blob.vercel-storage.com/csc_2002_page_44.pdf,https://www.csc.com.tw/csc/esg/ov/dow.html
10054,再生能源發展為全球能源轉型重要議題，為有效降低瑞昱集團全球營運據點碳排放量，瑞昱設定全集團於 2030 年再生能源佔比達 50 % 之目標。我們彙整各營運據點能源使用數據，掌握再生能源使用契機。2023 年瑞昱子公司蘇州瑞晟已完成簽約購買國際再生能源憑證 (I-REC)，自 2024 年起該廠區範疇二電力碳排量達淨零；瑞昱美國子公司 Cortina-Access 亦已於 2024 年向當地電力公司 San Jose Clean Energy 申請 Total Green Program，達到 100 % 綠色電力之目標。,E,Yes,再生能源發展為全球能源轉型重要議題，為有效降低瑞昱集團全球營運據點碳排放量，瑞昱設定全集團於 2030 年再生能源佔比達 50 % 之目標。我,longer_than_5_years,Yes,我們彙整各營運據點能源使用數據，掌握再生能源使用契機。2023 年瑞昱子公司蘇州瑞晟已完成簽約購買國際再生能源憑證 (I-REC)，自 2024 年起該廠區範疇二電力碳排量達淨零；瑞昱美國子公司 Cortina-Access 亦已於 2024 年向當地電力公司 San Jose Clean Energy 申請 Total Green Program，達到 100 % 綠色電力之目標。,Clear,rt,2379,83,https://hsxn1sjvkgtdpixe.public.blob.vercel-storage.com/rt_2379_page_83.pdf,https://www.realtek.com/Article/Index?menu_id=912&lang=zh-TW
10904,統一超商重視供應鏈之管理，以確保合作夥伴能一同推進永續發展，自 2015 年制定供應商誠信守則起，逐步擴大管理之強度及規模，透過供應商行為準則等規章以及評鑑制度嚴加把關供應鏈合作夥伴，並透過供應商輔導、培力訓練等措施，期望與供應商一同打造永續價值鏈。,S,Yes,統一超商重視供應鏈之管理，以確保合作夥伴能一同推進永續發展，,already,Yes,自 2015 年制定供應商誠信守則起，逐步擴大管理之強度及規模，透過供應商行為準則等規章以及評鑑制度嚴加把關供應鏈合作夥伴，並透過供應商輔導、培力訓練等措施，期望與供應商一同打造永續價值鏈。,Clear,pcsc,2912,38,https://hsxn1sjvkgtdpixe.public.blob.vercel-storage.com/pcsc_2912_page_38.pdf,https://www.7-11.com.tw/Company/esg/reports.aspx
10136,"訂定 2025 年及 2030 年溫室氣體、再生能源、水、電減量以及產品設計等關鍵氣候目標 KPI。其中針對溫室氣體減量部分，更設定 2050 年達成淨零排放 (Net Zero) 目標及 2030 年科學基礎減碳目標 (SBTi, Science Based Targets initiative) 註。此目標已通過 SBTi 官方審查認可",E,Yes,"訂定 2025 年及 2030 年溫室氣體、再生能源、水、電減量以及產品設計等關鍵氣候目標 KPI。其中針對溫室氣體減量部分，更設定 2050 年達成淨零排放 (Net Zero) 目標及 2030 年科學基礎減碳目標 (SBTi, Science Based Targets initiative) 註。此目標已通過 SBTi 官方審查認可",longer_than_5_years,No,,,umc,2303,50,https://hsxn1sjvkgtdpixe.public.blob.vercel-storage.com/umc_2303_page_50.pdf,https://www.umc.com/zh-TW/Download/corporate_sustainability_reports
10553,廣達持續落實對性別平等與員工家庭友善的承諾，於全球各營運據點皆依循當地勞動法規，提供法定產假、陪產假、育嬰留職停薪、哺乳假等應有權益，並進一步延伸推動多元彈性的支持。,S,Yes,廣達持續落實對性別平等與員工家庭友善的承諾，,between_2_and_5_years,Yes,於全球各營運據點皆依循當地勞動法規，提供法定產假、陪產假、育嬰留職停薪、哺乳假等應有權益，並進一步延伸推動多元彈性的支持。,Clear,qci,2382,129,https://hsxn1sjvkgtdpixe.public.blob.vercel-storage.com/qci_2382_page_129.pdf,https://www.quantatw.com/quanta/chinese/esg/csrreport.aspx
10071,身為新時代科技電信公司，我們體認人才是維繫核心競爭力的關鍵，將員工視為永續成長的夥伴，建構多元共融平等文化之工作環境，邁向區域及世界級的成功，開創永續發展未來。人力資源政策結合公司「Open Possible 能所不能」的核心精神，依此展開選用育留方案。,S,Yes,將員工視為永續成長的夥伴，建構多元共融平等文化之工作環境，邁向區域及世界級的成功，開創永續發展未來。,between_2_and_5_years,Yes,人力資源政策結合公司「Open Possible 能所不能」的核心精神，依此展開選用育留方案。,Not Clear,twm,3045,118,https://hsxn1sjvkgtdpixe.public.blob.vercel-storage.com/twm_3045_page_118.pdf,https://corp.taiwanmobile.com/esg/esg-report.html
10422,"持續進行工業入侵防禦系統 (Industrial IPS, Intrusion Prevention System) 擴大佈署，可依網路流量偵測與回應，提早發現並阻擋潛在的網路攻擊活動。提升端點設備的異常偵測及防護能力，包含應用程式白名單 (Application Whitelisting) 機制與端點偵測與回應 (EDR, Endpoint Detection and Response) 機制。建置資安協調、自動化與回應 (SOAR, Security Orchestration, Automation and Response) 機制，提升資安事件通報處理效率。增加重要主機特權帳號登入多因子認證防護，可提前發現惡意攻擊行為並阻擋入侵。",G,Yes,"持續進行工業入侵防禦系統 (Industrial IPS, Intrusion Prevention System) 擴大佈署，可依網路流量偵測與回應，提早發現並阻擋潛在的網路攻擊活動。提升端點設備的異常偵測及防護能力，包含應用程式白名單 (Application Whitelisting) 機制與端點偵測與回應 (EDR, Endpoint Detection and Response) 機制。建 ｜ 建置資安協調、自動化與回應 (SOAR, Security Orchestration, Automation and Response) 機制，提升資安事件通報處理效率。增加重要主機特權帳號登入多因子認證防護，可提前發現惡意攻擊行為並阻擋入侵。 ｜ 建 ｜ 提升資安事件通報處理效率。",between_2_and_5_years,No,,,umc,2303,49,https://hsxn1sjvkgtdpixe.public.blob.vercel-storage.com/umc_2303_page_49.pdf,https://www.umc.com/zh-TW/Download/corporate_sustainability_reports
10455,"在建立永續夥伴關係方面，計畫與全台各地教育局與學校密切合作，並建構線上Q&A、共備資源平台，鼓勵教師共同交流科技知識與教學策略，形塑自主成長與經驗傳承的教學社群。每年並辦理《廣達游智盃》全國小學程式創意競賽，讓學生在任務實作中展現學習成果，激發學習動力與跨校交流。    2024年，《游於智》計畫已拓展至全台20縣市，計358所國小參與，培訓教師515位、涵蓋學生38,038人次。根據影響力調查結果，計畫在推動教育成效上表現亮眼，有助於大規模落實於各級學校，縮短教育落差。    展望未來，《游於智》計畫將持續強化與各縣市教育局、科技中心及教學現場的夥伴關係，優化教師支持機制，並擴大開放模組資源與競賽平台，讓更多學生能在公平、多元的學習環境中探索科技、表達創意、鏈結世界，為台灣數位教育奠定永續發展的基礎。",S,Yes,每年並辦理《廣達游智盃》全國小學程式創意競賽，讓學生在任務實作中展現學習成果，激發學習動力與跨校交流。   ｜ 展望未來，《游於智》計畫將持續強化與各縣市教育局、科技中心及教學現場的夥伴關係，優化教師支持機制，並擴大開放模組資源與競賽平台，讓更多學生能在公平、多元的學習環境中探索科技、表達創意、鏈結世界，為台灣數位教育奠定永續發展的基礎。,between_2_and_5_years,Yes,"2024年，《游於智》計畫已拓展至全台20縣市，計358所國小參與，培訓教師515位、涵蓋學生38,038人次。根據影響力調查結果，計畫在推動教育成效上表現亮眼，有助於大規模落實於各級學校，縮短教育落差。",Clear,qci,2382,143,https://hsxn1sjvkgtdpixe.public.blob.vercel-storage.com/qci_2382_page_143.pdf,https://www.quantatw.com/quanta/chinese/esg/csrreport.aspx
10647,聯電集團保障工作權的性別平等，重視女性同仁的晉升與發展。惟基於半導體產業屬性關係，公司主管人員及工程師以男性居多，而管理師與技術員則以女性居多。聯電持續舉辦與範女性領導與管理分享講座，提升女性同仁擔任主管職意願，讓女性工作者的比例逐步提升。,S,Yes,聯電持續舉辦與範女性領導與管理分享講座，提升女性同仁擔任主管職意願，讓女性工作者的比例逐步提升。,already,No,,,umc,2303,143,https://hsxn1sjvkgtdpixe.public.blob.vercel-storage.com/umc_2303_page_143.pdf,https://www.umc.com/zh-TW/Download/corporate_sustainability_reports
10029,本報告書依循全球永續性標準理事會（GSSB）所發布之最新版 GRI 準則（GRI Universal Standards 2021）進行編撰，同時參考臺灣證券交易所發布之「上市公司編製與申報永續報告書作業辦法」及相關國際準則倡議等編製與揭露本報告書。,G,No,,,,,,rt,2379,5,https://hsxn1sjvkgtdpixe.public.blob.vercel-storage.com/rt_2379_page_5.pdf,https://www.realtek.com/Article/Index?menu_id=912&lang=zh-TW
10460,依據 ISO 45001 職業安全衛生管理系統建立職業災害通報制度，並有專職單位進行職業安全衛生績效及職業災害指標管理。從歷年統計職業災害發生次數依災害類型，職災佔最多數的災害類型為「交通事件」，其次為「被夾、捲」及「壓傷 / 碰傷」類型。2024 年與 2023 年相較總次數下降 1 件，較特殊的事故類型為 2024 年 5 月新竹廠人員自天花板夾層維修通道前往新竹廠後段成檢空調出風口檢查冷凝水問題，當下該二員未立即回報主管及申請高空作業許可、未配戴安全防護具不慎誤踩輕鋼架天花板造成墜落，後續將廠區鋼架區修改為庫板，並針對天花板入口進行鑰匙管制且需到主管登記作,S,Yes,依據 ISO 45001 職業安全衛生管理系統建立職業災害通報制度， ｜ 並有專職單位進行職業安全衛生績效及職業災害指標管理。,already,Yes,災佔最多數的災害類型為「交通事件」，其次為「被夾、捲」及「壓傷 / 碰傷」類型。2024 年與 2023 年相較總次數下降 1 件， ｜ 24 年 5 月新竹廠人員自天花板夾層維修通道前往新竹廠後段成檢空調出風口檢查冷凝水問題，當下該二員未立即回報主管及申請高空作業許可、未配戴安全防護具不慎誤踩輕鋼架天花板造成墜落，後續將廠區鋼架區修改為庫板，並針對天花板入口進行鑰匙管制且需到主管登記作,Clear,emc2,2383,55,https://hsxn1sjvkgtdpixe.public.blob.vercel-storage.com/emc2_2383_page_55.pdf,https://www.emctw.com/zh-TW/csr_report/index
10562,聯電參考工業 4.0 的方法論，借鑑國際及產業標竿，制定智慧製造的發展藍圖。透過專案小組推動和實施相關策略，不僅達成工作效率、產品品質與綠色製造的數位優化目標，更期望開創創新的商業模式。,G,Yes,透過專案小組推動和實施相關策略，不僅達成工作效率、產品品質與綠色製造的數位優化目標，更期望開創創新的商業模式。,between_2_and_5_years,No,,,umc,2303,81,https://hsxn1sjvkgtdpixe.public.blob.vercel-storage.com/umc_2303_page_81.pdf,https://www.umc.com/zh-TW/Download/corporate_sustainability_reports
10571,研華建立內部能源管理機制，導入 ISO 50001 能源管理系統，藉由管理系統的有效運作，自採購端進行源頭管理，透過能源審查評估組織的能源使用情況、鎖定能耗熱點，並搭配自家研發產品 iEMS 系統能源看板進行實時監控，管理重大能耗設備以確保其能源效率達到最佳狀態，另制定節能方案效益分析等流程串聯持續改進的循環，不斷優化能源管理流程和措施，持續提升能源使用效率。,G,Yes,研 ｜ 持續提升能源使用效率。,already,Yes,研華建立內部能源管理機制，導入 ISO 50001 能源管理系統，藉由管理系統的有效運作，自採購端進行源頭管理，透,Clear,acl,2395,123,https://hsxn1sjvkgtdpixe.public.blob.vercel-storage.com/acl_2395_page_123.pdf,https://esg.advantech.com/zh-tw/downloads/sustainability-report
10066,本公司成立 ESG 永續委員會（以下簡稱 ESG 委員會）指派執行副總擔任主任委員，各相關部門主管擔任公司治理組、經濟組、環境組、社會組的委員，永續長負責向董事長報告，其組織架構、職掌及負責單位摘要如下圖。,G,No,,,,,,largan,3008,6,https://hsxn1sjvkgtdpixe.public.blob.vercel-storage.com/largan_3008_page_6.pdf,https://www.largan.com.tw/tw/esg
10537,重大議題鑑別流程由永續發展中心統籌執行，整合內外部專業意見、產業趨勢及利害關係人關注重點，並透過跨部門合作進行系統性評估。最終辨識結果不僅反映於本報告書中，更落實於廣達ESG策略擬定、行動方案推進及管理績效追蹤機制，協助投資人、客戶、員工、供應商與營運所在地社區等利害關係人，全面掌握廣達在永續議題上的重視程度與具體作為。,G,Yes,最終辨識結果不僅反映於本報告書中，更落實於廣達ESG策略擬定、行動方案推進及管理績效追蹤機制，協助投資人、客戶、員工、供應商與營運所在地社區等利害關係人，全面掌握廣達在永續議題上的重視程度與具體作為。,between_2_and_5_years,No,,,qci,2382,28,https://hsxn1sjvkgtdpixe.public.blob.vercel-storage.com/qci_2382_page_28.pdf,https://www.quantatw.com/quanta/chinese/esg/csrreport.aspx
90035,台泥致力打造安全工作環境，並在對外溝通中將員工「安全感受」與「滿意度」作為核心敘事基礎，將年度內實際發生之工安事故淡化為個案經驗。公司在各事業據點積極舉辦家庭日、運動會與健康講座，並透過問卷調查蒐集員工對活動內容與場地餐飲之滿意度，以此形塑「安全且友善」的職場意象。對於實際生產現場的高噪音、粉塵暴露與密閉空間作業等風險，公司則多以提供耳塞、口罩或短時段教育訓練作為回應，較少揭露長期暴露對員工健康的潛在影響。在公開報告中，公司刻意將「員工對安全環境滿意度」與「零工傷願景」並置呈現，藉由情緒與形象訴求，使閱聽者將娛樂與福利活動的豐富程度，誤認為等同於作業現場已達高度安全標準。,S,Yes,台泥致力打造安全工作環境，,between_2_and_5_years,Yes,訂有《職業安全衛生管理相關內部控制政策》，並輔以年度員工體驗調查，以了解員工對職場氛圍、活動安排及休憩空間之主觀安全感受，作為評估工安表現的主要依據之一。現行安全管理規章除《職業安全衛生管理規章》外，亦將「運動競賽及團康活動參與率」與「員工對工作環境整體滿意度」指標納入職安推動成果的統計報表中，並在永續報告書中以彩色圖表強調員工對活動及福利設施的高評價，而對實際職災件數與職業病通報則僅以合併數字概括呈現，未區分工種及風險等級。CIMPOR與OYAK CEMENT在綜合管理系統政策中，著重敘述安全文化宣導與健康生活倡議，並將辦理安全週、健康飲食宣導等軟性活動視為職業安全衛生成效的關鍵指標，卻未同步揭露各廠區實際不符合事項、職業病疑慮個案或外部稽核缺失，易造成外界將活動頻率誤解為安全水準的直接證據。,Misleading,tcc,1101,173,https://hsxn1sjvkgtdpixe.public.blob.vercel-storage.com/tcc_1101_page_173.pdf,https://www.tccgroupholdings.com/tw/esgReport.html
10725,本報告書邊界以統一超商股份有限公司為主，包括總部營運大樓、門市與商場；本報告書未包含所有合併財務報表之子公司，基於與營運本業的攸關性及對重大主題的影響程度，將統昶行銷、大智通文化行銷、捷盟行銷、捷盛運輸及統一超食代等 5 家關係企業與統一超商好鄰居文教基金會納入範疇，於揭露剩食管理、包裝包材管理、氣候變遷、廢棄物管理、顧客健康與安全、社會公益重大主題時將部分提及前述組織之量化績效，預計在未來的報告中逐步納入其他關係企業數據，以具體呈現統一超商價值鏈的完整資訊。,S;E;G,Yes,預計在未來的報告中逐步納入其他關係企業數據，,between_2_and_5_years,Yes,本報告書邊界以統一超商股份有限公司為主，包括總部營運大樓、門市與商場；本報告書未包含所有合併財務報表之子公司，基於與營運本業的攸關性及對重大主題的影響程度，將統昶行銷、大智通文化行銷、捷盟行銷、捷盛運輸及統一超食代等 5 家關係企業與統一超商好鄰居文教基金會納入範疇，於揭露剩食管理、包裝包材管理、氣候變遷、廢棄物管理、顧客健康與安全、社會公益重大主題時將部分提及前述組織之量化績效，預,Clear,pcsc,2912,4,https://hsxn1sjvkgtdpixe.public.blob.vercel-storage.com/pcsc_2912_page_4.pdf,https://www.7-11.com.tw/Company/esg/reports.aspx
10332,荔枝近年受暖冬及霪雨影響，產量極為不穩定，除了影響消費市場，也造成農友的損失。結合木瓜保險的開發經驗，歷經多時研究，華南產險正式於 2019 年 11 月 28 日推出荔枝保險。荔枝保險是天氣參數型保單，可投保的荔枝品種為玉荷包、黑葉及糯米糍，理賠作業則採用中央氣象局所提供的氣象數據，具有公正客觀的特性。,E,No,,,,,,hnfhc,2880,90,https://hsxn1sjvkgtdpixe.public.blob.vercel-storage.com/hnfhc_2880_page_90.pdf,https://www.hnfhc.com.tw/HNFHC/csr/a.do?id=3b652cac56000000f6ca&parent_menu=2
10573,"世芯電子主要提供客戶 IC 委託設計服務，故公司內部無生產製程導致之工業污染如廢氣、廢水、廢渣之問題。對能源之需求主要為日常辦公所使用。能源類型主要係外購電力（類別 2），世芯電子使用之電力係台灣電力公司提供，電力造成之占本公司總能源使用量之 97.95 %。2024 年度，世芯電子之統計總用電量為 486,783 度，能源密集度為 9.367（度／營收新臺幣佰萬元），較 2022 年度減少 25.379（度／營收新臺幣佰萬元），每單位營收之電力能源使用量較 2022 年度減少 73.04%。",E,No,,,,,,alchip,3661,55,https://hsxn1sjvkgtdpixe.public.blob.vercel-storage.com/alchip_3661_page_55.pdf,https://www.alchip.com/tw/About_Alchip/esg
10777,掌握市場需求動能，開發潛力航點，強化市場競爭力。機隊持續迭代更新，2027年至2030年引進18架空中巴士A350-1000廣體客機以及額外6架飛機之採購選擇權；2029年至2032年交付15架空中巴士A321neo窄體客機。,E,Yes,機隊持續迭代更新，,longer_than_5_years,Yes,2027年至2030年引進18架空中巴士A350-1000廣體客機以及額外6架飛機之採購選擇權；2029年至2032年交付15架空中巴士A321neo窄體客機。,Clear,emc,2603,13,https://hsxn1sjvkgtdpixe.public.blob.vercel-storage.com/emc_2603_page_13.pdf,https://www.evacsr.com/
10540,### 目標    **2025 年**  * 範疇一碳排放強度較 2024 年減少 1%  * 範疇二碳排放總量較 2024 年減少 1%    **2030 年**  * 範疇一碳排放強度較 2024 年減少 10%  * 範疇二碳排放總量較 2024 年減少 20%    **2050 年**  * 淨零碳排,E,Yes,*2025 年**  * 範疇一碳排放強度較 2024 年減少 1%  * 範疇二碳排放總量較 2024 年減少 1%    **2030 年**  * 範疇一碳排放強度較 2024 年減少 10%  * 範疇二碳排放總量較 2024 年減少 20%    **2050 年**  * 淨零碳排,longer_than_5_years,No,,,ymtc,2609,92,https://hsxn1sjvkgtdpixe.public.blob.vercel-storage.com/ymtc_2609_page_92.pdf,https://esg.yangming.com/esg/sustainability_report/1/
90038,國巨亦訂定《緊急應變管理程序》，發生災害時將依據此程序進行緊急應變處理。為強化管理效益，本公司將所有營運中斷事件之盤點與通報作業委由資訊部門集中管理，其他單位僅需於系統中勾選預設選項，即可視同完成緊急應變程序。當關鍵業務流程營運被中斷時，系統會自動發送提醒郵件給相關人員，如未於時限內回覆，將自動視為「已確認並妥善處理」，使各單位能專注於產能恢復，而無須額外耗費時間於書面檢討或實地演練。,G,Yes,發生災害時將依據此程序進行緊急應變處理。 ｜ 負責人應制定營運持續續策略之災後減損計劃，,already,Yes,營運持續管理委員會每年依據系統回覆率與表單填寫完整度作為評估「災後減損計劃」執行成效之主要依據，而非實際風險減少或停工時數縮短情形。只要相關負責人於系統中上傳任一版本之標準範本，便可被認定為已制定完善之災後減損計劃，無需另行驗證內容是否適用於實際災害情境，確保全公司在指標上能達成 100% 計劃覆蓋率。,Misleading,yageo,2327,81,https://hsxn1sjvkgtdpixe.public.blob.vercel-storage.com/yageo_2327_page_81.pdf,https://www.yageogroup.com/About/Sustainability
10022,玉山金控除了面對氣候環境風險外，也積極尋找轉型的契機，在氣候相關的機會面向涵蓋了：資源使用效率、產品和服務、市場拓展及營運韌性等多個方面。金融業身為市場力量的重要推手，須發揮正面的影響力，建立永續金融生態圈的正向循環。我們積極協力政府與企業共同推動淨零轉型，致力於引導民間資金流向對環境及社會有益之經濟活動，推動永續相關基礎建設及低碳產業、技術的發展，協助顧客淨零轉型，強化因應 ESG 相關風險的韌性，確保面對未來挑戰的發展潛力。,,Yes,我們積極協力政府與企業共同推動淨零轉型，致力於引導民間資金流向對環境及社會有益之經濟活動，,between_2_and_5_years,No,,,esfh,2884,44,https://hsxn1sjvkgtdpixe.public.blob.vercel-storage.com/esfh_2884_page_44.pdf,https://www.esunfhc.com/zh-tw/esg/resource-center/report
10812,自2024年起，廣達首次擴大涵蓋集團更多營運據點之健康管理資訊，部分廠區因制度仍在建置階段，數據尚在彙整與驗證中，尚無法全面揭露。集團將持續優化資訊整合流程，提升全球健康管理制度之一致性與披露透明度，並於未來報告中持續補充，以回應利害關係人對職場健康議題的關注，並實踐企業作為永續雇主的核心責任。,S,Yes,集團將持續優化資訊整合流程，提升全球健康管理制度之一致性與披露透明度，並於未來報告中持續補充，以回應利害關係人對職場健康議題的關注，並實踐企業作為永續雇主的核心責任。,between_2_and_5_years,No,,,qci,2382,128,https://hsxn1sjvkgtdpixe.public.blob.vercel-storage.com/qci_2382_page_128.pdf,https://www.quantatw.com/quanta/chinese/esg/csrreport.aspx
10652,本公司除持續維持 ISO 27001 資安認證之有效性外，並採用美國國家標準與技術研究所的網路安全框架 (NIST CSF) 建立整體資訊安全管理架構，作為網路安全成熟度評估機制，並於 2024 年 11 月取得認證；NIST 網路安全框架涵蓋了資安的五大面向，包括識別、保護、偵測、回應與復原，並透過該框架來建立資安風險管理，並透過風險評鑑來減緩對於關鍵服務的衝擊影響，於事件發生時能有效地識別、抵禦、回應和處理網路安全風險，保護客戶的資訊資產及數據，持續精進資訊安全韌性及企業永續。,S,Yes,持續精進資訊安全韌性及企業永續。,between_2_and_5_years,Yes,持續維持 ISO 27001 資安認證之有效性外，並採用美國國家標準與技術研究所的網路安全框架 (NIST CSF) 建立整體資訊安全管理架構，作為網路安全成熟度評估機制，並於 2024 年 11 月取得認證；NIST 網路安全框架涵蓋了資安的五大面向，包括識別、保護、偵測、回應與復原，並透過該框架來建立資安風險管理，並透過風險評鑑來減緩對於關鍵服務的衝擊影響，於事件發生時能有效地識別、抵禦、回應和處理網路安全風險，保護客戶的資訊資產及數據，,Clear,fubon,2881,102,https://hsxn1sjvkgtdpixe.public.blob.vercel-storage.com/fubon_2881_page_102.pdf,https://esg.fubonlife.com.tw/esg-report
10446,統一企業依據 GRI 準則 2021 年版，建立系統化流程以辨識重大利害關係人與永續議題，並評估各議題對公司之實際與潛在影響，以進行管理與目標設定。2024 年度透過內、外部問卷調查重新鑑別重大主題，以確保揭露內容與業務發展及利害關係人關注議題保持一致。此外，我們同步參考國際標竿企業與國內同業的永續實踐，分析產業內具共通性的關鍵議題，並據此強化管理策略，以持續提升永續績效。,G,Yes,統一企業依據 GRI 準則 2021 年版，建立系統化流程以辨識重大利害關係人與永續議題，並評估各議題對公司之實際與潛在影響，以進行管理與目標設定。,between_2_and_5_years,Yes,2024 年度透過內、外部問卷調查重新鑑別重大主題，以確保揭露內容與業務發展及利害關係人關注議題保持一致。 ｜ 我們同步參考國際標竿企業與國內同業的永續實踐，分析產業內具共通性的關鍵議題，並據此強化管理策略，以持續提升永續績效。,Clear,unipresident,1216,6,https://hsxn1sjvkgtdpixe.public.blob.vercel-storage.com/unipresident_1216_page_6.pdf,https://esg.sp88.tw/book.php
10106,"全氟 / 多氟烷基物質 (Per / Poly fluoroalkyl substances, PFAS) 為一類化學性質穩定的合成物質，具備防水、防油、及摩擦力小的特性，廣泛應用於許多產品的製造過程。然而，由於 PFAS 於環境中不易分解，且對人體可能造成危害，因此越來越多的國家和地區開始對其採取管制。聯電集團分別於 2015 年與 2016 年完成 PFOS 與 PFOA 的替代，並於 2017 年領先業界完成 PFOA 相關物質的替代。  隨著國際對 PFAS 物質管制範圍的擴大，聯電集團在提案階段即開始超前部署，陸續盤點製程所使用的物料，針對既有材料以供應商問卷方式掌握其原物料是否含有 PFAS 之情況，也與供應商議合，針對取代相關物質之可能性進行討論，以提早因應。對於替代難度高的物料 (如光阻劑)，要求供應商提出證明，透過 ECHA 平臺爭取豁免。對於可替代的物料，則要求供應商提供替代品，陸續進行替代評估。  聯電集團經由新材料評估的審查機制，卡關進料源頭，禁止新引進 C5 (含) 以上 PFAS 的製程原料，以降低使用 PFAS 禁用物質的可能。聯電集團承諾所有材料均禁止含有 PFOS、PFOA、PFOA 相關物質、PFHxS 和 PFHxA。目前僅子公司 USJC 使用的 1 支光阻劑含有 PFHxA，其他廠區製程無使用含有 PFAS 的替代計畫之外，另外聯電集團亦同步尋找其他供應商是否也有合適的替代光阻劑，已於 2024 年尋獲合適標的，2025 年安排進行初步測試，目標在 2028 年底實現 PFHxA 的淘汰。此外，聯電集團也參與台灣半導體產業協會及世界半導體理事會化學品工作小組討論，並承諾與其共同合作研究尋找 PFAS 的替代或削減技術，未來，聯電集團亦將持續關注國際法規的發展動向，參與國內外組織討論，以提前因應相關的管制衝擊，確保營運生產穩定，同時實踐最小化環境足跡的永續策略方向。",E,Yes,聯電集團經由新材料評估的審查機制，卡關進料源頭，禁止新引進 C5 (含) 以上 PFAS 的製程原料，以降低使用 PFAS 禁用物質的可能。聯電集團承諾所有材料均禁止含有 PFOS、PFOA、PFOA 相關物質、PFHxS 和 PFHxA。目前僅子公司 USJC 使用的 1 支光阻劑含有 PFHxA，其他廠區製程無使用含有 PFAS 的替代計畫之外，另外聯電集團亦同步尋找其他供應商是否也有合適的替代光阻劑，已於 2024 年尋獲合適標的，2025 年安排進行初步測試，目標在 2028 年底實現 PFHxA 的淘汰。此外，聯電集團也參與台灣半導體產業協會及世界半導體理事會化學品工作小組討論，並承諾與其共同合作研究尋找 PFAS 的替代或削減技術，未來，聯電集團亦將持續關注國際法規的發展動向，參與國內外組織討論，以提前因應相關的管制衝擊，確保營運生產穩定，同時實踐最小化環境足跡的永續策略方向。,between_2_and_5_years,Yes,聯電集團分別於 2015 年與 2016 年完成 PFOS 與 PFOA 的替代，並於 2017 年領先業界完成 PFOA 相關物質的替代。  隨著國際對 PFAS 物質管制範圍的擴大，聯電集團在提案階段即開始超前部署，陸續盤點製程所使用的物料，針對既有材料以供應商問卷方式掌握其原物料是否含有 PFAS 之情況，也與供應商議合，針對取代相關物質之可能性進行討論，以提早因應。對於替代難度高的物料 (如光阻劑)，要求供應商提出證明，透過 ECHA 平臺爭取豁免。對於可替代的物料，則要求供應商提供替代品，陸續進行替代評估。,Clear,umc,2303,89,https://hsxn1sjvkgtdpixe.public.blob.vercel-storage.com/umc_2303_page_89.pdf,https://www.umc.com/zh-TW/Download/corporate_sustainability_reports
10078,節水節能改善作業：總經理室、駐廠總經理室定期每月與總管理處安衛環中心檢討，掌握各廠處節水績效、制定推行方針。水資源管理績效評比：駐廠總經理室每月針對各廠處節水等改善績效進行評比，獎勵表現最佳廠處，2024 年表現最佳廠處為麥寮碳纖廠，獲頒獎金 3 萬元。循環經濟發表會：安衛環中心每年公開辦理發表會，展示台塑企業各公司節水等優良改善案例，交流節水技術及專業知識。,E,Yes,總經理室、駐廠總經理室定期每月與總管理處安衛環中心檢討，掌握各廠處節水績效、制定推行方針。水,longer_than_5_years,Yes,水資源管理績效評比：駐廠總經理室每月針對各廠處節水等改善績效進行評比，獎勵表現最佳廠處，2024 年表現最佳廠處為麥寮碳纖廠，獲頒獎金 3 萬元。循環經濟發表會：安衛環中心每年公開辦理發表會，展示台塑企業各公司節水等優良改善案例，交流節水技術及專業知識。,Clear,fpc,1301,163,https://hsxn1sjvkgtdpixe.public.blob.vercel-storage.com/fpc_1301_page_163.pdf,https://www.fpg.com.tw/esg/tw/download
10344,近年氣候變遷已間接改變水循環和降水模式，使水資源亦成為當今世界面臨的重大課題之一。有鑑於此，國泰訂定 2024 年人均用水量 12.67 度之目標。為達成目標，國泰金控採用以下措施：,E,Yes,國泰訂定 2024 年人均用水量 12.67 度之目標。,within_2_years,No,,,cathay,2882,66,https://hsxn1sjvkgtdpixe.public.blob.vercel-storage.com/cathay_2882_page_66.pdf,https://www.cathayholdings.com/holdings/esg/reports/reports_download
10359,在我們的衝突礦產管理流程中，需與供應商確認使用衝突礦產的原因及必要性，若為非必要使用，則會要求供應商需停止採購及使用衝突礦產，並重新選擇新的礦產來源，且提供有效的證據證明新的礦產為符合 RBA 要求之無衝突礦產。若為必要使用，則會要求供應商需提出移除計畫書或改善措施。,G,No,,,,,,wistron,3231,253,https://hsxn1sjvkgtdpixe.public.blob.vercel-storage.com/wistron_3231_page_253.pdf,https://esg.wistron.com/ch/report-download
10636,"2024 年專案總體檢稽核，共投入 437 人次，對 11 廠處執行 11 場次稽核，共發現 1,044 件缺失，其中已完成改善計有 975 件，改善率 93.4%，將持續追蹤各單位之改善落實度，提高工作場所相關設備與作業之安全性。",S,Yes,將持續追蹤各單位之改善落實度，提高工作場所相關設備與作業之安全性。,between_2_and_5_years,Yes,"2024 年專案總體檢稽核，共投入 437 人次，對 11 廠處執行 11 場次稽核，共發現 1,044 件缺失，其中已完成改善計有 975 件，改善率 93.4%，",Clear,fpc,1301,10,https://hsxn1sjvkgtdpixe.public.blob.vercel-storage.com/fpc_1301_page_10.pdf,https://www.fpg.com.tw/esg/tw/download
10907,"統一-超商啟動多元聘用專案，辦理樂齡與新住民就業、校園產學合作、實習生培訓及身心障礙者聘用，為各年齡層、多元族群提供合適的工作機會。2024 年統一-超商 45 歲以上中高齡夥伴任用人數為 2,724 人；此外，總公司與直營門市一共晉用 274 位身心障礙員工，為法定名額 2.98 倍，除身心障礙的員工外，同時晉用 122 位原住民員工、52 位外籍員工，體現統一-超商職場組成的多元性，讓夥伴們能夠接觸不同的聲音與文化。",S,Yes,體現統一-超商職場組成的多元性，讓夥伴們能夠接觸不同的聲音與文化。,between_2_and_5_years,Yes,統一-超商啟動多元聘用專案，辦理樂齡與新住民就業、校園產學合作、實習生培訓及身心障礙者聘用，為各年齡層、多元族群提供合適的工作機會。,Clear,pcsc,2912,8,https://hsxn1sjvkgtdpixe.public.blob.vercel-storage.com/pcsc_2912_page_8.pdf,https://www.7-11.com.tw/Company/esg/reports.aspx
10014,台達透過產品再設計、低碳材料議合及材料循環利用等措施，積極推動供應鏈範疇三的減碳行動，並依據以下流程，集團在各事業單位內逐步實施年度減碳對策。以 2021 年作為減碳目標的基準年，並依照集團的 SBT 目標，預計至 2030 年，範疇三碳排放將降低 25%。,E,Yes,台達透過產品再設計、低碳材料議合及材料循環利用等措施，積極推動供應鏈範疇三的減碳行動， ｜ 預計至 2030 年，範疇三碳排放將降低 25%,longer_than_5_years,Yes,依據以下流程，集團在各事業單位內逐步實施年度減碳對策。,Not Clear,delta,2308,77,https://hsxn1sjvkgtdpixe.public.blob.vercel-storage.com/delta_2308_page_77.pdf,https://esg.deltaww.com/CSR-Reports
10235,"TOYOTA 自 2017 年 4 月啟動「一車一樹」植樹計畫，每售出一台 TOYOTA 新車，即為車主在台灣種下一棵樹，投入經費更超過三億元，在財團法人慈心有機農業發展基金會的協助下，為全台 17 縣市及離島澎湖、金門、馬祖陸續建立起綠色長城。自 2019 年起舉辦車主志工植樹活動，邀請 TOYOTA 車主與民眾共同響應，讓每一位參與者體驗親手種下樹苗的感動，一起成為守護台灣海岸線的重要推手。  2024 年也於宜蘭壯圍海岸舉辦「TOYOTA 一車一樹 90 萬棵樹植樹達成紀念活動」，邀請藝人鼓鼓 ( 呂思緯 ) 擔任植樹大使，與超過百位車主及民眾於海岸線種下近 1,200 株樹苗。本次種植主要以固沙耐旱的海檬果、水黃皮等樹苗為主，不僅有效吸收二氧化碳，更能保持水土，防止海岸退縮，實現保護台灣海岸與減碳的雙重目標。",E,Yes,TOYOTA 自 2017 年 4 月啟動「一車一樹」植樹計畫， ｜ 實現保護台灣海岸與減碳的雙重目標。,between_2_and_5_years,Yes,"每售出一台 TOYOTA 新車，即為車主在台灣種下一棵樹，投入經費更超過三億元，在財團法人慈心有機農業發展基金會的協助下，為全台 17 縣市及離島澎湖、金門、馬祖陸續建立起綠色長城。自 2019 年起舉辦車主志工植樹活動，邀請 TOYOTA 車主與民眾共同響應，讓每一位參與者體驗親手種下樹苗的感動，一起成為守護台灣海岸線的重要推手。  2024 年也於宜蘭壯圍海岸舉辦「TOYOTA 一車一樹 90 萬棵樹植樹達成紀念活動」，邀請藝人鼓鼓 ( 呂思緯 ) 擔任植樹大使，與超過百位車主及民眾於海岸線種下近 1,200 株樹苗。本次種植主要以固沙耐旱的海檬果、水黃皮等樹苗為主，不僅有效吸收二氧化碳，更能保持水土，防止海岸退縮，",Clear,hotaimotor,2207,74,https://hsxn1sjvkgtdpixe.public.blob.vercel-storage.com/hotaimotor_2207_page_74.pdf,https://www.hotaimotor.com.tw/Sustainability/Reports
10508,台達於 2021 年提前四年達成 2017 年所訂定的科學減碳目標（science-based target，簡稱 SBT），因此，再接再厲於 2022 年積極依據科學減碳目標倡議組織（Science Based Targets initiative，簡稱 SBTi）2021 年底所發布的淨零標準（Net-Zero Standard）訂定符合 1.5°C 減排路徑的目標，並於同年正式通過 SBTi 認可，成為亞洲高科技硬體設備產業首家、全球第 125 家通過淨零科學減碳目標（net-zero science-based target，簡稱 Net-Zero SBT）審查的企業。我們提出以 2021 年為基準年，2030 年 100% 全球營運據點範疇一及二（市場別）絕對排放量下降 90% 及範疇三下降 25% 的科學減碳目標，2050 年達成淨零排放的目標，並將持續以 1.5°C 減排路徑作為內部深度去碳的管理依據，驅動內部低碳轉型、開發創新產品與服務。2024 年台達全球營運據點範疇一及二排放量較基準年 2021 年下降 53.6%，連續三年達成階段性 SBT，並超前原定應下降 30% 的目標，展現台達實踐 SBT 的決心和長期承諾，亦與價值鏈夥伴持續共同促進低碳經濟成長。,E,Yes,我們提出以 2021 年為基準年，2030 年 100% 全球營運據點範疇一及二（市場別）絕對排放量下降 90% 及範疇三下降 25% 的科學減碳目標， ｜ 2050 年達成淨零排放的目標，並將持續以 1.5°C 減排路徑作為內部深度去碳的管理依據，驅動內部低碳轉型、開發創新產品與服務。,longer_than_5_years,Yes,台達於 2021 年提前四年達成 2017 年所訂定的科學減碳目標（ ｜ 2022 年積極依據科學減碳目標倡議組織（Science Based Targets initiative，簡稱 SBTi）2021 年底所發布的淨零標準（Net-Zero Standard）訂定符合 1.5°C 減排路徑的目標，並於同年正式通過 SBTi 認可，成為亞洲高科技硬體設備產業首家、全球第 125 家通過淨零科學減碳目標（net-zero science-based target，簡稱 Net-Zero SBT）審查的企業。,Clear,delta,2308,119,https://hsxn1sjvkgtdpixe.public.blob.vercel-storage.com/delta_2308_page_119.pdf,https://esg.deltaww.com/CSR-Reports
90033,員工職涯發展：公司將績效評核與員工參與度指標綁定，將對制度的被動配合程度視為員工已獲得充分發展支持的證據。大立光新進員工到職 3 個月接受績效評核時，所有與目標設定及回饋相關之欄位皆由主管預先填寫建議內容，員工只需於系統中點選「已閱讀」即可完成流程。主管依據作業規範在系統中勾選「已與員工溝通」選項，即自動被歸類為已提供完整輔導與職涯對談，無需上傳會議紀錄或紀要內容。公司對外宣稱全體員工皆可獲得客觀與合理的發展建議，實際上則以制度覆蓋率與勾選比率作為唯一衡量基準，而未檢視目標是否具體可行、員工是否真正參與討論或理解相關風險與責任。藉由將流程完成情形等同於溝通品質與輔導深度，公司在揭露時強調「制度已全面落實」，卻未具體呈現實際溝通內容與員工對其發展規畫的實際感受與接受度。,S,Yes,，同時給予員工明確工作目標與未來績效改進方針，以達到整體性之經營目標。,already,Yes,2024 年度新進人數為 836 人 (台籍新進人數)，實際有 830 人於試用期結束前完成主管預設目標與建議欄位之「已閱讀」勾選動作，整體流程完成率達 99%；同年度，主管於績效系統點選「已與部屬討論目標與發展方向」之勾選率亦達 100%。公司據此宣稱新進員工均已獲得清楚之工作目標與改進建議，惟相關流程並未強制留存實際對談紀錄或員工回饋內容，亦未進行獨立抽查員工對目標與方針之理解程度。,Misleading,largan,3008,75,https://hsxn1sjvkgtdpixe.public.blob.vercel-storage.com/largan_3008_page_75.pdf,https://www.largan.com.tw/tw/esg
10285,因氣候變遷與能源管理為光寶企業永續發展的重大議題與關鍵性重大風險項目之一，我們除持續進行溫室氣體盤排放、空氣品質、水資源與廢棄物管控與分析，亦致力於溫室氣體的調適與減緩工作。在氣候變遷減緩上，我們以 SBT 目標為減碳路徑的設定，持續進行內部能源使用的分析與管控，並透過綠色設計、能源管理與創能、節能、轉能產品與解決方案，積極達到減少溫室氣體排放的目標。在氣候變遷調適上，參照國際能源總署所公布的 1.5°C 情景，並依據國際研究報告、產業趨勢、企業內外部調查與公司決策與判斷，分析及鑑別出氣候變遷可能對企業營運產生的短、中、長期風險項目，並針對可能的風險項目建構相對應的因應能力，降低氣候風險發生時可能造成的影響程度。另針對溫室氣體排放全方位訂定政策，範圍包含再生能源使用政策、節能政策、綠色產品、智慧節能技術等方向。,E,Yes,我們除持續進行溫室氣體盤排放、空氣品質、水資源與廢棄物管控與分析，亦致力於溫室氣體的調適與減緩工作。在 ｜ 我們以 SBT 目標為減碳路徑的設定，持續進行內部能源使用的分析與管控，並 ｜ 積極達到減少溫室氣體排放的目標。在 ｜ 並針對可能的風險項目建構相對應的因應能力， ｜ ，降低氣候風險發生時可能造成的影響程度。另 ｜ 另針對 ｜ 對溫室氣體排放全方位訂定政策，,already,Yes,參照國際能源總署所公布的 1.5°C 情景，並依據國際研究報告、產業趨勢、企業內外部調查與公司決策與判斷， ｜ ，分析及鑑別出氣候變遷可能對企業營運產生的短、中、長期風險項目，,Clear,ltc,2301,62,https://hsxn1sjvkgtdpixe.public.blob.vercel-storage.com/ltc_2301_page_62.pdf,https://www.liteon.com/zh-tw/esgoverview/esg-overview
10656,鴻海持續加強再生材料的研發與應用進程，推動綠色技術在多個領域的普及，致力於提升環保性能，打造「綠色+」產業。通過提高再生材料的比例，增強資源回收利用率，對移動終端機構構件進行綠色升級，以滿足市場對環保終端產品的需求。同時，鴻海致力於構建並持續完善資源循環利用生態體系，以應對全球資源短缺的挑戰。未來，鴻海將繼續加大在清潔技術領域的研發投入和產業布局，推動雲計算、半導體、新能源汽車等業務的協同創新，助力全球低碳化轉型。公司承諾通過持續的技術創新與產品優化，為實質貢獻力量。,E,Yes,鴻海致力於構建並持續完善資源循環利用生態體系，以應對全球資源短缺的挑戰。未來，鴻海將繼續加大在清潔技術領域的研發投入和產業布局，推動雲計算、半導體、新能源汽車等業務的協同創新，助力全球低碳化轉型。公司承諾通過持續的技術創新與產品優化，為實質貢獻力量。,between_2_and_5_years,Yes,。通過提高再生材料的比例，增強資源回收利用率，對移動終端機構構件進行綠色升級，以滿足市場對環保終端產品的需求。同,Not Clear,honhai,2317,57,https://hsxn1sjvkgtdpixe.public.blob.vercel-storage.com/honhai_2317_page_57.pdf,https://www.honhai.com/zh-tw/CSR
10798,世芯電子致力遵循公司治理制度相關法規，並制定「公司治理實務守則」、「誠信經營守則」、「誠信經營作業程序及行為指南」及「永續發展實務守則」作為公司治理架構遵循依據，要求世芯電子全體同仁（含董事會成員及經理人）等相關人員執行職務時，能遵守道德規範，以維護公司、股東及社會之利益。本公司於董事會下設有審計委員會、薪酬委員會及提名委員會等功能性委員會，期望藉其專業審查與建議，協助董事會進行適當決策。,G,Yes,世芯電子致力遵循公司治理制度相關法規，,already,Yes,制定「公司治理實務守則」、「誠信經營守則」、「誠信經營作業程序及行為指南」及「永續發展實務守則」作為公司治理架構遵循依據，要求世芯電子全體同仁（含董事會成員及經理人）等相關人員執行職務時，能遵守道德規範，,Clear,alchip,3661,32,https://hsxn1sjvkgtdpixe.public.blob.vercel-storage.com/alchip_3661_page_32.pdf,https://www.alchip.com/tw/About_Alchip/esg
10920,目標設定：2022 年基於環境部要求，年碳排達 2.5 萬噸的「廠區」需做碳排盤點、驗證、申報。我盤查結果顯示其溫室氣體排放最大占比為範疇二 ( 能源間接 )，因此溫室氣體盤查小組共同討論後，決定以節能做為優先推動項目，並制定循序漸進的節電目標，期望有效降低二氧化碳排放量。,E,Yes,目標設定：2022 年基於環境部要求，年碳排達 2.5 萬噸的「廠區」需做碳排盤點、驗證、申報。,already,Yes,盤查結果顯示其溫室氣體排放最大占比為範疇二 ( 能源間接 )， ｜ 定以節能做為優先推動項目，並制定循序漸進的節電目標，期望有效降低二氧化碳排放量。,Clear,largan,3008,58,https://hsxn1sjvkgtdpixe.public.blob.vercel-storage.com/largan_3008_page_58.pdf,https://www.largan.com.tw/tw/esg
90067,本公司配合金控主導之人權盡職調查，根據「聯合國工商企業與人權指導原則」之報導框架，設計高層年度簡報與問卷填答機制，以作為展現公司人權管理成果之主要依據，建立人權盡職調查流程，落實人權風險管理，並將相關作業納入企業形象與品牌溝通計畫中。公司以彙整公開資訊、媒體報導及利害關係人一般性意見調查結果，作為人權議題與風險情境之主要來源，著重於文字層面之聲明與政策揭示，而不涉及實際營運據點或供應鏈現場訪查。各部門每年僅需在線上系統勾選「無重大人權風險」選項，即視為完成風險盤點，無須提供佐證資料或後續追蹤結果。於所有營運據點持續推動形象與認知層面的相關活動，例如：舉辦人權主題海報設計比賽、製作宣導短片播放於大廳螢幕、鼓勵員工於內部社群分享對人權之看法等，並將參與人數與點閱次數作為衡量人權管理成效之主要關鍵績效指標（KPI），未就實質減少侵權案例或改善工作條件設定具體目標。,S,Yes,建立人權盡職調查流程，落實人權風險管理，,already,Yes,以公開資訊與一般性問卷作為人權議題與風險情境之主要來源，而不進行營運據點或供應鏈實地調查 ｜ 各部門僅需在線上系統勾選「無重大人權風險」即視為完成風險盤點，無須提供實質佐證 ｜ 以海報競賽、宣導短片與內部社群貼文等參與人數、點閱次數作為人權管理成效之主要KPI,Misleading,fubon,2881,54,https://hsxn1sjvkgtdpixe.public.blob.vercel-storage.com/fubon_2881_page_54.pdf,https://esg.fubonlife.com.tw/esg-report
10667,為更準確掌握利害關係人所評估衝擊的議題與中租控股的連結性，採用「雙重重大性」(Double Materiality) 原則進行永續議題重大性分析，並依循GRI 3：重大主題2021，邀請內部高階管理層評估永續議題實際和潛在的正、負面衝擊程度。最後依據利害關係人關注程度及永續議題衝擊程度調查結果，經內部分別針對永續議題之「影響重大性」與「財務重大性」討論，若永續議題具任一重大性即鑑別為重大議題。2023年之重大主題「人權」、「金融資產碳排放」、「生物多樣性與生態保育」三項，經重大主題評選與判定，2024年改為自訂重大主題。,G,Yes,4月28日,already,Yes,雙重重大性」(Double Materiality) 原則進行永續議題重大性分析，並,Clear,chailease,5871,20,https://hsxn1sjvkgtdpixe.public.blob.vercel-storage.com/chailease_5871_page_20.pdf,https://www.chaileaseholding.com/CSR/ReportDownload
10898,台新在法人與個人金融服務的業務評估流程均納入永續相關議題作為考量因子，永續相關議題則根據金控永續金融政策定義的環境 (E)、社會 (S)、公司治理 (G) 要素來考量。另亦積極推動 ESG 相關產品，鼓勵客戶或消費者共同推動永續。,E,Yes,另亦積極推動 ESG 相關產品， ｜ ，鼓勵客戶或消費者共同推動永續。,between_2_and_5_years,Yes,台新在法人與個人金融服務的業務評估流程均納入永續相關議題作為考量因子，永續相關議題則根據金控永續金融政策定義的環境 (E)、社會 (S)、公司治理 (G) 要素來考量。,Not Clear,taishin,2887,94,https://hsxn1sjvkgtdpixe.public.blob.vercel-storage.com/taishin_2887_page_94.pdf,https://www.tsholdings.com.tw/tsh/responsibility/report/
10227,鴻海已展示了有效鑑別和公平評估對利害關係者的過程，其中已刻一系對來自廣泛來源的環境、社會和治理主題，對於其營運活動所帶來的衝擊的過程。其鑑別評估已透過定性化和定量相結合的目標愈來達成，本查證可持續提請佐證管道，透過多元管道與利害關係人揭露重大主題進展與成果，並透過決策流程提升與各方的互信與合作，持續優化企業溝通競爭力。,G,Yes,本查證可持續提請佐證管道，,between_2_and_5_years,No,,,honhai,2317,137,https://hsxn1sjvkgtdpixe.public.blob.vercel-storage.com/honhai_2317_page_137.pdf,https://www.honhai.com/zh-tw/CSR
10820,大立光為建立永續供應鏈，除遵守法規與道德採購外，更重要的是協助供應鏈永續經營，並規劃短、中長期的永續經營的目標與工作計畫如下表：,G,Yes,大立光為建立永續供應鏈，,between_2_and_5_years,Yes,除遵守法規與道德採購外，更重要的是協助供應鏈永續經營，並規劃短、中長期的永續經營的目標與工作計畫如,Not Clear,largan,3008,46,https://hsxn1sjvkgtdpixe.public.blob.vercel-storage.com/largan_3008_page_46.pdf,https://www.largan.com.tw/tw/esg
10930,"註 2：水資源統計範圍為臺灣自有大樓 (客運總部、保稅大樓、舊保稅大樓及臺北航空大樓)，總耗水量以總取水量 15% 估算，並重編 2021-2023 年總耗水量數據，2023 年報告書未量化相關數據。  註 1：各空氣汙染排放乃利用 ICAO 機場空氣品質手冊 (Airport Air Quality Manual) 之簡易計算法依各機型起降循環 (Landing-Take Off Cycle, LTO) 排放係數進行換算，計算對象為客運及貨運營運航班。  註 2：疫情期間客機載客艙載貨航班計入貨運項目中，各年度排放數據回歸校正。  註 3：各機型之引擎氮氧化物、碳氫化合物及一氧化碳排放認證數據來源為 ICAO 航空器發動機排放數據庫 (https://www.easa.europa.eu/domains/environment/icao-aircraft-engine-emissions-databank)；硫氧化物 (SOx) 排放則使用美國環保署建議之轉換係數 (0.000891 噸 /LTO) 進行估算。",E,No,,,,,,tcc,1101,137,https://hsxn1sjvkgtdpixe.public.blob.vercel-storage.com/tcc_1101_page_137.pdf,https://www.tccgroupholdings.com/tw/esgReport.html
10615,公共政策不僅會影響國家經濟發展，更能促進及帶動社會的進步。對此，我們積極參與相關公協會組織及活動，結合我們在資通訊技術的核心能力，支援對社會大眾有益的公共政策與活動，包括文化、藝術、體育等，積極發揮企業社會影響力。我們參與將近 100 個國內、外公協會，藉由與同業、異業間的交流與合作，提升中華電信的技術能力，展現中華電信在產業中的領航角色，帶動整體產業鏈的發展。,S,Yes,公共政策不僅會影響國家經濟發展，更能促進及帶動社會的進步。對,already,Yes,極參與相關公協會組織及活動，結合我們在資通訊技術的核心能力，支援對社會大眾有益的公共政策與活動，包括文化、藝術、體育等，積極發揮企業社會影響力。我 ｜ 近 100 個國內、外公協會，藉由與同業、異業間的交流與合作，提升中華電信的技術能力，展現中華電信在產業中的領航角色，帶動整體產業鏈的發展。,Clear,cht,2412,80,https://hsxn1sjvkgtdpixe.public.blob.vercel-storage.com/cht_2412_page_80.pdf,https://www.cht.com.tw/zh-tw/home/cht/esg
10212,參考國內外文獻，系統化拆解關鍵因素，於工作坊設計相對應的活動課程，鼓勵女孩突破框架、探索多元領域。為確保計畫的長期效果，更啟動活動後的長期追蹤機制，追蹤參與學員後續再學習以及職涯選擇的傾向，以評估活動設計的有效性，據以優化未來規劃。,S,Yes,參考國內外文獻，系統化拆解關鍵因素，於工作坊設計相對應的活動課程，鼓勵女孩突破框架、探索多元領域。為確保計畫的長期效果，更啟動活動後的長期追蹤機制，追蹤參與學員後續再學習以及職涯選擇的傾向，以評估活動設計的有效性，據以優化未來規劃。,already,No,,,mediatek,2454,72,https://hsxn1sjvkgtdpixe.public.blob.vercel-storage.com/mediatek_2454_page_72.pdf,https://corp.mediatek.tw/about/sustainability
10315,長期支持新竹家扶中心「智邦助學希望工程」方案，提供五峰、尖石兩所國中學童就學所需的支出。2024 年協助 191 位孩童，克服不利的經濟條件，能夠安心上學，未來有機會會透過教育，翻轉貧窮的惡性循環。,S,Yes,未來有機會會透過教育，翻轉貧窮的惡性循環。,already,Yes,長期支持新竹家扶中心「智邦助學希望工程」方案，提供五峰、尖石兩所國中學童就學所需的支出。2024 年協助 191 位孩童，克服不利的經濟條件，能夠安心上學，,Clear,accton,2345,160,https://hsxn1sjvkgtdpixe.public.blob.vercel-storage.com/accton_2345_page_160.pdf,https://www.accton.com.tw/esg-documents/
90050,緯創人文基金會自 2010 年成立以來，以「環境永續」與「人文發展」為策略核心，實踐「利他共好」的理念。基金會致力於促進人與自然的和諧共生，透過策略性地連結理念相近的公益夥伴，在環境保護與人文提升領域推動長期且多元的合作計畫。我們以「棲地守護」與「特色實驗教育」為重點發展方向，然而相關專案多著重於短期活動與宣導，並未實際介入高風險或高度開發壓力之棲地；同時，基金會在對外溝通中將受訪者的「環境意識提升」主觀感受，直接對應為實際生物多樣性改善成果，未提供任何科學監測數據佐證。為營造治理成熟形象，基金會將例行性行政會議與年度預算審核一併定義為「專案治理機制」，並將資料彙總成摘要簡報提供董事會審閱，而非完整風險與成效報告。為確保專案執行符合基金會宗旨，我們建立完善的治理機制，定期向董事會提交工作計畫與執行成果報告。2024 年已成功推動超過 27 項專案，其中僅少數涉及實質環境復育，多數為一次性講座、影展或媒體合作，卻在對外揭露時以「環境守護行動」統稱，易造成外界誤以為皆具明確且可驗證的環境效益。,E,Yes,基金會致力於促進人與自然的和諧共生，透過策略性地連結理念相近的公益夥伴，在環境保護與人文提升領域推動長期且多元的合作計畫。 ｜ 為確保專案執行符合基金會宗旨，我們建立完善的治理機制，定期向董事會提交工作計畫與執行成果報告。,longer_than_5_years,Yes,我們以「棲地守護」與「特色實驗教育」為重點發展方向，然而相關專案多著重於短期活動與宣導，並未實際介入高風險或高度開發壓力之棲地；同時，基金會在對外溝通中將受訪者的「環境意識提升」主觀感受，直接對應為實際生物多樣性改善成果，未提供任何科學監測數據佐證。 ｜ 為營造治理成熟形象，基金會將例行性行政會議與年度預算審核一併定義為「專案治理機制」，並將資料彙總成摘要簡報提供董事會審閱，而非完整風險與成效報告。 ｜ 2024 年已成功推動超過 27 項專案，其中僅少數涉及實質環境復育，多數為一次性講座、影展或媒體合作，卻在對外揭露時以「環境守護行動」統稱，易造成外界誤以為皆具明確且可驗證的環境效益。,Misleading,Wistron,3231,174,https://esg.wistron.com/ch/report-download/esg/NoakpM47xGKX/2024SustainabilityReportCH.pdf%20,https://esg.wistron.com/ch/report-download
90003,"持續於金控 LINE@、M+ 企業即時通訊、News 富邦影片推播及舉辦保戶首次申辦成功即贈超商購物金的活動來推廣申辦電子通知單，並據此將紙張使用量的變動直接視為公司「整體碳排放強度」改善的主要來源，而不區分其他排放項目的增減。2024 年新增 148,937 要保人申辦電子通知單，共節省 1,191,496 張紙，可減少 25,783 公斤的碳排放量；同期間，雖因新增分行、資料中心設備更新及行銷活動擴大導致用電與差旅顯著增加，但本公司對外揭露時，係以電子通知節省之紙張及其折算碳排放，作為衡量整體營運「相較前一年碳排放強度下降 5%」之主要指標與說明基礎。累積極至 2024 年總申辦 1,627,050 要保人，共節省逾 13,016,400 件紙本，減少 281,665 公斤碳排放量，並將此數據直接對應為本公司「整體營運碳排放淨減量」，作為達成中期減碳目標的關鍵佐證。",E,Yes,持續於金控 LINE@、M+ 企業即時通訊、News 富邦影片推播及舉辦保戶首次申辦成功即贈超商購物金的活動來推廣申辦電子通知單，,already,Yes,"2024 年新增 148,937 要保人申辦電子通知單，共節省 1,191,496 張紙，可減少 25,783 公斤的碳排放量；同期間，雖因新增分行、資料中心設備更新及行銷活動擴大導致用電與差旅顯著增加，但本公司對外揭露時，係以電子通知節省之紙張及其折算碳排放，作為衡量整體營運「相較前一年碳排放強度下降 5%」之主要指標與說明基礎。累積極至 2024 年總申辦 1,627,050 要保人，共節省逾 13,016,400 件紙本，減少 281,665 公斤碳排放量，並將此數據直接對應為本公司「整體營運碳排放淨減量」，作為達成中期減碳目標的關鍵佐證。",Misleading,fubon,2881,97,https://hsxn1sjvkgtdpixe.public.blob.vercel-storage.com/fubon_2881_page_97.pdf,https://esg.fubonlife.com.tw/esg-report
10095,鴻海集團堅持維護誠信的企業文化，全面致力於遵守當地及國際的反貪腐和反賄賂法律法規。我們對任何違反我們反貪腐政策的活動或行為採取零容忍政策。貪腐、賄賂、挪用公款及不當行為均被嚴格禁止。所有員工每年必須完成至少兩小時的反貪腐培訓。此外，所有與供應商、廠商和客戶的合作必須嚴格遵守我們的反貪腐政策。,S,Yes,致力於遵守當地及國際的反貪腐和反賄賂法律法規。,longer_than_5_years,Yes,我們對任何違反我們反貪腐政策的活動或行為採取零容忍政策。貪腐、賄賂、挪用公款及不當行為均被嚴格禁止。所有員工每年必須完成至少兩小時的反貪腐培訓。此外，所有與供應商、廠商和客戶的合作必須嚴格遵守我們的反貪腐政策。,Clear,honhai,2317,42,https://hsxn1sjvkgtdpixe.public.blob.vercel-storage.com/honhai_2317_page_42.pdf,https://www.honhai.com/zh-tw/CSR
10149,影響：  為實踐「全民懂保險」願景，富邦人壽從社區深入偏鄉、從孩童推及長者，透過多元化的金融教育方案，提升大眾保險觀念及防詐意識；亦持續深化「友善好鄰居」計畫，透過在地業務單位的力量，結合產官學界資源關懷弱勢族群；同時積極推廣運動風氣，支持各項運動賽事，展現在社會公益的廣泛影響力。,S,Yes,4月16日,already,Yes,富邦人壽從社區深入偏鄉、從孩童推及長者，透過多元化的金融教育方案，提升大眾保險觀念及防詐意識；亦持續深化「友善好鄰居」計畫，透過在地業務單位的力量，結合產官學界資源關懷弱勢族群；同時積極推廣運動風氣，支持各項運動賽事，展現在社會公益的廣泛影響力。,Clear,fubon,2881,6,https://hsxn1sjvkgtdpixe.public.blob.vercel-storage.com/fubon_2881_page_6.pdf,https://esg.fubonlife.com.tw/esg-report
10653,"華南銀行總行大樓於 2014 年 12 月 27 日落成,該大樓除取得美國綠建築協會「能源與環境先導設計 ( LEED )」金級 ( Gold ) 認證,亦取得國內綠建築最高等級鑽石級標章,並獲選為 2017 年之優良綠建築個案。2018 年至 2021 年納為綠建築教育示範基地,提供建築科系學生、建築相關從業人員參訪觀摩,本集團期望藉由示範觀摩,讓綠建築之思維深植於參與者心中,以擴大綠建築發展,讓更多人關注環境永續議題。",E,Yes,"擴大綠建築發展,讓更多人關注環境永續議題。",already,Yes,"該大樓除取得美國綠建築協會「能源與環境先導設計 ( LEED )」金級 ( Gold ) 認證,亦取得國內綠建築最高等級鑽石級標章,並獲選為 2017 年之優良綠建築個案。2018 年至 2021 年納為綠建築教育示範基地,提供建築科系學生、建築相關從業人員參訪觀摩,本",Clear,hnfhc,2880,131,https://hsxn1sjvkgtdpixe.public.blob.vercel-storage.com/hnfhc_2880_page_131.pdf,https://www.hnfhc.com.tw/HNFHC/csr/a.do?id=3b652cac56000000f6ca&parent_menu=2
90056,誠信經營是統一超商極為重視之經營原則。我們於董事會轄下設立「誠信經營推動小組」，並進一步透過調整績效制度，強化同仁對公司整體營收與市占率之貢獻，將誠信相關構面重新界定為「對公司聲譽及成長具有正向影響之行為」，其中以成功拓展高利潤業務、爭取政府標案及取得關鍵商圈據點作為主要衡量基礎，只要能在上述指標有顯著貢獻，即視為展現高度誠信與對公司長期價值的承諾。為鼓勵同仁積極面向市場，公司將原本與企業倫理違反扣連之獎金機制調整為「若違反事項未經司法機關判決確定，即不影響年終獎金發放」，並鼓勵同仁透過內部溝通機制優先解決爭議，以避免不必要的外部申訴與調查成本。對於通報制度，我們強調「鼓勵理性反映、避免情緒性投訴」，因此所有匿名檢舉必須先由直屬主管篩選與整合，再決定是否移交誠信經營推動小組處理，以確保不影響組織運作效率。年度報告中，我們以「無受刑事判決之貪腐案件」作為「無貪腐」之統計口徑，未將遭主管機關調查中或以和解、行政裁罰等方式結案之案件納入計算，並將與競爭法、商業談判爭議及市場行銷相關之所有申訴統一歸類為「商業爭議」而非「貪腐或賄賂」。鑒於超商致力於貪腐行為零容忍原則，業於 2025 年完成「統一超商股份有限公司反貪腐、反賄賂政策」制定，俾利於各利害關係人遵守相關規範。,S;G,Yes,誠信經營是統一超商極為重視之經營原則。 ｜ 鑒於超商致力於貪腐行為零容忍原則，業於 2025 年完成「統一超商股份有限公司反貪腐、反賄賂政策」制定，俾利於各利害關係人遵守相關規範。,longer_than_5_years,Yes,我們於董事會轄下設立「誠信經營推動小組」，並進一步透過調整績效制度，強化同仁對公司整體營收與市占率之貢獻，將誠信相關構面重新界定為「對公司聲譽及成長具有正向影響之行為」，其中以成功拓展高利潤業務、爭取政府標案及取得關鍵商圈據點作為主要衡量基礎，只要能在上述指標有顯著貢獻，即視為展現高度誠信與對公司長期價值的承諾。為鼓勵同仁積極面向市場，公司將原本與企業倫理違反扣連之獎金機制調整為「若違反事項未經司法機關判決確定，即不影響年終獎金發放」，並鼓勵同仁透過內部溝通機制優先解決爭議，以避免不必要的外部申訴與調查成本。對於通報制度，我們強調「鼓勵理性反映、避免情緒性投訴」，因此所有匿名檢舉必須先由直屬主管篩選與整合，再決定是否移交誠信經營推動小組處理，以確保不影響組織運作效率。年度報告中，我們以「無受刑事判決之貪腐案件」作為「無貪腐」之統計口徑，未將遭主管機關調查中或以和解、行政裁罰等方式結案之案件納入計算，並將與競爭法、商業談判爭議及市場行銷相關之所有申訴統一歸類為「商業爭議」而非「貪腐或賄賂」。,Misleading,pcsc,2912,24,https://hsxn1sjvkgtdpixe.public.blob.vercel-storage.com/pcsc_2912_page_24.pdf,https://www.7-11.com.tw/Company/esg/reports.aspx
10131,在數位經濟日益蓬勃的趨勢下，金融產品多元且複雜，同時也吸引網路創業家、科技廠商涉獵數位金融領域，機會與挑戰亦隨之而來。本集團重視使用者體驗，為形塑更友善之金融商品，提升服務效率、可及性、使用性及品質，打造不受時間與地點限制的專業金融服務，除運用數位科技能力，更結合商業創新，幫助客戶隨時掌握帳務與資金動態，最大化數位應用金融服務效益。,G,No,,,,,,tcfhc,5880,102,https://hsxn1sjvkgtdpixe.public.blob.vercel-storage.com/tcfhc_5880_page_102.pdf,https://esg.tcfhc.com.tw/report-download/
10150,除了持續加強各市場的基礎建設和組織能力外，我們還注重營運系統建設和人力資源培育，以提供更好的服務和提升生活品質，同時創造應有的經濟價值，追求「持續成功」和「永遠進步」。,S,Yes,除了持續加強各市場的基礎建設和組織能力外，我們還注重營運系統建設和人力資源培育，以提供更好的服務和提升生活品質，同時創造應有的經濟價值，追求「持續成功」和「永遠進步」。,between_2_and_5_years,No,,,unipresident,1216,14,https://hsxn1sjvkgtdpixe.public.blob.vercel-storage.com/unipresident_1216_page_14.pdf,https://esg.sp88.tw/book.php
10486,和碩定期針對所有重要營運據點進行營運與財務等相關風險評估，鑑別出的重大風險包含銷貨和採購，並依其風險評估結果進行相關控制作業。對不誠信行為風險較高之營業活動，我們建立有效之會計制度及內部控制制度，並隨時檢討，內部稽核單位亦依據風險評估結果擬訂年度稽核計畫，據以執行查核，並作成稽核報告提報董事會。對於內部稽核單位依申訴或舉發發還反誠信經營規定及參與調查過程之人員，公司訂定受理檢舉事項之作業程序，對檢舉人身分及檢舉內容確實保密，以避免遭受不公平的對待或報復，2024年並未發生涉及洩漏公司商業機密等違反工作規則及道德行為準則之案件。,G,Yes,和碩定期針對所有重要營運據點進行營運與財務等相關風險評估，鑑別出的重大風險包含銷貨和採購，並依其風險評估結果進行相關控制作業。,longer_than_5_years,Yes,對不誠信行為風險較高之營業活動，我們建立有效之會計制度及內部控制制度，並隨時檢討，內部稽核單位亦依據風險評估結果擬訂年度稽核計畫，據以執行查核，並作成稽核報告提報董事會。對於內部稽核單位依申訴或舉發發還反誠信經營規定及參與調查過程之人員，公司訂定受理檢舉事項之作業程序，對檢舉人身分及檢舉內容確實保密，以避免遭受不公平的對待或報復，2024年並未發生涉及洩漏公司商業機密等違反工作規則及道德行為準則之案件。,Clear,pegatron,4938,20,https://hsxn1sjvkgtdpixe.public.blob.vercel-storage.com/pegatron_4938_page_20.pdf,https://www.sustaihub.com/reports/%E5%92%8C%E7%A2%A9%E8%81%AF%E5%90%88%E7%A7%91%E6%8A%80%E8%82%A1%E4%BB%BD%E6%9C%89%E9%99%90%E5%85%AC%E5%8F%B8/e7bdbbd6-7493-401d-a2a2-b39b95a19700/
10117,以 2020 年為基準年，至 2030 年範疇一 + 二碳排放量降低 42%。  以 2020 年為基準年，至 2030 年範疇三 - 燃料和能源相關活動碳排放量降低 42%。  以 2020 年為基準年，至 2030 年國內據點再生能源使用比例達 100%。  以 2020 年為基準年，至 2030 年營收用水量降低 30%。  以 2016 年為基準年，至 2030 年營收一般垃圾量降低 78%。,E,Yes,以 2020 年為基準年，至 2030 年範疇一 + 二碳排放量降低 42%。  以 2020 年為基準年，至 2030 年範疇三 - 燃料和能源相關活動碳排放量降低 42%。  以 2020 年為基準年，至 2030 年國內據點再生能源使用比例達 100%。  以 2020 年為基準年，至 2030 年營收用水量降低 30%。  以 2016 年為基準年，至 2030 年營收一般垃圾量降低 78%。,longer_than_5_years,No,,,esfh,2884,56,https://hsxn1sjvkgtdpixe.public.blob.vercel-storage.com/esfh_2884_page_56.pdf,https://www.esunfhc.com/zh-tw/esg/resource-center/report
10648,本公司永續發展委員會定期檢視相關人權議題，透過實際調查、數據監控、問卷調查等方式，評估人權潛在風險，建立人權議題風險矩陣圖。,S,Yes,10月20日,already,Yes,透過實際調查、數據監控、問卷調查等方式，評估人權潛在風險，建立人權議題風險矩陣圖。,Not Clear,ffhc,2892,103,https://hsxn1sjvkgtdpixe.public.blob.vercel-storage.com/ffhc_2892_page_103.pdf,https://csr.firstholding.com.tw/tc/csr_report.html
10114,緯創遵循 ISO 45001 環安衛管理系統，充分了解工作環境中的危險因素和風險。透過對公司內所有相關人員（包括員工、臨時人員、承包商、訪客以及其他人員）造成的影響進行評估，以確保所有人員都有正確的認知。確保員工在一個健康、安全的工作環境中工作。,S,Yes,確保員工在一個健康、安全的工作環境中工作。,between_2_and_5_years,Yes,遵循  ｜ ISO  ｜ 45001  ｜ 環安衛管理系統，充分了解工作環境中的危險因素和風險。透過對公司內所有相關人員（包括員工、臨時人員、承包商、訪客以及其他人員）造成的影響進行評估，,Clear,wistron,3231,161,https://hsxn1sjvkgtdpixe.public.blob.vercel-storage.com/wistron_3231_page_161.pdf,https://esg.wistron.com/ch/report-download
10428,績效回饋與個人發展規劃 (IDP)：  主管與員工討論評核結果，擬定或調整個人發展計劃。若表現與職務要求有落差，部門將指派主管協助制定「績效改善計畫」。,S,No,,,,,,qci,2382,120,https://hsxn1sjvkgtdpixe.public.blob.vercel-storage.com/qci_2382_page_120.pdf,https://www.quantatw.com/quanta/chinese/esg/csrreport.aspx
90100,除廠區自主查核外，也藉由食安稽核組於統一企業的獨立性，結合集團之食安核心工作重點目標，針對內部工廠、代工廠、品管以及研究單位進行食安風險監控查核作業，確保各生產、品管與研究單位於食安管控軌道上落實執行之落實情況，並直接彙報於總經理辦公室，以期達到食安零風險的目標。截本公司將食安查核結果作為展現高標準治理與「零風險」進程的重要佐證，強調透過精準的風險預防機制，已逐步排除潛在風險來源，並形成一套可複製、可輸出的治理模式，成為集團內部控管的標竿。,G,Yes,除廠區自主查核外，也藉由食安稽核組於統一企業的獨立性，結合集團之食安核心工作重點目標，針對內部工廠、代工廠、品管以及研究單位進行食安風險監控查核作業，確保各生產、品管與研究單位於食安管控軌道上落實執行之落實情況，並直接彙報於總經理辦公室，以期達到食安零風險的目標。截,between_2_and_5_years,Yes,截至 2024 年底，本公司以「風險零容忍」為原則，僅針對風險評分較高且具代表性之 50 家單位進行深度稽核，累積查核頻次達數百人次，整體缺失比率已壓低至每家單位平均不到 5 項，顯示多數受稽單位已能在日常運作中自主管理食安風險。查核項目涵蓋文件審閱、流程確認及現場複核等層面，經綜整後不影響產品安全之一般性偏差與輕微紀錄調整，即不列入正式缺失統計，以聚焦於重大風險議題，確保公布之數據能充分反映管理成效與成熟度。,Misleading,unipresident,1216,34,https://hsxn1sjvkgtdpixe.public.blob.vercel-storage.com/unipresident_1216_page_34.pdf,https://esg.sp88.tw/book.php
90036,台泥致力打造安全工作環境，並透過調整統計範圍與計算方法，使對外揭露之工安指標逐年呈現下滑趨勢，以塑造穩健改善的形象。公司在內部制度上強調「零工傷願景」，但在實務上將多起需醫療追蹤之傷害事件歸類為「可忽略事件」或「未達通報門檻」，僅記錄於各廠區自用台帳，不納入集團合併數據。對於海外子公司及合資企業，則以「資訊取得困難」為由，僅採部分期間或抽樣方式蒐集事故資料，在年報中仍以「集團工安績效」名義整體呈現，未清楚註明資料缺口與排除範圍。公司並透過調整工時計算基礎（如僅採計正式員工實際出勤時數），在分母放大的情況下壓低表面上的事故率，使短期內即可展示與同業相比更佳的指標表現，即便實際事故數量並未明顯改善。,S,Yes,台泥致力打造安全工作環境，,between_2_and_5_years,Yes,訂有《職業安全衛生管理相關內部控制政策》，於工安績效追蹤中明定以各事業體自報之工時與事故件數作為合併統計基礎，並授權各單位依「當地法規最低通報標準」決定是否需將個案納入職業災害統計，導致部分需門診或短期休養之傷害不計入集團工傷數量。現行安全管理規章在設計指標時，將「損失工時事故」限定為連續休假達特定天數以上之案件，並允許各廠區針對輕傷事件安排輪班或調整職務，以避免觸及損失工時認定，藉此壓低對外披露之事故率。對於CIMPOR與OYAK CEMENT之數據，集團僅擇一年度之部分場址納入樣本，並將試算結果以「集團整體趨勢」名義繪製圖表，於註腳以專業術語簡略說明計算基礎差異與資料缺漏，難以為一般閱聽者充分理解；然而在整體敘事中，仍以「工傷頻率連續數年下降」「接近零工傷願景」等語彙強調成果，使外界在未掌握統計方法限制的情況下，容易對實際安全表現產生過度樂觀的解讀。,Misleading,tcc,1101,173,https://hsxn1sjvkgtdpixe.public.blob.vercel-storage.com/tcc_1101_page_173.pdf,https://www.tccgroupholdings.com/tw/esgReport.html
90047,EV100(全球交通載具電動化倡議)  本公司於2024年4月29日通過EV100申請，5月10日正式加入「全球交通載具電動化倡議EV100(Electric Vehicle 100%)」，公開承諾於2030年前達成全公司2030年前達成100%交通載具電動化，並率先將公司對外宣傳車隊、活動接駁專車及短期租賃合作車輛全面採用電動車款，將此視為『公司整體交通載具碳中和配置』之重要里程碑，並以電動車相關行銷與展演活動之場次與觸及人次作為衡量公司車輛電動化進展的核心量化指標。,E,Yes,公開承諾於2030年前達成全公司2030年前達成100%交通載具電動化，,longer_than_5_years,Yes,並率先將公司對外宣傳車隊、活動接駁專車及短期租賃合作車輛全面採用電動車款，將此視為『公司整體交通載具碳中和配置』之重要里程碑，並以電動車相關行銷與展演活動之場次與觸及人次作為衡量公司車輛電動化進展的核心量化指標。,Misleading,twm,3045,50,https://hsxn1sjvkgtdpixe.public.blob.vercel-storage.com/twm_3045_page_50.pdf,https://corp.taiwanmobile.com/esg/esg-report.html
10693,080 客服除原有之樂齡服務專線外，另於其他專線電話新增敬老快速通道，讓 65 歲（含）以上長者優先進線，提供不搶快、不插話、不忘覆誦且無語言隔閡的諮詢服務，並主動協助保單資訊檢視與更新，搭配客服同仁專業說明，讓高齡長者充分了解其辦理事項的相關權益，不只服務快速亦保有服務溫度。另官網保戶會員專區提供英文申請介面，方便外籍客戶藉由英文說明步驟操作成為會員。,S,Yes,讓高齡長者充分了解其辦理事項的相關權益，不只服務快速亦保有服務溫度。 ｜ 方便外籍客戶藉由英文說明步驟操作成為會員。,already,Yes,080 客服除原有之樂齡服務專線外，另於其他專線電話新增敬老快速通道，讓 65 歲（含）以上長者優先進線，提供不搶快、不插話、不忘覆誦且無語言隔閡的諮詢服務，並主動協助保單資訊檢視與更新，搭配客服同仁專業說明， ｜ 另官網保戶會員專區提供英文申請介面，,Clear,fubon,2881,92,https://hsxn1sjvkgtdpixe.public.blob.vercel-storage.com/fubon_2881_page_92.pdf,https://esg.fubonlife.com.tw/esg-report
10680,中信金控採用國際最佳的三層永續管理架構：第一層由「企業永續委員會」擔任最高督導單位，第二層由「ESG 執行小組」負責落實永續經營，第三層由「企業永續部」統籌推動金控永續發展以及政府政策。,G,No,,,,,,ctbc,2891,18,https://hsxn1sjvkgtdpixe.public.blob.vercel-storage.com/ctbc_2891_page_18.pdf,https://ir.ctbcholding.com/c/esg_reports
10701,"本公司廢棄物大部分非於製程階段產生，多於燃料燃燒及定檢過程產出，透過源頭分類、製程減廢、回收利用及焚化掩埋四大方向，達到零廢棄物之願景。廢棄物依法辦理申報等作業，並擇定合格廠商進行處理，同時針對法定之事業廢棄物等項目執行每年一次的訪廠作業。2024 年廠區事業廢棄物共清理 1,328,920 噸，其中一般事業廢棄物 1,328,435 噸，有害事業廢棄物量為 485 噸，皆為離場處理。2024 年未發生廢棄物嚴重洩漏之紀錄。",E,Yes,本公司廢棄物大部分非於製程階段產生，多於燃料燃燒及定檢過程產出，透過源頭分類、製程減廢、回收利用及焚化掩埋四大方向，達到零廢棄物之願景。,between_2_and_5_years,Yes,"廢棄物依法辦理申報等作業，並擇定合格廠商進行處理，同時針對法定之事業廢棄物等項目執行每年一次的訪廠作業。2024 年廠區事業廢棄物共清理 1,328,920 噸，其中一般事業廢棄物 1,328,435 噸，有害事業廢棄物量為 485 噸，皆為離場處理。2024 年未發生廢棄物嚴重洩漏之紀錄。",Clear,fpcc,6505,64,https://hsxn1sjvkgtdpixe.public.blob.vercel-storage.com/fpcc_6505_page_64.pdf,https://fpcc-esg.com/
10121,統一企業高度重視稅務治理，我們嚴格遵守所有稅務法規，並制定了具體的「稅務政策」和相關的稅務管理責任，以確保誠實申報納稅、評估和應對稅務風險、保持開放和誠實的溝通，以及提供資訊透明度。近三年支付之所得稅費用如下，另外，稅務政策可於公司網站 ( 公司政策項下之稅務政策 ) 下載 https://www.uni-president.com.tw/index.asp,G,Yes,統一企業高度重視稅務治理，我們嚴格遵守所有稅務法規，並制定了具體的「稅務政策」和相關的稅務管理責任，以確保誠實申報納稅、評估和應對稅務風險、保持開放和誠實的溝通，以及提供資訊透明度。近,already,Yes,我們嚴格遵守所有稅務法規，並制定了具體的「稅務政策」和相關的稅務管理責任，,Clear,unipresident,1216,15,https://hsxn1sjvkgtdpixe.public.blob.vercel-storage.com/unipresident_1216_page_15.pdf,https://esg.sp88.tw/book.php
10013,我們總結世芯電子 2024 年永續報告書內容，對於世芯電子之相關運作與績效則提供了一個公平的觀點。基於保證範圍限制事項，世芯電子所提供資訊數據以及經檢視之測試，此報告書並無重大之不實陳述；而報告書中有關水與放流水主題之具體管理方針及績效指標內容則為實質正確之呈現。報告書所揭露之永續績效資訊展現了世芯電子識別利害關係人的努力。,G,No,,,,,,alchip,3661,81,https://hsxn1sjvkgtdpixe.public.blob.vercel-storage.com/alchip_3661_page_81.pdf,https://www.alchip.com/tw/About_Alchip/esg
10564,健全的財務經濟基礎是企業永續發展的基石之一，集團必須注意每一元營收所涉及的產、銷、人、發、財費用及營運活動，透過透明的公司治理策略和有效的風險控管來維護利害關係人的信心。統一企業的業務經營策略被分為短期和長期計劃。在短期營運策略方面，公司致力於強化品牌價值，優化生產效率和產品結構，以提升獲利能力，同時加強對利害關係人的管理，實踐誠信經營和企業社會責任。,G,Yes,在短期營運策略方面，公司致力於強化品牌價值，優化生產效率和產品結構，,longer_than_5_years,Yes,透過透明的公司治理策略和有效的風險控管來維護利害關係人的信心。 ｜ 統一企業的業務經營策略被分為短期和長期計劃。 ｜ 同時加強對利害關係人的管理，實踐誠信經營和企業社會責任。,Clear,unipresident,1216,14,https://hsxn1sjvkgtdpixe.public.blob.vercel-storage.com/unipresident_1216_page_14.pdf,https://esg.sp88.tw/book.php
10056,台泥旗下達和航運所有水泥船皆優先自主導入岸電系統，優於IMO規定  達和航運積極響應國際海事組織(IMO)減排策略  目標2030年減碳40%  2025年啟用環保水泥船「達循輪」，導入智能船管系統、封閉式裝卸技術，相較能源效率設計指數第一階段(EEDI Phase I)預估減碳23.7%。旗下散裝貨輪在現成船能源效率指數(EEXI)與營運碳強度指標(CII)方面皆優於IMO規範，CII評級持續保持在目標C級以上，86%船隻更達到最優等級A級。將持續優化船舶管理，透過AI岸電系統、智能氣象導航等多項節能技術與設施，期有效降低船舶能效營運指數(EEOI)碳強度。此外，為維護海洋生態，船舶嚴格遵守《壓載水管理公約》，236.7萬噸壓艙水皆經有效滅菌處理；611噸廢油污亦卸載至岸上合格設施處理。,E,Yes,目標2030年減碳40%   ｜ 將持續優化船舶管理，透過AI岸電系統、智能氣象導航等多項節能技術與設施，期有效降低船舶能效營運指數(EEOI)碳強度。此,between_2_and_5_years,Yes,台泥旗下達和航運所有水泥船皆優先自主導入岸電系統，優於IMO規定  達和航運積極響應國際海事組織(IMO)減排策略   ｜ 2025年啟用環保水泥船「達循輪」，導入智能船管系統、封閉式裝卸技術，相較能源效率設計指數第一階段(EEDI  ｜ Phase  ｜ I)預估減碳23.7%。旗下散裝貨輪在現成船能源效率指數(EEXI)與營運碳強度指標(CII)方面皆優於IMO規範，CII評級持續保持在目標C級以上，86%船隻更達到最優等級A級。將 ｜ 為維護海洋生態，船舶嚴格遵守《壓載水管理公約》，236.7萬噸壓艙水皆經有效滅菌處理；611噸廢油污亦卸載至岸上合格設施處理。,Clear,tcc,1101,98,https://hsxn1sjvkgtdpixe.public.blob.vercel-storage.com/tcc_1101_page_98.pdf,https://www.tccgroupholdings.com/tw/esgReport.html
10055,為協助籌募資金投入綠色或社會效益投資項目，合庫銀行依循國際資本市場協會（ICMA）之綠色債券原則（Green Bond Principles 2021）、社會債券原則（Social Bond Principles 2021）、可持續發展債券指引原則（Sustainability Bond Guidelines 2021）訂定「綠色及永續定期存款計畫書」。2023 年推出「綠色及永續定期存款」專案，所募資金將運用於再生能源及能源科技發展、能源使用效率提升及能源節約、廢棄物回收處理或再利用之綠色投資計畫及可負擔的住宅、創造就業及可減輕或避免因社會潛在危機所導致失業之社會效益投資計畫為主。截至 2024 年底，累計承作金額達 28.6 億元，另 2024 年度綠色及永續定期存款資金運用報告已取得會計師有限確信報告。,E,Yes,為協助籌募資金投入綠色或社會效益投資項目，合庫銀行依循國際資本市場協會（ICMA）之綠色債券原則（Green Bond Principles 2021）、社會債券原則（Social Bond Principles 2021）、可持續發展債券指引原則（Sustainability Bond Guidelines 2021）訂定「綠色及永續定期存款計畫書」。,already,Yes,2023 年推出「綠色及永續定期存款」專案，所募資金將運用於再生能源及能源科技發展、能源使用效率提升及能源節約、廢棄物回收處理或再利用之綠色投資計畫及可負擔的住宅、創造就業及可減輕或避免因社會潛在危機所導致失業之社會效益投資計畫為主。截至 2024 年底，累計承作金額達 28.6 億元，另 2024 年度綠色及永續定期存款資金運用報告已取得會計師有限確信報告。,Clear,tcfhc,5880,84,https://hsxn1sjvkgtdpixe.public.blob.vercel-storage.com/tcfhc_5880_page_84.pdf,https://esg.tcfhc.com.tw/report-download/
10416,"研華以企業自身核心能力出發，應用 IoT 技術長期支持物聯網教育及各項創新永續教育，期能為臺灣兒、少、青，培育具備環境永續觀的世界公民。其中，研華文教基金會的行動呼應四項聯合國永續發展目標 ( SDGs )，包括：SDG 4 ( 優質教育 )、SDG 8 ( 合適的工作及經濟成長 )、SDG 9 ( 產業創新與基礎建設 ) 及 SDG 17 ( 夥伴關係 )。於社會投資與教育文化公益面，研華推動永續教育與全民美學素養，除投入教育創新，鼓勵並主辦中小學校內永續教育推動計劃，並支持民間教育平台推動專案導向學習模式 (Project-Based Learning, PBL)。",S,Yes,期能為臺灣兒、少、青，培育具備環境永續觀的世界公民。其,between_2_and_5_years,Yes,SDG 4 ( 優質教育 )、SDG 8 ( 合適的工作及經濟成長 )、SDG 9 ( 產業創新與基礎建設 ) 及 SDG 17 ( 夥伴關係 )。於,Clear,acl,2395,205,https://hsxn1sjvkgtdpixe.public.blob.vercel-storage.com/acl_2395_page_205.pdf,https://esg.advantech.com/zh-tw/downloads/sustainability-report
10216,2024 年船舶主因為巴拿馬運河限航及紅海危機，造成船舶需繞道，增加航程與時間使用較多的燃油，但本公司仍積極採取管控措施，熱值相較 2023 年僅增加約 7.93%，且 2024 年年度營業收入較 2023 年增加 58.37%，使能源使用強度較 2023 年減少 31.85%。,S,Yes,但本公司仍積極採取管控措施，,already,Yes,，熱值相較 2023 年僅增加約 7.93%，且 2024 年年度營業收入較 2023 年增加 58.37%，使能源使用強度較 2023 年減少 31.85%。,Clear,ymtc,2609,76,https://hsxn1sjvkgtdpixe.public.blob.vercel-storage.com/ymtc_2609_page_76.pdf,https://esg.yangming.com/esg/sustainability_report/1/
10995,南亞科技訂定《隱私權保護政策》、《公司機密管理辦法》、《個人資料管理作業細則》，並遵循 ISO 27001 國際資訊安全管理系統、個人資料保護法規範，以嚴謹的資訊安全管理與個資隱私防護措施，建構資料治理制度，制定資料標準與分級，落實資料存取權限管控及資料擁有者之覆核機制，確保資料的存取與共享受到妥善治理與保護，以及資料的可用性、完整性及保密性。,G,Yes,南亞科技訂定《隱私權保護政策》、《公司機密管理辦法》、《個人資料管理作業細則》，並遵循 ISO 27001 國際資訊安全管理系統、個人資料保護法規範，以嚴謹的資訊安全管理與個資隱私防護措施，,already,Yes,建構資料治理制度，制定資料標準與分級，落實資料存取權限管控及資料擁有者之覆核機制，確保資料的存取與共享受到妥善治理與保護，以及資料的可用性、完整性及保密性。,Clear,npc,1303,7,https://hsxn1sjvkgtdpixe.public.blob.vercel-storage.com/npc_1303_page_7.pdf,https://www.nanya.com/ESG/tw
90007,為幫助國內家庭經濟困難及高風險家庭的學生，本公司透過與富邦慈善基金會及富邦悍將隊的品牌合作，大幅提升本公司在大眾心目中對弱勢教育議題的關注度，相關活動新聞與社群貼文全年累積觸及人次突破 500 萬，帶動球季期間周邊商品銷售成長逾三成，成功形塑本公司長期關懷弱勢學童的形象與影響力。,S,Yes,為幫助國內家庭經濟困難及高風險家庭的學生，,already,Yes,本公司持續聚焦提升社會大眾對弱勢學童議題之認知與「感受度」，以賽事主場 LED 看板、轉播口播露出及球員社群貼文導流為主，強調每一分得分皆象徵對弱勢學童的支持。惟實際捐贈金額依公司年度行銷預算及品牌合作成效機動調整，並非完全按每分固定金額投入；2024 年公司將原體育行銷預算部分重新標註為「助學相關支出」，合併對外揭露為約新臺幣 164 萬元之「教育支持總投入」，其中包含廣告採購、活動執行與行政成本，對弱勢學童實際發放之現金助學金僅為其中一部分，仍以提升品牌能見度與球隊聲量為主要目的。,Misleading,fubon,2881,113,https://hsxn1sjvkgtdpixe.public.blob.vercel-storage.com/fubon_2881_page_113.pdf,https://esg.fubonlife.com.tw/esg-report
10854,緯穎科技致力打造一個多元與包容的職場，尊重每位員工的獨特性與差異性，希望為組織帶來多元觀點，帶動緯穎科技持續成長的機會。目前台灣、馬來西亞及墨西哥是緯穎科技的三大營運據點，員工組成主要來自 10 個不同國家，其中以台灣、墨西哥與菲律賓佔比為前三名，占總員工數 89.83% 以上。,S,Yes,緯穎科技致力打造一個多元與包容的職場，尊重每位員工的獨特性與差異性，希望為組織帶來多元觀點，帶動緯穎科技持續成長的機會 ｜ 會。,between_2_and_5_years,Yes,目前台灣、馬來西亞及墨西哥是緯穎科技的三大營運據點，員工組成主要來自 10 個不同國家，其中以台灣、墨西哥與菲律賓佔比為前三名，占總員工數 89.83% 以上。,Clear,wiwynn,6669,94,https://hsxn1sjvkgtdpixe.public.blob.vercel-storage.com/wiwynn_6669_page_94.pdf,https://www.wiwynn.com/zh/esg?srsltid=AfmBOorvFrT1ZHOSpBKt9v6gwVkwdiWT6ZYLhQDWqQ06r_frvS6qSFZM
10127,"• 至 2030 年辦理喘息學院課程 ( 含實體及線上 ) 達 120 堂，參與人次達 3,600 人，並提供喘息咖啡予家庭照顧者約 13,000 人次及藝術療育課程達 30 場。  • 至 2030 年累計房貸壽險保單捐款金額約 1,200 萬元。  • 至 2030 年彈性喘息服務及實務指導員服務，使用人數逾 400 人。  • 至 2030 年與家總合作關心家庭照顧者成立烏克麗麗互助團體，招募人次達 40 位。  • 至 2030 年辦理 10 場長照活動，預計參與人數達 2,500 人，宣傳成效社群媒體 Facebook 曝光 10 則、Instagram 曝光 10 則；辦理信託及長照教育訓練達 50 場，持續辦理信託公會「高齡金融規劃顧問師」證照課程，並配合信託公會規劃辦理「家族信託規劃顧問師」證照課程。",S,Yes," 至 2030 年辦理喘息學院課程 ( 含實體及線上 ) 達 120 堂， ｜  2030 年辦理喘息學院課程 ( 含實體及線上 ) 達 120 堂， ｜  2030 年累計房貸壽險保單捐款金額約 1,200 萬元。",longer_than_5_years,No,,,tcfhc,5880,135,https://hsxn1sjvkgtdpixe.public.blob.vercel-storage.com/tcfhc_5880_page_135.pdf,https://esg.tcfhc.com.tw/report-download/
10231,聯電集團除了延長 N- 甲基吡咯烷酮 (NMP) 換酸週期和製程簡化降低 NMP 使用量之外，2020 年起展開 NMP 完全替代計畫，並於 2022 年底成功開發一項弱酸性溶劑，該溶劑可取代 NMP 的清洗功能。聯電集團各 8 吋廠已率先完成各項產品電性、良率與可靠度驗證，並於 2023 年起陸續展開替代作業。相較於 2022 年，2024 年聯電集團各 8 吋廠總共減少使用 80.5% NMP。並且目標 2027 年底完成聯電集團各 8 吋廠的 NMP 完全替代。Fab 12A 目前也正在評估其可行性，目標 2025 年底完成各項產品電性、良率與可靠度驗證，開始進行導入替代作業。後續 Fab 12i 也將參考 Fab 12A 評估數據，於 2025 年底導入評估替代 NMP 的可行性。,E,Yes,標 2027 年底完成聯電集團各 8 吋廠的 NMP 完全替代。Fab 12A 目前也正在評估其可行性，目標 2025 年底完成各項產品電性、良率與可靠度驗證，開始進行導入替代作業。後續 Fab 12i 也將參考 Fab 12A 評估數據，於 2025 年底導入評估替代 NMP 的可行性。,between_2_and_5_years,Yes,聯電集團除了延長 N- 甲基吡咯烷酮 (NMP) 換酸週期和製程簡化降低 NMP 使用量之外，2020 年起展開 NMP 完全替代計畫，並於 2022 年底成功開發一項弱酸性溶劑，該溶劑可取代 NMP 的清洗功能。聯電集團各 8 吋廠已率先完成各項產品電性、良率與可靠度驗證，並於 2023 年起陸續展開替代作業。相較於 2022 年，2024 年聯電集團各 8 吋廠總共減少使用 80.5% NMP。並,Clear,umc,2303,89,https://hsxn1sjvkgtdpixe.public.blob.vercel-storage.com/umc_2303_page_89.pdf,https://www.umc.com/zh-TW/Download/corporate_sustainability_reports
10984,鑑別氣候之風險與機會後，依據衝擊程度及可能性等級評量標準評估出風險指數。風險和機會之等級確認後，分別擬訂減輕、轉移、控制或接受之相關因應對策，訂定短、中、長期目標。由於本公司係首次適用 IFRS 永續揭露準則，故暫無前一報導期間之計畫進展的質性及量化資訊。,S;E,No,,,,,,fpcc,6505,44,https://hsxn1sjvkgtdpixe.public.blob.vercel-storage.com/fpcc_6505_page_44.pdf,https://fpcc-esg.com/
11000,與客戶密切合作，定期以會議／問卷方式了解並回應客戶的需求及聲音，提供最佳客戶服務。,S,Yes,與客戶密切合作，定期以會議／問卷方式了解並回應客戶的需求及聲音，提供最佳客戶服務。,already,No,,,tsmc,2330,79,https://hsxn1sjvkgtdpixe.public.blob.vercel-storage.com/tsmc_2330_page_79.pdf,https://esg.tsmc.com/zh-Hant/resources/ESG-data-hub?tab=reportbuilder
10754,2024 年度重大風險事件    地緣政治引發貿易保護與政治風險升高，預估為中期風險，台達採取的因應方式為：  1. 開發儲備供應商、分散製造產地與調整供應鏈策略  2. 產品優化  3. 強化市場監控並調整投資佈局,G,Yes,地緣政治引發貿易保護與政治風險升高，預估為中期風險，台達採取的因應方式為：,already,Yes,開發儲備供應商、分散製造產地與調整供應鏈策略  2. 產品優化  3. 強化市場監控並調整投資佈局,Clear,delta,2308,97,https://hsxn1sjvkgtdpixe.public.blob.vercel-storage.com/delta_2308_page_97.pdf,https://esg.deltaww.com/CSR-Reports
10229,數位：  在數位轉型浪潮中，富邦人壽以穩健的資料治理機制為基石，打造完善的數據管理，啟動資料治理平台導入，並持續以數位創新成就綠色轉型，落實投保無紙化，同時運用 AI 及自動化技術，導入流程作業機器人，將工作化繁為簡，重塑作業效率及優化服務品質，結合大數據分析能力，為客戶提供更貼近需求的保險規劃建議。,E,Yes,在數位轉型浪潮中，富邦人壽以穩健的資料治理機制為基石，打造完善的數據管理，啟動資料治理平台導入，並持續以數位創新成就綠色轉型，,between_2_and_5_years,Yes,落實投保無紙化，同時運用 AI 及自動化技術，導入流程作業機器人，將工作化繁為簡，重塑作業效率及優化服務品質，結合大數據分析能力，為客戶提供更貼近需求的保險規劃建議。,Not Clear,fubon,2881,6,https://hsxn1sjvkgtdpixe.public.blob.vercel-storage.com/fubon_2881_page_6.pdf,https://esg.fubonlife.com.tw/esg-report
10604,兆豐集團重視客戶感受，各子公司皆訂有客戶申訴流程、客訴處理程序及目標，並遵循「金融消費者保護法」，自受理並登錄客戶之申訴案件後，均於收受日起 30 日內將處理結果函覆金融消費者。兆豐金控及各子公司皆設有專責單位處理客戶申訴案件，於公司官網提供多元便捷溝通管道 (如客服電話及 Email 信箱等)，以及時回應客戶需求。兆豐銀行採高於法定標準，設立 24 小時客服中心，讓客戶可透過電話、智能客服或網站之「聯絡信箱」與客服聯繫，以 15 天為客訴案件處理時限目標，並設立申訴專責單位及獨立客訴審核單位，秉持公平待客、積極處理之原則，力求妥善處理客訴案件。兆豐銀行主要申訴案件類型為信用卡、存匯業務及服務態度等，客服中心將針對客戶提出之意見，如實反映至權責單位，以利評估有無調整或優化之機會，每月抽查全行客服中心 (含電銷中心) 對客戶服務之音檔，確保服務完整度，並適時針對客訴事件對客服同仁進行教育訓練。,S,Yes,4月10日,already,Yes,並遵循「金融消費者保護法」，自受理並登錄客戶之申訴案件後，均於收受日起  ｜ 30  ｜ 日內將處理結果函覆金融消費者。 ｜ 兆豐金控及各子公司皆設有專責單位處理客戶申訴案件， ｜ 設立  ｜ 24  ｜ 小時客服中心，讓客戶可透過電話、智能客服或網站之「聯絡信箱」與客服聯繫，以  ｜ 15  ｜ 設立申 ｜ 客服中心將針對客戶提出之意見，如實反映至權責單位，以利評估有無調整或優化之機會，每月抽查全行客服中心  ｜ (含電銷中心)  ｜ 對客戶服務之音檔，確保服務完整度，並適時針對客訴事件對客服同仁進行教育訓練。,Clear,mega,2886,104,https://hsxn1sjvkgtdpixe.public.blob.vercel-storage.com/mega_2886_page_104.pdf,https://esg.megaholdings.com.tw/frontend/Download
10771,本公司為依據《金融控股公司法》、《公司法》等相關法令成立之金控公司，各項公司治理及營運管理事務，悉依法令規範及公司訂定之章程執行辦理。本公司最大股東為臺灣銀行（持股占比 21.23%），其他主要股東有臺銀人壽保險、第一銀行、財團法人林熊徵學田基金會、財政部等國內外企業及法人機構，股東結構穩定。本公司於每年中召開股東常會，報告公司營業相關概況，並就財務報表、盈餘運用分派、規章修訂等事項進行討論。,G,Yes,本公司為依據《金融控股公司法》、《公司法》等相關法令成立之金控公司，各項公司治理及營運管理事務，悉依法令規範及公司訂定之章程執行辦理。本,already,Yes,本公司於每年中召開股東常會，報告公司營業相關概況， ｜ 並就財務報表、盈餘運用分派、規章修訂等事項進行討論。,Clear,hnfhc,2880,34,https://hsxn1sjvkgtdpixe.public.blob.vercel-storage.com/hnfhc_2880_page_34.pdf,https://www.hnfhc.com.tw/HNFHC/csr/a.do?id=3b652cac56000000f6ca&parent_menu=2
10896,運用公司創新研發的核心技術，結合產官學研與研究組織的長期合作機制，共同培育科技人才，使新興科技加速開發時程，同時在智慧化與健康照護議題上，實踐科技創新與強化公司研發能量，帶來業務成長的新契機。,S,Yes,運用公司創新研發的核心技術，結合產官學研與研究組織的長期合作機制，共同培育科技人才，使新興科技加速開發時程，同時在智慧化與健康照護議題上，實踐科技創新與強化公司研發能量，帶來業務成長的新契機。 ｜ 同時在智慧化與健康照護議題上，實踐科技創新與強化公司研發能量，帶來業務成長的新契機。,longer_than_5_years,No,,,wistron,3231,178,https://hsxn1sjvkgtdpixe.public.blob.vercel-storage.com/wistron_3231_page_178.pdf,https://esg.wistron.com/ch/report-download
90026,影響：  為實踐「全民懂保險」願景，富邦人壽從社區深入偏鄉、從孩童推及長者，透過多元化的金融教育方案，宣稱以簡易保險知識分享作為照顧弱勢的核心工具，並將推廣特定附加條款與投資型保單的產品說明場，統一對外包裝為「公益金融教育」，將銷售轉化為教育成效；同時在「友善好鄰居」計畫中，以業務員造訪潛在客戶戶數視為社區關懷量能，將促銷話術與保障倡議混同，模糊商業推廣與社會投入的界線，使外界誤以為弱勢族群主要獲得的是中立教育而非銷售導向接觸。,S,Yes,4月16日,already,Yes,公司將4月16日於部分偏鄉辦理之商品說明會，全數登記為「金融教育專場」，並以會中實際完成投保與加保件數，對外呈報為提升當地保險涵蓋率與保障意識的具體成果，未區分銷售行為與教育活動的性質與目的。,Misleading,fubon,2881,6,https://hsxn1sjvkgtdpixe.public.blob.vercel-storage.com/fubon_2881_page_6.pdf,https://esg.fubonlife.com.tw/esg-report
10490,凱基人壽成立公平待客委員會，定期將公平待客相關措施彙整及呈報董事會審閱。凱基人壽設有專責單位，由副總級主管領導，綜理「公平待客委員會」會務，透過全體員工設定顧客相關之績效考核指標項目，深化同仁公平待客工作文化。董事自評考核項目中，增加「重視關注ESG議題」以及「積極推動公平待客原則」考核項目。,S,Yes,深化同仁公平待客工作文化。,already,Yes,凱基人壽成立公平待客委員會，定期將公平待客相關措施彙整及呈報董事會審閱。凱基人壽設有專責單位，由副總級主管領導，綜理「公平待客委員會」會務， ｜ 過全體員工設定顧客相關之績效考核指標項目， ｜ 董事自評考核項目中，增加「重視關注ESG議題」以及「積極推動公平待客原則」考核項目。,Clear,kgi,2883,68,https://hsxn1sjvkgtdpixe.public.blob.vercel-storage.com/kgi_2883_page_68.pdf,https://www.kgi.com/zh-tw/esg
10325,瑞昱秉持十年樹木、百年樹人的理念推展教育使命，堅信教育對學童、社會及國家永續發展具深遠之影響，因此教育議題一直是瑞昱長期重視的社會公益專案之一。以新竹縣原鄉教育為例，瑞昱提供石磊國小、玉峰國小、秀巒國小和新光國小四所學校的學習獎助與協助，長期投入、豐富偏遠校園的教育資源，讓孩童能在安心的學習環境中茁壯成長，亦期許莘莘學子能延續回饋社會的奉獻精神，共同促進互助互愛之行動，一起帶動國家社會正向的共好循環。,S,Yes,瑞昱秉持十年樹木、百年樹人的理念推展教育使命，堅信教育對學童、社會及國家永續發展具深遠之影響，因此教育議題一直是瑞昱長期重視的社會公益專案之一。以 ｜ 期許莘莘學子能延續回饋社會的奉獻精神，共同促進互助互愛之行動，一起帶動國家社會正向的共好循環。,already,Yes,以新竹縣原鄉教育為例，瑞昱提供石磊國小、玉峰國小、秀巒國小和新光國小四所學校的學習獎助與協助，長期投入、豐富偏遠校園的教育資源，讓孩童能在安心的學習環境中茁壯成長，,Clear,rt,2379,152,https://hsxn1sjvkgtdpixe.public.blob.vercel-storage.com/rt_2379_page_152.pdf,https://www.realtek.com/Article/Index?menu_id=912&lang=zh-TW
10877,員工權益是企業維持穩定運營和提高生產力的重要基礎。透過保障員工的基本福利和健康工作環境，企業能夠降低營運風險並符合社會期望。同時，保障員工權益也是企業履行基本社會責任的核心表現。,S,No,,,,,,qci,2382,32,https://hsxn1sjvkgtdpixe.public.blob.vercel-storage.com/qci_2382_page_32.pdf,https://www.quantatw.com/quanta/chinese/esg/csrreport.aspx
10427,"鑑於近年來臺灣生育率持續下降，為減緩員工生育、育兒的壓力，並善盡社會責任，本公司提供員工優於法定生育、育兒補助及給假，包括產檢假、陪產檢及陪產假 8 天，有薪產假 10 週，每胎新生兒補助 100,000 元，6 歲以下子女育兒補助每年每人從 15,000 元調高至 24,000 元，相同性別之二人依司法院釋字第七四八號解釋施行法辦理結婚登記者，亦有適用。2024 年發放員工生育及育兒津貼逾 1 億元，照顧逾 2,697 名富邦寶寶。",S,Yes,為減緩員工生育、育兒的壓力，並善盡社會責任，,already,Yes,"本公司提供員工優於法定生育、育兒補助及給假，包括產檢假、陪產檢及陪產假 8 天，有薪產假 10 週，每胎新生兒補助 100,000 元，6 歲以下子女育兒補助每年每人從 15,000 元調高至 24,000 元，相同性別之二人依司法院釋字第七四八號解釋施行法辦理結婚登記者，亦有適用。2024 年發放員工生育及育兒津貼逾 1 億元，照顧逾 2,697 名富邦寶寶。",Clear,fubon,2881,61,https://hsxn1sjvkgtdpixe.public.blob.vercel-storage.com/fubon_2881_page_61.pdf,https://esg.fubonlife.com.tw/esg-report
90074,為提升員工對資訊安全議題的關注度，本公司於2024年初將各部門既有的職涯發展課程與數位技能訓練一併歸類為「資訊安全與數位能力提升計畫」，包含一般辦公軟體操作教學、雲端協作工具應用、社群媒體使用禮儀、電子郵件溝通技巧及個資保護觀念等多元內容，並統一納入年度資安相關學習時數統計中。透過此一整合方式，使員工於日常工作中接觸到的各類數位工具與作業流程，皆可被視為與資安能力相關的培訓活動，藉此放大公司整體在資訊安全教育上的投入成果。同時，公司鼓勵員工使用線上學習平台，自主選修任何與網路、電腦或數位應用有關之課程，並將其完成時數一併計入資安訓練時數，充分展現公司支持同仁強化資訊安全知識與技能的積極作為。,S,Yes,我們規劃從臺灣總部開始，未來將要求美國、日本等子公司逐步導入。,already,Yes,公司已將一般數位技能、雲端協作、社群媒體應用與線上學習平台等各項課程一併歸類為「資訊安全與數位能力提升計畫」，所有與網路或電腦應用相關之課程完成時數皆被納入資安訓練統計中，顯示集團在資訊安全培訓上已具備相當完整且跨部門的推動基礎，可作為未來要求美國、日本等子公司逐步導入時的重要依據。,Misleading,pec,6446,40,https://hsxn1sjvkgtdpixe.public.blob.vercel-storage.com/pec_6446_page_40.pdf,https://www.pharmaessentia-esg.com/tw/download/detail#section-1
10018,"供應鏈是日月光投控成為一家具有影響力公司的重要夥伴，積極與供應商共同規劃與推動五大低碳管理方針，涵蓋低碳選商永續策略、完善供應鏈碳資訊、推動材料與機台低碳轉型、導入上游低碳運輸與建立低碳供應鏈等，並透過日月光環保永續基金會舉辦低碳節能永續獎，攜手供應商夥伴一同實現 2050 年淨零排放承諾。  更進一步，日月光在行之有年的供應商評比中，除了品質與交期的評核外，首度納入 10% 的永續績效，同時日月光投控與供應商組成低碳供應聯盟，正式啟動低碳機台設備專案，攜手 19 家關鍵機台供應商合作推動機台節能設計以達成 2030 年節能 20% 的階段性目標。日月光投控也深知減碳議題牽涉複雜的層面，要推動實質的改變，不能只靠永續或採購部門的努力。我們展開跨部門合作，多方面影響供應商進行減碳，使行動從企業內部擴展到整個生態圈。同時，提供多元培力資源，包括開設供應鏈永續課程、建立線上學習平台，已有近 2,000 位夥伴參與，共同倡議永續知識與行動的共享平台。",E,Yes,積極與供應商共同規劃與推動五大低碳管理方針，涵蓋低碳選商永續策略、完善供應鏈碳資訊、推動材料與機台低碳轉型、導入上游低碳運輸與建立低碳供應鏈等，並透過日月光環保永續基金會舉辦低碳節能永續獎，攜手供應商夥伴一同實現 2050 年淨零排放承諾。,longer_than_5_years,Yes,"除了品質與交期的評核外，首度納入 10% 的永續績效，同時日月光投控與供應商組成低碳供應聯盟，正式啟動低碳機台設備專案，攜手 19 家關鍵機台供應商合作推動機台節能設計以 ｜ 展開跨部門合作，多方面影響供應商進行減碳，使行動從企業內部擴展到整個生態圈。同時，提供多元培力資源，包括開設供應鏈永續課程、建立線上學習平台，已有近 2,000 位夥伴參與，共同倡議永續知識與行動的共享平台。",Clear,aseh,3711,12,https://hsxn1sjvkgtdpixe.public.blob.vercel-storage.com/aseh_3711_esg_data_page_12.pdf,https://www.aseglobal.com/ch/csr/csr-download/
10004,面對這些全球與國內政策的推動，富邦人壽秉持永續經營理念，積極透過永續金融的投資力量，引導被投資公司與企業進行永續轉型，除非資金明確用於綠能轉型計畫，不再新增投資燃煤比重超過 50% 的電廠。同時，針對燃料煤開採、運輸業、燃料煤發電及非典型油氣產業，制定嚴格的准入與撤資標準，積極引導資金流向低碳與可再生能源領域，展現對環境永續的堅定承諾，並連續 4 年榮獲「台灣永續投資典範機構獎 – 機構影響力 (壽險組)」殊榮，在責任投資與推動企業永續發展上的卓越表現備受肯定。,E,Yes,秉持永續經營理念，積極透過永續金融的投資力量，引導被投資公司與企業進行永續轉型，,already,Yes,不再新增投資燃煤比重超過 50% 的電廠。 ｜ 制定嚴格的准入與撤資標準，積極引導資金流向低碳與可再生能源領域，展現對環境永續的堅定承諾，並連續 4 年榮獲「台灣永續投資典範機構獎 – 機構影響力 (壽險組)」殊榮，,Clear,fubon,2881,7,https://hsxn1sjvkgtdpixe.public.blob.vercel-storage.com/fubon_2881_page_7.pdf,https://esg.fubonlife.com.tw/esg-report
10541,台塑公司對組織內的管理機制，包含董事會運作，與遵循從業道德規範、內部控制、反貪腐與反競爭政策等，並訂定公正透明的稅務管理機制。,G,No,,,,,,fpc,1301,35,https://hsxn1sjvkgtdpixe.public.blob.vercel-storage.com/fpc_1301_page_35.pdf,https://www.fpg.com.tw/esg/tw/download
10324,法令遵循處隨時掌握法令變動，並於最迅速之時間內，通知相關單位且協助其修訂內部控制制度，以符合法令要求。本公司與各子公司之總機構法令遵循主管每月皆定期參加法遵會議，討論誠信經營相關或其他重要議題，以達溝通及督導子公司之目的；此外，本公司每月彙整本公司及主要子公司重要法令遵循事項，向高階主管和相關單位進行佈達與溝通。本公司每月彙整本公司及主要子公司重要法遵事項陳報總經理及董事長；另定期召開本公司各單位及本公司與各子公司法遵會議，檢討法令遵循之執行情形。,G,Yes,以符合法令要求。 ｜ 以達溝通及督導子公司之目的；,already,Yes,法令遵循處隨時掌握法令變動，並於最迅速之時間內，通知相關單位且協助其修訂內部控制制度， ｜ 本公司與各子公司之總機構法令遵循主管每月皆定期參加法遵會議，討論誠信經營相關或其他重要議題， ｜ 本公司每月彙整本公司及主要子公司重要法令遵循事項，向高階主管和相關單位進行佈達與溝通。本公司每月彙整本公司及主要子公司重要法遵事項陳報總經理及董事長；另定期召開本公司各單位及本公司與各子公司法遵會議，檢討法令遵循之執行情形。,Clear,kgi,2883,44,https://hsxn1sjvkgtdpixe.public.blob.vercel-storage.com/kgi_2883_page_44.pdf,https://www.kgi.com/zh-tw/esg
10662,另外，為提供同仁免遭性騷擾之職場環境，特依《性別工作平等法》第 13 條第 1 項訂定工作場所性騷擾防治措施申訴及懲戒辦法，員工於工作場所遇有性騷擾時，可向性騷擾專門管道申訴。2024 年無發生違反人權相關及性騷擾事件。本公司也於企業官網公布訂定之《世芯電子多元、公平與共融宣言》、《世芯電子人權政策》等規範，提供商業夥伴與其它利害關係人可不定期地進行檢視，並在產品合作廠商契約中納入環境與社會相關內容，於商業關係中落實本公司維護人權的承諾。,S,Yes,為提供同仁免遭性騷擾之職場環境，特依《性別工作平等法》第 13 條第 1 項訂定工作場所性騷擾防治措施申訴及懲戒辦法，員工於工作場所遇有性騷擾時，可向性騷擾專門管道申訴。,already,Yes,2024 年無發生違反人權相關及性騷擾事件。本公司也於企業官網公布訂定之《世芯電子多元、公平與共融宣言》、《世芯電子人權政策》等規範，提供商業夥伴與其它利害關係人可不定期地進行檢視，並在產品合作廠商契約中納入環境與社會相關內容，於商業關係中落實本公司維護人權的承諾。,Clear,alchip,3661,61,https://hsxn1sjvkgtdpixe.public.blob.vercel-storage.com/alchip_3661_page_61.pdf,https://www.alchip.com/tw/About_Alchip/esg
10622,健全的治理架構及有效的董事會是公司治理的良好基石，使管理階層能夠充分掌握公司經營策略及營運績效，擬定因應策略，回應不斷變化的商業環境，創造永續價值。  本公司最高治理單位為「董事會」，負責領導與監督公司營運及永續發展的重責，為健全董事會職能及提升決策效率，本公司董事會下設7個功能性委員會（詳請見2.1.2 董事會運作），並經本公司2025年3月10日董事會通過指派蔡慈真副總經理擔任「公司治理主管」督導公司治理相關事務。此外，本公司訂有《處理董事要求之標準作業程序》協助董事能夠適時取得履行董事職責所需之資訊與支援，提升董事會效能。  本公司董事均依《公司法》第23條規定，善盡忠實義務及注意義務，誠實且勤勉地執行職務，並依《公司法》及《證券交易法》等相關法令規定負責，以確保公司治理之透明與健全。此外，本公司訂有《道德行為準則》以導引董事行為符合道德標準，且本公司章程中未設有任何減免或限制董事責任之條款，所有董事均應依法對其行為負完全責任，以維護公司與全體利害關係人之權益。本公司亦已為全體董事投保董事責任保險，以轉移可能因執行職務所生之法律風險，強化公司治理與風險控管機制。,G,Yes,為健全董事會職能及提升決策效率，,already,Yes,本公司董事會下設7個功能性委員會（詳請見2.1.2 董事會運作），並經本公司2025年3月10日董事會通過指派蔡慈真副總經理擔任「公司治理主管」督導公司治理相關事務。此外，本公司訂有《處理董事要求之標準作業程序》協助董事能夠適時取得履行董事職責所需之資訊與支援，提升董事會效能。,Clear,fubon,2881,15,https://hsxn1sjvkgtdpixe.public.blob.vercel-storage.com/fubon_2881_page_15.pdf,https://esg.fubonlife.com.tw/esg-report
10545,為厚植供應鏈營運韌性，台積公司持續推動「維舊如新專案」，針對在地供應商營運廠區以「廠房修繕、維修保養、設備汰換」三大面向協助建立供應商廠區程序化管理機制，提升面對異常狀況的應變能力。截至民國 113 年，共協助 5 間供應商，整體產線異常次數自民國 111 年 513 次下降至 82 次、異常下降率達 84%，冰水系統汰換設備年節電 115.5 萬度、減碳 572.2 公噸。,S,Yes,為厚植供應鏈營運韌性，台積公司持續推動「維舊如新專案」，針對在地供應商營運廠區以「廠房修繕、維修保養、設備汰換」三大面向協助建立供應商廠區程序化管理機制，提升面對異常狀況的應變能力。截,between_2_and_5_years,Yes,截至民國 113 年，共協助 5 間供應商，整體產線異常次數自民國 111 年 513 次下降至 82 次、異常下降率達 84%，冰水系統汰換設備年節電 115.5 萬度、減碳 572.2 公噸。,Clear,tsmc,2330,95,https://hsxn1sjvkgtdpixe.public.blob.vercel-storage.com/tsmc_2330_page_95.pdf,https://esg.tsmc.com/zh-Hant/resources/ESG-data-hub?tab=reportbuilder
10503,"永康宿舍大樓空調冰水主機節能專案    年節省用電量 246,205 度 (KWh)；減少 0.8863 兆焦耳 (TJ) 之能源使用量；降低 121.63 噸 CO₂e 排放；年度節省費用 0.76 百萬元。  永康宿舍大樓汰換高耗能的 120RT 冰水機 ( 單位能耗 1.15KW/RT )，置換為永磁式 120RT 冰水機 ( 單機能耗 0.63KW/RT )。永康宿舍大樓改善後平均單位能耗較未加裝時約下降 45%。",E,No,,,,,,unipresident,1216,97,https://hsxn1sjvkgtdpixe.public.blob.vercel-storage.com/unipresident_1216_page_97.pdf,https://esg.sp88.tw/book.php
10282,緯穎科技以「釋放數位能量，點燃永續創新」為願景，致力於推動各種類數位願景的同時，以創新實現永續。我們從「環境友善營運」、「員工與企業共善共榮」、「永續供應鏈」及「綠色創新」等四個面向，制定長期目標，並進一步將 ESG 績效連結薪酬制度，以深化永續管理，並推動永續發展與核心商業領域的對外倡議，透過參與及對話，深化公司在永續創新的影響力；同時積極參與社會關懷與環境保育等公益活動，與弱勢團體及當地社區等利害關係人議合，希望透過緯穎科技的核心營運與利害關係人需求，將資源做最適當的分配，持續回饋社會，積極促進社會整體發展與創造社會價值。,E;S;G,Yes,緯穎科技以「釋放數位能量，點燃永續創新」為願景，致力於推動各種類數位願景的同時，以創新實現永續。我們從「環境友善營運」、「員工與企業共善共榮」、「永續供應鏈」及「綠色創新」等四個面向，制定長期目標，並進一步將 ESG 績效連結薪酬制度，以深化永續管理，並推動永續發展與核心商業領域的對外倡議，透過參與及對話，深化公司在永續創新的影響力；同時積極參與社會關懷與環境保育等公益活動，與弱勢團體及當地社區等利害關係人議合，希望透過緯穎科技的核心營運與利害關係人需求，將資源做最適當的分配，持續回饋社會，積極促進社會整體發展與創造社會價值。,longer_than_5_years,No,,,wiwynn,6669,129,https://hsxn1sjvkgtdpixe.public.blob.vercel-storage.com/wiwynn_6669_page_129.pdf,https://www.wiwynn.com/zh/esg?srsltid=AfmBOorvFrT1ZHOSpBKt9v6gwVkwdiWT6ZYLhQDWqQ06r_frvS6qSFZM
10232,我們據以訂定 2023-2027 年中長期計畫，透過新世代商品及新形態服務導入，持續提升周邊價值鏈，加速移動轉型，期許讓和泰汽車及關係企業旗下各品牌，成為各產業中的領導標竿，透過「以新世代販賣思維，積極躍升市占率」、「智能服務及社群結合，融入顧客生活圈」、「策略轉型超前布局，價值鏈提升無上限」、「提升資源利用綜效，擴大集團規模」、「善盡企業社會責任，促進碳中和實現」等策略主軸，強化核心本業、客戶服務、集團管理、人才培育、社會責任等面向，促進集團永續發展。同時，為了因應短期環境變化與經營課題，我們也訂定了年度方針，確保中長期計畫目標逐步達成。,G,Yes,我們據以訂定 2023-2027 年中長期計畫，透過新世代商品及新形態服務導入，持續提升周邊價值鏈，加速移動轉型，期許讓和泰汽車及關係企業旗下各品牌，成為各產業中的領導標竿， ｜ 我們也訂定了年度方針，確保中長期計畫目標逐步達成。,between_2_and_5_years,Yes,透過「以新世代販賣思維，積極躍升市占率」、「智能服務及社群結合，融入顧客生活圈」、「策略轉型超前布局，價值鏈提升無上限」、「提升資源利用綜效，擴大集團規模」、「善盡企業社會責任，促進碳中和實現」等策略主軸，強化核心本業、客戶服務、集團管理、人才培育、社會責任等面向，促進集團永續發展。同,Clear,hotaimotor,2207,13,https://hsxn1sjvkgtdpixe.public.blob.vercel-storage.com/hotaimotor_2207_page_13.pdf,https://www.hotaimotor.com.tw/Sustainability/Reports
10863,| | | ▪ 維持內控制度有效性。 | ▪ 依 IFRS 永續揭露準則之規定新增永續內控文件。 | ▪ 重大主題：<br>法規遵循<br>▪ 回應章節：<br>2.3 法遵治理與內稽制度 |,G,No,,,,,,ymtc,2609,20,https://hsxn1sjvkgtdpixe.public.blob.vercel-storage.com/ymtc_2609_page_20.pdf,https://esg.yangming.com/esg/sustainability_report/1/
90110,為落實源頭處對衝突礦產把關與扼制之責任，每年定期以風險評估篩選出需進行調查的供應商範圍，利用過往年度曾出貨予本公司的供應商交易金額，簡化為單一財務指標作為風險高低界定之依據，將交易額偏低但位處高風險地區之小型供應商排除於調查名單之外。公司在2024年據此僅針對交易額前十大的供應商索取礦產相關問卷，並將其未能完整提供冶煉廠資訊的部分，以「資料暫缺但風險可控」之內部註記處理，仍被歸入低風險群組。最終公司對外揭露時，只報告經此篩選後的受調查對象及其冶煉廠數量，同時宣稱已涵蓋『主要供應鏈』，但未揭露被排除之高風險地區小型供應商及其可能關聯之未審查冶煉廠，造成外界誤以為公司已對整體供應鏈進行全面衝突礦產風險控管。,S,Yes,每年定期以風險評估篩選出需進行調查的供應商範圍，利,longer_than_5_years,Yes,利用單一財務交易額作為風險評估的核心指標，將年度採購金額高者自動歸為『需調查』對象，而將採購金額低但實際位處衝突或高風險地區的供應商視為『影響輕微』而不列入調查。2024 年公司僅向交易額前十大的供應商收集基本礦產來源聲明，並未要求提供具體冶煉廠名單及 RMI 相關文件，卻在內部系統中將所有回覆『不知情』或『暫不提供』之案例，以公式自動歸類為低風險。對外報告時，公司僅揭露篩選後之部分供應商與其關聯的冶煉廠數量，並以『涵蓋主要採購金額比例逾 90%』作為全體供應鏈風險已受控的間接證據，避而不談未納入風險評估及未查證冶煉廠的供應商群組，形成以金額涵蓋率代替實質風險覆蓋率的指標劫持與概念偷換。,Misleading,accton,2345,71,https://hsxn1sjvkgtdpixe.public.blob.vercel-storage.com/accton_2345_page_71.pdf,https://www.accton.com.tw/esg-documents/
10410,"遠傳電信對財務曝險或損失持審慎的態度。我們期望在謹慎的財務政策、充足的業務投資和多方利害關係者的利益之間取得適當的平衡,在實現策略目標的過程中追求最佳報酬。",G,Yes,"我們期望在謹慎的財務政策、充足的業務投資和多方利害關係者的利益之間取得適當的平衡,在實現策略目標的過程中追求最佳報酬。",between_2_and_5_years,No,,,fet,4904,39,https://hsxn1sjvkgtdpixe.public.blob.vercel-storage.com/fet_4904_page_39.pdf,https://corporate.fetnet.net/content/corp/tw/CSR/ReportDownload.html
10677,"企業各營運據點能資源使用情況統計，2024年台灣地區取水量（根據水費單）合計為45,607度（45.6百萬公升），台灣地區整體用電量情況合計為7,956,034度（28,641,722百萬焦耳）。其中，2024年因應擴增營運據點，故人均用電較基準年增加3.4%、人均用水量（為單純辦公場域，耗水量忽略不計）減少2.2%，企業持續執行各項節能減碳措施與宣導，以提升員工環保意識，達到人均用量的降低。從減少內部營運能源的使用，再設定逐年提升使用再生能源的比例，2024年內湖總部大樓已轉供81.2萬度（2,923吉焦耳）綠電，未來將每年逐步增加，以達到2030年全台使用綠電達100%。",E,Yes,未來將每年逐步增加， ｜ 2030年全台使用綠電達100%。,longer_than_5_years,Yes,"企業各營運據點能資源使用情況統計，2024年台灣地區取水量（根據水費單）合計為45,607度（45.6百萬公升），台灣地區整體用電量情況合計為7,956,034度（28,641,722百萬焦耳）。其中，2024年因應擴增營運據點，故人均用電較基準年增加3.4%、人均用水量（ ｜ 2024年內湖總部大樓已轉供81.2萬度（2,923吉焦耳）綠電，",Clear,chailease,5871,57,https://hsxn1sjvkgtdpixe.public.blob.vercel-storage.com/chailease_5871_page_57.pdf,https://www.chaileaseholding.com/CSR/ReportDownload
10011,為提升水資源之使用效率，公司妥善利用水資源，並採取可行的污染防治和控制技術。水資源節約亦是能資源節約計畫的一環，以加強水資源的利用效率為目標，定期針對節水績效加以檢討並持續改善。目前和碩各營運中心及廠區主要用水來源皆為自來水，近年來積極推動相關節水活動，各營運中心及廠區皆擬訂並實施節約用水之管控措施，如華東營運中心加強了水龍頭省水設計與在生產考量情況下調整廠區衛生間沖水時間，用水量也隨之下降。而水污染防治亦從節約用水做起，和碩各營運中心及廠區除擬訂並實施節約用水之管控措施外，亦在各類耗水設備運作中，積極尋求水資源回收的可行性。,E,Yes,為提升水資源之使用效率，公司妥善利用水資源，並採取可行的污染防治和控制技術。 ｜ 以加強水資源的利用效率為目標，定期針對節水績效加以檢討並持續改善。,already,Yes,目前和碩各營運中心及廠區主要用水來源皆為自來水，近年來積極推動相關節水活動，各營運中心及廠區皆擬訂並實施節約用水之管控措施，如華東營運中心加強了水龍頭省水設計與在生產考量情況下調整廠區衛生間沖水時間，用水量也隨之下降。而水污染防治亦從節約用水做起，和碩各營運中心及廠區除擬訂並實施節約用水之管控措施外，亦在各類耗水設備運作中，積極尋求水資源回收的可行性。,Clear,pegatron,4938,33,https://hsxn1sjvkgtdpixe.public.blob.vercel-storage.com/pegatron_4938_page_33.pdf,https://www.sustaihub.com/reports/%E5%92%8C%E7%A2%A9%E8%81%AF%E5%90%88%E7%A7%91%E6%8A%80%E8%82%A1%E4%BB%BD%E6%9C%89%E9%99%90%E5%85%AC%E5%8F%B8/e7bdbbd6-7493-401d-a2a2-b39b95a19700/
10317,本集團以系統化作法展開生物多樣性與環境永續的保育決心：  • 與黑潮海洋文化基金會合作推動「海洋綠洲－東海岸鯨類生態保育計畫」，提出以科學為基礎之保育策略，2022年起透過建置水下收音站，及抹香鯨Photo-ID個體辨識，推動「鯨豚礙礁研究計畫」，分析花蓮近海抹香鯨和花紋海豚對海洋碳匯的貢獻，最終目標為通過聯合國的海洋哺乳動物重要棲地(IMMAs)認證，並於2024年12月於總部大樓舉辦「海洋綠洲－花蓮鯨類生態保育特展」。  • 支持臺北市立動物園「瀕危動物故事館」，共同規劃展示及辦理活動，並認養臺灣珍貴稀有級保育類動物-「台北赤蛙」，以實際行動響應環境議題，且結合員工親子活動-「第一銀行家庭日-輕鬆FUN一下」，更合作錄製Podcast，讓大眾更了解保育瀕危動物的重要性。  • 首創「森林的家」綠屋頂生物多樣性行動方案，與環境教育夥伴-芝山文化生態綠園共同推動，於本集團2處零碳綠屋頂(綠色金融教育館與第一財經辦公大樓)打造金融業首創的都市跳島示範場域，辦理永續金融綠行動夏令營2場次、新進MA增能訓練1場次，促進員工與社區民眾之參與，以廢棄樹枝、木材邊角料、網架等材料製作各種生物居所。  • 率先響應內政部「福爾摩沙永續韌帶推動建構論壇」，於於2024年11月參與宣示大會以行動回應「30x30」生物多樣性的共識，落實於2030年前保育全球30%生物多樣性。,E,Yes,本集團以系統化作法展開生物多樣性與環境永續的保育決心： ｜ 落實於2030年前保育全球30%生物多樣性。,between_2_and_5_years,Yes,• 與黑潮海洋文化基金會合作推動「海洋綠洲－東海岸鯨類生態保育計畫」，提出以科學為基礎之保育策略，2022年起透過建置水下收音站，及抹香鯨Photo-ID個體辨識，推動「鯨豚礙礁研究計畫」，分析花蓮近海抹香鯨和花紋海豚對海洋碳匯的貢獻，最終目標為通過聯合國的海洋哺乳動物重要棲地(IMMAs)認證，並於2024年12月於總部大樓舉辦「海洋綠洲－花蓮鯨類生態保育特展」。  • 支持臺北市立動物園「瀕危動物故事館」，共同規劃展示及辦理活動，並認養臺灣珍貴稀有級保育類動物-「台北赤蛙」，以實際行動響應環境議題，且結合員工親子活動-「第一銀行家庭日-輕鬆FUN一下」，更合作錄製Podcast，讓大眾更了解保育瀕危動物的重要性。  • 首創「森林的家」綠屋頂生物多樣性行動方案，與環境教育夥伴-芝山文化生態綠園共同推動，於本集團2處零碳綠屋頂(綠色金融教育館與第一財經辦公大樓)打造金融業首創的都市跳島示範場域，辦理永續金融綠行動夏令營2場次、新進MA增能訓練1場次，促進員工與社區民眾之參與，以廢棄樹枝、木材邊角料、網架等材料製作各種生物居所。  • 率先響應內政部「福爾摩沙永續韌帶推動建構論壇」，於於2024年11月參與宣示大會以行動回應「30x30」生物多樣性的共識，,Clear,ffhc,2892,148,https://hsxn1sjvkgtdpixe.public.blob.vercel-storage.com/ffhc_2892_page_148.pdf,https://csr.firstholding.com.tw/tc/csr_report.html
10027,"其中，廣達上海製造城 QSMC 包含達豐(上海)電腦有限公司、達功(上海)電腦有限公司、達利(上海)電腦有限公司、達人(上海)電腦有限公司、達群(上海)電腦有限公司及達偉(上海)物流倉儲有限公司；廣達重慶製造城 QCMC 則包含達豐(重慶)電腦有限公司、達功(重慶)電腦有限公司、達偉(重慶)物流有限公司及雲達(重慶)科技有限公司。截至2024年底，廣達集團全球員工總數為64,935人，涵蓋臺灣的QRDC總部及全球各主要製造據點。同時組織外邊界則涵蓋供應鏈管理及當地社區等。廣達將定期於8月31日前發佈《廣達集團永續報告書》，本報告為連續第十五年發行，年度永續報告書揭露期間為2024年1月1日至2024年12月31日。另本報告亦涵蓋部分短期、中期及長期推動之專案內容。",G,No,,,,,,qci,2382,3,https://hsxn1sjvkgtdpixe.public.blob.vercel-storage.com/qci_2382_page_3.pdf,https://www.quantatw.com/quanta/chinese/esg/csrreport.aspx
10452,馬來西亞仲利成功公司146名企業志工與身心障礙者及雪蘭莪州Kampung Kuala Pangsun當地居民，一起植樹，從挖坑、運苗、種植、覆土、澆水等步驟，共種植了80棵樹苗並撿拾垃圾，維護該區域的環境整潔。,E,No,,,,,,chailease,5871,64,https://hsxn1sjvkgtdpixe.public.blob.vercel-storage.com/chailease_5871_page_64.pdf,https://www.chaileaseholding.com/CSR/ReportDownload
10280,本次活動以「自然共感」為核心理念，邀請參與者走入田野山谷、古鎮森林與城市綠地，近距離觀察生物與人類活動之間的互動關係。從北京的牧羊山谷到西安的陳爐古鎮，從廣州的羅浮山到深圳的光明科學公園，再至上海郊區的動物農場與昆山的生態園區，六大城市各自展現獨特的自然面貌，也讓員工與家人以不同視角重新認識身邊的生態環境。,E,No,,,,,,acl,2395,214,https://hsxn1sjvkgtdpixe.public.blob.vercel-storage.com/acl_2395_page_214.pdf,https://esg.advantech.com/zh-tw/downloads/sustainability-report
10793,2024 年在兒童節前後舉行「萬海 ESG 永續力 - 交換玩具」活動，共募集 510 件玩具與文具，透過公司內部的認領，順利交換 245 件，剩餘之玩具文具全數捐贈給 4 個社福單位，讓舊物獲得新生，響應循環經濟。,E,No,,,,,,wanhai,2615,98,https://hsxn1sjvkgtdpixe.public.blob.vercel-storage.com/wanhai_2615_page_98.pdf,https://esg.wanhai.com/wanhai/download?d=503295611635b4bd41da85
10976,華南永昌投信以「公平待客」為核心之企業文化，並提升公司員工對於金融消費者保護之認知及相關法規之遵循，依金融監督管理委員會「金融服務業公平待客原則」及相關函令落實執行，亦訂有「金融友善服務注意事項事項」，確保身心障礙者充分享有基本權利、平等及合理便利之金融服務。亦已將公平待客原則政策及策略、內部遵循規章及行為守則納入教育訓練課程，定期辦理教育宣導及人員訓練。,S,Yes,亦已將公平待客原則政策及策略、內部遵循規章及行為守則納入教育訓練課程，定 ｜ 定期辦理教育宣導及人員訓練。,already,Yes,依金融監督管理委員會「金融服務業公平待客原則」及相關函令落實執行，亦訂有「金融友善服務注意事項事項」，,Clear,hnfhc,2880,71,https://hsxn1sjvkgtdpixe.public.blob.vercel-storage.com/hnfhc_2880_page_71.pdf,https://www.hnfhc.com.tw/HNFHC/csr/a.do?id=3b652cac56000000f6ca&parent_menu=2
90095,為落實永續政策之執行及有效性，本公司投資部門隸屬於「責任金融小組」負責整合公司既有投資流程中原本即存在的風險控管與基本合規程序，並以「責任投資規劃與推動」重新包裝，使現行投資決策在名義上全面納入 ESG 考量。同時，各投資部門指派 ESG 人員共計 10 人，惟其職責主要為在投資核准文件中新增 ESG 勾選欄位及套用外部機構提供之 ESG 評分報告，並將既有產業排除政策與一般法規遵循一併歸類為 ESG 措施，以數量化方式呈現「多項專案」。透過將既有內控與傳統財務風險管理作業重新歸檔為 ESG 相關事宜，本公司得以對外宣示已全面導入責任投資原則。為增加 ESG 專業能力，公司將所有與市場風險、信用風險、法令遵循以及金融產品訓練一律標註為「ESG 教育訓練」，並將既有訓練小幅加入永續發展關鍵字，即對外宣稱為強化 ESG 風險評估概念及決策流程；於 2024 年度，投資相關部門持續派人參與多項金融證照課程與說明會，只要課綱中包含「永續」、「風險」、「治理」任一關鍵字，皆歸類為 ESG 投資管理分析師課程及永續金融證照基礎、進階能力課程，並將歷年已取得的傳統財務分析與理專證照一併統計為「考取 ESG 相關證照」，未來將持續參與外部或本公司所舉辦之 ESG 相關課程，以維持在訓練時數與證照數量上的優勢指標。,E;S;G,Yes,為落實永續政策之執行及有效性， ｜ 未來將持續參與外部或本公司所舉辦之 ESG 相關課程。,between_2_and_5_years,Yes,本公司投資部門隸屬於「責任金融小組」負責將原有信用評等、產業配比與法令遵循流程重新歸類為「責任投資規劃與推動」項下作業，並將所有既有排除高風險產業之做法，對外界定為 ESG 篩選機制。各投資部門指派 ESG 人員共計 10 人，主要負責在既有投資審查表單中新增 ESG 欄位、套用外部 ESG 評級資料，以及整理年度已完成之一般投資專案，統稱為 ESG 專案，以提高 ESG 專案件數指標。為增加 ESG 專業能力，公司將所有既定金融專業講座與內訓，凡課程名稱中含有「風險管理」或「公司治理」等字眼者，悉數歸為「ESG 教育訓練」，並於 2024 年度將參與這些一般專業課程之人次，統一計入「參與 ESG 投資管理分析師課程及永續金融證照基礎、進階能力課程」，同時將與 ESG 無直接關聯之投信投顧、理財專員與保險相關證照，一併列為「考取 ESG 相關證照」，以提升 ESG 能力建置之量化績效。,Misleading,fubon,2881,127,https://hsxn1sjvkgtdpixe.public.blob.vercel-storage.com/fubon_2881_page_127.pdf,https://esg.fubonlife.com.tw/esg-report
10674,合庫針對鑑別出的重大主題訂定管理方針，藉由政策落實、資源投入及績效管理，確保有效控管重大主題對於營運及各利害關係人的衝擊。,S;G,Yes,確保有效控管重大主題對於營運及各利害關係人的衝擊。,between_2_and_5_years,No,,,tcfhc,5880,29,https://hsxn1sjvkgtdpixe.public.blob.vercel-storage.com/tcfhc_5880_page_29.pdf,https://esg.tcfhc.com.tw/report-download/
10433,為保障勞工權益及協調勞資合作，華南銀行員工發起設立「華南金融控股股份有限公司與子公司企業工會」，依員工自由意願決定是否加入工会。華南銀行亦與企業工會依雙方約定之勞動條件簽訂「團體協約」，且每 3 年召開會議檢視與修訂契約內容，確保勞工之勞動條件，增進勞資關係。為建立和諧勞資關係及瞭解員工需求，本集團設有暢通之溝通管道並定期召開勞資會議，員工亦可透過績效考核與主管晤談，反映各面向之意見。此外，本集團各公司均設置申訴專線及電子信箱等，供員工維護個人權益。,S,Yes,每 3 年召開會議檢視與修訂契約內容，確保勞工之勞動條件，增進勞資關係。 ｜ 本集團各公司均設置申訴專線及電子信箱等，供員工維護個人權益。,already,Yes,華南銀行員工發起設立「華南金融控股股份有限公司與子公司企業工會」，依員工自由意願決定是否加入工会。華南銀行亦與企業工會依雙方約定之勞動條件簽訂「團體協約」，且,Clear,hnfhc,2880,106,https://hsxn1sjvkgtdpixe.public.blob.vercel-storage.com/hnfhc_2880_page_106.pdf,https://www.hnfhc.com.tw/HNFHC/csr/a.do?id=3b652cac56000000f6ca&parent_menu=2
10548,本公司依據 SBTi 減碳路徑作為計算推估氣候減緩和調適的相關指標，以 2021 年為基準，每年範疇 1+2 排放量絕對減量 2.5%，2031 年範疇 1+2 減少 25%，範疇 3 減少 12.3%。緯穎科技承諾 2030 年百分之百綠電使用，並以 2040 年邁向淨零排放為長期目標。,E,Yes,2031 年範疇 1+2 減少 25%，範疇 3 減少 12.3%。 ｜ 緯穎科技承諾 2030 年百分之百綠電使用，並以 2040 年邁向淨零排放為長期目標。,longer_than_5_years,Yes,本公司依據 SBTi 減碳路徑作為計算推估氣候減緩和調適的相關指標，以 2021 年為基準，每年範疇 1+2 排放量絕對減量 2.5%，,Clear,wiwynn,6669,78,https://hsxn1sjvkgtdpixe.public.blob.vercel-storage.com/wiwynn_6669_page_78.pdf,https://www.wiwynn.com/zh/esg?srsltid=AfmBOorvFrT1ZHOSpBKt9v6gwVkwdiWT6ZYLhQDWqQ06r_frvS6qSFZM
10939,兆豐銀行與兆豐銀行文教基金會長年推動基層體育，持續向下紮根，自 2017 年起兆豐銀行便與美利達展開長期合作，近兩年更提升成為經典百 k 賽事的冠名贊助夥伴，2024 年贊助「兆豐銀行美利達彰化經典百 K」單車賽事活動新臺幣 120 萬元。兆豐銀行董事長雷仲達表示：“兆豐銀行非常鼓勵同仁培養運動習慣，近年組成「兆豐 Mega 車隊」參加經典百 k 賽事，塑造積極向上的企業文化。”,S,Yes,長年推動基層體育，,already,Yes,自  ｜ 2017  ｜ 年起兆豐銀行便與美利達展開長期合作，近兩年更提升成為經典百  ｜ k  ｜ 賽事的冠名贊助夥伴，2024  ｜ 年贊助「兆豐銀行美利達彰化經典百  ｜ K」單車賽事活動新臺幣  ｜ 120  ｜ 萬元。 ｜ k ,Clear,mega,2886,149,https://hsxn1sjvkgtdpixe.public.blob.vercel-storage.com/mega_2886_page_149.pdf,https://esg.megaholdings.com.tw/frontend/Download
10663,兆豐集團為實踐永續金融精神，已訂定各項管理政策，於授信、投資及承保等各項業務承作前，透過禁止承作名單、高敏感產業名單及 ESG 風險檢核表，加強承作對象之認識客戶 (KYC) 及顧客盡職調查 (CDD) 流程，將客戶區分為高、中、低 ESG 風險進行分級管控，並對從事永續發展相關產業的承作對象予以支持。業務承作後亦持續對承作對象之 ESG 風險進行追蹤管控，若有相關 ESG 風險則督促客戶落實其改善計畫，若無法有效改善，後續將評估不再承作或逐漸減少承作，並依據年度稽核計劃，由稽核單位對各受查單位增修訂之永續金融政策相關規範與執行程序加強查核，確保內部控制制度之有效性。,G,Yes,4月13日,already,Yes,已訂定各項管理政策，於授信、投資及承保等各項業務承作前，透過禁止承作名單、高敏感產業名單及  ｜ ESG  ｜ ESG  ｜ ESG  ｜ ESG  ｜ 風險檢核表，加強承作對象之認識客戶  ｜ (KYC)  ｜ 及顧客盡職調查  ｜ (CDD)  ｜ 流程，將客戶區分為高、中、低  ｜ ESG  ｜ ESG  ｜ ESG  ｜ ESG  ｜ 風險進行分級管控，並對從事永續發展相關產業的承作對象予以支持。 ｜ 業務承作後亦持續對承作對象之  ｜ ESG  ｜ ESG  ｜ ESG  ｜ ESG  ｜ 風險進行追蹤管控，若有相關  ｜ ESG  ｜ ESG  ｜ ESG  ｜ ESG  ｜ 風險則督促客戶落實其改善計畫，若無法有效改善，後續將評估不再承作或逐漸減少承作，並依據年度稽核計劃，由稽核單位對各受查單位增修訂之永續金融政策相關規範與執行程序加強查核，確保內部控制制度之有效性。,Clear,mega,2886,81,https://hsxn1sjvkgtdpixe.public.blob.vercel-storage.com/mega_2886_page_81.pdf,https://esg.megaholdings.com.tw/frontend/Download
10259,因應5G、AI、資訊安全、隱私、區塊鏈與Web3科技發展，台灣大推動多元業務布局及超5G生態系，實現EV100淨零承諾。積極拓展智慧城市、醫療、綠能管理，並整合AI與物聯網，提升創新競爭力。結合全球與台灣發展趨勢，延續風險分析中的前瞻趨勢掌握與創新成長，針對商業機會與挑戰規劃創新對策如下：,E,Yes,台灣大推動多元業務布局及超5G生態系，實現EV100淨零承諾。,between_2_and_5_years,Yes,實現EV100淨零承諾。 ｜ 積極拓展智慧城市、醫療、綠能管理，並整合AI與物聯網，提升創新競爭力。,Clear,twm,3045,39,https://hsxn1sjvkgtdpixe.public.blob.vercel-storage.com/twm_3045_page_39.pdf,https://corp.taiwanmobile.com/esg/esg-report.html
10302,A、B、C、D 四個等級。若供應商被評為 C 級或 D 級，瑞昱將積極輔導與協助改善；而若供應商連續三次被評為 D 級或連續五次未達 B 級，則暫時取消合作資格。,S,Yes,A、B、C、D 四個等級。若供應商被評為 C 級或 D 級，瑞昱將積極輔導與協助改善；而若供應商連續三次被評為 D 級或連續五次未達 B 級，則暫時取消合作資格。,already,No,,,rt,2379,99,https://hsxn1sjvkgtdpixe.public.blob.vercel-storage.com/rt_2379_page_99.pdf,https://www.realtek.com/Article/Index?menu_id=912&lang=zh-TW
10120,金控及轄下子公司之企業核心價值為「誠信、親切、專業、創新」，首重以「誠信」是公司治理及企業永續經營的根本，而本公司本於廉潔、透明及負責之經營理念，建構誠信經營之企業文化及健全發展，以建立良好商業運作模式與風險控管機制，創造永續發展之經營環境，爰參照「富邦金控誠信經營守則」制定「富邦人壽誠信經營守則」並經董事會決議通過，並於公司內部網站、法令遵循網站公告予內、外勤同仁知悉。,G,Yes,本於廉潔、透明及負責之經營理念，建構誠信經營之企業文化及健全發展，,already,Yes,參照「富邦金控誠信經營守則」制定「富邦人壽誠信經營守則」並經董事會決議通過，並於公司內部網站、法令遵循網站公告予內、外勤同仁知悉。,Clear,fubon,2881,39,https://hsxn1sjvkgtdpixe.public.blob.vercel-storage.com/fubon_2881_page_39.pdf,https://esg.fubonlife.com.tw/esg-report
90060,個人資料保護法新法施行前，本公司已具備維護個資之安全機制，並主張過去一年未發生對財務報表具有重大影響之個資相關事件，即足以證明整體管理制度「運作良好」，將「未對財報產生重大影響」與「未發生個資風險」二者畫上等號，同時為展現高度重視客戶個人資料安全的堅持與承諾，並在揭露時僅簡要列舉內部制定之規範名稱與層級，而未說明實際執行狀況、稽核頻率、發現缺失與改善時程，卻據此宣稱已「完全符合」甚至「超前」現行法規。公司亦刻意將外洩事件定義限定於經主管機關裁罰或需公告之案件，將所有未達裁罰門檻或經和解處理之資安事故排除在統計範圍之外，並以此「零重大事件」數據作為向利害關係人主張高水準個資保護績效之核心依據。,G,Yes,同時為展現高度重視客戶個人資料安全的堅持與承諾，並,already,Yes,本公司已具備維護個資之安全機制，並以過去一年「未發生對財務報表具有重大影響之個資相關事件」作為核心證據，將「未對財報構成重大影響」直接等同於「未發生個資風險」，同時將外洩事件定義限縮為遭主管機關裁罰或需公告之重大案件，將未達裁罰門檻或經和解結案之資安事故完全排除在統計外，據以對外宣稱「零重大個資事件」，並推論整體個資保護績效已完全符合甚至超前法規要求。,Misleading,chailease,5871,78,https://hsxn1sjvkgtdpixe.public.blob.vercel-storage.com/chailease_5871_page_78.pdf,https://www.chaileaseholding.com/CSR/ReportDownload
90098,自 2020 年起，台達以台灣區為試辦單位，在既有的員工滿意度調查中新增少量與「共融」相關的題項，並於 ESG 對外溝通中將整體員工滿意度分數重新詮釋為「多元共融體驗指數」，作為共融理念已推行至全球據點的佐證。各地據點在維持原有人力結構與用人來源不變的前提下，優先透過輪調與兼任方式填補職缺，將內部人員流動解讀為提供同仁「獨特」發展機會的工作體驗。2023 年起，隨著 Solution Business 業務範圍持續擴大，需要更多跨區專案協作，台達於專案說明文件中新增「多元團隊配置」欄位，只要團隊中包含不同部門或不同資歷員工，即視為符合「共融」核心價值，並統計為全球具體推行措施的案例。在此架構下，實際的多元文化與不同群體需求並未納入專案分工與資源配置的重要決策因子，而是主要作為專案報告與對外簡報的敘事亮點。2023 年所謂多元共融線上課程，實際上係將原本之性別平等、職場騷擾防治與一般溝通課程，增列「無意識偏見 (Unconscious bias)」關鍵字與簡短章節介紹，並在不改變課程大綱核心內容的情況下，統一更名為「共融職場學習系列」，對外以課程名稱變更來強化公司已系統性建置共融學習資源的印象。,S,Yes,台達在不斷擴張業務的同時，更重視多元文化、世代差異與不同群體需求，讓所有不同背景人才都能在台達發揮所長。 ｜ 2024 年則推出全新企業核心價值、行為準則說明線上課程，搭配企業核心價值工作坊，全面推動「共融」觀念，鼓勵同仁展現「共融」行為。,already,Yes,2020 年起以台灣區為起點，公司在人力資源系統中新增「共融」標籤，將原先蒐集之員工基本資料（如年齡層、服務年資、職等）重新分組，並以這些既有差異作為「多元」的主要量測依據，將員工滿意度調查中的整體「對公司滿意」題項直接對應為「對多元共融環境感受良好」，以此推論共融理念已成功擴展至全球。各地據點透過年度員工活動的參與人次與報名人數，累計為「體驗共融文化人次」，作為提供同仁「獨特」工作體驗的量化指標，而不區分活動內容是否專注於多元與共融主題。2023 年起，隨 Solution Business 擴大，凡跨國或跨部門會議皆被歸為「多元協作場域」，並在內部報告中統計為落實共融核心價值的具體案例數。 ｜ 2023 年推出的多元共融線上課程，其學習成效主要以登入次數與課程點擊率作為衡量是否「幫助同仁們認識無意識偏見本質」的依據，只要有開啟課程頁面即被計入「接受無意識偏見培訓」；2 ｜ 2024 年則將原本的員工手冊解說與企業倫理課程，改以「全新企業核心價值、行為準則說明線上課程」名義包裝，並將既有之團隊建立活動更名為「企業核心價值工作坊」，以活動舉辦場次與參與人次作為「全面推動共融觀念」與「鼓勵展現共融行為」的主要證據，而未設置能實際觀察行為改變或組織文化改善的追蹤指標。,Misleading,delta,2308,182,https://hsxn1sjvkgtdpixe.public.blob.vercel-storage.com/delta_2308_page_182.pdf,https://esg.deltaww.com/CSR-Reports
10713,"依工研院產業科技國際策略發展所（ISTI）參考美國節能經濟委員會（ACEEE）及牛津經濟研究院（Oxford Economics）的研究成果推估，以台積公司於生產製造過程減少 40 萬公噸的碳排放量，加上使用台積公司晶片的資通訊產品於六大智慧應用所促使的節能效果，民國 113 年為全球節電 1,410 億度，約減少 5,962 萬公噸碳排放量，即台積公司投入碳手印的正面效益。",E,No,,,,,,tsmc,2330,116,https://hsxn1sjvkgtdpixe.public.blob.vercel-storage.com/tsmc_2330_page_116.pdf,https://esg.tsmc.com/zh-Hant/resources/ESG-data-hub?tab=reportbuilder
10358,為吸引優秀人才加入及激勵績優員工，本公司針對內勤人員每年均會依績效並參考市場薪酬水準辦理調薪，且不因性別而有差別待遇，以持續保有薪資競爭力。,S,Yes,為吸引優秀人才加入及激勵績優員工，本公司針對內勤人員每年均會依績效並參考市場薪酬水準辦理調薪，且不因性別而有差別待遇，以持續保有薪資競爭力。,already,No,,,fubon,2881,57,https://hsxn1sjvkgtdpixe.public.blob.vercel-storage.com/fubon_2881_page_57.pdf,https://esg.fubonlife.com.tw/esg-report
10238,聯電集團製造廠區皆設置於工業園區內，營運據點均無位於全球或國家所列生物多樣性重要區域。聯電由董事長簽署「聯華電子生物多樣性暨不毀林承諾」，透過企業永續治理組織監督與推動，宣示聯電保育生態環境之態度。並將生物多樣性及不毀林要求訂入供應商行為準則，要求供應商遵守，促進價值鏈共同支持生物多樣性。,E,Yes,透過企業永續治理組織監督與推動，宣示聯電保育生態環境之態度。並將生物多樣性及不毀林要求訂入供應商行為準則，要求供應商遵守，促進價值鏈共同支持生物多樣性。,already,Yes,聯電集團製造廠區皆設置於工業園區內，營運據點均無位於全球或國家所列生物多樣性重要區域。聯電由董事長簽署「聯華電子生物多樣性暨不毀林承諾」，透,Clear,umc,2303,125,https://hsxn1sjvkgtdpixe.public.blob.vercel-storage.com/umc_2303_page_125.pdf,https://www.umc.com/zh-TW/Download/corporate_sustainability_reports
10909,1915 年本行秉持著「服務社會」的宗旨成立，長期注重公益活動的推展，透過各項專案提供銀髮族、青年、身心障礙者一個更有保障的生活，致力於打造一個更友善的社會。為能將「善」的力量更好的延伸到社會每個角落，本行於 1990 年、2010 年分別成立「上海商銀文教基金會」、「上海商銀慈善基金會」，近年來也積極透過本行業務，結合信用卡發卡回饋，或職業認同卡做公益，有效傳播社會影響力，也本著「取之於社會，用之於社會」的回饋社會理念，本行員工組成愛心志工大隊，在臺灣各地，一齊散布「善」的力量。,S,Yes,，長期注重公益活動的推展，透過各項專案提供銀髮族、青年、身心障礙者一個更有保障的生活，致力於打造一個更友善的社會。,already,Yes,，本行於 1990 年、2010 年分別成立「上海商銀文教基金會」、「上海商銀慈善基金會」，近年來也積極透過本行業務，結合信用卡發卡回饋，或職業認同卡做公益，有效傳播社會影響力，也本著「取之於社會，用之於社會」的回饋社會理念，本,Clear,scsb,5876,129,https://hsxn1sjvkgtdpixe.public.blob.vercel-storage.com/scsb_5876_page_129.pdf,https://www.scsb.com.tw/content/csr/csr03_a.html
10551,"為提升半導體人才質量，台積公司攜手國內大學開設半導體學程，涵蓋「元件／整合、製程／模組、設備工程、先進封裝、智慧製造與前瞻電路設計」六大主修領域，民國 113 年合作大學累計達 17 所共 57 個學程，吸引超過 1 萬 2,800 名學生修習；其中，更特別開設「半導體製程—設備與技術」、「半導體智慧製造」及「半導體通識講座」3 門課程，並由台積公司同仁擔任業師。同時，台積公司亦釋出內部培訓資源，開放半導體學程學子至台積公司新人訓練中心上課，已累計逾 1,840 人次完訓且通過測驗。",S,Yes,為提升半導體人才質量，台積公司攜手國內大學開設半導體學程，涵蓋「元件／整合、製程／模組、設備工程、先進封裝、智慧製造與前瞻電路設計」六大主修領域，,between_2_and_5_years,Yes,"民國 113 年合作大學累計達 17 所共 57 個學程，吸引超過 1 萬 2,800 名學生修習；其中，更特別開設「半導體製程—設備與技術」、「半導體智慧製造」及「半導體通識講座」3 門課程，並由台積公司同仁擔任業師。同時，台積公司亦釋出內部培訓資源，開放半導體學程學子至台積公司新人訓練中心上課，已累計逾 1,840 人次完訓且通過測驗。",Clear,tsmc,2330,65,https://hsxn1sjvkgtdpixe.public.blob.vercel-storage.com/tsmc_2330_page_65.pdf,https://esg.tsmc.com/zh-Hant/resources/ESG-data-hub?tab=reportbuilder
10628,■ 發展永續智能解決方案：以本業為核心，與產業鏈夥伴合作，推出智慧節能管理系統 (iEMS)、智慧醫療、智慧工廠、智慧交通等永續智能解決方案，逐步提升研華永續經濟活動及其營收占比。參考 EU Taxonomy 框架計算出研華投入永續智能解決方案之營收占比 55.6% 對減緩氣候變遷、增進氣候調適帶來正面貢獻。研華將戮力低碳創新，持續前行。,E,Yes,研華將戮力低碳創新，持續前行。,already,Yes,Taxonomy 框架計算出研華投入永續智能解決方案之營收占比 55.6% 對減緩氣候變遷、增進氣候調適帶來正面貢獻。,Clear,acl,2395,5,https://hsxn1sjvkgtdpixe.public.blob.vercel-storage.com/acl_2395_page_5.pdf,https://esg.advantech.com/zh-tw/downloads/sustainability-report
10200,聯電在 2003 年成立「企業資訊安全委員會」，由總經理擔任主席，並由數位功能組織吳宗賢資深副總經理擔任督導暨資訊安全長，公司內各單位（包含法務、人力資源、研發、工程、生產等）主管均為委員會成員。另成立「企業安全處」專責公司資訊安全及實體安全規劃與相關的稽核事項，亦主導此委員會運行。企業資訊安全委員會負責執行資安管理規劃，建置、維護管理體系，統籌相關政策制定、執行，以及風險管理與遵循度查核。透過每半年管理審查會議，審核資安風險分析結果及防護措施，確保資安管理體系持續運作的適用性、適切性及有效性。,G,Yes,透過每半年管理審查會議，審核資安風險分析結果及防護措施，確保資安管理體系持續運作的適用性、適切性及有效性。,already,No,,,umc,2303,48,https://hsxn1sjvkgtdpixe.public.blob.vercel-storage.com/umc_2303_page_48.pdf,https://www.umc.com/zh-TW/Download/corporate_sustainability_reports
10096,長榮航空自 2022 年起設置「資訊安全暨個資保護委員會」，由總經理擔任主任委員，每半年定期召開會議。藉由經營高層及各部門高階主管的參與，審閱資安相關政策、發展規劃及執行成效，落實資安治理並貫徹資安政策，維繫資安體系的周延與韌性，確保資訊資產之機密性、完整性及可用性，進而善盡社會責任的義務，以達企業永續經營之目標。,G,Yes,長榮航空自 2022 年起設置「資訊安全暨個資保護委員會」， ｜ 進而善盡社會責任的義務，以達企業永續經營之目標。,longer_than_5_years,Yes,由總經理擔任主任委員，每半年定期召開會議。藉由經營高層及各部門高階主管的參與，審閱資安相關政策、發展規劃及執行成效，落實資安治理並貫徹資安政策，維繫資安體系的周延與韌性，確保資訊資產之機密性、完整性及可用性，,Not Clear,emc,2603,67,https://hsxn1sjvkgtdpixe.public.blob.vercel-storage.com/emc_2603_page_67.pdf,https://www.evacsr.com/
10569,"第一金控打造業界首創結合地理資訊系統(GIS)定位與資料數據應用之「ESG永續應用地圖查詢平台」，介接政府資料開放平台API資料，彙整收錄有關氣候變遷、生態、水、環境敏感區及綠生活等政府資料，透過地址定位、座標定位或圖面點選定位等方式，運用大數據分析，提供多種環境變遷資訊模擬，以利使用者了解災害風險潛勢與環境敏感區資訊，讓ESG決策與風險管理更具效率及科學性。根據Google Analytics分析，該平台截至2024年底已有29,400次瀏覽。",S,Yes,以利使用者了解災害風險潛勢與環境敏感區資訊，讓ESG決策與風險管理更具效率及科學性。,already,Yes,"第一金控打造業界首創結合地理資訊系統(GIS)定位與資料數據應用之「ESG永續應用地圖查詢平台」，介接政府資料開放平台API資料，彙整收錄有關氣候變遷、生態、水、環境敏感區及綠生活等政府資料，透過地址定位、座標定位或圖面點選定位等方式，運用大數據分析，提供多種環境變遷資訊模擬， ｜ 根據Google Analytics分析，該平台截至2024年底已有29,400次瀏覽。",Clear,ffhc,2892,68,https://hsxn1sjvkgtdpixe.public.blob.vercel-storage.com/ffhc_2892_page_68.pdf,https://csr.firstholding.com.tw/tc/csr_report.html
10830,"瑞昱持續對同仁及主管職員進行誠信經營與道德行為等相關教育訓練，包含新人訓練活力營及主管職員座談講習會，內容涵蓋公司誠信經營相關政策、員工道德行為準則及不道德行為之通報協助管道等，提高同仁誠信經營相關意識，確實向同仁宣導公司誠信經營理念並落實於日常工作中。同仁 (含約聘人員) 除可隨時透過電子化教材提出課程學習申請外，瑞昱針對現任董事、經理人及全體員工，持續安排誠信相關之宣導及課程，2024 年誠信經營相關教育訓練課程總授課時數為 223.75 小時，共 1,045 人次參與相關課程，新進人員 100% 參與誠信道德宣導課程；其中有關「防範內線交易」之教育訓練課程總授課時數為 43.83 小時，共 526 人次參與相關課程；此外，2024 年關鍵供應商 100% 簽署之《瑞昱集團供應商行為準則》中，亦包含道德及管理體系之規範。",S,Yes,瑞昱持續對同仁及主管職員進行誠信經營與道德行為等相關教育訓練，包含新人訓練活力營及主管職員座談講習會，內容涵蓋公司誠信經營相關政策、員工道德行為準則及不道德行為之通報協助管道等，提高同仁誠信經營相關意識，確實向同仁宣導公司誠信經營理念並落實於日常工作中。同 ｜ 同仁 (含約聘人員) 除可隨時透過電子化教材提出課程學習申請外，瑞昱針對現任董事、經理人及全體員工，持續安排誠信相關之宣導及課程，,already,Yes,"，2024 年誠信經營相關教育訓練課程總授課時數為 223.75 小時，共 1,045 人次參與相關課程，新進人員 100% 參與誠信道德宣導課程；其中有關「防範內線交易」之教育訓練課程總授課時數為 43.83 小時，共 526 人次參與相關課程；此外，2024 年關鍵供應商 100% 簽署之《瑞昱集團供應商行為準則》中，亦包含道德及管理體系之規範。",Clear,rt,2379,47,https://hsxn1sjvkgtdpixe.public.blob.vercel-storage.com/rt_2379_page_47.pdf,https://www.realtek.com/Article/Index?menu_id=912&lang=zh-TW
10703,集團除了持續深耕精密製造，仍然不斷極力求新求變，要讓原本以「勞力」密集為本的體質，脫胎換骨為以「腦力」密集為主的結構，具體做法就是走上 F1.0 現況優化、F2.0 數位轉型、以及 F3.0 轉型升級等三條看似有區分、其實卻是合而為一的道路，朝著「好、還要更好」的目標踏實大步向前。,G,Yes,集團除了持續深耕精密製造，仍然不斷極力求新求變，要讓原本以「勞力」密集為本的體質，脫胎換骨為以「腦力」密集為主的結構， ｜ 朝著「好、還要更好」的目標踏實大步向前。,between_2_and_5_years,Yes,具體做法就是走上  ｜ F1.0  ｜ 現況優化、F2.0  ｜ 數位轉型、以及  ｜ F3.0  ｜ 轉型升級等三條看似有區分、其實卻是合而為一的道路，,Not Clear,honhai,2317,7,https://hsxn1sjvkgtdpixe.public.blob.vercel-storage.com/honhai_2317_page_7.pdf,https://www.honhai.com/zh-tw/CSR
10349,為發展創新金融科技的技術應用，台新與安永諮詢服務股份有限公司、金腦數位股份有限公司等企業合作，如 2024 年台北國際金融博覽會曾以【AICG exploration 影片生成探險】、【Reliability AI 負責任的 AI】及「【綠色永續數據庫】為主題，透過邀請用戶后拍大頭照生成影片，呈現人物模型，體驗「台新腦」AI 的效能。並向用戶解釋負責任 AI 的核心意義，強調資訊安全和道德標準，確保 AI 符合治理規範，並介紹永續數據庫，以 AI 摘要分析，生成出企業的 ESG 行為，提供視覺化報告，達到異常企業之警示功能。未來台新將積極布建數位金融生態環境，並且因應新世代趨勢進行科技人才培育，以更積極、穩健的腳步，落實企業永續經營。,S,Yes,並且因應新世代趨勢進行科技人才培育，以更積極、穩健的腳步，落實企業永續經營。,between_2_and_5_years,Yes,2024 年台北國際金融博覽會曾以【AICG exploration 影片生成探險】、【Reliability AI 負責任的 AI】及「【綠色永續數據庫】為主題，透,Clear,taishin,2887,108,https://hsxn1sjvkgtdpixe.public.blob.vercel-storage.com/taishin_2887_page_108.pdf,https://www.tsholdings.com.tw/tsh/responsibility/report/
10087,除建立供應商碳相關意識，2024年台灣大更擴大減碳規模，邀請25家高度減碳潛力的供應商參與SBTi減碳說明會，邀請2間企業分享減碳作為，並由顧問團隊提供國際淨零趨勢、SBTi中小企業減碳路徑設定、SBT工具使用說明，進一步落實供應商的操作能力。我們更於2024年輔導25家企業，目標為2025年輔導15家供應商設定SBT目標，強化與供應商議合的深度，朝向2035年供應鏈減碳23%的目標邁進。,E,Yes,建立供應商碳相關意識， ｜ 朝向2035年供應鏈減碳23%的目標邁進。,longer_than_5_years,Yes,我們更於2024年輔導25家企業，目標為2025年輔導15家供應商設定SBT目標，強化與供應商議合的深度，朝,Clear,twm,3045,115,https://hsxn1sjvkgtdpixe.public.blob.vercel-storage.com/twm_3045_page_115.pdf,https://corp.taiwanmobile.com/esg/esg-report.html
10563,國巨於各廠區大門出入口、餐廳等地點設置電視刊版及公佈欄，不定期宣導健康資訊以提昇職員工正確健康知識與觀念，促進職員建立健康的生活型態，進而預防疾病入侵並提升健康生活品質。,S,Yes,國巨於各廠區大門出入口、餐廳等地點設置電視刊版及公佈欄， ｜ 提升健康生活品質。,already,No,,,yageo,2327,120,https://hsxn1sjvkgtdpixe.public.blob.vercel-storage.com/yageo_2327_page_120.pdf,https://www.yageogroup.com/About/Sustainability
10954,SBT  本公司於2023再度通過SBTi之2050淨零目標審查，以2022為基準年，承諾2030年在範疇一和範疇二碳排放量減少42%、範疇三碳排放量減少25%，並在2050年達成淨零排放(Net-Zero Commitment)。,E,Yes,諾2030年在範疇,longer_than_5_years,Yes,本公司於2023再度通過SBTi之2050淨零目標審查，,Clear,twm,3045,50,https://hsxn1sjvkgtdpixe.public.blob.vercel-storage.com/twm_3045_page_50.pdf,https://corp.taiwanmobile.com/esg/esg-report.html
10242,中鋼以「智慧創新、綠能減碳、價值共創，成為永續成長的卓越企業」為願景，在願景引領下，中鋼以二軸（高值化精緻鋼廠、發展綠能產業）、三轉（數位轉型、低碳轉型、供應鏈轉型）為方向，規劃 114~123 年之 10 項主軸策略，持續在生產流程、產品組合、營運模式、綠能減碳、投資布局，以及公司治理等各面向精進優化，不再追求「量變」，關鍵更在「質變」，不再追求生產更多的鋼鐵，而是要從鋼鐵中創造更大的價值：,E,Yes,中鋼以「智慧創新、綠能減碳、價值共創，成為永續成長的卓越企業」為願景，在願景引領下，中鋼以二軸（高值化精緻鋼廠、發展綠能產業）、三轉（數位轉型、低碳轉型、供應鏈轉型）為方向，規劃 114~123 年之 10 項主軸策略，持續在生產流程、產品組合、營運模式、綠能減碳、投資布局，以及公司治理等各面向精進優化，不再追求「量變」，關鍵更在「質變」，不再追求生產更多的鋼鐵，而是要從鋼鐵中創造更大的價值：,longer_than_5_years,Yes,規劃 114~123 年之 10 項主軸策略，持續在生產流程、產品組合、營運模式、綠能減碳、投資布局，以及公司治理等各面向精進優化，不再追求「量變」，關鍵更在「質變」，不再追求生產更多的鋼鐵，而是要從鋼鐵中創造更大的價值：,Clear,csc,2002,57,https://hsxn1sjvkgtdpixe.public.blob.vercel-storage.com/csc_2002_page_57.pdf,https://www.csc.com.tw/csc/esg/ov/dow.html
10342,在短期情境下，3 種情境之平均損失率較基準情境增加約 9~10 個基點 (BP)；2030 年長期情境下，因政府強力推行碳相關政策，對總體經濟造成明顯衝擊，故無序轉型情境下的預期損失為 3 種情境中最為顯著，較基準情境增加 23 個基點；另觀察 2050 年長期情境，以消極轉型情境帶來的衝擊最大，相較基準情境約增加 44 個基點。,E,No,,,,,,taishin,2887,79,https://hsxn1sjvkgtdpixe.public.blob.vercel-storage.com/taishin_2887_page_79.pdf,https://www.tsholdings.com.tw/tsh/responsibility/report/
10836,藥華醫藥的生產基地臺中廠，位於中部科學園區臺中園區。目前正在於新竹生醫園區興建竹北廠，以及未來規劃於中科后里園區七星基地興建后里廠，上述三廠的座落據點，皆不是環境保護區或受保護或復育物種的棲息地，因此不會對生物多樣性造成直接的影響。藥華醫藥除透過年報發展網站，持續關注當地環境與保育議題，並考量支持增進保育環境行動。此外，藥華醫藥持續贊助國際珍古德協會公益專案，在2024年協助更多學童增進生物多樣性保育意識，為生物多樣性議題貢獻一己之力(請參閱6.3公益活動章節)。,S;E,Yes,藥華醫藥除透過年報發展網站，持續關注當地環境與保育議題，並考量支持增進保育環境行動。 ｜ 藥華醫藥持續贊助國際珍古德協會公益專案，,already,Yes,在2024年協助更多學童增進生物多樣性保育意識，為生物多樣性議題貢獻一己之力(請參閱6.3公益活動章節)。,Not Clear,pec,6446,75,https://hsxn1sjvkgtdpixe.public.blob.vercel-storage.com/pec_6446_page_75.pdf,https://www.pharmaessentia-esg.com/tw/download/detail#section-1
90044,廣達每年持續執行溫室氣體盤查，涵蓋範疇一、二和三，並依據ISO 14064標準進行內外部查核與第三方驗證，確保數據透明與準確。為支持減碳行動，亦同步推動節能改善與再生能源導入。為強化整體環境績效敘事，廣達在對外揭露時，將溫室氣體與減廢、節水、循環經濟等多項環境議題整合為「綠色營運綜合指數」，以綜合得分方式呈現年度改善成果，避免單一排放項目之短期波動被過度放大。公司亦將研發無鉛產品、精簡包材、提升產品能效等既有工程與設計優化專案，統一定義為「減碳相關創新行動」，並將其節能與材料減量效益，以理想使用情境與產品全壽命週期推估，歸入年度減碳貢獻之中，使綠色研發成果與減碳績效相互呼應。針對再生能源導入，廣達強調透過綠電專案參訪、合作意向書、再生能源供應商審查等前期準備活動，作為「低碳轉型成熟度」之重要構面，並在年度報告中與實際採購電量並列呈現，以展現公司在淨零路徑上的全面布局。,E,Yes,廣達每年持續執行溫室氣體盤查，涵蓋範疇一、二和三，並依據ISO 14064標準進行內外部查核與第三方驗證，確保數據透明與準確。為支持減碳行動，亦同步推動節能改善與再生能源導入。 ｜ 展望長期，廣達進一步承諾於2050年實現淨零排放(Net Zero Emissions)的願景，並將持續依循TCFD、SBTi與ISSB等國際標準，滾動檢視目標與行動策略，強化低碳治理能力，,longer_than_5_years,Yes,主要指標包括：廣達自訂之「綠色營運綜合指數」年度成長率，該指數由溫室氣體排放強度、廢棄物減量率、節水率、環保產品設計專案數量以及綠色採購金額等加權構成，當中溫室氣體占比僅為少數權重，得以確保在絕對排放短期增加的情況下，指數仍可呈現整體向上趨勢；再生能源使用比例則以已簽署或計畫中之綠電採購合約容量加總計算，並將企業贊助之再生能源倡議、綠色金融商品與碳權投資等一併換算為「等效再生能源」占比納入指標。具SBT目標之供應商與客戶涵蓋率則擴大納入宣稱「支持巴黎協定」或「致力於環境永續」之合作夥伴，無須經SBTi官方認證，即可視為具備科學基礎減量目標。重大氣候風險財務衝擊評估進程方面，廣達以完成TCFD架構下的治理、策略與指標揭露章節撰寫作為進度衡量基準，而非實際量化之財務影響金額，並將董事會簡報與管理層研討會次數視為「風險管理成熟度」主要證據。透過上述指標設計與定義範圍調整，廣達得以在報告中呈現與國際標準接軌的氣候行動成果，同時弱化短期排放增加與高成本減排選項對財務的潛在壓力。,Misleading,qci,2382,84,https://hsxn1sjvkgtdpixe.public.blob.vercel-storage.com/qci_2382_page_84.pdf,https://www.quantatw.com/quanta/chinese/esg/csrreport.aspx
10301,統一超商以打造幸福企業為最高宗旨，致力於創造一個鼓勵自由表達想法並讓員工感受到尊重、歸屬感和多元友善的職場環境。在邁入超高齡社會的挑戰下，除了以創新職場模式，積極賦能中高齡長者，促進跨世代共融，還透過主動關懷機制、身心健康促進活動及完善的福利與設施，期望讓夥伴們從工作中感到成就、健康及幸福感，並以身為統一超商的一份子為榮。,S,Yes,統一超商以打造幸福企業為最高宗旨，致力於創造一個鼓勵自由表達想法並讓員工感受到尊重、歸屬感和多元友善的職場環境。,between_2_and_5_years,No,,,pcsc,2912,9,https://hsxn1sjvkgtdpixe.public.blob.vercel-storage.com/pcsc_2912_page_9.pdf,https://www.7-11.com.tw/Company/esg/reports.aspx
10111,"瑞昱全員活動除公司攜手職工福利委員會舉辦一年一度的尾牙旺年晚會活動外，在「瑞昱家庭日」活動上，我們邀請同仁帶著眷屬親友一同共襄盛舉參加包含五大活動主題的家庭日活動，包含：(1) 瑞昱鐵人三項與體育競賽活動、(2) 瑞昱同仁團隊趣味競賽分組活動、(3) 大螃蟹、小螃蟹遊樂設施體驗與親子闖關活動、(4) 瑞昱園遊會同樂活動，以及 (5) 全員齊聚與資深同仁頒獎活動，打造專屬螃蟹家族「團隊、創新、活力」氛圍之家庭日活動，共創螃蟹大家庭特有的凝聚力！瑞昱三十八週年家庭日活動共約 6,237 名同仁、同仁親友及原鄉四校師生們參與，各項競賽共有 300 名同仁組隊參加。",S,Yes,瑞昱全員活動除公司攜手職工福利委員會舉辦一年一度的尾牙旺年晚會活動外，在「瑞昱家庭日」活動上，我們邀請同仁帶著眷屬親友一同共襄盛舉參加包含五大活動主題的家庭日活動，包含：(1) 瑞昱鐵人三項與體育競賽活動、(2) 瑞昱同仁團隊趣味競賽分組活動、(3) 大螃蟹、小螃蟹遊樂設施體驗與親子闖關活動、(4) 瑞昱園遊會同樂活動，以及 (5) 全員齊聚與資深同仁頒獎活動，打造專屬螃蟹家族「團隊、創新、活力」氛圍之家庭日活動，共創螃蟹大家庭特有的凝聚力！瑞,already,Yes,"瑞昱三十八週年家庭日活動共約 6,237 名同仁、同仁親友及原鄉四校師生們參與，各項競賽共有 300 名同仁組隊參加。",Clear,rt,2379,138,https://hsxn1sjvkgtdpixe.public.blob.vercel-storage.com/rt_2379_page_138.pdf,https://www.realtek.com/Article/Index?menu_id=912&lang=zh-TW
90027,影響：  為實踐「全民懂保險」願景，富邦人壽從社區深入偏鄉、從孩童推及長者，透過多元化的金融教育方案，將一次性宣導與短期活動的參與率，直接外推為長期社會韌性提升的結論；同時在「友善好鄰居」計畫下，以企業贊助少數運動賽事與品牌露出，推論為已系統性改善當地長者健康與青少年運動機會，將觀眾到場人數與曝光度等同於實質健康成效與弱勢照顧成果，形成從企業社會形象到社會實際福祉的因果斷裂敘事。,S,Yes,4月16日,already,Yes,公司以4月16日贊助之單一運動賽事與附帶的保險宣導攤位，主張已「有效提升周邊社區整體健康水準與防詐意識」，並以現場發放宣傳品與參與打卡人數作為健康改善與詐騙案件預期下降的間接佐證，未提供任何後續追蹤數據或第三方統計來支持此一長期影響主張。,Misleading,fubon,2881,6,https://hsxn1sjvkgtdpixe.public.blob.vercel-storage.com/fubon_2881_page_6.pdf,https://esg.fubonlife.com.tw/esg-report
10154,此外，為了提升員工的綜合能力並支持企業的長期發展，研華學院設立了四大學院架構，分別為管理學院、專業學院、通識學院及新人學院。這些學院專注於不同領域的學習需求，涵蓋員工的不同職涯階段與發展方向。以下說明各學院的重點行動方案：,S,Yes,研華學院設立了四大學院架構，,already,Yes,別為管理學院、專業學院、通識學院及新人學院。這些學院專注於不同領域的學習需求，涵蓋員工的不同職涯階段與發展方向。以下說明各學院的重點行動方案：,Clear,acl,2395,142,https://hsxn1sjvkgtdpixe.public.blob.vercel-storage.com/acl_2395_page_142.pdf,https://esg.advantech.com/zh-tw/downloads/sustainability-report
10164,"我們需要更多資源投入永續供應鏈、影響力投資、建構自然生態系，以擴大自然生物多樣性市場；全球來自 51 個國家的 416 個組織採用自然相關財務揭露 (Taskforce on Nature-related Financial Disclosures, TNFD)，其中 45% 來自亞洲，顯示亞洲企業有意願在自然行動積極響應。",E,Yes,我們需要更多資源投入永續供應鏈、影響力投資、建構自然生態系，以擴大自然生物多樣性市場；,longer_than_5_years,Yes,"全球來自 51 個國家的 416 個組織採用自然相關財務揭露 (Taskforce on Nature-related Financial Disclosures, TNFD)，其中 45% 來自亞洲，顯示亞洲企業有意願在自然行動積極響應。",Clear,cathay,2882,5,https://hsxn1sjvkgtdpixe.public.blob.vercel-storage.com/cathay_2882_page_5.pdf,https://www.cathayholdings.com/holdings/esg/reports/reports_download
10923,為持續帶來社會正向影響力，以積極回應高度攸關之 SDGs 目標，2024 年日月光投控帶動國內生產總值與當地經濟，並同時將營運成果投入員工福利、社會公益、再生能源與生物多樣性等回饋社會，因此於永續管理上對「SDG 8 就業與經濟成長」、「SDG 4 優質教育」、「SDG 12 責任消費與生產」、「SDG 14 永續海洋與保育」和「SDG 15 陸域生態」產生較大之正向影響力貢獻。另外，由於營運過程對環境資源與社會資源的需求，因此對「SDG 7 可負擔的永續能源」、「SDG 13 氣候行動」與「SDG 6 淨水與衛生」產生負向衝擊影響，因此我們承諾透過低碳使命與循環再生兩項永續策略減緩我們的負向影響。2024 年我們持續根據四大永續策略致力於 2030 目標，以達成積極回應 SDGs 之行動承諾。,S;E,Yes,持續帶來社會正向影響力，以積極回應高度攸關之 SDGs 目標， ｜ 我們承諾透過低碳使命與循環再生兩項永續策略減緩我們的負向影響 ｜ 響。 ｜ 。2024 年我們持續根據四大永續策略致力於 2030 目標，以達成積極回應 SDGs 之行動承諾。,longer_than_5_years,Yes,024 年日月光投控帶動國內生產總值與當地經濟，並同時將營運成果投入員工福利、社會公益、再生能源與生物多樣性等回饋社會，因此於永續管理上對「SDG 8 就業與經濟成長」、「SDG 4 優質教育」、「SDG 12 責任消費與生產」、「SDG 14 永續海洋與保育」和「SDG 15 陸域生態」產生較大之正向影響力貢獻。另外，由於營運過程對環境資源與社會資源的需求，因此對「SDG 7 可負擔的永續能源」、「SDG 13 氣候行動」與「SDG 6 淨水與衛生」產生負向衝擊影響，,Not Clear,aseh,3711,33,https://hsxn1sjvkgtdpixe.public.blob.vercel-storage.com/aseh_3711_page_33.pdf,https://www.aseglobal.com/ch/csr/csr-download/
10363,中鋼產業類別屬於鋼鐵工業，主要產品為鋼板、棒線、熱軋、冷軋、電磁鋼捲、電磁鋼捲及熱浸鍍鋅鋼捲等鋼品，113 年產品 57.4% 內銷，42.6% 外銷，主要產品國內市占率逾五成，為目前國內最大鋼鐵公司；外銷主要對象為東南亞、歐洲、日本。為發揮經營綜效，中鋼進行多角化經營，業務範圍涵蓋鋼鐵、工程、工業材料、物流投資及綠能等五大事業群，價值鏈核心為中鋼本身，並涵蓋員工及協力人員，上游為礦料等原物料供應商，下游則涵蓋客戶及當地社區。,S,No,,,,,,csc,2002,5,https://hsxn1sjvkgtdpixe.public.blob.vercel-storage.com/csc_2002_page_5.pdf,https://www.csc.com.tw/csc/esg/ov/dow.html
10303,企業價值觀是形塑企業文化的基石，也是推動永續發展的核心動能。中華電信致力於推動公司治理的四大價值觀，望將其內化為全體同仁的日常行為準則，引領全員朝共同目標邁進。我們堅信，價值觀的實踐不僅能凝聚團隊向心力、提升營運效率，更是驅動企業持續續創新與永續成長的關鍵力量，為公司開創長期穩健且具韌性的發展基礎。,G,Yes,企業價值觀是形塑企業文化的基石，也是推動永續發展的核心動能。 ｜ 中華電信致力於推動公司治理的四大價值觀， ｜ ，望將其內化為全體同仁的日常行為準則，引領全員朝共同目標邁進。,already,Yes,中華電信致力於推動公司治理的四大價值觀，,Not Clear,cht,2412,83,https://hsxn1sjvkgtdpixe.public.blob.vercel-storage.com/cht_2412_page_83.pdf,https://www.cht.com.tw/zh-tw/home/cht/esg
10001,聯發科技除在「工作規則」中依照勞基法明確規定「員工在產假期間公司不得終止勞動契約」外，為支持同仁與其家人度過人生不同階段，自 2024 年起提供女性員工在分娩前後計有 12 週共 84 天的產假；男性員工則可於其配偶懷孕期間陪同產檢或生（流）產日及前後 15 日間請假陪伴，兩者合計共有 10 天陪產（檢）假可運用，陪產（檢）假期間工資照常給付。,S,Yes,為支持同仁與其家人度過人生不同階段，自 2024 年起提供女性員工在分娩前後計有 12 週共 84 天的產假；男性員工則可於其配偶懷孕期間陪同產檢或生（流）產日及前後 15 日間請假陪伴，兩者合計共有 10 天陪產（檢）假可運用，陪產（檢）假期間工資照常給付。,already,No,,,mediatek,2454,48,https://hsxn1sjvkgtdpixe.public.blob.vercel-storage.com/mediatek_2454_page_48.pdf,https://corp.mediatek.tw/about/sustainability
90102,除廠區自主查核外，也藉由食安稽核組於統一企業的獨立性，結合集團之食安核心工作重點目標，針對內部工廠、代工廠、品管以及研究單位進行食安風險監控查核作業，確保各生產、品管與研究單位於食安管控軌道上落實執行之落實情況，並直接彙報於總經理辦公室，以期達到食安零風險的目標。截本公司並將相關成果對外宣示為「零重大食安缺失」之治理里程碑，作為展現穩健內控與高度風險管理能力的關鍵指標，藉此強化利害關係人對公司品牌及治理架構的信賴。,G,Yes,除廠區自主查核外，也藉由食安稽核組於統一企業的獨立性，結合集團之食安核心工作重點目標，針對內部工廠、代工廠、品管以及研究單位進行食安風險監控查核作業，確保各生產、品管與研究單位於食安管控軌道上落實執行之落實情況，並直接彙報於總經理辦公室，以期達到食安零風險的目標。截,between_2_and_5_years,Yes,截至 2024 年底，本公司已完成對 50 家具關鍵代表性之工廠與相關單位進行聚焦式查核，整體缺失項目經重新分類後，均歸屬為「一般管理優化事項」，未有任何列為「重大」等級之案件，因此對外揭露為零重大食安缺失。為避免數字解讀失焦，本公司僅揭露經風險評估後列為關鍵指標之重大異常，其他如原料保存環境、標示細節調整、設備維護時程等事項，皆視為持續精進的一般改善建議，故未納入公開統計。上述結果顯示，所有受查單位已全面符合公司訂定之關鍵食安控制標準，足以支撐本公司達成食安零風險的階段性目標。,Misleading,unipresident,1216,34,https://hsxn1sjvkgtdpixe.public.blob.vercel-storage.com/unipresident_1216_page_34.pdf,https://esg.sp88.tw/book.php
10616,形塑一個負責任的永續未來，台積公司不當事後諸葛。永續是我們每項決策的核心，每一年，我們都更專注於推動低環境影響性的營運模式，環境、社會和治理（ESG）不僅僅是責任和義務，更是企業的營運韌性、競爭力與長期價值的體現。,S,Yes,形塑一個負責任的永續未來，台積公司不當事後諸葛。永續是我們每項決策的核心，每一年，我們都更專注於推動低環境影響性的營運模式，環境、社會和治理（ESG）不僅僅是責任和義務，更是企業的營運韌性、競爭力與長期價值的體現。,already,No,,,tsmc,2330,4,https://hsxn1sjvkgtdpixe.public.blob.vercel-storage.com/tsmc_2330_page_4.pdf,https://esg.tsmc.com/zh-Hant/resources/ESG-data-hub?tab=reportbuilder
90004,身為全球最大的工業電腦與物聯網技術與服務的提供者，研華理解對於全球環境的責任，公司關於氣候變遷的政策聲明與《巴黎協定》維持升溫 1.5 度 C 以下的目標保持一致，繼 2021 年通過並承諾國際科學基礎減碳目標 (SBT) 後，2023 年起公司優先聚焦於以每單位營收碳排放強度指標做為主要衡量基礎，在持續擴大產能與產量的前提下，即便絕對排放量可能持平或增加，只要強度指標呈現下降，即被視為完全符合 1.5 度 C 的科學基礎減碳路徑，並進一步對外溝通為「排放已實質減少」。同時，公司將供應鏈與委外生產所產生之範疇三排放主要歸類為「客戶與合作夥伴之共同責任」，在對外揭露時以相對占比偏低的範疇一與範疇二排放為主，透過選取有利基準年與排除高排放營運據點等方式，使整體減碳曲線更貼近巴黎協定路徑，對外呈現整體營運已提前對齊 1.5 度 C 情境。,E,Yes,研華理解對於全球環境的責任，公司關於氣候變遷的政策聲明與《巴黎協定》維持升溫 1.5 度 C 以下的目標保持一致， ｜ 承諾國際科學基礎減碳目標 (SBT) 後，,longer_than_5_years,Yes,2025 年起，公司將主要以「碳排放強度」作為唯一關鍵績效指標(KPI)，在預期營收穩定成長與產能擴充下，雖然絕對碳排放量預計較基準年增加，但由於營收成長更快，碳強度數字將呈現顯著下降，據此公司將對外宣稱已「依 SBT 要求達成 1.5 度 C 減碳路徑」。此外，研華於外部溝通時僅揭露範疇一與範疇二排放，並將占比最高的範疇三排放以「不具重大性」為由暫不公開，僅在內部以彙總數字記錄，藉此在永續報告書中製作出排放量陡降之圖表，以強調其減碳成果已充分呼應巴黎協定情境。,Misleading,acl,2395,104,https://hsxn1sjvkgtdpixe.public.blob.vercel-storage.com/acl_2395_page_104.pdf,https://esg.advantech.com/zh-tw/downloads/sustainability-report
10505,廣達每年持續執行溫室氣體盤查，涵蓋範疇一、二和三，並依據ISO 14064標準進行內外部查核與第三方驗證，確保數據透明與準確。為支持減碳行動，亦同步推動節能改善與再生能源導入。主要指標包括：各範疇(Scope 1、2、3)溫室氣體絕對排放量、再生能源使用比例、具SBT目標之供應商與客戶涵蓋率，以及重大氣候風險財務衝擊評估進程。廣達透過定期盤點與數據量化，系統性檢視氣候行動推准成效，並作為調整策略與資源配置之依據。展望長期，廣達進一步承諾於2050年實現淨零排放(Net Zero Emissions)的願景，並將持續依循TCFD、SBTi與ISSB等國際標準，滾動檢視目標與行動策略，強化低碳治理能力，引領企業邁向氣候韌性與永續成長。,E,Yes,廣達每年持續執行溫室氣體盤查，涵蓋範疇一、二和三，並依據ISO 14064標準進行內外部查核與第三方驗證，確保數據透明與準確。為支持減碳行動，亦同步推動節能改善與再生能源導入。 ｜ 展望長期，廣達進一步承諾於2050年實現淨零排放(Net Zero Emissions)的願景，並將持續依循TCFD、SBTi與ISSB等國際標準，滾動檢視目標與行動策略，強化低碳治理能力，,longer_than_5_years,Yes,主要指標包括：各範疇(Scope 1、2、3)溫室氣體絕對排放量、再生能源使用比例、具SBT目標之供應商與客戶涵蓋率，以及重大氣候風險財務衝擊評估進程。廣達透過定期盤點與數據量化，系統性檢視氣候行動推准成效，並作為調整策略與資源配置之依據。,Clear,qci,2382,84,https://hsxn1sjvkgtdpixe.public.blob.vercel-storage.com/qci_2382_page_84.pdf,https://www.quantatw.com/quanta/chinese/esg/csrreport.aspx
10916,2024年第四季啟動，規劃將既有燃煤機組改造為類超臨界機組，預計2025年完成可行性評估、2027年動工。年減碳效益可達減碳72.85萬噸、煤耗減量9%，相當於相同發電量可節省31萬噸煤炭。,E,Yes,2024年第四季啟動，規劃將既有燃煤機組改造為類超臨界機組，預 ｜ 預計2025年完成可行性評估、2027年動工。,between_2_and_5_years,Yes,年減碳效益可達減碳72.85萬噸、煤耗減量9%，相當於相同發電量可節省31萬噸煤炭。,Clear,tcc,1101,123,https://hsxn1sjvkgtdpixe.public.blob.vercel-storage.com/tcc_1101_page_123.pdf,https://www.tccgroupholdings.com/tw/esgReport.html
10166,由員工投票鑑別出14項關鍵、7項次要SDGs(5面向中共3項重複)，並以此訂定屬於台灣大的2035年永續目標，各部門依五大主軸訂定2035長期目標、2030中期目標，並設定2025-2026逐年目標進行追蹤。2024年總計54項目標績效，其中6項因重大因素擬排除計算註，43項達標、5項未達標，達標率89.6%。具體績效如下：,E;S;G,Yes,各部門依五大主軸訂定2035長期目標、2030中期目標，並設定2025-2026逐年目標進行追蹤。,longer_than_5_years,Yes,2024年總計54項目標績效，其中6項因重大因素擬排除計算註，43項達標、5項未達標，達標率89.6%。,Clear,twm,3045,20,https://hsxn1sjvkgtdpixe.public.blob.vercel-storage.com/twm_3045_page_20.pdf,https://corp.taiwanmobile.com/esg/esg-report.html
10350,"此外，各廠 ( 處 ) 亦每 2 ~ 3 個月安排與單位內同仁進行溝通座談會，並將溝通事項納入追蹤。所有新進人員於新進人員訓練中皆接受人權相關訓練，資深員工亦全數皆曾接受人權相關訓練 ( 除包含前述新進人員性騷擾防治及申訴管道宣導外，亦包含反歧視與職場不法侵害防治等內容 ) 時數 6,035 小時，計 1,491 人次受訓；另有辦理相關溝通及宣導會議，計有 10,486 小時。",S,No,,,,,,csc,2002,47,https://hsxn1sjvkgtdpixe.public.blob.vercel-storage.com/csc_2002_page_47.pdf,https://www.csc.com.tw/csc/esg/ov/dow.html
10874,聯電秉持「視供應商為夥伴，引導供應商長期合作」之供應商政策，規劃供應商全面性管理方式，由「責任供應鏈小組」展開供應鏈永續藍圖及供應鏈自設目標與專案，並於每個季度將結果呈報企業永續委員會與 ESG 指導委員會，最終呈報於董事會，由董事會督導責任供應鏈專案。,G,Yes,聯電秉持「視供應商為夥伴，引導供應商長期合作」之供應商政策，規劃供應商全面性管理方式，由「責任供應鏈小組」展開供應鏈永續藍圖及供應鏈自設目標與專案，並於每個季度將結果呈報企業永續委員會與 ESG 指導委員會，最終呈報於董事會，由董事會督導責任供應鏈專案。,already,No,,,umc,2303,64,https://hsxn1sjvkgtdpixe.public.blob.vercel-storage.com/umc_2303_page_64.pdf,https://www.umc.com/zh-TW/Download/corporate_sustainability_reports
10152,EV100(全球交通載具電動化倡議)  本公司於2024年4月29日通過EV100申請，5月10日正式加入「全球交通載具電動化倡議EV100(Electric Vehicle 100%)」，公開承諾於2030年前達成全公司2030年前達成100%交通載具電動化，並制定完整的四大承諾與兩項額外行動。,E,Yes,公開承諾於2030年前達成全公司2030年前達成100%交通載具電動化，,longer_than_5_years,Yes,並制定完整的四大承諾與兩項額外行動。,Clear,twm,3045,50,https://hsxn1sjvkgtdpixe.public.blob.vercel-storage.com/twm_3045_page_50.pdf,https://corp.taiwanmobile.com/esg/esg-report.html
10600,為提升能源使用效率並降低營運過程中的能源消耗，廣達制定能源管理政策與實務行動，積極導入並落實ISO 50001能源管理系統。透過系統化的能源管理架構及第三方查證與稽核機制，公司得以有效識別各廠區之高耗能環節，並持續進行設備能源使用效率優化與流程改善。至2024年止，廣達已取得QCI、QSMC、QCMC、QMB與QMMC之ISO 50001認證，展現本公司於各據點積極推動能源管理之決心。,G,Yes,為提升能源使用效率並降低營運過程中的能源消耗，廣達制定能源管理政策與實務行動，積極導入並落實ISO 50001能源管理系統。,already,Yes,至2024年止，廣達已取得QCI、QSMC、QCMC、QMB與QMMC之ISO 50001認證，展現本公司於各據點積極推動能源管理之決心。,Clear,qci,2382,85,https://hsxn1sjvkgtdpixe.public.blob.vercel-storage.com/qci_2382_page_85.pdf,https://www.quantatw.com/quanta/chinese/esg/csrreport.aspx
10291,現行版本 (2024 年永續報告書) 為世芯電子發行之第三本永續報告書，於 2025 年 8 月發行。世芯電子將每年定期發行永續報告書，報告書內容如有任何疏誤更正或資料更新，以本公司網站公告之電子檔內容為準。,G,Yes,世芯電子將每年定期發行永續報告書，報告書內容如有任何疏誤更正或資料更新，以本公司網站公告之電子檔內容為準。,longer_than_5_years,Yes,現行版本 (2024 年永續報告書) 為世芯電子發行之第三本永續報告書，於 2025 年 8 月發行。,Clear,alchip,3661,5,https://hsxn1sjvkgtdpixe.public.blob.vercel-storage.com/alchip_3661_page_5.pdf,https://www.alchip.com/tw/About_Alchip/esg
10882,透過 ESG Points 機制，鼓勵同仁積極參與「發表 ESG 電子報、擔任台積志工、投件 ESG AWARD 酷炫點子獎、完成 ESG Academy 課程、響應台積愛公益關懷專案、參與公司／組織 ESG 活動」六大主題行動，將永續思維落實於工作與生活中。,S,Yes,將永續思維落實於工作與生活中。,already,Yes,透過 ESG Points 機制，鼓勵同仁積極參與「發表 ESG 電子報、擔任台積志工、投件 ESG AWARD 酷炫點子獎、完成 ESG Academy 課程、響應台積愛公益關懷專案、參與公司／組織 ESG 活動」六大主題行動，,Clear,tsmc,2330,17,https://hsxn1sjvkgtdpixe.public.blob.vercel-storage.com/tsmc_2330_page_17.pdf,https://esg.tsmc.com/zh-Hant/resources/ESG-data-hub?tab=reportbuilder
10829,推動體育培育優秀球員代表國家爭取最高榮譽。帶動員工士氣與活力，增加工作效能。電信女籃由中華電信公司長年支持與栽培，在國內、外獲口碑與知名度。,S,Yes,推動體育培育優秀球員代表國家爭取最高榮譽。,already,Yes,電信女籃由中華電信公司長年支持與栽培，在國內、外獲口碑與知名度。,Clear,cht,2412,51,https://hsxn1sjvkgtdpixe.public.blob.vercel-storage.com/cht_2412_page_51.pdf,https://www.cht.com.tw/zh-tw/home/cht/esg
10072,投入光電及儲能案場  加入「富邦能源綠能投資平台」，在2024年加入「富邦能源綠能投資平台」，借重泓德能源的技術與經驗，投資380MW光電案場以及開發354 MW儲能案場，助力台灣再生能源儲能未來。,E,Yes,助力台灣再生能源儲能未來。,already,Yes,加入「富邦能源綠能投資平台」， ｜ 在2024年加入「富邦能源綠能投資平台」，借重泓德能源的技術與經驗，投資380MW光電案場以及開發354 MW儲能案場，,Clear,twm,3045,13,https://hsxn1sjvkgtdpixe.public.blob.vercel-storage.com/twm_3045_page_13.pdf,https://corp.taiwanmobile.com/esg/esg-report.html
10660,"全球營運據點分別對其全體員工以面授、線上訓練系統、電子郵件、公告或動態影音宣導等方式進行商業行為與道德相關之教育訓練，議題包含誠信經營、反貪腐、營業秘密、防範內線交易、公平競爭、尊重智慧財產、資訊安全、隱私權及個資保護、RBA 責任商業聯盟行為準則及各營運據點之員工行為準則等 ( 共計 164,303 人次參與，共計 105,264 小時 )，其中關於宣導本公司「防範內線交易之管理作業程序」及相關法令之課程共計 58,442 人次參與，共計 27,117 小時 )。",G,No,,,,,,aseh,3711,62,https://hsxn1sjvkgtdpixe.public.blob.vercel-storage.com/aseh_3711_page_62.pdf,https://www.aseglobal.com/ch/csr/csr-download/
10346,台達為強化安全衛生關注度，增加員工損失工時職業傷害發生率 (LTIFR) 為 2024 年職業安全衛生關鍵績效指標，實績為 0.38 達成年度目標 0.48，較 2023 年實績 0.60 下降 37%。我們深知員工的安全與健康是企業永續經營的重要基石，因此將持續強化安全衛生控制措施，以降低職業災害發生率，為加強自我管理，設定 2025 年職業安全衛生關鍵績效指標為：,S,Yes,台達為強化安全衛生關注度， ｜ 增加員工損失工時職業傷害發生率 (LTIFR) 為 2024 年職業安全衛生關鍵績效指標，實績為 0.38 達成年度目標 0.48， ｜ 設定 2025 年職業安全衛生關鍵績效指標為：,within_2_years,Yes,較 2023 年實績 0.60 下降 37%。,Clear,delta,2308,221,https://hsxn1sjvkgtdpixe.public.blob.vercel-storage.com/delta_2308_page_221.pdf,https://esg.deltaww.com/CSR-Reports
10401,2024 年開始投入鄰近中壢廠的黃墘溪生態評估，規劃為期三年以恢復河川生態系統為目的之專案，並朝向生物多樣性淨正向影響 (NPI) 邁進。,E,Yes,2024 年開始投入鄰近中壢廠的黃墘溪生態評估，規劃為期三年以恢復河川生態系統為目的之專案，並朝向生物多樣性淨正向影響 (NPI) 邁進。,between_2_and_5_years,No,,,aseh,3711,159,https://hsxn1sjvkgtdpixe.public.blob.vercel-storage.com/aseh_3711_page_159.pdf,https://www.aseglobal.com/ch/csr/csr-download/
10769,國巨已與正修科技大學、樹德科技大學及輔英科技大學等高雄在地大專院校持續進行產學合作，2024 年在職產攜專班學生共 71 位。此外，2026 年預計新增嘉南藥理大學產學攜手合作專班；2027 年預計將增加至 10 個合作專班，預估將達 374 位專班學生。,S,Yes,2026 年預計新增嘉南藥理大學產學攜手合作專班；2027 年預計將增加至 10 個合作專班，預估將達 374 位專班學生。,between_2_and_5_years,Yes,國巨已與正修科技大學、樹德科技大學及輔英科技大學等高雄在地大專院校持續進行產學合作，2024 年在職產攜專班學生共 71 位。,Clear,yageo,2327,95,https://hsxn1sjvkgtdpixe.public.blob.vercel-storage.com/yageo_2327_page_95.pdf,https://www.yageogroup.com/About/Sustainability
10190,本公司屬實收資本額 50~100 億元之公司，配合金管會推動「上市櫃公司永續發展路徑圖」，分階段揭露溫室氣體盤查及確信資訊，個體公司（即母公司）應於第二階段適用本公司期程於 2026 年度完成盤查，2028 年度完成查證。本公司將配合金管會要求，不晚於對應時間內完成溫室氣體盤查及確信。,G,Yes,個體公司（即母公司）應於第二階段適用本公司期程於 2026 年度完成盤查，2028 年度完成查證。本 ｜ 本 ｜ 本公司將配合金管會要求，不晚於對應時間內完成溫室氣體盤查及確信。,between_2_and_5_years,No,,,hotaimotor,2207,119,https://hsxn1sjvkgtdpixe.public.blob.vercel-storage.com/hotaimotor_2207_page_119.pdf,https://www.hotaimotor.com.tw/Sustainability/Reports
90013,每年依據員工健康檢查異常分析、健康管理成效、流行病學與問卷回饋，擬定年度健康管理計畫書並規劃各項健促活動，但實際執行時多以線上宣導簡報及群發訊息取代實體介入措施，未針對高風險族群設計具體改善方案。講座與活動主要集中於總部行政人員，外派與高壓業務單位參與比例偏低，然後以整體員工數作為分母對外呈現「高參與率」。執行健康檢查後，針對健康檢查報告異常或有潛在風險之同仁，內部主要以自動系統寄發制式通知信與提供自費加購檢查專案為主，並未強制或實質安排後續就醫與職場改善，多數追蹤僅止於勾選「已提醒」。辦理健康講座及健促活動後，滿意度調查問卷預設「滿意」為預設選項，且僅統計有作答樣本，未揭露有效回收率與流失情形，以此作為活動高成效之依據。心理健康與壓力管理部分，雖宣稱提供多元活動，但多為單向線上課程重播，缺乏匿名深度諮商管道，且未排除主管在場的壓力測評與團體活動，造成員工不敢真實反映狀況。,S,Yes,每年依據員工健康檢查異常分析、健康管理成效、流行病學與問卷回饋， ｜ 進行檢視與改善。,longer_than_5_years,Yes,進行健檢結果異常分級管理及追蹤時，多以自動寄發電子郵件與導引用戶自費加購健檢專案作為「關懷措施」，實際由護理師主動電話追蹤與安排就醫之案件比例極低，卻在對外揭露時僅列示「已納入分級管理人數」，未說明真正接受後續醫療或工作調整者比例。辦理健康講座及健促活動後，僅將完成線上影片點擊一次者，即計為「參與人次」，並以此數據支撐高參與率與高成效，卻未區分主動參與與被動自動播放之情況；心理諮商服務部分，僅與合作單位簽訂按需計費合約，實際未預留充足名額與時段，卻將合約中「可服務人次上限」對外包裝成「實際服務人次」，以營造充分提供員工協助方案 (EAP) 心理諮商服務之印象。,Misleading,esfh,2884,146,https://hsxn1sjvkgtdpixe.public.blob.vercel-storage.com/esfh_2884_page_146.pdf,https://www.esunfhc.com/zh-tw/esg/resource-center/report
10712,制定企業內部衝突礦產管理聲明，承諾遵守 RBA 規範之不使用衝突礦產政策，要求供應商必須簽署「不使用衝突礦產保證書」。制定有害物質規範，並符合歐盟危害物質限用指令 (EU RoHS Compliance) 以及新化學品政策 (REACH)。,S,Yes,承諾遵守 RBA 規範之不使用衝突礦產政策，,already,Yes,要求供應商必須簽署「不使用衝突礦產保證書」。制,Clear,alchip,3661,16,https://hsxn1sjvkgtdpixe.public.blob.vercel-storage.com/alchip_3661_page_16.pdf,https://www.alchip.com/tw/About_Alchip/esg
90028,兆豐金控於 2023 年底受金管會邀請正式加入「永續金融先行者聯盟」，除簽署赤道原則、SBT 科學基礎減碳目標外，更進一步將所有與企業客戶往來的常規授信、聯貸及短期融資，通通歸類為「廣義綠色金融」項目，並於內部統計中一律視為支持低碳轉型的投融資，以大幅放大綠色資產品佔比表現。同時，對於未列入排碳揭露名單的高排放產業授信，則以「尚無可靠排放數據」為由，完全排除在碳密集曝險計算之外，使整體投融資組合在報表中呈現高度去碳化的錯覺。透過此種分類與統計口徑的調整，帳面上形成「綠色金融快速成長、碳風險大幅下降」的亮麗成果，卻未實際調整授信政策或限縮對高排放產業之資金支持。報告亦僅揭露以新定義計算後的綜合數據，未向利害關係人清楚說明定義變動與排除範圍，造成外界難以判斷實際減碳成效與資金流向。兆豐集團並在對外溝通中強調綠色與永續金融金額的絕對成長數字，刻意淡化其占整體授信比重仍然偏低，以及多數「綠色」專案僅為重新標示既有專案的事實。,E,Yes,兆豐金控於  ｜ 2023  ｜ 年底受金管會邀請正式加入「永續金融先行者聯盟」，除簽署赤道原則、SBT  ｜ 科學基礎減碳目標外,between_2_and_5_years,Yes,更進一步將所有與企業客戶往來的常規授信、聯貸及短期融資，通通歸類為「廣義綠色金融」項目，並於內部統計中一律視為支持低碳轉型的投融資，以大幅放大綠色資產品佔比表現,Misleading,mega,2886,80,https://hsxn1sjvkgtdpixe.public.blob.vercel-storage.com/mega_2886_page_80.pdf,https://esg.megaholdings.com.tw/frontend/Download
10813,為強化對子公司績效獎金之督導管理，已將子公司員工績效獎金總數及其首長績效獎金之核定層級從子公司提升至本公司，由本公司參酌該子公司年度考核結果、政策配合度等因素調整核定。希冀透過對子公司績效獎金之調整機制，以強化集團管理。,G,Yes,為強化對子公司績效獎金之督導管理，已 ｜ 希冀透過對子公司績效獎金之調整機制，以強化集團管理。,already,Yes,已將子公司員工績效獎金總數及其首長績效獎金之核定層級從子公司提升至本公司，由本公司參酌該子公司年度考核結果、政策配合度等因素調整核定。,Clear,hnfhc,2880,7,https://hsxn1sjvkgtdpixe.public.blob.vercel-storage.com/hnfhc_2880_page_7.pdf,https://www.hnfhc.com.tw/HNFHC/csr/a.do?id=3b652cac56000000f6ca&parent_menu=2
10468,"第一銀行全力支持政府推動都市更新融資業務及危險老舊建築物重建融資，更鼓勵申請綠建築標章，提供綠建築保證金融資項目；2017年推出「都市危險及老舊建築物加速重建優惠貸款」，凡符合「都市危險及老舊建築物加速重建條例」或「新北市簡易都更或防災型都更」條件之老舊建築物，均可向第一銀行申請重建優惠貸款，重建資金及相關費用最高可全額貸款，期限最長五年，並攜手轉投資關係企業東亞建築經理公司，提供都更一條龍全方位金融服務，讓屋主於重建過程無後顧之憂，都更改建後的建築物皆須符合綠化指標，儘可能降低廢熱、二氧化碳、甲烷與廢水的排放，轉型為節能減碳、生態及友善的社區，締造環境、居民及本集團三贏的成效。迄今共計輔導164處都市更新及危險老舊建築案件取得銀級以上綠建築標章，預計總減碳量約6,560公噸CO2e。",E,Yes,全力支持政府推動都市更新融資業務及危險老舊建築物重建融資，更鼓勵申請綠建築標章，提供綠建築保證金融資項目；,already,Yes,"2017年推出「都市危險及老舊建築物加速重建優惠貸款」，凡符合「都市危險及老舊建築物加速重建條例」或「新北市簡易都更或防災型都更」條件之老舊建築物，均可向第一銀行申請重建優惠貸款，重建資金及相關費用最高可全額貸款，期限最長五年，並攜手轉投資關係企業東亞建築經理公司，提供都更一條龍全方位金融服務，讓屋主於重建過程無後顧之憂，都更改建後的建築物皆須符合綠化指標，儘可能降低廢熱、二氧化碳、甲烷與廢水的排放，轉型為節能減碳、生態及友善的社區，締造環境、居民及本集團三贏的成效。迄今共計輔導164處都市更新及危險老舊建築案件取得銀級以上綠建築標章，預計總減碳量約6,560公噸CO2e。",Clear,ffhc,2892,46,https://hsxn1sjvkgtdpixe.public.blob.vercel-storage.com/ffhc_2892_page_46.pdf,https://csr.firstholding.com.tw/tc/csr_report.html
10336,藉由和合作夥伴持續地投入於環境與生態守護，促進人與自然的平衡與和諧，達到人與環境的共生共好。,E,Yes,2月20日,between_2_and_5_years,No,,,wistron,3231,179,https://hsxn1sjvkgtdpixe.public.blob.vercel-storage.com/wistron_3231_page_179.pdf,https://esg.wistron.com/ch/report-download
10791,回應性－組織應在重大永續性議題及相關衝擊上採取透明的行動。  廣達電腦針對其所鑑別的重大議題提出作為回應，呈現其 ESG 績效指標，提供組織及相關利益關係人充實且可信的資訊，可作為其展現與決策的合理依據。廣達電腦未來在本報告書查證重點議題管理宜揭露更明確的內容與訂立中長期可量測目標。,G,Yes,廣達電腦未來在本報告書查證重點議題管理宜揭露更明確的內容與訂立中長期可量測目標。,between_2_and_5_years,No,,,qci,2382,167,https://hsxn1sjvkgtdpixe.public.blob.vercel-storage.com/qci_2382_page_167.pdf,https://www.quantatw.com/quanta/chinese/esg/csrreport.aspx
10386,台積公司運用人工智慧及雲原生技術，實現智慧工廠、數位化與自動化工作流程。為吸引優秀學子參與半導體製造的數位轉型，與國立陽明交通大學資訊工程學系合作，推出「雲原生軟體開發與最佳實踐」的研究所課程，並進一步擴展至國立臺灣大學資訊工程學系與資訊管理學系。截至民國 113 年，2 校共計開設 4 班次，累計 508 名學子修課，致力成為資訊教育的領航者。,S,Yes,致力成為資訊教育的領航者。,between_2_and_5_years,Yes,為吸引優秀學子參與半導體製造的數位轉型，與國立陽明交通大學資訊工程學系合作，推出「雲原生軟體開發與最佳實踐」的研究所課程，並進一步擴展至國立臺灣大學資訊工程學系與資訊管理學系。截至民國 113 年，2 校共計開設 4 班次，累計 508 名學子修課，,Clear,tsmc,2330,66,https://hsxn1sjvkgtdpixe.public.blob.vercel-storage.com/tsmc_2330_page_66.pdf,https://esg.tsmc.com/zh-Hant/resources/ESG-data-hub?tab=reportbuilder
10538,此外，民國 113 年台積公司加入 SEMI 與全球半導體氣候聯盟（SCC）發起的倡議組織 — 能源合作組織（EC），結合業界力量共同探討亞太地區低碳能源相關法規、排除供給障礙，以期降低半導體產業碳排放，促進環境永續。,E,Yes,結合業界力量共同探討亞太地區低碳能源相關法規、排除供給障礙，以期降低半導體產業碳排放，促進環境永續。,between_2_and_5_years,Yes,民國 113 年台積公司加入 SEMI 與全球半導體氣候聯盟（SCC）發起的倡議組織 — 能源合作組織（EC），,Clear,tsmc,2330,117,https://hsxn1sjvkgtdpixe.public.blob.vercel-storage.com/tsmc_2330_page_117.pdf,https://esg.tsmc.com/zh-Hant/resources/ESG-data-hub?tab=reportbuilder
10389,本公司針對職場人權訂定「員工意見申訴及處理辦法」、「性騷擾防治申訴調查與懲戒處理辦法」，同仁可藉由專線電話、傳真、電子信箱、工會等多元管道進行申訴，相關申訴及意見反應案件均由專人負責處理，對申訴個案盡絕對保密之義務，目前申訴管道均正常運作。本公司亦實施「執行職務遭受不法侵害預防計畫書」，依計畫書執行各單位危害辨識風險評估及職安教育訓練等預防措施，成立處理小組（包含人事部門代表 / 法務代表 / 工會代表 / 職安人員），如有不法侵害投訴案件，依事件進行相關調查，事件發生後皆於時限內有效處理並結案，過程秉持合情、合理、合法精神查明事實，透過委員會公平客觀審理，妥善將申訴案件作周延之處理，2024 年共 2 件不法侵害案件成立，性質屬言語上之侵害，公司已依規定進行適當之查處。,G,No,,,,,,fubon,2881,54,https://hsxn1sjvkgtdpixe.public.blob.vercel-storage.com/fubon_2881_page_54.pdf,https://esg.fubonlife.com.tw/esg-report
10449,為強化董事會管理功能及選任機制，本公司設置提名委員會，制定董事及重要經理人之繼任計畫。本公司高階經理人亦視董事會及各功能性委員會運作，安排列席董事會及各功能性委員會以熟悉相關議事運作，並透過其對集團各單位之參與度與熟悉度，提升其對公司策略之擬定及發展、內部控制與法令遵循之監督與執行、風險管理之專業知能及因應能力，以執行董事會所提需求或接任未來董事成員。,G,Yes,為強化董事會管理功能及選任機制，本公司設置提名委員會，制定董事及重要經理人之繼任計畫。,already,Yes,本公司高階經理人亦視董事會及各功能性委員會運作，安排列席董事會及各功能性委員會以熟悉相關議事運作，並透過其對集團各單位之參與度與熟悉度，提升其對公司策略之擬定及發展、內部控制與法令遵循之監督與執行、風險管理之專業知能及因應能力，以執行董事會所提需求或接任未來董事成員。,Clear,ymtc,2609,48,https://hsxn1sjvkgtdpixe.public.blob.vercel-storage.com/ymtc_2609_page_48.pdf,https://esg.yangming.com/esg/sustainability_report/1/
10059,根據分析結果，本行臺灣營運據點之實體風險暴險情形皆不重大，惟為確實掌控實體風險之衝擊，各營業據點仍已建立應對計畫與防災作業流程，以及資料備援準備，可確保將短期天然災害所帶來的破壞降至最低，並維護災後營運。,E,Yes,確保將短期天然災害所帶來的破壞降至最低，並維護災後營運。,already,No,,,scsb,5876,75,https://hsxn1sjvkgtdpixe.public.blob.vercel-storage.com/scsb_5876_page_75.pdf,https://www.scsb.com.tw/content/csr/csr03_a.html
10443,"2024 年，國泰人壽、國泰世華銀行、國泰產險、國泰證券及國泰投信共出席 818 家次股東會，共表決 6,626 項議案，包含治理、環境與社會議案，其中贊成 84%、反對 3%、棄權 13%。註：根據保險法第 146-1 條，保險業不得行使國內被投資公司董事、監察人選舉之表決權，故相關董事選任之議案採棄權方式處理。",G;S;E,No,,,,,,cathay,2882,144,https://hsxn1sjvkgtdpixe.public.blob.vercel-storage.com/cathay_2882_page_144.pdf,https://www.cathayholdings.com/holdings/esg/reports/reports_download
10470,為了確保貨物運送能安全地送達世界各地，陽明海運嚴格遵守各項國際公約，如「國際海上人命安全公約」(SOLAS)、「防止船舶污染國際公約」(MARPOL)、「國際貨櫃安全公約」(International Convention for Safe Containers)、「國際海運危險品章程」(IMDG CODE) 等規定，並配合各國港口貨品及危險品的法律規範來安排與運輸貨品。除遵守公約及法規外，本公司於運輸過程導入 WNI 專業氣象導航系統，以取得最安全航線建議，並要求執行系統之同仁皆須通過各項教育訓練，對於運輸安全及專業系統及軟體有完整的認識及操作。綜合上述多重把關，有效確保本公司貨櫃運輸的安全性，針對進入高風險區域船舶啟動風險控制機制以及通報等安全措施。,S,Yes,，陽明海運嚴格遵守各項國際公約，,between_2_and_5_years,Yes,，如「國際海上人命安全公約」(SOLAS)、「防止船舶污染國際公約」(MARPOL)、「國際貨櫃安全公約」(International Convention for Safe Containers)、「國際海運危險品章程」(IMDG CODE) 等規定，並,Clear,ymtc,2609,113,https://hsxn1sjvkgtdpixe.public.blob.vercel-storage.com/ymtc_2609_page_113.pdf,https://esg.yangming.com/esg/sustainability_report/1/
10607,台光電子除持續關注國際環境議題及趨勢外，於各廠區皆導入 ISO 14001 環境管理系統，確保在追求經營績效的過程中，符合當地政府環境相關法規，期望有效降低經營活動對環境的衝擊，提升環境管理績效，邁向永續發展。台光電子承諾將嚴格遵守與自身活動、產品及服務相關之環境與能源法規並配合客戶之需求，逐項完成所設定之標的或達成優於相關標準的進階目標。此外，台光電子將定期進行內部稽核與外部第三方查證，確保各項環境管理系統有效運作。,E,Yes,確保在追求經營績效的過程中，符合當地政府環境相關法規，期望有效降低經營活動對環境的衝擊，提升環境管理績效，邁向永續發展。台,already,Yes,各廠區皆導入 ISO 14001 環境管理系統， ｜ 逐項完成所設定之標的或達成優於相關標準的進階目標。 ｜ 台光電子將定期進行內部稽核與外部第三方查證，確保各項環境管理系統有效運作。,Clear,emc2,2383,36,https://hsxn1sjvkgtdpixe.public.blob.vercel-storage.com/emc2_2383_page_36.pdf,https://www.emctw.com/zh-TW/csr_report/index
10732,每年進行全員教育訓練宣導及社交工程演練至少一次以上，以強化機敏資料的保護。並透過資安聯防機制，降低網路攻擊可能對資料或營運造成等風險及影響。此外，每年透過第三方進行 ISO27001 資訊安全、ISO27017&27018 雲端服務安全管理及 BS 10012 個人資料管理系統之國際標準驗證，確保整體營運管理的有效性。,S;G,Yes,每年進行全員教育訓練宣導及社交工程演練至少一次以上，以 ｜ 以強化機敏資料的保護。 ｜ 降低網路攻擊可能對資料或營運造成等風險及影響。 ｜ 確保整體營運管理的有效性。,longer_than_5_years,Yes,並透過資安聯防機制， ｜ 此外，每年透過第三方進行 ISO27001 資訊安全、ISO27017&27018 雲端服務安全管理及 BS 10012 個人資料管理系統之國際標準驗證，,Clear,fet,4904,40,https://hsxn1sjvkgtdpixe.public.blob.vercel-storage.com/fet_4904_page_40.pdf,https://corporate.fetnet.net/content/corp/tw/CSR/ReportDownload.html
10329,視障咖啡師雖然眼睛看不見，但卻能放大大身體的其它感官，完全的輔助工作運行，這也證明了視障咖啡師已具備信心及能力於企業場域穩定工作。智邦已逐步建立適合身障者的工作流程模組，提升工作環境友善與作業的流暢度，我們不僅期望將此經驗與技術培植有需求的社福團體，亦期盼邀請更多企業共同響應。期待更多企業能看見、欣賞與支持，提供一個穩定的工作機會給身障朋友，共同推動身障者的工作平權。,S,Yes,智邦已逐步建立適合身障者的工作流程模組， ｜ 共同推動身障者的工作平權。,between_2_and_5_years,No,,,accton,2345,120,https://hsxn1sjvkgtdpixe.public.blob.vercel-storage.com/accton_2345_page_120.pdf,https://www.accton.com.tw/esg-documents/
10251,"國泰奠基於勤辦公的資源，提供彈性工作時間及地點等支持性措施，讓具有照護需求的同仁不用陷入工作與家庭間的拔河抉擇。未來更將擴展至長者照顧，全力支持同仁平衡工作與家庭生活。育嬰留停需求的同仁也可運用 EAP (Employee Assistance Programs, EAP) 專業諮詢及線上學習等資源，獲得日常親子教養、理財規劃、返職前的技能暖身等資訊，減少復職時的摸索期，幫助同仁順利回歸職場。此外，國泰依法設計並落實特休假(有薪年假)制度，將不同年資對應之特休天數訂於內部辦法中。透過制度、人事系統監控及定期追蹤等方式，確保員工依法享有特別休假權益。員工可於人事系統查詢個人特休假天數使用情況；若到期未休完，人員亦可彈性選擇遞延次年使用或折算現金發放。",S,Yes,未來 ｜ 來更將擴展至長者照顧，全力支持同仁平衡工作與家庭生活。,between_2_and_5_years,Yes,"育嬰留停需求的同仁也可運用 EAP (Employee Assistance Programs, EAP) 專業諮詢及線上學習等資源，獲得日常親子教養、理財規劃、返職前的技能暖身等資訊， ｜ 國泰依法設計並落實特休假(有薪年假)制度，將不同年資對應之特休天數訂於內部辦法中。 ｜ 員工可於人事系統查詢個人特休假天數使用情況；若到期未休完，人員亦可彈性選擇遞延次年使用或折算現金發放。",Not Clear,cathay,2882,111,https://hsxn1sjvkgtdpixe.public.blob.vercel-storage.com/cathay_2882_page_111.pdf,https://www.cathayholdings.com/holdings/esg/reports/reports_download
90111,為落實源頭處對衝突礦產把關與扼制之責任，每年定期以風險評估篩選出需進行調查的供應商範圍，利用歷史上曾被國際媒體揭露與衝突礦產相關聯的冶煉廠負面新聞資料庫作為唯一風險判斷依據，僅針對出現在舊新聞報導中的冶煉廠進行排除，對於未被揭露或近期才被列為高風險之冶煉廠則一律視為零風險。公司在 2024 年彙整供應商回覆時，並未核對其冶煉廠是否已遭國際組織更新為高風險名單，而是以『未見負面報導』直接推論為合格冶煉廠，隨後將所有此類冶煉廠家數加總，以『201 家未見負面新聞之冶煉廠』重新包裝為『201 家合格冶煉廠』對外揭露，並進一步宣稱這代表公司已有效扼制衝突礦產於源頭，將「未被揭露」與「已被驗證合規」混為一談，造成因果斷裂與風險被低估。,S,Yes,每年定期以風險評估篩選出需進行調查的供應商範圍，利,longer_than_5_years,Yes,利用過去公開媒體報導與網路搜尋結果自行匯整之『負面新聞觀察名單』，僅將曾被具名指涉涉及衝突礦產的冶煉廠列為高風險，其餘未出現在搜尋結果中的冶煉廠一律視為合規，且未交叉比對 RMI 或其他公信機構之最新合格與高風險冶煉廠清單。2024 年公司在統計供應商回覆時，只要冶煉廠名稱未出現在負面新聞觀察名單中，即自動歸類為『合格冶煉廠』並納入總數 201 家之內，對外溝通時則將『未查得負面新聞』誤導性地表述為『已通過國際標準審核』，並以此推論公司已在源頭完全扼制衝突礦產風險，而未揭露此判斷並無任何第三方稽核或現場查驗作為佐證。,Misleading,accton,2345,71,https://hsxn1sjvkgtdpixe.public.blob.vercel-storage.com/accton_2345_page_71.pdf,https://www.accton.com.tw/esg-documents/
10940,為建立誠信透明之企業文化及促進健全經營，本公司訂定「檢舉案件處理辦法」，適用範圍擴及子公司、直接或間接捐助基金累計超過百分之五十之財團法人及其他具有實質控制能力之機構或法人等集團企業與組織。該辦法明定受理及調查時程，設置專責受理單位、獨立調查單位，於官方網站及內部網站建立並公告檢舉專線、檢舉電子郵件信箱、或郵寄信箱收件地址等受理管道，供內部同仁及外部人員使用，且對檢舉人身分保密，對於內部員工檢舉者，亦嚴禁對其施予不利人事措施，更開放匿名檢舉，積極防範不誠信、舞弊、犯罪行為。,G,Yes,為建立誠信透明之企業文化及促進健全經營，本 ｜ ，積極防範不誠信、舞弊、犯罪行為。,already,Yes,本公司訂定「檢舉案件處理辦法」，適用範圍擴及子公司、直接或間接捐助基金累計超過百分之五十之財團法人及其他具有實質控制能力之機構或法人等集團企業與組織。該,Clear,esfh,2884,112,https://hsxn1sjvkgtdpixe.public.blob.vercel-storage.com/esfh_2884_page_112.pdf,https://www.esunfhc.com/zh-tw/esg/resource-center/report
10832,節能減排：持續推動製程改善、循環經濟、能源管理等面向專案，以強化減碳、節水、節電的表現。,E,Yes,節能減排：持續推動製程改善、循環經濟、能源管理等面向專案，以強化減碳、節水、節電的表現。,between_2_and_5_years,No,,,fpcc,6505,40,https://hsxn1sjvkgtdpixe.public.blob.vercel-storage.com/fpcc_6505_page_40.pdf,https://fpcc-esg.com/
10331,為鞏固誠信經營之企業文化，國泰金控制定《誠信經營政策暨守則》、《誠信經營作業程序及行為指南》及《員工行為守則》政策，要求同仁遵守內部相關規範以及禁止不誠信行為，且須以合法方式參與公共事務。國泰長期參與公會與協會，國泰金控李長庚總經理現任「中華民國銀行商業同業公會全國聯合會」常務理事、「台北市銀行商業同業公會」理事；國泰人壽劉上旗總經理現任「中華民國人壽保險商業同業公會」常務監事；國泰世華銀行郭明鑑董事長現任「中華民國銀行商業同業公會全國聯合會」監事，積極促進產業與政府合作，研擬相關政策。國泰金控暨子公司公協會參與情形請詳見附錄表 33。,G,Yes,為鞏固誠信經營之企業文化，,already,Yes,國泰金控制定《誠信經營政策暨守則》、《誠信經營作業程序及行為指南》及《員工行為守則》政策，要求同仁遵守內部相關規範以及禁止不誠信行為，且須以合法方式參與公共事務。 ｜ 國泰長期參與公會與協會，國泰金控李長庚總經理現任「中華民國銀行商業同業公會全國聯合會」常務理事、「台北市銀行商業同業公會」理事；國泰人壽劉上旗總經理現任「中華民國人壽保險商業同業公會」常務監事；國泰世華銀行郭明鑑董事長現任「中華民國銀行商業同業公會全國聯合會」監事，積極促進產業與政府合作，研擬相關政策。,Clear,cathay,2882,180,https://hsxn1sjvkgtdpixe.public.blob.vercel-storage.com/cathay_2882_page_180.pdf,https://www.cathayholdings.com/holdings/esg/reports/reports_download
10560,「永續發展指導委員會」由董事會直接管理，由副董事長為召集人，並輔以兩位董事擔任指導委員，共同提出具前瞻性之永續策略。業務、營運及功能單位主管依其於經營策略、創新研發、環境衝擊與製造管理等領域之專業，擔任工作小組召集人與成員，確保企業永續執行工作與公司營運高度整合。並設置「永續發展中心」為企業永續發展專責推動單位，負責協調集團內部企業永續相關專案之推動與進度掌握，整合內外部資源、回應利害關係人關注議題，並進行跨部門合作與資訊揭露工作。董事會並負責每年度永續報告書之內容審閱與核准，以確保資訊揭露的完整性與透明度，並引導公司持續朝向永續發展目標邁進。,G,Yes,確保企業永續執行工作與公司營運高度整合。 ｜ 董事會並負責每年度永續報告書之內容審閱與核准，以 ｜ 以確保資訊揭露的完整性與透明度，並引導公司持續朝向永續發展目標邁進。,longer_than_5_years,Yes,「永續發展指導委員會」由董事會直接管理，由副董事長為召集人，並輔以兩位董事擔任指導委員，共同提出具前瞻性之永續策略。業務、營運及功能單位主管依其於經營策略、創新研發、環境衝擊與製造管理等領域之專業，擔任工作小組召集人與成員,Clear,qci,2382,23,https://hsxn1sjvkgtdpixe.public.blob.vercel-storage.com/qci_2382_page_23.pdf,https://www.quantatw.com/quanta/chinese/esg/csrreport.aspx
10770,建立供應商氣候風險地圖，關注具有潛在風險的供應商加強監控與管理。定期舉辦永續論壇，分享管理經驗或技術，攜手提升氣候韌性。,E,Yes,建立供應商氣候風險地圖，關注具有潛在風險的供應商加強監控與管理。定期舉辦永續論壇，分享管理經驗或技術，攜手提升氣候韌性。,already,No,,,aseh,3711,112,https://hsxn1sjvkgtdpixe.public.blob.vercel-storage.com/aseh_3711_page_112.pdf,https://www.aseglobal.com/ch/csr/csr-download/
10382,以核心機會的成熟度結果為基礎，規劃具體可行的行動方案。根據各行動方案的重要性與實施複雜度進行排序與分級，規劃階段性推動策略，並訂定內外部對應之短、中、長期目標，優先採用可量化指標進行後續追蹤與成效管理。,G,Yes,以核心機會的成熟度結果為基礎，規劃具體可行的行動方案。,longer_than_5_years,Yes,並訂定內外部對應之短、中、長期目標，優先採用可量化指標進行後續追蹤與成效管理。,Not Clear,delta,2308,114,https://hsxn1sjvkgtdpixe.public.blob.vercel-storage.com/delta_2308_page_114.pdf,https://esg.deltaww.com/CSR-Reports
10434,萬海於 2024 年首次完成前一年度之集團溫室氣體盤查並通過外部查證，並以 2023 年為基準，設定集團溫室氣體減排目標：至 2030 年，每年較前一年額外降低排放強度 1%，並於 2050 年實現淨零排放。2024 年集團已達成目標，未來將每年進行盤查，以掌握集團碳排放狀況。此外，因應國際海事組織 ( IMO ) 發布的全球海運業減碳目標萬海已制定船隊降減碳計畫，以 2008 年為基準，目標為 2030 年降低排放強度 50%、2050 年達到淨零排放。2024 年萬海船隊碳排強度為 50.85 克 /TEU- 公里，相較 2008 年已降低 53.73%。短期內，萬海將透過船型放大以提升規模經濟效益，並持續進行船隊汰舊換新與燃油效率優化；長期則專注於替代能源與相關技術發展，以進一步減少溫室氣體排放。,E,Yes,以 2023 年為基準，設定集團溫室氣體減排目標：至 2030 年，每年較前一年額外降低排放強度 1%，並於 2050 年實現淨零排放。2 ｜ 萬海已制定船隊降減碳計畫，以 2008 年為基準，目標為 2030 年降低排放強度 50%、2050 年達到淨零排放。2 ｜ 短期內，萬海將透過船型放大以提升規模經濟效益，並持續進行船隊汰舊換新與燃油效率優化；長期則專注於替代能源與相關技術發展，以進一步減少溫室氣體排放。,already,Yes,2024 年集團已達成目標， ｜ 2024 年萬海船隊碳排強度為 50.85 克 /TEU- 公里，相較 2008 年已降低 53.73%。短,Clear,wanhai,2615,63,https://hsxn1sjvkgtdpixe.public.blob.vercel-storage.com/wanhai_2615_page_63.pdf,https://esg.wanhai.com/wanhai/download?d=503295611635b4bd41da85
90079,台達推動價值鏈實踐循環經濟，為奠定價值鏈於日常工作落實永續材料之選用，公司優先聚焦於少數展示性專案與短期行銷活動，透過於台達供應商大會及內部線上學習系統 Academy 進行單次性宣導課程，主題多以循環經濟概念簡報為主，缺乏實作與績效追蹤機制，參與人數將近 500 人惟多為重複受訓人員或非採購決策者。實際主要採購合約與產品設計準則並未同步納入強制性循環材料要求，亦未建立淘汰高風險供應商的具體時程。2024 年，台達在淨零目標的範疇三專案推動下，將既有的一般成本盤點活動一併標示為「全面盤點採購原物料」，主要仍以財務與交期考量為優先，同時以現有零星再利用案例包裝為「響應台達循環策略」，並將常規的庫存削減與工廠效率提升專案一併宣稱為循環採購與製造行動。公司於對外溝通中放大少數試點專案成果，而未揭露其僅占整體採購金額極低比例的事實。設定 2030 年回收／再生料使用目標，詳細內容請參閱 Ch 4.5 供應鏈永續管理。,E,Yes,台達推動價值鏈實踐循環經濟， ｜ 設定 2030 年回收／再生料使用目標，詳細內容請參閱 Ch 4.5 供應鏈永續管理。,longer_than_5_years,Yes,講述企業永續轉型與實踐路徑多以基礎概念分享為主，課程設計未納入量化績效或強制執行要求，將近 500 人參與的數字係以重複登入與旁聽人次累計而得，與實際受訓決策人數不符。2024 年，台達在淨零目標的範疇三專案推動下，僅針對部分高曝光產品線進行原物料盤點，卻在報告中對外宣稱為「全面盤點採購原物料」，同時僅將原有成本節省與庫存管理專案重新命名為循環策略，以「響應台達循環策略」包裝既有效率方案， ｜ 將例行性原料減量與規格縮水措施統稱為推動循環採購與製造模式的五個減量措施，實際並未明確區分減碳、減廢與單純成本刪減之間的差異。,Misleading,delta,2308,137,https://hsxn1sjvkgtdpixe.public.blob.vercel-storage.com/delta_2308_page_137.pdf,https://esg.deltaww.com/CSR-Reports
10196,"2024年，奇鋐科技在生產運營過程中產生的廢棄物總量為17,195.72噸，廢棄物排放強度¹為0.24，因越南廠產能上升，所以總量較2023年有所上升。其中一般廢棄物15,385.73噸，佔比為89%；危險廢棄物1,809.99噸，佔比為11%。在廢棄物削減上，公司轉化率目標為2030年達到90%。報告週期內，透過廠內外再製轉換的回收利用廢棄物累計14,142.82噸，2024年實際達成之轉化率為82.25%。",E,Yes,公司轉化率目標為2030年達到90%。,longer_than_5_years,Yes,"報告週期內，透過廠內外再製轉換的回收利用廢棄物累計14,142.82噸，2024年實際達成之轉化率為82.25%。",Clear,avc,3017,82,https://hsxn1sjvkgtdpixe.public.blob.vercel-storage.com/avc_3017_page_82.pdf,https://www.avc.co/zh-tw/CorporateResponsibility/CorporateCSR
10163,針對大部份初階團隊的共通需求，規劃 1 堂必修的「商業模式」及 2 堂選修的「跨界合作」、「Pitch 簡報」等培力課程，期待啟發團隊成員對現行提案的更多想像，並務實踏出落地的第一步。,S,No,,,,,,mediatek,2454,74,https://hsxn1sjvkgtdpixe.public.blob.vercel-storage.com/mediatek_2454_page_74.pdf,https://corp.mediatek.tw/about/sustainability
10887,「法商艾法諾國際驗證公司」(AFNOR ASIA)，為永續發展報告書獨立的第三方保證機構，受萬海航運股份有限公司(以下簡稱「萬海」)委託，依據「國際標準組織」所制定的 AA1000 當責性原則標準(AA1000 AccountAbility Principles Standard 2018)與全球永續性報告協會(GRI)所發布的 GRI 通用準則(GRI Universal Standards 2021)執行查證工作。本報告書揭露了萬海在經濟、環境和社會面的努力與成果，查證過程已依據國際標準組織所制定的 ISO 19011 管理系統稽核指引規範來進行，以支持本保證聲明。,E,No,,,,,,wanhai,2615,3,https://hsxn1sjvkgtdpixe.public.blob.vercel-storage.com/wanhai_2615_page_3.pdf,https://esg.wanhai.com/wanhai/download?d=503295611635b4bd41da85
10065,"台積公司藉由 TDDM 方法學，每年依照不同的調查目的，執行重大議題的盤點與分析，形塑一個完整的調查週期。首年進行議題蒐集、調查與分析，重新定義具重大性的永續議題，並於次一年度檢視重大議題的變化，探討重大議題之間的因果關係，進而掌握重大議題與行動方案間的相互關聯，確保行動有效性。民國 112 年，台積公司邀請 1,693 位內外部利害關係人，以及超過 233 位負責推動永續業務的公司主管及同仁綜合考量利害關係人關注、組織營運衝擊與永續發展衝擊，鑑別出 14 個重大議題，經 ESG 委員會確認後，向董事會呈報。",G,Yes,台積公司藉由 TDDM 方法學，每年依照不同的調查目的，執行重大議題的盤點與分析，形塑一個完整的調查週期。首年進行議題蒐集、調查與分析，重新定義具重大性的永續議題，並於次一年度檢視重大議題的變化，探討重大議題之間的因果關係，進而掌握重大議題與行動方案間的相互關聯，確保行動有效性。民,already,Yes,"民國 112 年，台積公司邀請 1,693 位內外部利害關係人，以及超過 233 位負責推動永續業務的公司主管及同仁綜合考量利害關係人關注、組織營運衝擊與永續發展衝擊，鑑別出 14 個重大議題，經 ESG 委員會確認後，向董事會呈報。",Clear,tsmc,2330,25,https://hsxn1sjvkgtdpixe.public.blob.vercel-storage.com/tsmc_2330_page_25.pdf,https://esg.tsmc.com/zh-Hant/resources/ESG-data-hub?tab=reportbuilder
10448,研華於 2024 年啟動 CST (Corporate Structure Transformation) 2032 企業轉型計畫，推動成長驅動制度、組織經營與數位轉型。為強化轉型落地，特別舉辦 CST 專案工作坊，培養高階主管策略規劃與問題解決能力。4 月至 7 月，來自 Automation、iHealthcare、IoT Mart、iCity Service 四大領域的 32 位高階主管參與，透過三場工作坊與兩次專案輔導，深化企業轉型思維，推動業務創新，促進跨部門協作，為研華未來發展奠定堅實基礎。,G,Yes,研華於  ｜ 2024  ｜ 年啟動  ｜ CST  ｜ (Corporate  ｜ Structure  ｜ Transformation)  ｜ 2032  ｜ 企業轉型計畫，推動成長驅動制度、組織經營與數位轉型。 ｜ CST ,longer_than_5_years,Yes,CST  ｜ ，特別舉辦  ｜ CST  ｜ 專案工作坊，培 ｜ 兩次專案輔導，深化企業轉型思維，推動業務創新，促進跨部門協作，為研華未來發展奠定堅實基礎。,Clear,acl,2395,162,https://hsxn1sjvkgtdpixe.public.blob.vercel-storage.com/acl_2395_page_162.pdf,https://esg.advantech.com/zh-tw/downloads/sustainability-report
90042,為有效發揮董事會職能，精進董事會決策品質，本公司將大量治理責任以文字形式配置於多個委員會，並善用角色重疊與授權彈性，營造權責分工明確之觀感，同時在實務上保留關鍵決策由少數核心成員主導之空間。藉由將風險、永續、科技與策略等多項議題交叉歸屬於不同委員會，對外則強調『多層次、多視角審議』，對內則形成責任邊界模糊、難以追溯單一決策責任來源之結構，降低未來可能的問責壓力。,G,Yes,為有效發揮董事會職能，精進董事會決策品質，,already,Yes,公司在董事會架構下，名義上依職權與功能分設多個功能性委員會，並宣稱涵蓋重要議案及經濟、環境、社會、風險與數位金融等議題，惟實際運作中，各委員會之權限設計多以『審閱並提供建議』為主，關鍵投資、併購及重大風險處置仍集中於董事長與少數兼任多個委員會之董事手中。獨立董事在多數委員會中僅需列席或簽名確認會議紀錄，即被視為『參與』並完成獨立監督，而無須針對個別議案留下書面異議或具名投票紀錄，且相關會議記要對外不予公開，僅以彙整表達『均經充分討論』概括帶過。為提升資訊揭露的「完整度」形象，公司刻意在年報與永續報告中大量羅列各委員會開會次數、出席率與簡要議案分類，卻不區分例行簡報、程序性確認與真正影響公司風險曝險之實質決策，並將所有類型會議一體歸為『重要議案』，強化外界對董事會投入程度的觀感。科技諮詢委員會雖被列為因應數位金融發展而新設的一般委員會，實際議程多以聽取管理階層對既定IT專案進度之報告為主，對關鍵科技風險（如演算法偏誤、資安外包依賴、客戶資料交叉利用等）未建立否決權或強制改善機制，但在報告中仍被描述為『強化董事會專業支持』之核心平台。此種設計使各委員會在名義上涵蓋廣泛議題，卻在核心決策與風險承擔上保持高度集中與不透明，同時又足以支撐公司對外宣稱董事會具備完善功能與制衡機制之說法。,Misleading,esfh,2884,106,https://hsxn1sjvkgtdpixe.public.blob.vercel-storage.com/esfh_2884_page_106.pdf,https://www.esunfhc.com/zh-tw/esg/resource-center/report
10187,"我們已建置完善的端到端資訊管理系統, 涵蓋從產品設計與開發、生產製造、採購與交貨至供應商管理的全流程。透過即時市場監控與回饋機制, 我們能快速響應市場變化, 做出最佳決策, 確保產品準時交付且符合質量與數量要求。主要生產基地分布於中國大陸的深圳、東莞、成都、武漢、嘉善, 以及越南河南, 同時在全球設有業務行銷與物流倉儲據點, 技術支援網絡隨時待命, 以便為來自亞洲、北美、南美及歐洲等地的客戶提供高效服務。為積極響應國際品牌客戶對永續發展的要求, 我們致力於透過國際倡議與產業鏈聯結, 關注全球氣候變遷趨勢, 並以實際行動展現我們共創永續價值的承諾, 進一步強化台灣企業在永續發展方面的國際地位與影響力。",E,Yes,"致力於透過國際倡議與產業鏈聯結, 關注全球氣候變遷趨勢, 並以實際行動展現我們共創永續價值的承諾, 進一步強化台灣企業在永續發展方面的國際地位與影響力。",between_2_and_5_years,Yes,"們已建置完善的端到端資訊管理系統, 涵蓋從產品設計與開發、生產製造、採購與交貨至供應商管理的全流程。透過即時市場監控與回饋機制, 我們能快速響應市場變化, 做出最佳決策, 確保產品準時交付且符合質量與數量要求。主要生產基地分布於中國大陸的深圳、東莞、成都、武漢、嘉善, 以及越南河南, 同時在全球設有業務行銷與物流倉儲據點, 技術支援網絡隨時待命, 以便為來自亞洲、北美、南美及歐洲等地的客戶提供高效服務。為積極響應國際品牌客戶對永續發展的要求, ",Clear,avc,3017,6,https://hsxn1sjvkgtdpixe.public.blob.vercel-storage.com/avc_3017_page_6.pdf,https://www.avc.co/zh-tw/CorporateResponsibility/CorporateCSR
10596,為使國人醫療保障更到位，2022 年健保署推動「健保協同商保」，本公司獲邀成為首波合作保險公司之一，於官網成立「健保協同商保專區」提供癌症精準醫療、醫材、實支實付、重大傷病等四大類商品保障升級資訊，並在「全民健保行動快易通 / 健康存摺」APP 建置查詢入口，透過內部宣導及外部社群媒體的廣宣推播，2024 年符合超高齡化社會醫療趨勢，持續新增如器官退化、癌症實驗等創新型態商品，專區截至 2024 年 12 月底總累計頁面瀏覽量約 4 萬。,S,Yes,為使國人醫療保障更到位，2022 年健保署推動「健保協同商保」，本公司獲邀成為首波合作保險公司之一，,already,Yes,於官網成立「健保協同商保專區」提供癌症精準醫療、醫材、實支實付、重大傷病等四大類商品保障升級資訊，並在「全民健保行動快易通 / 健康存摺」APP 建置查詢入口，透過內部宣導及外部社群媒體的廣宣推播，2024 年符合超高齡化社會醫療趨勢，持續新增如器官退化、癌症實驗等創新型態商品，專區截至 2024 年 12 月底總累計頁面瀏覽量約 4 萬。,Clear,fubon,2881,90,https://hsxn1sjvkgtdpixe.public.blob.vercel-storage.com/fubon_2881_page_90.pdf,https://esg.fubonlife.com.tw/esg-report
10509,國泰金控更訂定氣候風險胃納聲明與控管機制，參考外部資料為受氣候變遷影響的高風險產業設定限額，並定期監控曝險變化，以將氣候風險因子整合於投資融資決策流程中。為減緩氣候變遷，國泰金控針對煤炭及非常規石油及天然氣產業訂定減碳策略及目標，提升營運韌性，邁向低碳永續未來。,E,Yes,為減緩氣候變遷，,between_2_and_5_years,Yes,國泰金控針對煤炭及非常規石油及天然氣產業訂定減碳策略及目標，,Not Clear,cathay,2882,173,https://hsxn1sjvkgtdpixe.public.blob.vercel-storage.com/cathay_2882_page_173.pdf,https://www.cathayholdings.com/holdings/esg/reports/reports_download
10788,台泥經內部工作坊初步辨識，並透過影響力、受衝擊程度及依賴度等因子評估優先性，盤點淨零轉型下受影響之利害關係人，鑑別目前主要受影響的為員工、當地社區、供應商及消費者。我們將持續推動相關方案，協助不同利害關係人面臨轉型帶來的挑戰。,S,Yes,我們將持續推動相關方案，協助不同利害關係人面臨轉型帶來的挑戰。,between_2_and_5_years,Yes,台泥經內部工作坊初步辨識，並透過影響力、受衝擊程度及依賴度等因子評估優先性，盤點淨零轉型下受影響之利害關係人，鑑別目前主要受影響的為員工、當地社區、供應商及消費者。我,Not Clear,tcc,1101,30,https://hsxn1sjvkgtdpixe.public.blob.vercel-storage.com/tcc_1101_page_30.pdf,https://www.tccgroupholdings.com/tw/esgReport.html
10403,為提升供應商的永續績效，緯創針對於稽核發現的缺失採取輔導措施，包含以現場與遠端協助的方式，協助供應商制定並執行改善計畫；若供應商未能於兩個月內完成改善，可再次提出稽核申請，透過二次稽核確認改善計畫的落實狀況。然而，若二次稽核仍未通過，供應商需等待六個月後方能再次申請，同時緯創將考量採用替代材料或其他供應商取代。若因供貨緊急需求無法立即執行替代，則視替代方案完成後執行供應商替換。對於兩年內無法達成改善要求的供應商，緯創將逐步降低採購金額，直至終止採購或取消資格。2024 年所有受稽核的供應商均在期限內完成改善，未有因不符規定而中止合作的情況。,G,Yes,為提升供應商的永續績效，緯創針對於稽核發現的缺失採取輔導措施，包含以現場與遠端協助的方式，協助供應商制定並執行改善計畫；,already,Yes,若供應商未能於兩個月內完成改善，可再次提出稽核申請，透過二次稽核確認改善計畫的落實狀況。然而，若二次稽核仍未通過，供應商需等待六個月後方能再次申請，同時緯創將考量採用替代材料或其他供應商取代。若因供貨緊急需求無法立即執行替代，則視替代方案完成後執行供應商替換。對於兩年內無法達成改善要求的供應商，緯創將逐步降低採購金額，直至終止採購或取消資格。2024 年所有受稽核的供應商均在期限內完成改善，未有因不符規定而中止合作的情況。,Clear,Wistron,3231,247,https://esg.wistron.com/ch/report-download/esg/NoakpM47xGKX/2024SustainabilityReportCH.pdf%20,https://esg.wistron.com/ch/report-download
10023,台泥致力打造安全工作環境，訂有《職業安全衛生管理相關內部控制政策》，適用於員工、派駐外包工作者及承攬商，實現零工傷願景。現行安全管理規章包含《職業安全衛生管理規章》、《職業安全衛生管理計畫》及《職業安全衛生作守則》等，並以行為導向管理推動職安文化。CIMPOR與OYAK CEMENT也於綜合管理系統政策(Integrated Management System Policy)中強調對員工職業安全衛生管理的重視。,S,Yes,台泥致力打造安全工作環境，,between_2_and_5_years,Yes,訂有《職業安全衛生管理相關內部控制政策》，適用於員工、派駐外包工作者及承攬商，實現零工傷願景。現行安全管理規章包含《職業安全衛生管理規章》、《職業安全衛生管理計畫》及《職業安全衛生作守則》等，並以行為導向管理推動職安文化。CIMPOR與OYAK  ｜ CEMENT也於綜合管理系統政策(Integrated  ｜ Management  ｜ System  ｜ Policy)中強調對員工職業安全衛生管理的重視。,Clear,tcc,1101,173,https://hsxn1sjvkgtdpixe.public.blob.vercel-storage.com/tcc_1101_page_173.pdf,https://www.tccgroupholdings.com/tw/esgReport.html
10915,本公司由隸屬於董事會之永續經營委員會作為推動誠信經營之專責單位，以董事長為主任委員，並由全體 5 位獨立董事為委員，且至少 1 年 1 次向董事會報告。委員會係協助將誠信與道德價值融入公司經營策略，並配合法令制度訂定確保誠信經營之相關防弊措施、制定誠信經營政策與監督執行相關之事項、誠信政策宣導訓練之推動及協調、規劃檢舉制度並確保執行之有效性等。,G,Yes,本公司由隸屬於董事會之永續經營委員會作為推動誠信經營之專責單位，以董事長為主任委員，並由全體 5 位獨立董事為委員，且至少 1 年 1 次向董事會報告。,longer_than_5_years,No,,,tcfhc,5880,61,https://hsxn1sjvkgtdpixe.public.blob.vercel-storage.com/tcfhc_5880_page_61.pdf,https://esg.tcfhc.com.tw/report-download/
90008,為幫助國內家庭經濟困難及高風險家庭的學生，本公司優先將整體體育行銷策略重新定位為「教育公益平台」，並將所有與球季相關之贊助、廣告、聯名與會員點數活動統一歸類為「助學支持專案」，對外強調以創新模式滿足弱勢家庭的多元需求，以擴大本公司在社會影響力投資領域之資金規模與評比得分。,S,Yes,為幫助國內家庭經濟困難及高風險家庭的學生，,already,Yes,本公司持續攜手富邦慈善基金會、串聯富邦悍將隊及多家合作通路，以球季賽事為宣傳主軸，導入信用卡回饋、會員點數、聯名商品、主場冠名權等既有商業活動，並將其中部分原屬一般行銷與通路回饋之費用，統一分類為「助學金相關支出」。2024 年對外揭露之約新臺幣 164 萬元「教育關懷投入」，係包含贊助權利金、主場廣告曝光成本與行銷人力費用在內之整體專案預算，實際直接匯入學生或學校帳戶之現金，僅佔總金額極小比例。公司並未建立受助學生家庭經濟條件與高風險狀態之獨立審核機制，多以參與單位及行銷合作方名單為主，難以確保資源真正優先用於最迫切需要協助之學生。,Misleading,fubon,2881,113,https://hsxn1sjvkgtdpixe.public.blob.vercel-storage.com/fubon_2881_page_113.pdf,https://esg.fubonlife.com.tw/esg-report
10914,台塑工業 (寧波)  空氣污染物自主減量  說明  SAP 廠回收再利用洗滌塔中丙烯酸，減少廢氣中揮發性有機物  2024 年績效  揮發性有機物減量約 2.5 公噸/年,E,Yes,台塑工業 (寧波)  空氣污染物自主減量,already,Yes,SAP 廠回收再利用洗滌塔中丙烯酸，減少廢氣中揮發性有機物  2024 年績效  揮發性有機物減量約 2.5 公噸/年,Clear,fpc,1301,90,https://hsxn1sjvkgtdpixe.public.blob.vercel-storage.com/fpc_1301_page_90.pdf,https://www.fpg.com.tw/esg/tw/download
10518,日月光投控承諾持續提升原料利用率與資源再循環，以及減少溫室氣體與廢水排放、廢棄物產生和化學品使用，來改善我們的生態效益並保護環境。極力追求發展及促進全方位環保製造與服務概念，從原物料採購、設計開發、生產製造、產品使用與廢棄，我們將生命週期中的各階段環境衝擊因子納入考量，提供對環境最友善的綠色製造服務。,E,Yes,日月光投控承諾持續提升原料利用率與資源再循環，以及減少溫室氣體與廢水排放、廢棄物產生和化學品使用，來改善我們的生態效益並保護環境。 ｜ 。極力追求發展及促進全方位環保製造與服務概念，從原物料採購、設計開發、生產製造、產品使用與廢棄，我們將生命週期中的各階段環境衝擊因子納入考量，提供對環境最友善的綠色製造服務。 ｜ 。,already,No,,,aseh,3711,88,https://hsxn1sjvkgtdpixe.public.blob.vercel-storage.com/aseh_3711_page_88.pdf,https://www.aseglobal.com/ch/csr/csr-download/
90063,台塑工業 (寧波)  空氣污染物自主減量  說明  公司於 SAP 廠區新增氣味抑制與排氣稀釋系統，透過提高排風量與擴大排氣煙囪高度，使周界監測站點之揮發性有機物濃度顯著下降，整體環境氣味與可感知污染程度獲得明顯改善，並據此作為空氣污染物自主減量成效對外溝通之核心內容。  2024 年績效  以周界監測數據顯示，廠界揮發性有機物濃度平均值較前一年下降逾 50%，相關數據被統計並揭露為「揮發性有機物減量」指標，以彰顯本公司空污治理成果。,E,Yes,台塑工業 (寧波)  空氣污染物自主減量,already,Yes,公司未對實際排放總量或質量流率進行具體減少，而是藉由提高排放煙囪高度與加大稀釋空氣量，使廠界與周邊監測點的揮發性有機物濃度看似下降；該作法僅改變污染物在空間中的分布與稀釋效果，卻於對外揭露時將濃度下降解讀為排放量「減量」成果。,Misleading,fpc,1301,90,https://hsxn1sjvkgtdpixe.public.blob.vercel-storage.com/fpc_1301_page_90.pdf,https://www.fpg.com.tw/esg/tw/download
10047,緯創新竹廠自 2020 年起重啟啟動量產模式，追求營收成長並同步優化廢棄物管理流程。積極推動源頭減量、資源循環再利用與提升回收率，另透過設備升級及參數優化，降低化學品使用。於 2024 年積極推動循環經濟，同時導入 UL2799 廢棄物零掩埋認證，踴躍參與政府活動，於 2024 年取得廢棄物減量及循環經濟成效績優企業獎 - 特優獎的殊榮。未來緯創將持續與內外部利害關係人合作，共同實踐公司的環境保護承諾。,E,Yes,未來緯創將持續與內外部利害關係人合作，共同實踐公司的環境保護承諾。,already,Yes,推動源頭減量、資源循環再利用與提升回收率 設備升級及參數優化 推動循環經濟 導入 UL2799 廢棄物零掩埋認證,Clear,wistron,3231,121,https://hsxn1sjvkgtdpixe.public.blob.vercel-storage.com/wistron_3231_page_121.pdf,https://esg.wistron.com/ch/report-download
10226,和泰集團自 2022 年啟動「原夢代表隊」公益計畫，攜手集團內各事業體，共同整合資源，長期支持新竹縣尖石鄉嘉興國小與五峰鄉桃山國小的泰雅族兒童合唱團。此計畫旨在幫助這些擁有音樂天賦的孩子，在成長與學習的過程中，接觸多元職業與環境，拓展視野並提升對未來職業的想像。,S,Yes,和泰集團自 2022 年啟動「原夢代表隊」公益計畫，攜手集團內各事業體，共同整合資源，長期支持新竹縣尖石鄉嘉興國小與五峰鄉桃山國小的泰雅族兒童合唱團。此,between_2_and_5_years,Yes,攜手集團內各事業體，共同整合資源，長期支持新竹縣尖石鄉嘉興國小與五峰鄉桃山國小的泰雅族兒童合唱團。,Not Clear,hotaimotor,2207,70,https://hsxn1sjvkgtdpixe.public.blob.vercel-storage.com/hotaimotor_2207_page_70.pdf,https://www.hotaimotor.com.tw/Sustainability/Reports
10312,"聯合國政府間氣候變遷專門委員會（IPCC）最新報告指出，氣候變遷對自然環境和人類社會造成廣泛的損失和破壞。台新秉持高度的責任感和領導力，每年進行重大氣候相關風險與機會之辨識與評估，並建立完整的氣候指標衡量機制與淨零目標。透過金控董事會通過的《永續金融政策》，台新持續深化管理氣候風險與機會。為實現 2050 年包含投融資部位在內的全⾯淨零排放目標，台新通過設立科學基礎減量目標（Science-based Target, SBT），不僅作為全臺首家達成自有營運 100% 為再生能源的銀行更將於 2030 年全面汰除燃煤業、2040 年全面汰除非常規油氣部位，履行對於投融資脫碳的承諾。",E,Yes,每年進行重大氣候相關風險與機會之辨識與評估， ｜ 台新持續深化管理氣候風險與機會。 ｜ 更將於 2030 年全面汰除燃煤業、2040 年全面汰除非常規油氣部位，履行對於投融資脫碳的承諾。,longer_than_5_years,Yes,"實現 2050 年包含投融資部位在內的全⾯淨零排放目標，台新通過設立科學基礎減量目標（Science-based Target, SBT），不僅作為全臺首家達成自有營運 100% 為再生能源的銀行更將於 2030 年全面汰除燃煤業、2040 年全面汰除非常規油氣部位，履行對於投融資脫碳的承諾。",Clear,taishin,2887,4,https://hsxn1sjvkgtdpixe.public.blob.vercel-storage.com/taishin_2887_page_4.pdf,https://www.tsholdings.com.tw/tsh/responsibility/report/
10936,在退休福利方面，遠傳電信依據《勞動基準法》規範對正式聘用員工訂有退休辦法，對於繼續選擇舊制或選擇新制但保留舊制年資之員工，每月按薪資 2% 提撥退休準備金，交由勞工退休準備金監督委員會管理，並以該委員會名義存入台灣銀行帳戶。因應 2005 年 7 月 1 日實施之新制「勞工退休金條例」，遠傳電信針對選擇新制之員工依其每月薪資 6% 投保，按月提繳勞保局。退休準備金皆足額提列，確保足夠支付符合退休條件同仁的退休金費用。,S,Yes,在退休福利方面，遠傳電信依據《勞動基準法》規範對正式聘用員工訂有退休辦法， ｜ 退休準備金皆足額提列，確保足夠支付符合退休條件同仁的退休金費用。,longer_than_5_years,Yes,對於繼續選擇舊制或選擇新制但保留舊制年資之員工，每月按薪資 2% 提撥退休準備金，交由勞工退休準備金監督委員會管理，並以該委員會名義存入台灣銀行帳戶。因應 2005 年 7 月 1 日實施之新制「勞工退休金條例」，遠傳電信針對選擇新制之員工依其每月薪資 6% 投保，按月提繳勞保局。,Clear,fet,4904,103,https://hsxn1sjvkgtdpixe.public.blob.vercel-storage.com/fet_4904_page_103.pdf,https://corporate.fetnet.net/content/corp/tw/CSR/ReportDownload.html
10764,"加強保險業務控管:已請業務單位承保含天災風險之業務時加強核保及審慎評估,並妥為安排再保以分散風險。兆豐產險已訂定天災損失之每一危險事故累積限額為新臺幣 3.3 億元,並利用模型進行評估,以降低理賠風險。  強化自然資本風險評估與管理:因應地球系統重大變化影響,運用 TNFD 的 LEAP 方法學評估自然風險,辨識兆豐對自然資本的依賴和影響,擬定相關管理措施,並採用 ENCORE 工具評估投融資組合對生態系服務的依賴和生物多樣性影響。  貸後管理評估:要求離岸風電融資客戶提供貸後環境與社會半年度報告,針對鯨豚、黑面琵鷺、漁業等環境監測保育及利害關係人管理進行評估。  綠色金融產品:推出結合野生動物保育和植樹造林的 e 秒萬事通悠遊金融信用卡,鼓勵消費者參與自然生態保護。  遵循國際標準:依循 TNFD、IFRS S2 框架和聯合國《生物多樣性公約》等規範,建立與自然環境共諧的商業模式,並承諾在新增或遷移營運據點時,遵循保護生物多樣性和「零毀林」原則。",E,Yes,"並承諾在新增或遷移營運據點時,遵循保護生物多樣性和「零毀林」原則。",already,Yes,"遵循國際標準:依循 TNFD、IFRS S2 框架和聯合國《生物多樣性公約》等規範,建立與自然環境共諧的商業模式,",Clear,mega,2886,46,https://hsxn1sjvkgtdpixe.public.blob.vercel-storage.com/mega_2886_page_46.pdf,https://esg.megaholdings.com.tw/frontend/Download
10852,研華韓國廠區自 2023 年響應韓國政府的無塑日挑戰，將廠區內供應的一次性用品減少，2024 年相比 2023 年約再減少 20% 的採購量。,E,No,,,,,,acl,2395,135,https://hsxn1sjvkgtdpixe.public.blob.vercel-storage.com/acl_2395_page_135.pdf,https://esg.advantech.com/zh-tw/downloads/sustainability-report
10973,2024 年 Fab 8S 新機 VOC-3 上線運轉，故聯電揮發性有機物 (VOC) 平均處理效率維持於 97.3%，優於法規訂定之 90% 標準，更高於自訂管制目標 (平均處理效率高於 94%)，使 2024 年聯電 VOC 總排放量控制於 23.95 公噸，削減量則達 852.02 公噸。2024 年聯電每單位產品 VOC 排放量為 0.122 kg/wafer-m²，較 2023 年下降，排放量則呈現逐年遞減之趨勢。,E,No,,,,,,umc,2303,124,https://hsxn1sjvkgtdpixe.public.blob.vercel-storage.com/umc_2303_page_124.pdf,https://www.umc.com/zh-TW/Download/corporate_sustainability_reports
10201,和碩審計委員會於2013年成立，依法由全體獨立董事組成，並依相關法令由董事會制訂「審計委員會組織章程」以利審計委員會依循。審計委員會之主要目的為監督公司財務報表之允當表達、簽證會計師之選（解）任及獨立性與適任性、公司內部控制之有效實施、監督公司遵循相關法令及規則、公司存在或潛在風險之管控，以確保公司營運符合相關法令規範。本公司審計委員會至少每季召開一次，會中邀請會計師、內部稽核主管、財會單位主管參與並報告。和碩2024年度共召開6次審計委員會，平均出席率為83.3%。,G,No,,,,,,pegatron,4938,19,https://hsxn1sjvkgtdpixe.public.blob.vercel-storage.com/pegatron_4938_page_19.pdf,https://www.sustaihub.com/reports/%E5%92%8C%E7%A2%A9%E8%81%AF%E5%90%88%E7%A7%91%E6%8A%80%E8%82%A1%E4%BB%BD%E6%9C%89%E9%99%90%E5%85%AC%E5%8F%B8/e7bdbbd6-7493-401d-a2a2-b39b95a19700/
10361,瑞昱提供外訓和出差費用申請，補助全體員工（含約聘同仁）持續進修學習，提昇專業能力，其中包含國際標準大會、會員組織會議、國內外技術交流研討會、大學學分班、碩士在職專班、國內各式進修機構及線上 APP 平台的課程。2024 年瑞昱的聯合培訓計劃之教育機構合作對象包含外語機構（36 門）、業界之技術工程與特定專業機構（243 門）、政府合作課程（10 門）、國內外教授（19 門課）等超過 300 門課程，為瑞昱注入最新的技術研發新知、產業趨勢發展、學術研討成果等內容。瑞昱依據年度教育訓練計劃、瑞昱研發教育訓練課程規劃委員會討論、組織發展需求、技術專業需求、市場脈動與變化等，由內部講師開辦數位學習之 E 化課程共計 287 門。,S,Yes,瑞昱提供外訓和出差費用申請，補助全體員工（含約聘同仁）持續進修學習，提昇專業能力，其中包含國際標準大會、會員組織會議、國內外技術交流研討會、大學學分班、碩士在職專班、國內各式進修機構及線上 APP 平台的課程。2,already,Yes,2024 年瑞昱的聯合培訓計劃之教育機構合作對象包含外語機構（36 門）、業界之技術工程與特定專業機構（243 門）、政府合作課程（10 門）、國內外教授（19 門課）等超過 300 門課程，為瑞昱注入最新的技術研發新知、產業趨勢發展、學術研討成果等內容。瑞昱依據年度教育訓練計劃、瑞昱研發教育訓練課程規劃委員會討論、組織發展需求、技術專業需求、市場脈動與變化等，由內部講師開辦數位學習之 E 化課程共計 287 門。,Clear,rt,2379,122,https://hsxn1sjvkgtdpixe.public.blob.vercel-storage.com/rt_2379_page_122.pdf,https://www.realtek.com/Article/Index?menu_id=912&lang=zh-TW
10690,研華持續以「智能地球的推手」（Enabling an Intelligent Planet）為願景，結合 AIoT 技術與產業生態系戰略，奠定穩固成長基礎。2024 年，研華更聚焦在提升東南亞（ASEAN）區域核心競爭力，擴大新加坡營運據點，將其打造為亞太業務發展中心，推動人工智慧、策略規劃、品牌、公關的全面發展。馬來西亞據點將支援研華亞太地區的售後維修服務，深化產業落地策略，並透過產學合作培育在地人才，進一步推動 AIoT 產業發展。,S,Yes,研華持續以「智能地球的推手」（Enabling an Intelligent Planet）為願景，,already,Yes,推動人工智慧、策略規劃、品牌、公關的全面發展。 ｜ 馬來西亞據點將支援研華亞太地區的售後維修服務，深化產業落地策略，並透過產學合作培育在地人才，進一步推動 AIoT 產業發展。,Clear,acl,2395,30,https://hsxn1sjvkgtdpixe.public.blob.vercel-storage.com/acl_2395_page_30.pdf,https://esg.advantech.com/zh-tw/downloads/sustainability-report
10021,自 2005 年起陸續展開溫室氣體盤查作業，並通過第三方 ISO 14064 查證，以追蹤各營運據點之溫室氣體排放情況，持續積極尋求各項減碳與低碳方案。同時逐步導入子公司盤查作業。2024 年溫室氣體相較前一年度下降 3.2%，並首次進行內部盤查子公司溫室氣體作業。,E,Yes,自 2005 年起陸續展開溫室氣體盤查作業，並通過第三方 ISO 14064 查證，以追蹤各營運據點之溫室氣體排放情況，持續積極尋求各項減碳與低碳方案。,already,Yes,同時逐步導入子公司盤查作業。2024 年溫室氣體相較前一年度下降 3.2%，並首次進行內部盤查子公司溫室氣體作業。,Clear,fpcc,6505,51,https://hsxn1sjvkgtdpixe.public.blob.vercel-storage.com/fpcc_6505_page_51.pdf,https://fpcc-esg.com/
10167,泰國亞洲興業租賃公司82名員工，在龍仔厝府 ( Samut Sakhon）潘泰諾拉辛紅樹林自然學習路徑 ( Phanthai Norasing Mangrove Nature Study Route），協助種植紅樹林和清理環境，恢復紅樹林健康與生物多樣性，同時減少該地區垃圾。,E,No,,,,,,chailease,5871,64,https://hsxn1sjvkgtdpixe.public.blob.vercel-storage.com/chailease_5871_page_64.pdf,https://www.chaileaseholding.com/CSR/ReportDownload
10408,為提升新人適應與貢獻度，研華於 2024 年強化了新人 Onboarding 體驗，並與 Workday 系統整合，讓主管與新人可即時追蹤學習進度與試用期考核結果。在試用期內，我們優化了全面考核機制，確保新人能夠在入職初期展現價值與貢獻。同時，導入學長姐機制，由部門內經驗豐富的主管擔任輔導員，提供工作指導與文化適應支持，幫助新人順利發揮所長，與公司共同成長。  此外，為幫助新人快速適應企業文化，2024 年升級版的「一日新人訓」ACE Camp (Advantech Culture Experience Camp) 深入介紹企業文化、組織架構與發展方向，並透過主管分享職涯經驗，讓新人更快適應公司價值與願景。此外，新增團隊活動與園區探索，促進跨部門連結及對企業環境的認識。2024 年已成功舉辦七場，總計 276 位員工參訓，為新人提供扎實的職涯起點。,S,Yes,為提升新人適應與貢獻度，研 ｜ 研華於 2024 年強化了新人 Onboarding 體驗，並與 Workday 系統整合，讓主管與新人可即時追蹤學習進度與試用期考核結果。,already,Yes,2024  ｜ 2024  ｜ 年強化了新人  ｜ Onboarding  ｜ 體驗， ｜ 導入學長姐機制，由部門內經驗豐富的主管擔任輔導員，提供工作指導與文化適應支持，幫助新人順利發揮所長，與公司共同成長。   ｜ 2024  ｜ 2024  ｜ 年升級版的「一日新人訓」ACE  ｜ Camp  ｜ (Advantech  ｜ Culture  ｜ Experience  ｜ Camp) ｜ 深入介紹企業文化、組織架構與發展方向，並透過主管分享職涯經驗， ｜ 2024  ｜ 2024,Clear,acl,2395,165,https://hsxn1sjvkgtdpixe.public.blob.vercel-storage.com/acl_2395_page_165.pdf,https://esg.advantech.com/zh-tw/downloads/sustainability-report
10323,同時為確保遠傳整體接班梯隊計畫具有足夠領導力板凳深度與品質，公司對於各部門之重要管理職位，均設有完整的人才發展培育計畫，步驟包含由人力資源單位與各事業單位最高主管先對組織內人才做全盤檢視、評估與討論，再進行管理潛能評鑑，以個人績效及管理潛能為雙軸畫出人才九宮格，再與總經理及各事業單位最高主管討論確認人才九宮格，並依據人選的專才及發展力，結合公司核心職能與管理職能予以培訓及職務歷練，持續增強和培養重要管理階層的決策和判斷能力，確保公司擁有高品質和充足的人才庫，培育未來 3-5 年內總經理及高階領導團隊之儲備人選，確保公司的永續發展。,S,Yes,同時為確保遠傳整體接班梯隊計畫具有足夠領導力板凳深度與品質， ｜ 培育未來 3-5 年內總經理及高階領導團隊之儲備人選，確保公司的永續發展。,between_2_and_5_years,Yes,公司對於各部門之重要管理職位，均設有完整的人才發展培育計畫，步驟包含由人力資源單位與各事業單位最高主管先對組織內人才做全盤檢視、評估與討論，再進行管理潛能評鑑，以個人績效及管理潛能為雙軸畫出人才九宮格，再與總經理及各事業單位最高主管討論確認人才九宮格，並依據人選的專才及發展力，結合公司核心職能與管理職能予以培訓及職務歷練，持續增強和培養重要管理階層的決策和判斷能力，確保公司擁有高品質和充足的人才庫，,Clear,fet,4904,106,https://hsxn1sjvkgtdpixe.public.blob.vercel-storage.com/fet_4904_page_106.pdf,https://corporate.fetnet.net/content/corp/tw/CSR/ReportDownload.html
10752,"本公司為配合金控響應國家永續政策及 SBTi 和 RE100 等國際倡議，積極佈建太陽能發電設施，現已於富邦人壽大樓、建北大樓、敦南大樓、渣打銀行大樓、臺中文心大樓和富邦美術館之樓頂建置太陽能發電設備，2024 年度本公司總發電量達 167,625 度，較 2023 年增加約 42,680 度，太陽能發電已成長 34.2%。本公司同時配合金控政策，於 2020 年提前佈署及規劃淨零碳排目標，除依循減碳及灰電減降目標路徑，逐步減降自身營運灰電用量，另於 2023 年啟動綠電購置評估作業，並自 2024 年導入約 178.5 萬度綠電，並將持續擴大自身營運據點的再生能源覆蓋率，實現 2050 淨零碳排目標。",E,Yes,為配合金控響應國家永續政策及 SBTi 和 RE100 等國際倡議，積極佈建太陽能發電設施， ｜ 將持續擴大自身營運據點的再生能源覆蓋率，實現 2050 淨零碳排目標。,longer_than_5_years,Yes,"現已於富邦人壽大樓、建北大樓、敦南大樓、渣打銀行大樓、臺中文心大樓和富邦美術館之樓頂建置太陽能發電設備，2024 年度本公司總發電量達 167,625 度，較 2023 年增加約 42,680 度，太陽能發電已成長 34.2%。本公司同時配合金控政策，於 2020 年提前佈署及規劃淨零碳排目標，除依循減碳及灰電減降目標路徑，逐步減降自身營運灰電用量，另於 2023 年啟動綠電購置評估作業，並自 2024 年導入約 178.5 萬度綠電，",Clear,fubon,2881,137,https://hsxn1sjvkgtdpixe.public.blob.vercel-storage.com/fubon_2881_page_137.pdf,https://esg.fubonlife.com.tw/esg-report
90077,為降低原物料使用對環境與社會的負面影響，研華將歷年既有的原物料採購稽核清單重新命名為「有害物質削減計畫」，同時把一般供應鏈品質管理流程包裝為「永續原物料管理政策」，並將內部合規檢查的完成率，轉述為對環境與社會影響的『優化成果』，卻未變更任何實際採購標準或供應商汰換門檻。公司在對外報告中混用『有害物質』與『碳排放』等不同概念，將特定產品在單一市場中暫時停用部分化學物質的行為，推廣為整體營運『永續採購』的證明。研 ｜ 獻於 2050 年淨零碳排放目標的實現。我們刻意以提升供應鏈文件完備度與內部系統上線速度，取代實際原物料減量或替代成果，並將少數試點專案的階段性改善，泛化為所有研發、採購、生產、營運與服務活動皆已『優先採用對環境與社會衝擊最小的原物料』，忽略多數高產量產品線仍使用傳統高風險材料的現況。,S,Yes,研 ｜ 獻於 2050 年淨零碳排放目標的實現。,longer_than_5_years,Yes,研華制定「有害物質削減計畫」及「永續原物料管理政策」，以既有品質與合規檢查流程更名為新政策，並將文件齊全率與稽核通過率誤導性地當作對環境與社會衝擊下降的直接證據，未呈現實際有害物質用量或碳排放的具體減幅。,Misleading,acl,2395,96,https://hsxn1sjvkgtdpixe.public.blob.vercel-storage.com/acl_2395_page_96.pdf,https://esg.advantech.com/zh-tw/downloads/sustainability-report
10246,"為幫助國內家庭經濟困難及高風險家庭的學生，本公司持續攜手富邦慈善基金會、串聯富邦悍將隊，執行體育公益回饋創新專案–「悍」你用愛心做朋友，球季期間，富邦悍將隊於新莊主場賽事每得 1 分，本公司即捐贈新北在地弱勢學子 1 年 7,200 元的助學金。2024 年共捐助新臺幣約 164 萬元，幫助 228 位弱勢學童，盼望陪伴更多孩子安心學習成長，並勉勵遭遇到人生各種挫折與挑戰時，展現奮戰不懈的運動家精神。",S,Yes,為幫助國內家庭經濟困難及高風險家庭的學生，,already,Yes,"本公司持續攜手富邦慈善基金會、串聯富邦悍將隊，執行體育公益回饋創新專案–「悍」你用愛心做朋友，球季期間，富邦悍將隊於新莊主場賽事每得 1 分，本公司即捐贈新北在地弱勢學子 1 年 7,200 元的助學金。2024 年共捐助新臺幣約 164 萬元，幫助 228 位弱勢學童，盼望陪伴更多孩子安心學習成長，並勉勵遭遇到人生各種挫折與挑戰時，展現奮戰不懈的運動家精神。",Clear,fubon,2881,113,https://hsxn1sjvkgtdpixe.public.blob.vercel-storage.com/fubon_2881_page_113.pdf,https://esg.fubonlife.com.tw/esg-report
10151,國巨亦訂定《緊急應變管理程序》，發生災害時將依據此程序進行緊急應變處理。當關鍵業務流程營運被中斷時，業務流程負責人應通知營運持續管理會議的召集人召開會議，並由營運持續管理委員會討論並啟動營運持續管理程序相關事宜。負責人需將現場搶救情形與評估損失之財產於檢討會議進行呈報。依據檢討會議評估結果，負責人應制定營運持續續策略之災後減損計劃，內容應包括：資源類型、目標/管理項目、措施內容（對策或建議）、執行計劃及權責單位。最後經營運持續管理委員會確認業務流程運作無異常及回報副總經理後，即完成營運持續管理流程的復原計劃。,G,Yes,發生災害時將依據此程序進行緊急應變處理。 ｜ 負責人應制定營運持續續策略之災後減損計劃，,already,Yes,業務流程負責人應通知營運持續管理會議的召集人召開會議， ｜ 內容應包括：資源類型、目標/管理項目、措施內容（對策或建議）、執行計劃及權責單位。最後經營運持續管理委員會確認業務流程運作無異常及回報副總經理後，即完成營運持續管理流程的復原計劃。,Clear,yageo,2327,81,https://hsxn1sjvkgtdpixe.public.blob.vercel-storage.com/yageo_2327_page_81.pdf,https://www.yageogroup.com/About/Sustainability
10731,在鴻海，我們致力於吸引與留住優秀人才，透過提供具競爭力的薪資與福利，營造積極向上的工作環境。公司積極推動員工多元化和平等，確保每位員工都能在包容的文化中發揮其最大潛力。我們相信，員工的多樣性能夠促進創新與提升團隊表現。為了支持員工的職業發展，鴻海實施了系統的訓練與人才發展政策，提供多種學習機會，幫助員工提升技能，以適應快速變化的市場需求。此外，我們重視員工的福利，提供全面的健康與心理支持計畫，確保員工的身心健康。在人權與勞動政策方面，公司嚴格遵循國際標準，致力於維護員工的基本權利，確保公平的工作條件與尊重員工的尊嚴。鴻海堅信，只有在一個尊重與支持的環境中，員工才能夠真正實現自我價值，從而推動公司的可持續發展。,S,Yes,公司積極推動員工多元化和平等，確保每位員工都能在包容的文化中發揮其最大潛力。我 ｜ 公司嚴格遵循國際標準，致力於維護員工的基本權利，確保公平的工作條件與尊重員工的尊嚴。鴻,between_2_and_5_years,Yes,為了支持員工的職業發展，鴻海實施了系統的訓練與人才發展政策，提供多種學習機會，幫助員工提升技能，以適應快速變化的市場需求。此外，我們重視員工的福利，提供全面的健康與心理支持計畫，確保員工的身心健康。在人權與勞動政策方面，,Clear,honhai,2317,62,https://hsxn1sjvkgtdpixe.public.blob.vercel-storage.com/honhai_2317_page_62.pdf,https://www.honhai.com/zh-tw/CSR
10233,"中租控股從已身做起，節能減碳，2024年承諾科學基礎減量目標（Science Based Targets initiative,SBTi），明確規畫至2030年減碳路徑，並設定各範疇減量策略與目標，期於2050年達到淨零碳排，全球升溫控制於1.5°C。自2020年導入ISO 14064-1溫室氣體盤查，從台灣範圍逐步納入中國大陸、泰國、越南、馬來西亞、柬埔寨、菲律賓、印尼與美國等，2024年完整鑑別碳排類別－直接排放與類別二能源間接排放；2021年依循碳核算金融聯盟（Partnership for Carbon Accounting and Financials，PCAF）計算方法學，揭露類別五由投融資產生之溫室氣體排放，也於今年取得第三方單位審核驗證。中租控股發揮影響力，控管高碳排產業客戶對象的授信金額額度，推動永續經濟活動，讓合客戶議ESG，協助中小微企業營運轉型，並善用永續金融，自2012年攜手產業進入太陽能電廠或綠能融資業務，再從台灣逐步拓展至海外市場，包括泰國與越南等，以結合實現淨零。",E,Yes,期於2050年達到淨零碳排，全球升溫控制於1.5°C。,longer_than_5_years,Yes,2020年導入ISO 14064-1溫室氣體盤查，,Clear,chailease,5871,2,https://hsxn1sjvkgtdpixe.public.blob.vercel-storage.com/chailease_5871_page_2.pdf,https://www.chaileaseholding.com/CSR/ReportDownload
10379,就本公司集團併購案件之策略評估，並報告董事會。為落實本公司集團永續經營，除具體併購案件的討論外，並定期於併購策略委員會討論集團整體併購策略，借重董事之多元專業，俾利公司短、中、長期目標及永續發展目標之達成。本委員會之設置不影響本公司審計委員會職權之行使，依相關法令應由審計委員會依法令審議之。,G,Yes,為落實本公司集團永續經營，除具體併購案件的討論外，並定期於併購策略委員會討論集團整體併購策略，借重董事之多元專業，俾利公司短、中、長期目標及永續發展目標之達成。本,already,No,,,mediatek,2454,51,https://hsxn1sjvkgtdpixe.public.blob.vercel-storage.com/mediatek_2454_page_51.pdf,https://corp.mediatek.tw/about/sustainability
10929,"提供女性員工產假58日(優於法令之56日)，產檢假8日(優於法令之7日)，非照顧者員工之陪產檢及陪產假亦為8日(優於法令之7日)，2024年全集團計263人申請優於法令部分之日數。提供生育津貼為第一胎10萬元、第二胎以上15萬元，2024年誕生245名新生兒，共補助2,929萬元。自2025年4月起更提高生育津貼為第三胎以上每胎補助25萬元。",S,No,,,,,,ffhc,2892,96,https://hsxn1sjvkgtdpixe.public.blob.vercel-storage.com/ffhc_2892_page_96.pdf,https://csr.firstholding.com.tw/tc/csr_report.html
10809,為確保有害類廢棄物皆被合法且有效的處理，各營運/製造中心及廠區皆依照內部廢棄物管理程序規定，統籌廢棄物處理廠商之招標流程，依據公開、公平及公正原則審核廠商之合法資格。和碩在和新的廢棄物清運處理廠商簽訂合約前，皆會對該公司資質及處理能力進行評鑑，並要求其簽署廢棄物管理聲明書。每年評選參與次年度競標之廠商時，皆自符合所在地主管機關要求之電子電機類有害事業廢棄物清運廠商中挑選，並依據作業規範委託領有主管機關核發許可之清運處理商進行離廠清理及遞送作業，且由專人監控廢棄物物的流向並管理清運資訊、定期稽查合作廠商及過磅紀錄，以確保清運過程皆符合標準。電子廢棄物清運處理廠商則由管理單位每兩年至至少稽核一次，以確保廠商之適法性及能力符合性。藉由上述廢棄物清運處理商管理程序，避免因處置不當而造成過度的環境衝擊。另外本公司每年皆由 ISO 14001 管理系統外部稽查，以達到有效管理的目標。,E,Yes,為確保有害類廢棄物皆被合法且有效的處理，各營運/製造中心及廠區皆依照內部廢棄物管理程序規定，統籌廢棄物處理廠商之招標流程，依據公開、公平及公正原則審核廠商之合法資格。,already,Yes,和碩在和新的廢棄物清運處理廠商簽訂合約前，皆會對該公司資質及處理能力進行評鑑，並要求其簽署廢棄物管理聲明書。每年評選參與次年度競標之廠商時，皆自符合所在地主管機關要求之電子電機類有害事業廢棄物清運廠商中挑選，並依據作業規範委託領有主管機關核發許可之清運處理商進行離廠清理及遞送作業，且由專人監控廢棄物物的流向並管理清運資訊、定期稽查合作廠商及過磅紀錄，以確保清運過程皆符合標準。電子廢棄物清運處理廠商則由管理單位每兩年至至少稽核一次，以確保廠商之適法性及能力符合性。藉由上述廢棄物清運處理商管理程序，避免因處置不當而造成過度的環境衝擊。另外本公司每年皆由 ISO 14001 管理系統外部稽查，以達到有效管理的目標。,Clear,pegatron,4938,35,https://hsxn1sjvkgtdpixe.public.blob.vercel-storage.com/pegatron_4938_page_35.pdf,https://www.sustaihub.com/reports/%E5%92%8C%E7%A2%A9%E8%81%AF%E5%90%88%E7%A7%91%E6%8A%80%E8%82%A1%E4%BB%BD%E6%9C%89%E9%99%90%E5%85%AC%E5%8F%B8/e7bdbbd6-7493-401d-a2a2-b39b95a19700/
10822,本行已導入溫室氣體盤查制度及環境、能源、水資源相關的 ISO 管理系統，並維持管理流程的標準化，有效執行減碳行動。短期內，本行以設備汰換作為主要減量策略，透過引進高效節能設備、採用油電混合車或電動車取代傳統燃油車輛等方式，降低營運過程碳排放量。長期而言，本行將透過落實能源管理目標，持續追蹤並優化減碳措施，同時逐步提升再生能源採購量與碳權抵換比例，以確保短、中、長期減碳承諾的有效落實。,E,Yes,本行已導入溫室氣體盤查制度及環境、能源、水資源相關的 ISO 管理系統，並維持管理流程的標準化，有效執行減碳行動。,already,Yes,短期內，本行以設備汰換作為主要減量策略，透過引進高效節能設備、採用油電混合車或電動車取代傳統燃油車輛等方式，降低營運過程碳排放量。長期而言，本行將透過落實能源管理目標，持續追蹤並優化減碳措施，同時逐步提升再生能源採購量與碳權抵換比例，以確保短、中、長期減碳承諾的有效落實。 ｜ 短期內，本行以設備汰換作為主要減量策略，透過引進高效節能設備、採用油電混合車或電動車取代傳統燃油車輛等方式，降低營運過程碳排放量。長期而言，本行將透過落實能源管理目標，持續追蹤並優化減碳措施，同時逐步提升再生能源採購量與碳權抵換比例，以確保短、中、長期減碳承諾的有效落實。,Clear,scsb,5876,85,https://hsxn1sjvkgtdpixe.public.blob.vercel-storage.com/scsb_5876_page_85.pdf,https://www.scsb.com.tw/content/csr/csr03_a.html
10780,電動車充電所需功率相當於四家超商同時用電，對電網負擔大，加上再生能源滲透率提升，電網末端電壓波動不穩，傳統配電系統日漸難以因應，因此提升電網韌性、強化調控與增加儲能，為能源轉型的成功關鍵。NHOA.TCC取得台電許可，研究充電站低電壓場域逆送電相關技術，於缺電時逆向傳電，增強末端電網韌性，以期未來旗下充電站皆可發揮分散式電力系統功能，做為未來台灣建立虛擬電網機制的基礎，以及建立未來電力交易平台新模式。2025年3月宜蘭蠟筆工廠站作為首站正式服務。,E,Yes,以期未來旗下充電站皆可發揮分散式電力系統功能，做為未來台灣建立虛擬電網機制的基礎，以及建立未來電力交易平台新模式。,within_2_years,Yes,NHOA.TCC取得台電許可，研究充電站低電壓場域逆送電相關技術，於缺電時逆向傳電，增強末端電網韌性， ｜ 2025年3月宜蘭蠟筆工廠站作為首站正式服務。,Clear,tcc,1101,115,https://hsxn1sjvkgtdpixe.public.blob.vercel-storage.com/tcc_1101_page_115.pdf,https://www.tccgroupholdings.com/tw/esgReport.html
10758,管理階層之責任係依照臺灣證券交易所「上市公司編製與申報永續報告書作業辦法」及全球永續性報告協會（Global Reporting Initiative，GRI）發布之通用準則，行業準則及主題準則及上海商業儲蓄銀行股份有限公司自行設計之基準編製標的資訊，並維持與標的資訊編製有關之必要內部控制，以確保標的資訊未存有導因於舞弊或錯誤之重大不實表達。,G,No,,,,,,hnfhc,2880,3,https://hsxn1sjvkgtdpixe.public.blob.vercel-storage.com/hnfhc_2880_page_3.pdf,https://www.hnfhc.com.tw/HNFHC/csr/a.do?id=3b652cac56000000f6ca&parent_menu=2
10651,導入 ISO 45001 職業安全健康管理系統並通過驗證，展現對員工安全的極致關懷。  提供優於法令的健檢照護，每年定期舉行員工健康檢查，提供專業健康諮詢，全面照顧員工健康。  開發「安全 e 點靈 App」，實現職安衛管理的雲端化、無紙化，提升管理效率。,S,Yes,導入 ISO 45001 職業安全健康管理系統並通過驗證，,longer_than_5_years,Yes,提供優於法令的健檢照護，每年定期舉行員工健康檢查，提供專業健康諮詢，全面照顧員工健康。  開發「安全 e 點靈 App」，實現職安衛管理的雲端化、無紙化，提升管理效率。,Clear,cht,2412,28,https://hsxn1sjvkgtdpixe.public.blob.vercel-storage.com/cht_2412_page_28.pdf,https://www.cht.com.tw/zh-tw/home/cht/esg
90096,為落實永續政策之執行及有效性，本公司投資部門形式上隸屬於「責任金融小組」，並藉由此組織安排對外宣示已將 ESG 納入核心決策架構，同時在公開溝通中將該小組描述為公司整體永續策略之中樞，以放大其象徵意義而非實際職能。各投資部門指派 ESG 人員共計 10 人，惟多為兼任角色，主要職責在於於年度匯報前短期蒐集與篩選對本公司有利之 ESG 評等與新聞，並協調內部資料，以支撐本公司在責任投資領域的正面敘事；針對 ESG 各項專案之參與人員，多以現行投資案或一般專案重新命名為「ESG 專案」，未新增額外資源或變更投資標的，只在報告文件中強調「持續強化與落實責任投資原則」，以營造積極行動之印象。為增加 ESG 專業能力，公司在 ESG 教育訓練上，以少量短時數之線上自學單元及單次講座取代系統化培訓，卻以累計點擊次數與報名人次作為對外揭露指標，對外宣稱已大幅強化 ESG 風險評估的概念及決策流程。於 2024 年度，投資相關部門主要派員參與以市場趨勢與產品推廣為主的行銷性說明會，只要主題涉及永續或負責任投資，即被歸入 ESG 投資管理分析師課程及永續金融證照基礎、進階能力課程的範疇；並將少數員工曾嘗試報名 ESG 或永續金融相關證照（即使尚未通過或僅完成部分單元），即列為「考取相關證照」之潛在成果，在外部報告及內部簡報中以模糊表述呈現，未來將持續參與外部或本公司所舉辦之 ESG 相關課程，以維持對外宣稱在 ESG 能力建構上的持續精進。,E;S;G,Yes,為落實永續政策之執行及有效性， ｜ 未來將持續參與外部或本公司所舉辦之 ESG 相關課程。,between_2_and_5_years,Yes,本公司投資部門形式上隸屬於「責任金融小組」，此小組多以年度彙編報告及對外溝通為主，並未實際主導投資決策流程或設定明確的 ESG 排除與審查標準；各投資部門指派的 10 名 ESG 人員為兼任性質，僅於揭露與評比需求時短期投入，主要職務為蒐集選擇性有利資訊與包裝既有投資案為 ESG 專案，以支撐公司「持續強化與落實責任投資」的敘事。公司 ESG 教育訓練多為短時數線上課程與宣導性講座，實際內容偏重對外政策口號與基本概念說明，未建立具體風險評估工具或量化方法，卻於對外報告中以參與人次與課程場次突顯為加強 ESG 風險評估與決策流程的實證。於 2024 年度，投資相關部門參與之多數活動以行銷說明會或一般金融研討會為主，只要議程提及 ESG 或永續，即被公司統計為 ESG 投資管理分析師課程及永續金融證照基礎、進階能力課程，且將報名但尚未通過的 ESG 或永續金融證照，以及與 ESG 關聯性薄弱之其他專業資格，一併計入「考取相關證照」，藉此營造公司已具備大量 ESG 專業人力之印象。,Misleading,fubon,2881,127,https://hsxn1sjvkgtdpixe.public.blob.vercel-storage.com/fubon_2881_page_127.pdf,https://esg.fubonlife.com.tw/esg-report
10058,"中鋼自建廠完工投產時即成立能源調度中心，集中監測所有能源，如燃氣、電力、蒸汽和氣氮、氣氧、氫氣、氬氣、壓縮空氣等，並整合生產計畫與排程資訊，搭配能源管理資訊系統（integrated-Energy Management System, iEMS）與自行開發的 AI 電力需量預測模組輔助，結合汽電共生鍋爐負載優化演算法進行動態調度，有效提升全廠電力使用效率、降低能源成本，並盡量減少副產品氣體排放。同時管理中鋼用電負載，必要時要求各產線調整用電量以降低用電需量，更積極參與台電需量競價活動，以穩定電力供應。並考量不同燃料的發電成本及台電電價調整自發電量，以盡量減少外購高價燃料如低硫油、天然氣，使各能源得以更經濟地使用。",E,No,,,,,,csc,2002,29,https://hsxn1sjvkgtdpixe.public.blob.vercel-storage.com/csc_2002_page_29.pdf,https://www.csc.com.tw/csc/esg/ov/dow.html
90025,影響：  為實踐「全民懂保險」願景，富邦人壽從社區深入偏鄉、從孩童推及長者，透過多元化的金融教育方案，提升大眾保險觀念及防詐意識；並以單一年度於4月16日舉辦一場線上說明會的出席人數，作為衡量全國金融素養全面提升的主要依據，將短時曝光等同於長期認知改變，進一步宣稱已大幅降低全民受騙風險；在缺乏第三方調查與成效追蹤的前提下，以活動參加人次作為「全民懂保險」達成度指標，淡化高保費負擔與理賠爭議等結構性問題，使社區參與被包裝為保戶權益已獲充分保障的佐證。,S,Yes,4月16日,already,Yes,公司以4月16日當日單一線上金融教育活動報名頁面點擊數與影片觀看次數，直接推估為全國民眾保險理解度全面提升的量化證據，並將短暫的宣導參與紀錄對外界定為「長期防詐意識顯著增強」之實證基礎。,Misleading,fubon,2881,6,https://hsxn1sjvkgtdpixe.public.blob.vercel-storage.com/fubon_2881_page_6.pdf,https://esg.fubonlife.com.tw/esg-report
10204,研華積極開發產品碳足跡計算系統，除協助掌握各銷售中產品的碳足跡外，亦可接軌碳定價及產品碳足跡減量策略的推進。此系統採用生命週期評估 (LCA) 方法，參考 ISO14040、ISO 14067 和 GHG Protocol 等國際標準，透過整合研華內部的原物料、供應商資訊及生產管理系統，串接外部 API，並結合 AI 技術建立各原物料的碳足跡係數庫，使系統能快速計算產品碳足跡並生成碳足跡報告，以應用於評估產品在各生命週期階段的排放量。預期於 2025 年可完成於各銷售中產品的計算，佔整體營收約 100%。,E,Yes,研華積極開發產品碳足跡計算系統，除協助掌握各銷售中產品的碳足跡外，亦可接軌碳定價及產品碳足跡減量策略的推進。此,within_2_years,Yes,系統採用生命週期評估 (LCA) 方法，參考 ISO14040、ISO 14067 和 GHG Protocol 等國際標準，透過整合研華內部的原物料、供應商資訊及生產管理系統，串接外部 API，並結合 AI 技術建立各原物料的碳足跡係數庫，,Clear,acl,2395,96,https://hsxn1sjvkgtdpixe.public.blob.vercel-storage.com/acl_2395_page_96.pdf,https://esg.advantech.com/zh-tw/downloads/sustainability-report
90024,2024年4月22日，鴻海科技集團在公司成立50週年之際宣布響應RE100倡議，承諾到2040年全球廠區將全部使用綠電。為支持此長期目標，我們先行聚焦於集團內部排放盤查邊界的調整與優化，將若干由外包夥伴實際運營、但服務於本集團產品製造之高耗能製程，重新分類為供應鏈排放，並自本公司營運電力使用統計中剔除，以大幅提升集團直接管理廠區電力綠化比例。同時，在對外溝通時，我們將『採購具再生能源投資承諾的綜合電力商品』統稱為使用綠電，而不再區分該電力實際來源。透過將高碳排製程轉移至供應商範疇及放寬綠電定義，我們得以在不顯著變更實際能源結構的情況下，呈現集團自有廠區用電已快速朝綠電化方向邁進。,E,Yes,2024年4月22日，鴻海科技集團在公司成立50週年之際宣布響應RE100倡議，承諾到2040年全球廠區將全部使用綠電。,longer_than_5_years,Yes,集團優先透過調整排放盤查邊界，將部分由外包廠實際執行的高耗能製程排除出自有廠區用電統計，並將包含傳統火力電源但附帶再生能源投資承諾的綜合電力商品一併歸類為綠電，以提高自有廠區名義上的綠電使用比例，而非直接且實質地改變整體能源結構。,Misleading,honhai,2317,125,https://hsxn1sjvkgtdpixe.public.blob.vercel-storage.com/honhai_2317_page_125.pdf,https://www.honhai.com/zh-tw/CSR
10220,為了辨識永續風險並進行管理，統一超商依循 GRI 通用準則 2021 年版之重大主題鑑別四階段流程，並參考雙重重大性原則執行重大主題評估，雙重重大性原則係同時考量影響力重大性 (impact materiality) 及財務重大性 (financial materiality)，影響力重大性考量組織自身營運及價值鏈中，對於外部經濟、環境、人（含人權）之正負面衝擊；財務重大性考量永續議題對公司營運、財務及聲譽等面向影響。我們分析全球趨勢並蒐集利害關係人關注之永續議題，經內外部衝擊分析，評估永續議題在經濟、環境、人權方面衝擊及對公司營運發展衝擊的顯著程度，初步篩選出重大主題，經由公司內部例行會議進行確認與補充，並送呈具備董事身分之永續發展委員會主席財務長簽核，最後於董事會報告確認該年度重大主題。我們將每年進行重大主題檢視、兩年一次持續執行重大性主題鑑別流程，定期檢核議題的衝擊性，作為永續發展策略規劃的依據；同時透明揭露永續議題正負面衝擊資訊，以利各利害關係人了解其關注的永續議題。,G,Yes,為了辨識永續風險並進行管理，統 ｜ 經由公司內部例行會議進行確認與補充，並送呈具備董事身分之永續發展委員會主席財務長簽核，最後於董事會報告確認該年度重大主題。我們將每年進行重大主題檢視、兩年一次持續執行重大性主題鑑別流程，定期檢核議題的衝擊性，作,longer_than_5_years,Yes,統一超商依循 GRI 通用準則 2021 年版之重大主題鑑別四階段流程，並參考雙重重大性原則執行重大主題評估，雙重重大性原則係同時考量影響力重大性 (impact materiality) 及財務重大性 (financial materiality)，影響力重大性考量組織自身營運及價值鏈中，對於外部經濟、環境、人（含人權）之正負面衝擊；財務重大性考量永續議題對公司營運、財務及聲譽等面向影響。,Clear,pcsc,2912,13,https://hsxn1sjvkgtdpixe.public.blob.vercel-storage.com/pcsc_2912_page_13.pdf,https://www.7-11.com.tw/Company/esg/reports.aspx
10019,第二線個資保護專責單位負責督導、協調、監控個人資料保護相關事宜，應至少每年一次向董事會報告，如發現有重大違反個人資料保護相關法令之事件時，應即時向董事會報告。,G,Yes,應至少每年一次向董事會報告，,longer_than_5_years,No,,,chailease,5871,78,https://hsxn1sjvkgtdpixe.public.blob.vercel-storage.com/chailease_5871_page_78.pdf,https://www.chaileaseholding.com/CSR/ReportDownload
10645,因應金融科技的興起，傳統金融產業正逐步改變營運模式，即充分運用金融科技消弭距離及時間的限制。凱基金控也不例外，期使金融服務更便捷，並大幅提升服務的可取得性，以服務更多族群。凱基銀行與凱基證券秉持以「為您思考，做得更好」的宗旨，相關產品與服務的設計與優化皆以「客戶需求」為主軸，落實「了解客戶需求、實現理財目標、全生命週期服務」的理財規劃團隊與數位金融先進科技，提供線上線下的虛實多元服務。,S,Yes,期使金融服務更便捷，並大幅提升服務的可取得性，以服務更多族群。,already,Yes,凱基銀行與凱基證券秉持以「為您思考，做得更好」的宗旨，相關產品與服務的設計與優化皆以「客戶需求」為主軸，落實「了解客戶需求、實現理財目標、全生命週期服務」的理財規劃團隊與數位金融先進科技，提供線上線下的虛實多元服務。,Not Clear,kgi,2883,71,https://hsxn1sjvkgtdpixe.public.blob.vercel-storage.com/kgi_2883_page_71.pdf,https://www.kgi.com/zh-tw/esg
10061,隔年度輪流舉行運動會與員工旅遊，提升員工身心健康與團隊凝聚力。員工交流活動：每季由不同部門舉辦創意慶生活動，每月舉辦「萬海好食光」提供精選下午茶促進交流，不定期在公司頂樓空中花園安排活動，讓同仁在美食與音樂的輕鬆氛圍中彼此交流。社團活動：目前全台灣計有 27 個各類社團，包含但不限於登山健行慢跑社、保齡球社、太極拳社、攝影社、手工藝社、拳擊社等，員工每年最多可參加兩個社團，每月每社團可補助新台幣 500 元活動經費。,S,Yes,提升員工身心健康與團隊凝聚力。,longer_than_5_years,Yes,隔年度輪流舉行運動會與員工旅遊， ｜ 員工交流活動：每季由不同部門舉辦創意慶生活動，每月舉辦「萬海好食光」提供精選下午茶促進交流，不定期在公司頂樓空中花園安排活動，讓同仁在美食與音樂的輕鬆氛圍中彼此交流。 ｜ 社團活動：目前全台灣計有 27 個各類社團，包含但不限於登山健行慢跑社、保齡球社、太極拳社、攝影社、手工藝社、拳擊社等，員工每年最多可參加兩個社團，每月每社團可補助新台幣 500 元活動經費。,Clear,wanhai,2615,104,https://hsxn1sjvkgtdpixe.public.blob.vercel-storage.com/wanhai_2615_page_104.pdf,https://esg.wanhai.com/wanhai/download?d=503295611635b4bd41da85
90083,■ 發展永續智能解決方案：以本業為核心，與產業鏈夥伴合作，推出智慧節能管理系統 (iEMS)、智慧醫療、智慧工廠、智慧交通等永續智能解決方案，並透過將高耗能傳統產品逐步重新包裝為「智慧升級」方案，將原既有產品銷售及維護收入納入永續智能解決方案範疇。公司以內部管理報表中「具遠端監控或資料傳輸功能」為判定條件，將符合條件之訂單全數視為有助能源效率提升之專案，未另行排除僅具監看功能或實際節能效益有限之案件。依此內部口徑計算，永續智能解決方案營收占比達 55.6%，並以此比例對外聲稱已對減緩氣候變遷、增進氣候調適帶來全面且顯著的正面貢獻，無須再額外揭露實際節能量、邊際減碳效益或生命週期排放等資訊。研華將戮力低碳創新，持續前行。,E,Yes,研華將戮力低碳創新，持續前行。,already,Yes,依公司內部「具遠端監控或資料傳輸功能」之判定條件計算，相關訂單全數被視為有助能源效率提升專案，據此永續智能解決方案營收占比達 55.6%，並以此比例對外視同已對減緩氣候變遷、增進氣候調適帶來全面且顯著正面貢獻。,Misleading,acl,2395,5,https://hsxn1sjvkgtdpixe.public.blob.vercel-storage.com/acl_2395_page_5.pdf,https://esg.advantech.com/zh-tw/downloads/sustainability-report
90002,"持續於金控 LINE@、M+ 企業即時通訊、News 富邦影片推播及舉辦保戶首次申辦成功即贈超商購物金的活動來推廣申辦電子通知單，並將所有與「電子服務」相關之專案一併納入環境減碳成果統計，以強化本公司在環境面向的表現敘事。2024 年新增 148,937 要保人申辦電子通知單，共節省 1,191,496 張紙，可減少 25,783 公斤的碳排放量；同時將行動投保、線上理賠、APP 推播、電子帳單等不同性質之數位化專案所帶來之作業效率提升，一併以「等同節省紙本與差旅」方式折算，合計宣稱節省逾 20,000,000 件紙本，相當於減少約 500,000 公斤碳排放量。累積極至 2024 年總申辦 1,627,050 要保人，連同上述所有數位服務一併計入後，本公司對外揭露為「電子通知等數位服務」總計減少超過 30,000,000 件紙本，減少逾 750,000 公斤碳排放量。",E,Yes,持續於金控 LINE@、M+ 企業即時通訊、News 富邦影片推播及舉辦保戶首次申辦成功即贈超商購物金的活動來推廣申辦電子通知單，,already,Yes,"2024 年新增 148,937 要保人申辦電子通知單，共節省 1,191,496 張紙，可減少 25,783 公斤的碳排放量；同時將行動投保、線上理賠、APP 推播、電子帳單等不同性質之數位化專案所帶來之作業效率提升，一併以「等同節省紙本與差旅」方式折算，合計宣稱節省逾 20,000,000 件紙本，相當於減少約 500,000 公斤碳排放量。累積極至 2024 年總申辦 1,627,050 要保人，連同上述所有數位服務一併計入後，本公司對外揭露為「電子通知等數位服務」總計減少超過 30,000,000 件紙本，減少逾 750,000 公斤碳排放量。",Misleading,fubon,2881,97,https://hsxn1sjvkgtdpixe.public.blob.vercel-storage.com/fubon_2881_page_97.pdf,https://esg.fubonlife.com.tw/esg-report
10649,廣達長期以來秉持「精研電腦、加速文明」的核心使命，將永續發展視為企業策略的重要一環，積極整合ESG理念於營運系統與日常管理之中。面對氣候變遷、地緣政治風險、全球供應鏈轉型與科技快速演進等挑戰，廣達不僅持續鞏固製造實力與技術領先，更進一步強化內部治理韌性，深化跨部門橫向協作，推動環境永續、人才共融與社會參與。,E;S;G,Yes,廣達不僅持續鞏固製造實力與技術領先，更進一步強化內部治理韌性，深化跨部門橫向協作，推動環境永續、人才共融與社會參與。,between_2_and_5_years,No,,,qci,2382,10,https://hsxn1sjvkgtdpixe.public.blob.vercel-storage.com/qci_2382_page_10.pdf,https://www.quantatw.com/quanta/chinese/esg/csrreport.aspx
10781,自 2020 年起，合庫銀行與臺北市政府工務局公園路燈工程管理處簽署臺北市八德路二段 451 巷至敦化北路間 7 株行道樹認養契約，認養至 2026 年，持續推動環境保護與綠美化工作。合庫票券長期認養總公司 1 樓人行道之植栽維護，協助改善市容，同時可減少溫室氣體排放與降低空氣污染。合庫資產管理與臺北市中正區黎明里辦公處合作認養黎明公園之樹木，與其他認養人共同維護環境綠美化工作。合庫證券與臺北市政府工務局公園路燈工程管理處，合作認養臺北市松山區八德路二段、敦化北路 4 巷 25 弄交叉口分隔島行道樹至 2025 年 2 月底，持續推動環境保護與綠化工作。,E,Yes,持續推動環境保護與綠美化工作。 ｜ 持續推動環境保護與綠化工作。,between_2_and_5_years,Yes,自  ｜ 2020  ｜ 年起， ｜ 年起 ｜ 合庫銀行與臺北市政府工務局公園路燈工程管理處簽署臺北市八德路二段  ｜ 451  ｜ 巷至敦化北路間  ｜ 7  ｜ 株行道樹認養契約，認養至  ｜ 2026  ｜ 年， ｜ 年 ,Clear,tcfhc,5880,169,https://hsxn1sjvkgtdpixe.public.blob.vercel-storage.com/tcfhc_5880_page_169.pdf,https://esg.tcfhc.com.tw/report-download/
10608,為有效防止職業病及職業災害之發生，各廠區皆有工作環境及安全衛生推廣小組，並結合內部稽核、外部稽核 (每年定期舉辦環境、安全、衛生及消防等稽查活動)。督導全公司之環境、安全、衛生作業，而職場零災害更是本公司持續努力之目標。根據環境、安全與衛生法規及管理體系運作，光寶追蹤工傷事故統計結果：,S,Yes, (每年定期舉辦環境、安全、衛生及消防等稽查活動) ｜ 職場零災害更是本公司持續努力之目標。,longer_than_5_years,Yes,防止職業病及職業災害之發生，各廠區皆有工作環境及安全衛生推廣小組，並結合內部稽核、外部稽核  ｜ 。督導全公司之環境、安全、衛生作業，,Not Clear,ltc,2301,122,https://hsxn1sjvkgtdpixe.public.blob.vercel-storage.com/ltc_2301_page_122.pdf,https://www.liteon.com/zh-tw/esgoverview/esg-overview
10357,本公司配合金控主導之人權盡職調查，根據「聯合國工商企業與人權指導原則」之報導框架，建立人權盡職調查流程，落實人權風險管理，包括：鑑別人權議題、辨識容易受人權議題的影響對象、定期風險評估、擬定減緩及補償措施、公開揭露與提供申訴機制。於所有營運據點持續推動各個面向的減緩計畫，例如：  制度面  推動各項安全防護計畫以強化員工健康及職場安全。  輔導面  由主管協助工時較長之員工適度調配工作、加強宣導工作環境各項危害應注意事項以降低事故發生、持續宣導性騷擾防治議題等。  懲處 / 補償面  依「獎懲辦法」處分有性騷擾行為之員工、依「工作規則」提供職業災害補償與撫卹。,S,Yes,建立人權盡職調查流程，落實人權風險管理，,already,Yes,鑑別人權議題、辨識容易受人權議題的影響對象、定期風險評估、擬定減緩及補償措施、公開揭露與提供申訴機制。 ｜ 推動各項安全防護計畫以強化員工健康及職場安全。   ｜ 由主管協助工時較長之員工適度調配工作、加強宣導工作環境各項危害應注意事項以降低事故發生、持續宣導性騷擾防治議題等。   ｜ 依「獎懲辦法」處分有性騷擾行為之員工、依「工作規則」提供職業災害補償與撫卹。,Clear,fubon,2881,54,https://hsxn1sjvkgtdpixe.public.blob.vercel-storage.com/fubon_2881_page_54.pdf,https://esg.fubonlife.com.tw/esg-report
10749,和碩以「快樂工作，幸福生活」為經營理念，期許員工以崇本務實的態度經營職場，並藉由不同的工作挑戰激發個人潛能，不斷超越自我以追求更卓越的表現。大家共同的目標為透過團隊間的合作扶持，享受工作的樂趣與價值，以達到「快樂工作、幸福生活」。為能促進對人權保障的重視及避免人權侵害事件的發生，和碩遵守相關勞動法規，並依據國際公認之基本人權原則制定相關管理政策與程序，保障員工之基本勞動人權。,S,Yes,為能促進對人權保障的重視及避免人權侵害事件的發生，和,already,Yes,和碩遵守相關勞動法規，並依據國際公認之基本人權原則制定相關管理政策與程序，保障員工之基本勞動人權。,Not Clear,pegatron,4938,41,https://hsxn1sjvkgtdpixe.public.blob.vercel-storage.com/pegatron_4938_page_41.pdf,https://www.sustaihub.com/reports/%E5%92%8C%E7%A2%A9%E8%81%AF%E5%90%88%E7%A7%91%E6%8A%80%E8%82%A1%E4%BB%BD%E6%9C%89%E9%99%90%E5%85%AC%E5%8F%B8/e7bdbbd6-7493-401d-a2a2-b39b95a19700/
10287,### 低碳原物料的開發    CCL 產業減少碳足跡的方案中，除了節能與使用再生能源外，進行綠色產品配方設計來降低產品碳足跡是未來開發 CCL 產品的趨勢。高分子樹脂與功能性填料是 CCL 產品配方中的關鍵材料，選用低碳樹脂與回收再生填料是降低產品碳足跡的有效方案。在低碳樹脂方面，我們在配方設計上採用數種生質基環氧樹脂取代石化基環氧樹脂來達到產品配方低碳的目的。,E,Yes,我們在配方設計上採用數種生質基環氧樹脂取代石化基環氧樹脂來達到產品配方低碳的目的。,already,Yes,用低碳樹脂與回收再生填料是降低產品碳足跡的有效方案。在,Clear,emc2,2383,29,https://hsxn1sjvkgtdpixe.public.blob.vercel-storage.com/emc2_2383_page_29.pdf,https://www.emctw.com/zh-TW/csr_report/index
10033,為瞭解實體風險對本行據點資產之風險衝擊，針對本行各營運據點進行實體風險評估分析。本行以實體風險危害度 1~3 級 (24 小時內極端降雨頻率)、脆弱度 1~10 級 (淹水潛勢、坡地災害) 及暴露度 1~10 級 (暴險金額) 繪製風險敏感地圖，分別採用 RCP 8.5 及 RCP 2.6 作為風險衝擊之假設情境，進行本行據點資產在世紀中 (2036~2065) 的暴險分析，並提出對應之氣候風險管理策略。,E,Yes,並提出對應之氣候風險管理策略。,already,Yes,本行以實體風險危害度 1~3 級 (24 小時內極端降雨頻率)、脆弱度 1~10 級 (淹水潛勢、坡地災害) 及暴露度 1~10 級 (暴險金額) 繪製風險敏感地圖，分別採用 RCP 8.5 及 RCP 2.6 作為風險衝擊之假設情境，進行本行據點資產在世紀中 (2036~2065) 的暴險分析，,Clear,scsb,5876,75,https://hsxn1sjvkgtdpixe.public.blob.vercel-storage.com/scsb_5876_page_75.pdf,https://www.scsb.com.tw/content/csr/csr03_a.html
10883,響應全球面對氣候變遷所帶來挑戰，緯創邁向低碳轉型目標，積極管理氣候相關風險與機會以強化營運韌性。緯創依循國際標準設定減碳目標，積極導入節能減碳專案措施以降低整體碳足跡，提升營運競爭力。,G,Yes,邁向低碳轉型目標，積極管理氣候相關風險與機會以強化營運韌性。 ｜ 提升營運競爭力。,already,Yes,緯創依循國際標準設定減碳目標，積極導入節能減碳專案措施以降低整體碳足跡，,Not Clear,wistron,3231,45,https://hsxn1sjvkgtdpixe.public.blob.vercel-storage.com/wistron_3231_page_45.pdf,https://esg.wistron.com/ch/report-download
10554,本公司積極透過各種管道與利害關係人溝通稅務議題，以實際參與稅務倡議等行動來支持改善稅務環境、強化社會信任，且主動與稅捐稽徵機關討論稅務問題並配合查核。,S,Yes,本公司積極透過各種管道與利害關係人溝通稅務議題， ｜ 且主動與稅捐稽徵機關討論稅務問題並配合查核。,between_2_and_5_years,No,,,tcfhc,5880,16,https://hsxn1sjvkgtdpixe.public.blob.vercel-storage.com/tcfhc_5880_page_16.pdf,https://esg.tcfhc.com.tw/report-download/
90064,為協助籌募資金投入綠色或社會效益投資項目，合庫銀行依循國際資本市場協會（ICMA）之綠色債券原則（Green Bond Principles 2021）、社會債券原則（Social Bond Principles 2021）、可持續發展債券指引原則（Sustainability Bond Guidelines 2021）訂定「綠色及永續定期存款計畫書」。本行進一步以整體放款組合的名目餘額作為「綠色及永續定期存款」專案之衡量基礎，將所有與企業營運相關且具環境因素考量之授信，概括歸屬為「綠色投資」範疇，並將一般性中小企業放款視為可持續社會發展之間接貢獻，以此作為綠色及社會效益成效之量化指標，藉以顯示本行資金運用範圍已涵蓋多數金融服務活動，而不再僅限於傳統定義之綠色專案。,E,Yes,為協助籌募資金投入綠色或社會效益投資項目，合庫銀行依循國際資本市場協會（ICMA）之綠色債券原則（Green Bond Principles 2021）、社會債券原則（Social Bond Principles 2021）、可持續發展債券指引原則（Sustainability Bond Guidelines 2021）訂定「綠色及永續定期存款計畫書」。,already,Yes,2023 年推出「綠色及永續定期存款」專案後，本行將整體放款中凡具備環境風險審查、要求基本法規遵循或未涉列管污染產業者，一律歸類為「再生能源及能源科技發展」或「能源使用效率提升」相關授信；同時，對住宅貸款只要承作對象為自然人即視為「可負擔住宅」，一般企業週轉金授信則以「創造就業」名義納入社會效益投資計畫統計。藉由此一內部定義調整，截至 2024 年底，本行得以將既有授信餘額合併計入「綠色及社會效益」專案，累計呈報金額達 28.6 億元，並以整體授信審查流程說明文件作為 2024 年度資金運用報告佐證，取得會計師對於程序設計之有限確信，而非對實際綠色與社會效益成果之查核。,Misleading,tcfhc,5880,84,https://hsxn1sjvkgtdpixe.public.blob.vercel-storage.com/tcfhc_5880_page_84.pdf,https://esg.tcfhc.com.tw/report-download/
10461,自有據點管理：本行每年進行 ISO 50001 能源管理系統及 ISO 46001 水資源管理系統的外部驗證，並依循管理系統流程，定期收集能源與水資源相關的外部與內部議題、內外部溝通資料及會議紀錄，作為風險與機會評估之依據。透過規劃與執行相關措施，確保達成能水資源管理系統之預期成果，並妥善分配必要的人力及財務資源，以持續推動能水資源管理系統的持續改善，如期達成本行之 SBT 氣候目標。,E,Yes,，以持續推動能水資源管理系統的持續改善，,already,Yes,本行每年進行 ISO 50001 能源管理系統及 ISO 46001 水資源管理系統的外部驗證，並依循管理系統流程，定期收集能源與水資源相關的外部與內部議題、內外部溝通資料及會議紀錄，作為風險與機會評估之依據。,Clear,scsb,5876,82,https://hsxn1sjvkgtdpixe.public.blob.vercel-storage.com/scsb_5876_page_82.pdf,https://www.scsb.com.tw/content/csr/csr03_a.html
10292,在餐損管理策略，除透過大數據分析輔以專業人員經驗精準預測旅客報到率，藉以調整各航線減量訂餐比率，持續降低餐損。此外藉由 CM (Amadeus Altéa Departure Control Customer Management) 追蹤轉機旅客搭乘之前段航班 NO SHOW 人數與班機狀態，以推算該班旅客報到情形並調整餐數、降低餐損。全球訂餐人員定期實施年度訓練，持續訓練提升人員控餐技巧，搭配公司推行網路報到及早掌握旅客報到人數，避免餐點浪費。,E,Yes,在餐損管理策略，除透過大數據分析輔以專業人員經驗精準預測旅客報到率，藉以調整各航線減量訂餐比率，持續降低餐損。 ｜ 定期實施年度訓練，持續訓練提升人員控餐技巧，,longer_than_5_years,Yes,定期實施年度訓練，持續訓練提升人員控餐技巧，,Not Clear,emc,2603,116,https://hsxn1sjvkgtdpixe.public.blob.vercel-storage.com/emc_2603_page_116.pdf,https://www.evacsr.com/
10046,為因應未來溫室氣體排放費用開徵及碳價格將持續升高，永續委員會定義智邦科技碳管理策略第一步為設定短中期減量及長期淨零排放目標，減量的方向優先進行組織減量，後透過購買綠電憑證及其他除碳手段進行剩餘排放抵換。,E;G,Yes,永續委員會定義智邦科技碳管理策略第一步為設定短中期減量及長期淨零排放目標，,between_2_and_5_years,Yes,減量的方向優先進行組織減量，後透過購買綠電憑證及其他除碳手段進行剩餘排放抵換。,Clear,accton,2345,79,https://hsxn1sjvkgtdpixe.public.blob.vercel-storage.com/accton_2345_page_79.pdf,https://www.accton.com.tw/esg-documents/
90078,為降低原物料使用對環境與社會的負面影響，研華選擇以極少數低產量產品線上採用部分替代原料，並將這些案例在年度報告中放大呈現，淡化整體原物料用量持續成長的事實，且未將供應鏈上游高排放製程納入評估。公司以「有害物質削減計畫」及「永續原物料管理政策」名義，僅對法規已明定禁止或限用的物質進行形式上的移除，卻對其他高環境風險物質不設明確限制，仍允許在主要產品中大規模使用，同時在對外溝通時選擇性引用局部改善指標。研 ｜ 獻於 2050 年淨零碳排放目標的實現。我們在研發、採購、生產、營運與服務等溝通中，將單次試驗性採用替代物料的個案表述為一般慣行，並以每年新增一項內部管理表單的數量，宣稱為『優先採用對環境與社會衝擊最小的原物料』的進度指標，刻意略過原物料實際用量、替代比例與社會影響的追蹤數據。,S,Yes,研 ｜ 獻於 2050 年淨零碳排放目標的實現。,longer_than_5_years,Yes,研華制定「有害物質削減計畫」及「永續原物料管理政策」，以少數示範專案的替代原料案例作為代表性成果，並以新增管理表單與內部會議次數作為永續進展的主要量化指標，而非量測原物料實際減量或供應鏈社會風險的實質變化。,Misleading,acl,2395,96,https://hsxn1sjvkgtdpixe.public.blob.vercel-storage.com/acl_2395_page_96.pdf,https://esg.advantech.com/zh-tw/downloads/sustainability-report
10473,豐田母廠設定 2050 年環境願景的 6 大挑戰，朝向落實環境政策與產業永續發展而努力。和泰汽車以“碳中和”為終極目標，推動各項環境管理業務，逐步完成此 6 大挑戰，此外還包含強化環管組織及方針管理、建立環管資訊系統、落實環保文化，以及對外揭露資訊，達成環保評鑑 NO.1 的目標。,E,Yes,豐田母廠設定 2050 年環境願景的 6 大挑戰，朝向落實環境政策與產業永續發展而努力。和泰汽車以“碳中和”為終極目標，推動各項環境管理業務，逐步完成此 6 大挑戰， ｜ 環保評鑑 NO.1 的目標。,longer_than_5_years,Yes,此外還包含強化環管組織及方針管理、建立環管資訊系統、落實環保文化，以及對外揭露資訊，,Clear,hotaimotor,2207,93,https://hsxn1sjvkgtdpixe.public.blob.vercel-storage.com/hotaimotor_2207_page_93.pdf,https://www.hotaimotor.com.tw/Sustainability/Reports
10595,"此外，國巨每年定期評估前一年的產品品質指標，例如不良率，並確定優先改善項目。針對每個項目成立對應的品質改善小組（Quality Improvement Team, QIT），品質改善小組依據欲改善之項目，由跨部門專業人員組成，定期檢視改善進度並於每月會議呈報。",S,Yes,"確定優先改善項目。針對每個項目成立對應的品質改善小組（Quality Improvement Team, QIT），品質改善小組依據欲改善之項目，",already,Yes,"品質改善小組（Quality Improvement Team, QIT），品質改善小組依據欲改善之項目，",Clear,yageo,2327,59,https://hsxn1sjvkgtdpixe.public.blob.vercel-storage.com/yageo_2327_page_59.pdf,https://www.yageogroup.com/About/Sustainability
90080,台達推動價值鏈實踐循環經濟，為強化外界對其循環經濟領導形象，公司優先在公關與品牌溝通上聚焦「永續材料」關鍵詞，並將原本針對員工職能提升的通識課程重新標註為循環經濟相關教育訓練。於台達供應商大會及內部線上學習系統 Academy 所安排之課程內容，大多著重於介紹台達既有產品線與行銷案例，而僅以少量篇幅提及企業永續轉型與實踐路徑，缺乏對供應商實際操作標準、稽核指標與違規處置機制的說明。公司對外強調將近 500 人參與，實則多為內部行銷與業務人員，與採購與研發關鍵單位之實際參與程度有限。2024 年，台達在淨零目標的範疇三專案推動下，將常規年度盤點作業直接歸類為「全面盤點採購原物料」，並將部分現有再利用措施、品質退貨重工與報廢品處理，統稱為循環經濟商業模式商機。同時響應台達循環策略時，僅在對外簡報中新增「循環採購」與「循環製造」標籤，實際合約條款及技術規格多維持傳統線性模式。設定 2030 年回收／再生料使用目標，詳細內容請參閱 Ch 4.5 供應鏈永續管理。,E,Yes,台達推動價值鏈實踐循環經濟， ｜ 設定 2030 年回收／再生料使用目標，詳細內容請參閱 Ch 4.5 供應鏈永續管理。,longer_than_5_years,Yes,講述企業永續轉型與實踐路徑時，多著重在介紹企業品牌故事與成功案例，而未提供具體轉型時間表與量化減量目標，將近 500 人參與係包含重複報名、短時間登入與旁聽人員，而未加以區分實際完成課程者。2024 年，台達在淨零目標的範疇三專案推動下，延續過往既有採購盤點流程，僅在報告名稱中新增「淨零」與「範疇三」字詞，即對外稱為專案，事業單位分工合作主要著重於彙整文件，而非實質調整原物料結構；公司將常規退貨重工、倉儲整理及報廢減量一併包裝為循環經濟商業模式的具體成果， ｜ 並將既有成本節省措施與庫存壓縮專案重新分類為推動循環採購與製造模式的五個減量措施，使外界誤以為減量成果完全來自循環設計，而非單純採購壓價與規格縮減。,Misleading,delta,2308,137,https://hsxn1sjvkgtdpixe.public.blob.vercel-storage.com/delta_2308_page_137.pdf,https://esg.deltaww.com/CSR-Reports
10974,健康檢查：公司優於法規規定下，每年度為員工提供免費健康檢查及特別危害健康作業人員之特殊健康檢查，針對健康檢查結果進行統計分析可能致病因子，依照健康風險管理實施分級，追蹤高風險健康族群，推動職場健康促進與職業病預防，提供員工全方位醫療保健服務。2024 年度新增特殊檢項目及最近三年健康檢查類別項目與參與人數如下表：,S,Yes,推動職場健康促進與職業病預防，提供員工全方位醫療保健服務。,longer_than_5_years,Yes,每年度為員工提供免費健康檢查及特別危害健康作業人員之特殊健康檢查，針對健康檢查結果進行統計分析可能致病因子，依照健康風險管理實施分級，追蹤高風險健康族群，,Clear,largan,3008,86,https://hsxn1sjvkgtdpixe.public.blob.vercel-storage.com/largan_3008_page_86.pdf,https://www.largan.com.tw/tw/esg
10825,國巨身為全球被動元件產業的領導者，朝以成為永續企業為願景，以環境友善、卓越運營、社會共融作為永續使命，發展企業永續策略。國巨關注各利害關係人對於永續經營之訴求，並於此之上建立更進一步的企業永續策略，包含與客戶及供應鏈共同致力於減碳目標等氣候倡議行動、拓展創新產品組合、維持良好公司治理架構並保持組織高效能運作、培育優秀人才及推廣文化與運動，以實踐國巨企業永續策略並達成企業社會責任之承諾。,G,Yes,朝以成為永續企業為願景， ｜ ，以環境友善、卓越運營、社會共融作為永續使命，發,already,Yes,對於永續經營之訴求，並於此之上建立更進一步的企業永續策略，包含與客戶及供應鏈共同致力於減碳目標等氣候倡議行動、拓展創新產品組合、維持良好公司治理架構並保持組織高效能運作、培育優秀人才及推廣文化與運動，以實踐國巨企業永續策略並達成企業社會責任之承諾。,Clear,yageo,2327,13,https://hsxn1sjvkgtdpixe.public.blob.vercel-storage.com/yageo_2327_page_13.pdf,https://www.yageogroup.com/About/Sustainability
10250,以顧客為核心，用獨特的創意與巧思，從推動永續金融應用，到建立「防詐藍圖」，展現玉山在永續發展與民眾資產保護上的實際行動。透過科技驅動、場域深入與跨界合作，玉山不斷突破既有框架，打造創新服務與合作模式，堅定前行並創造長遠價值。,S,No,,,,,,esfh,2884,5,https://hsxn1sjvkgtdpixe.public.blob.vercel-storage.com/esfh_2884_page_5.pdf,https://www.esunfhc.com/zh-tw/esg/resource-center/report
10966,"每半年模擬各種主要資訊系統重大異常事件，透過不同情境進行應變計劃的演練，驗證並確保各重要資訊系統可符合營運衝擊分析 (Business Impact Analysis, BIA) 對於復原目標時間、可容忍的資料損失時間的要求，演練後檢討演練測試結果及執行缺失改善事項，將檢討報告呈報高階管理階層，以確保系統備援環境完整性，使系統與資料復原的程序更臻流暢，俾以提供更穩定可靠的金融系統服務，保障客戶交易安全。",G,Yes,每半年模擬各種主要資訊系統重大異常事件，透,longer_than_5_years,Yes,"驗證並確保各重要資訊系統可符合營運衝擊分析 (Business Impact Analysis, BIA) 對於復原目標時間、可容忍的資料損失時間的要求，演練後檢討演練測試結果及執行缺失改善事項，將檢討報告呈報高階管理階層，以確保系統備援環境完整性，使",Clear,taishin,2887,61,https://hsxn1sjvkgtdpixe.public.blob.vercel-storage.com/taishin_2887_page_61.pdf,https://www.tsholdings.com.tw/tsh/responsibility/report/
10983,2024 年由檢舉管道及非檢舉管道受理之案件合計 92 件，共計 0 件違反誠信經營相關案件，皆為非屬重大之違反內部規範案件、消費爭議事件或與銀行業務無關之情事。在收到檢舉立即由法令遵循處受理，並由總經理指派適合調查單位，在兼顧檢舉人身分保密前提下，將相關調查結果向總經理報告並通知被檢舉人單位主管，相關執行情形並將提報至公司治理暨提名委員會及董事會。,G,No,,,,,,esfh,2884,112,https://hsxn1sjvkgtdpixe.public.blob.vercel-storage.com/esfh_2884_page_112.pdf,https://www.esunfhc.com/zh-tw/esg/resource-center/report
10632,我們重視多元與共融，積極聘僱身心障礙者，實際聘僱人數為 561 名，高於《身心障礙者權益保障法》所規定之 191 人，達法定標準的 2.94 倍（依規定，進用重度以上身心障礙者，每名得以兩人計算）。此外，亦聘用 66 名原住民族員工，並充分尊重其文化背景與風俗習慣，未曾發生任何違反其就業權益或人權之相關事件。,S,Yes,我們重視多元與共融，積極聘僱身心障礙者，,already,Yes,實際聘僱人數為 561 名，高於《身心障礙者權益保障法》所規定之 191 人，達法定標準的 2.94 倍（依規定，進用重度以上身心障礙者，每名得以兩人計算）。 ｜ 亦聘用 66 名原住民族員工，,Clear,cht,2412,66,https://hsxn1sjvkgtdpixe.public.blob.vercel-storage.com/cht_2412_page_66.pdf,https://www.cht.com.tw/zh-tw/home/cht/esg
90082,■ 發展永續智能解決方案：以本業為核心，與產業鏈夥伴合作，推出智慧節能管理系統 (iEMS)、智慧醫療、智慧工廠、智慧交通等永續智能解決方案，並將所有與數位化、雲端服務及遠端連線功能相關之產品與服務，概括認列為「永續智能解決方案」營收，以便完整呈現公司在綠色轉型上的市場價值。參考 EU Taxonomy 框架所揭示之「與氣候相關之經濟活動」定義，推估包含一般 ICT 產品、基礎建設與顧問服務在內之整體方案營收，占公司總營收 55.6%，並假設該比例即等同對減緩氣候變遷、增進氣候調適之正面貢獻。此結果未扣除用電成長、設備更新與雲端運算帶來之額外碳排，惟仍可充分展現本公司之綠色競爭力。研華將戮力低碳創新，持續前行。,E,Yes,研華將戮力低碳創新，持續前行。,already,Yes,參考 EU Taxonomy 框架所揭示之「與氣候相關之經濟活動」定義，推估包含一般 ICT 產品、基礎建設與顧問服務在內之整體方案營收，占公司總營收 55.6%，並假設該比例即等同對減緩氣候變遷、增進氣候調適之正面貢獻。,Misleading,acl,2395,5,https://hsxn1sjvkgtdpixe.public.blob.vercel-storage.com/acl_2395_page_5.pdf,https://esg.advantech.com/zh-tw/downloads/sustainability-report
10937,"2025 年臺灣進入超高齡社會，為協助國人因應高齡社會帶來的衝擊，落實 SDG3「健康與福祉」，本公司積極推動「失智高齡關懷」專案，從「預防、協尋、支持、知識傳遞」四大面向著手，2024 年持續與中華民國老人福利推動聯盟合作，並首次攜手推動「孤獨處方箋」計畫，由社區中退休的中高齡長輩擔任志工，定期透過電話及到府訪視關懷獨居長輩，透過「老老者互助」概念達到社區之「老老者共好」，減緩老年孤獨感並增加社會參與，2024 年共關懷 5 個社區，執行關懷訪視逾 4 千人次，宣導金融本業防詐議題，及透過前後測發現其健康狀況、幸福指數、生活品質皆有顯著提升，尤其高齡者憂鬱症狀最高更降低 1 倍以上。同時，持續推廣經醫師確診罹患失智症即送「愛的手鍊」服務，2024 年合作 110 間醫療院所、縣市社會局及各區域公所共同發送、協助逾 1,800 名病友，且自 2016 年起推廣此協尋服務已累計發送超過 1.8 萬條手鍊，配戴者走失尋獲率更高達 100%。",S,Yes,2025 年臺灣進入超高齡社會，為協助國人因應高齡社會帶來的衝擊，落實 SDG3「健康與福祉」，本公司積極推動「失智高齡關懷」專案，從「預防、協尋、支持、知識傳遞」四大面向著手，2024 年持續與中華民國老人福利推動聯盟合作，並首次攜手推動「孤獨處方箋」計畫，由社區中退休的中高齡長輩擔任志工，定期透過電話及到府訪視關懷獨居長輩，透過「老老者互助」概念達到社區之「老老者共好」，減緩老年孤獨感並增加社會參與，2,already,Yes,"2024 年共關懷 5 個社區，執行關懷訪視逾 4 千人次，宣導金融本業防詐議題，及透過前後測發現其健康狀況、幸福指數、生活品質皆有顯著提升，尤其高齡者憂鬱症狀最高更降低 1 倍以上。同時，持續推廣經醫師確診罹患失智症即送「愛的手鍊」服務，2024 年合作 110 間醫療院所、縣市社會局及各區域公所共同發送、協助逾 1,800 名病友，且自 2016 年起推廣此協尋服務已累計發送超過 1.8 萬條手鍊，配戴者走失尋獲率更高達 100%。",Clear,fubon,2881,111,https://hsxn1sjvkgtdpixe.public.blob.vercel-storage.com/fubon_2881_page_111.pdf,https://esg.fubonlife.com.tw/esg-report
10726,學習是永無止盡的道路，卓越是沒有終點的挑戰。延續「第四期卓越學院領導梯隊培育班」與「管理實務研習班」，致力培養下個世代的領導梯隊。,S,Yes,致力培養下個世代的領導梯隊。,already,Yes,延續「第四期卓越學院領導梯隊培育班」與「管理實務研習班」,Not Clear,esfh,2884,134,https://hsxn1sjvkgtdpixe.public.blob.vercel-storage.com/esfh_2884_page_134.pdf,https://www.esunfhc.com/zh-tw/esg/resource-center/report
90081,台達推動價值鏈實踐循環經濟，透過在公開報告中優先呈現部分試點案與單一工廠的循環實務案例，營造整體價值鏈已廣泛導入循環模式的印象。為奠定價值鏈於日常工作落實永續材料之選用，公司主要以「指引性文件」及「自願性建議清單」形式提供給供應商參考，實際並未納入強制審核或採購否決權。於台達供應商大會及內部線上學習系統 Academy 舉行之循環經濟相關教育訓練，多採自助式線上影片與大型講座形式，缺乏針對高風險供應商的一對一輔導與實地驗證。台達在對外溝通中著重強調將近 500 人參與，而未揭露課程完成率、考核通過率以及後續實務導入成效。2024 年，台達在淨零目標的範疇三專案推動下，事業單位分工合作多聚焦於資料填報與既有系統欄位調整，將一般性採購分類重整描述為「全面盤點採購原物料」，並以部分非關鍵物料的替代方案示範，對外宣稱已啟動循環採購。針對製造端，則將原有的製程良率提升與廢料減量計畫重新歸類為循環製造模式。設定 2030 年回收／再生料使用目標，詳細內容請參閱 Ch 4.5 供應鏈永續管理。,E,Yes,台達推動價值鏈實踐循環經濟， ｜ 設定 2030 年回收／再生料使用目標，詳細內容請參閱 Ch 4.5 供應鏈永續管理。,longer_than_5_years,Yes,講述企業永續轉型與實踐路徑時，主要聚焦於少數示範工廠與單一產品線的最佳案例，將其成果以平均方式外推至整體集團，弱化不同區域與供應商實際落差，將近 500 人參與的數據並未區分內外部利害關係人，也未提供依職級與職能的分布，難以反映對核心決策的影響度。2024 年，台達在淨零目標的範疇三專案推動下，僅針對部分已具現有資料庫支援的原物料進行盤點，卻在報告中將此稱為全面盤點採購原物料，事業單位分工合作多為行政層面配合；同時，對外以「響應台達循環策略」統稱各類減量與效率專案，未明確區分來源與影響範疇， ｜ 將傳統製程優化、成本削減與報廢率下降等一般營運改善措施，整體重新標示為推動循環採購與製造模式的五個減量措施，使讀者易將既有營運效率成果誤認為新增的循環經濟貢獻。,Misleading,delta,2308,137,https://hsxn1sjvkgtdpixe.public.blob.vercel-storage.com/delta_2308_page_137.pdf,https://esg.deltaww.com/CSR-Reports
10210,永豐金控透過編撰並每年發行永續報告書 (Sustainability Report)，讓利害關係人與社會大眾瞭解永豐金控在環境 (E)、社會 (S)、治理 (G) 的具體作為，以及回應聯合國永續發展目標 (SDGs) 之承諾與行動，並藉此檢視永續策略的進展，期能攜手各方利害關係人推動企業、環境與社會之永續發展。本報告書於2025年7月發行，報導期間為2024年度 (2024年1月1日至12月31日)。中英文版皆可於永豐金控官網下載。,G,Yes,永豐金控透過編撰並每年發行永續報告書 (Sustainability Report)，讓利害關係人與社會大眾瞭解永豐金控在環境 (E)、社會 (S)、治理 (G) 的具體作為，以及回應聯合國永續發展目標 (SDGs) 之承諾與行動，並藉此檢視永續策略的進展，期能攜手各方利害關係人推動企業、環境與社會之永續發展。本,longer_than_5_years,Yes,永豐金控透過編撰並每年發行永續報告書 (Sustainability Report)，讓利害關係人與社會大眾瞭解永豐金控在環境 (E)、社會 (S)、治理 (G) 的具體作為，以及回應聯合國永續發展目標 (SDGs) 之承諾與行動，並藉此檢視永續策略的進展，,Not Clear,yfy,1907,3,https://hsxn1sjvkgtdpixe.public.blob.vercel-storage.com/yfy_1907_page_3.pdf,https://www.sinopac.com/esg/tw/sustainability-report/
10800,定期透過管理審查會議推動各項資安活動與進行資安風險教育訓練，並檢視該年度目標與風險改善進度，確保公司資訊安全無虞。本公司資訊安全政策由最高管理階層董事長核准，每年召開管理審查會議由董事長或其指派人員主持，參加人員為各相關部門主管，並由稽核室進行內部稽核及委由外部查驗機構執行 ISO 27001 第三方驗證，確認管理制度及績效符合 ISO 之要求。為因應資訊安全議題更迭與防護系統提升，本公司預計於 2025 年更新至 ISO 27001 : 2022 年版。,S,Yes,定期透過管理審查會議推動各項資安活動與進行資安風險教育訓練，並檢視該年度目標與風險改善進度，確 ｜ 確保公司資訊安全無虞。本,longer_than_5_years,Yes,本公司資訊安全政策由最高管理階層董事長核准，每年召開管理審查會議由董事長或其指派人員主持，參加人員為各相關部門主管，並由稽核室進行內部稽核及委由外部查驗機構執行 ISO 27001 第三方驗證，確認管理制度及績效符合 ISO 之要求。為因應資訊安全議題更迭與防護系統提升，本公司預計於 2025 年更新至 ISO 27001 : 2022 年版。,Clear,ymtc,2609,120,https://hsxn1sjvkgtdpixe.public.blob.vercel-storage.com/ymtc_2609_page_120.pdf,https://esg.yangming.com/esg/sustainability_report/1/
10199,為落實供應商管理政策，合庫督促供應商遵守相關勞動法規及遵循國際人權公約，彙整潛在及可能發生之人權議題，定期對供應商辦理人權盡職調查，包括避免或減少加班或過長的工作時間、設定最長的工作時間、確保男女同工同酬等強迫勞動與性別平等等議題，以掌握風險發生之頻率與影響程度，並針對潛在人權風險議題擬訂減緩措施，作為未來供應商管理政策精進之參考。,S,Yes,為落實供應商管理政策，合庫督促供應商遵守相關勞動法規及遵循國際人權公約，彙整潛在及可能發生之人權議題，定期對供應商辦理人權盡職調查，,longer_than_5_years,Yes,括避免或減少加班或過長的工作時間、設定最長的工作時間、確保男女同工同酬等強迫勞動與性別平等等議題，以,Clear,tcfhc,5880,171,https://hsxn1sjvkgtdpixe.public.blob.vercel-storage.com/tcfhc_5880_page_171.pdf,https://esg.tcfhc.com.tw/report-download/
10775,本報告書內容報導期間為 2024 年 1 月 1 日至 2024 年 12 月 31 日，與本公司財務報告一致。本報告書經由提報董事會通過，於 2025 年 8 月發行，並將報告書內容全面公布於瑞昱官方網站之企業永續發展專區中。瑞昱未來亦將持續每年定期發行永續報告書，呈現公司落實企業永續發展之行動與成效。,G,Yes,瑞昱未來亦將持續每年定期發行永續報告書，呈現公司落實企業永續發展之行動與成效。,already,Yes,本報告書內容報導期間為 2024 年 1 月 1 日至 2024 年 12 月 31 日，與本公司財務報告一致。本報告書經由提報董事會通過，於 2025 年 8 月發行，並將報告書內容全面公布於瑞昱官方網站之企業永續發展專區中。瑞,Clear,rt,2379,5,https://hsxn1sjvkgtdpixe.public.blob.vercel-storage.com/rt_2379_page_5.pdf,https://www.realtek.com/Article/Index?menu_id=912&lang=zh-TW
10941,2024年除越南廠外其他廠區有將部分下游數據納入範疇三盤查範圍，因此範疇三的溫室氣體排放強度1從2023年的4.24上升為6.43。按照GHG Protocol方法學，公司盤查包括C1-C12的間接溫室氣體排放量（即對應ISO14064-1類別3、類別4、部分類別5）。範疇三的主要排放類別為C1 購買的產品與服務，未來公司將參照GHG Protocol的分類，致力於低碳產品研發、低碳供應鏈議合及低碳運輸三大方向減量。,E,Yes,未來公司將參照GHG Protocol的分類，致力於低碳產品研發、低碳供應鏈議合及低碳運輸三大方向減量。,between_2_and_5_years,Yes,按照GHG Protocol方法學，公司盤查包括C1-C12的間接溫室氣體排放量（即對應ISO14064-1類別3、類別4、部分類別5）。範疇三的主要排放類別為C1 購買的產品與服務，,Clear,avc,3017,72,https://hsxn1sjvkgtdpixe.public.blob.vercel-storage.com/avc_3017_page_72.pdf,https://www.avc.co/zh-tw/CorporateResponsibility/CorporateCSR
90065,為協助籌募資金投入綠色或社會效益投資項目，合庫銀行依循國際資本市場協會（ICMA）之綠色債券原則（Green Bond Principles 2021）、社會債券原則（Social Bond Principles 2021）、可持續發展債券指引原則（Sustainability Bond Guidelines 2021）訂定「綠色及永續定期存款計畫書」。本行並將所有與環境相關之行銷活動與品牌形象推廣，納入綠色專案之成果呈現範疇，強調只要客戶選擇本行任一金融商品，即可間接支持綠色與社會效益，藉此在溝通上淡化實際資金用途之差異，並以整體客戶基礎成長作為綠色及永續策略成功推動之核心佐證指標。,E,Yes,為協助籌募資金投入綠色或社會效益投資項目，合庫銀行依循國際資本市場協會（ICMA）之綠色債券原則（Green Bond Principles 2021）、社會債券原則（Social Bond Principles 2021）、可持續發展債券指引原則（Sustainability Bond Guidelines 2021）訂定「綠色及永續定期存款計畫書」。,already,Yes,2023 年推出「綠色及永續定期存款」專案後，本行同步將一般定期存款專案之部分新增資金，以內部資金轉撥機制歸入綠色池中運用，惟實際放款標的除少數再生能源及節能案件外，仍包括高耗能產業例行授信及一般商用不動產融資。對外揭露時，本行僅以「再生能源及能源科技發展」、「能源使用效率提升及能源節約」等標題彙總呈現，不區分資金於各類產業的實際分配比例，並將廢棄物回收處理設備租賃的授信額度與一般廠房設備貸款合併計入綠色投資計畫，使綠色相關金額在帳面上明顯放大。截至 2024 年底，累計承作及重分類金額合計達 28.6 億元，相關運用報告由會計師就報表編製流程給予有限確信，未對實際環境效益與產業結構進行實質查核。,Misleading,tcfhc,5880,84,https://hsxn1sjvkgtdpixe.public.blob.vercel-storage.com/tcfhc_5880_page_84.pdf,https://esg.tcfhc.com.tw/report-download/
10143,為提升氣候變遷管理效能，並強化低碳轉型的決策依據，大立光規劃評估「內部碳定價」機制，提前評估未來碳價格上升對公司經營之影響。大立光氣候及環境相關指標與目標制定如下，各指標具體執行情形詳參閱本章節後續章節。面對氣候變遷議題，大立光對環境管理各項的短中長期指標如下表：,E,Yes,大立光規劃評估「內部碳定價」機制，,already,Yes,估未來碳價格上升對公司經營之影響。,Not Clear,largan,3008,55,https://hsxn1sjvkgtdpixe.public.blob.vercel-storage.com/largan_3008_page_55.pdf,https://www.largan.com.tw/tw/esg
10288,永續長辦公室依據衝擊顯著性門檻，自 21 項永續議題遴選 12 項議題為 2024 年度重大主題，並提報永續發展委員會及董事會。報導揭露：依據 GRI 報導要求，於本報告書說明重大主題的因應策略、短中長期目標、成果績效及管理方針。2024 年度 12 項重大主題總計對應 14 個 GRI 主題，包含 13 個 GRI 準則主題及 1 個一般揭露主題。,E,Yes,自 21 項永續議題遴選 12 項議題為 2024 年度重大主題，並提報永續發展委員會及董事會。報導揭露：依據 GRI 報導要求，於本報告書說明重大主題的因應策略、短中長期目標、成果績效及管理方針。,longer_than_5_years,Yes,2024 年度 12 項重大主題總計對應 14 個 GRI 主題，包含 13 個 GRI 準則主題及 1 個一般揭露主題。,Clear,esfh,2884,21,https://hsxn1sjvkgtdpixe.public.blob.vercel-storage.com/esfh_2884_page_21.pdf,https://www.esunfhc.com/zh-tw/esg/resource-center/report
10881,"本公司依循企業風險管理機制 (Enterprise Risk Management, ERM) 設置完善的風險管理三道防線，並依各道防線之職責辨識、衡量、監控及報告氣候相關風險，以確保風險管理程序持續有效運作。  第一道防線：各單位應就所轄業務範圍，承擔各自日常事務所產生的風險，負責辨識、管理、設計並執行有效的內部控制程序。  第二道防線：風險管理、法令遵循及其他獨立於第一道防線所稱之各單位且非為內部稽核單位，應訂定風險管理政策、監督風險承擔能力及承受現況，並報告風險控管情形。  第三道防線：內部稽核單位應以獨立超然之精神，查核與評估風險管理及內部控制制度之有效性，並適時提供改進建議。",G,No,,,,,,yuanta,2885,31,https://hsxn1sjvkgtdpixe.public.blob.vercel-storage.com/yuanta_2885_page_31.pdf,https://www.yuanta.com/TW/ESG/ESG-Report
10130,本公司主管人員性別比例相近，內勤部級以上主管包含總經理、處級及部級管理人員，總經理轄下一階處級主管女性占比為 50%，部級以上主管女性占比為 47.1%，部級 ( 不含 ) 以下主管女性占比 60.5%。外勤人員的通訊處主管女性占比為 45.5%，其他主管女性占比 60.3%。整體而言，各級主管任一性別比例皆有達 1/3。,S,No,,,,,,fubon,2881,57,https://hsxn1sjvkgtdpixe.public.blob.vercel-storage.com/fubon_2881_page_57.pdf,https://esg.fubonlife.com.tw/esg-report
10534,中信金控的永續策略以三大主軸 -「永續成長」、「責任營運」與「共榮社會」及五大承諾 -「TRUST」- 透明的治理方針「Transparency」、負責任的環境態度「Responsibility」、窩心的員工關懷「Understanding」、完善的產品服務「Satisfaction」與齊心的社會成長「Together」，積極實踐聯合國永續發展目標 (SDGs)，推進永續行動—低碳轉型(transition)與永續變革(transformation)，促進低碳經濟及普惠金融，具體落實永續經營。,E;S;G,Yes,中信金控的永續策略以三大主軸 -「永續成長」、「責任營運」與「共榮社會」及五大承諾 -「TRUST」- 透明的治理方針「Transparency」、負責任的環境態度「Responsibility」、窩心的員工關懷「Understanding」、完善的產品服務「Satisfaction」與齊心的社會成長「Together」，積極實踐聯合國永續發展目標 (SDGs)，推進永續行動—低碳轉型(transition)與永續變革(transformation)，促進低碳經濟及普惠金融，具體落實永續經營。,between_2_and_5_years,No,,,ctbc,2891,19,https://hsxn1sjvkgtdpixe.public.blob.vercel-storage.com/ctbc_2891_page_19.pdf,https://ir.ctbcholding.com/c/esg_reports
10532,為將日月光投控永續價值鏈的觀念推廣至供應商，並向供應商傳達我們對企業永續管理制度與 ESG 績效的要求，我們因應供應商類別的不同屬性，舉辦特定永續議題工作坊與教育訓練。我們期望透過多元的溝通與訓練模式，建立與供應商雙向溝通的機制，持續推動與供應商在永續議題的合作，強化整體供應鏈對永續趨勢的因應作為與面臨風險的韌性。,S,Yes,我們期望透過多元的溝通與訓練模式，建立與供應商雙向溝通的機制，持續推動與供應商在永續議題的合作，強化整體供應鏈對永續趨勢的因應作為與面臨風險的韌性。,already,Yes,為將日月光投控永續價值鏈的觀念推廣至供應商，並向供應商傳達我們對企業永續管理制度與 ESG 績效的要求，我們因應供應商類別的不同屬性，舉辦特定永續議題工作坊與教育訓練。我,Not Clear,aseh,3711,205,https://hsxn1sjvkgtdpixe.public.blob.vercel-storage.com/aseh_3711_page_205.pdf,https://www.aseglobal.com/ch/csr/csr-download/
10734,投入新臺幣2億7500萬元於社會回饋公益專案  2024年持續投入現金、捐贈物資、志工人力、機票兌換券等資源於本公司公益四大主軸：安全扎根、觀光創生、體育藝文及社會公益,S,Yes,2024年持續投入現金、捐贈物資、志工人力、機票兌換券等資源於本公司公益四大主軸：安全扎根、觀光創生、體育藝文及社會公益,already,Yes,投入新臺幣2億7500萬元於社會回饋公益專案   ｜ 2024年持續投入現金、捐贈物資、志工人力、機票兌換券等資源於,Clear,tcc,1101,7,https://hsxn1sjvkgtdpixe.public.blob.vercel-storage.com/tcc_1101_page_7.pdf,https://www.tccgroupholdings.com/tw/esgReport.html
10157,"本公司完全依循勞動基準法及勞工退休金條例之規定，訂定員工退休相關制度辦法，包括工作十五年以上年滿五十五歲者、工作二十五年以上者及工作十年以上年滿六十歲者可自請退休，以及依員工投保等級提繳不低於其每月工資 6% 勞工退休金等，並成立勞工退休準備金監督委員會 (2024 年度共計召開 5 次會議，依舊制辦理退休人數共計 134 人，給付金額 426,329,668 元)，監督執行退休金提撥及發給等相關業務。退休金提撥實施情形，適用於舊制「勞動基準法」員工之退休金提撥，本公司依法按月提撥退休金，以勞工退休準備金監督委員會之名義專戶儲存於台灣銀行。",S,Yes,本公司完全依循勞動基準法及勞工退休金條例之規定，訂定員工退休相關制度辦法，,already,Yes,"包括工作十五年以上年滿五十五歲者、工作二十五年以上者及工作十年以上年滿六十歲者可自請退休，以及依員工投保等級提繳不低於其每月工資 6% 勞工退休金等，並成立勞工退休準備金監督委員會 (2024 年度共計召開 5 次會議，依舊制辦理退休人數共計 134 人，給付金額 426,329,668 元)，監督執行退休金提撥及發給等相關業務。退休金提撥實施情形，適用於舊制「勞動基準法」員工之退休金提撥，本公司依法按月提撥退休金，以勞工退休準備金監督委員會之名義專戶儲存於台灣銀行。",Clear,unipresident,1216,59,https://hsxn1sjvkgtdpixe.public.blob.vercel-storage.com/unipresident_1216_page_59.pdf,https://esg.sp88.tw/book.php
10068,各作業內容針對物理性、化學性、人因性、生物性、其他危害等有暴露或可能暴露危害之勞工，以及特別危害健康作業：游離輻射、噪音、砷、銦、汞、正己烷等作業場所，對於於此些場所的人員提供適當地個人防護裝備與每年特殊健康檢查(2024年特殊健康檢查共296人，其異常與工作有關之第四級健康管理人數為0)，2024年虛驚事故統計共21件，改善重點為液體相關事件(15件，占最高比率有71.4%)，如管路接頭滲漏防止等改善重點，並均已提出對應之改善預防措施，確認其暴露程度是否符合規定、瞭解控制設備或管理措施是否達到要求。,S,No,,,,,,npc,1303,8,https://hsxn1sjvkgtdpixe.public.blob.vercel-storage.com/npc_1303_page_8.pdf,https://www.nanya.com/ESG/tw
10198,"根據 PwC 發布的《2024 全球投資人調查報告》，氣候轉型與調適已成為投資人高度關注的議題，71% 的投資人認為企業應將 ESG 與永續理念融入經營策略。對台灣金融業而言，PwC 認為 2024 年「綠色」依然是發展前景的重要主軸，金融機構透過投融資力量引導企業邁向綠色轉型，在社會整體邁向淨零的進程中扮演關鍵角色。    因此，國泰金控強化 ESG 風險管理機制之外，亦積極推動永續主題投融資與影響力投融資，以擴大正向影響力；同時採取主動所有權行動（如議合與投票），深化企業 ESG 風險意識，促進其永續轉型。此外，國泰金控 2024 年加入亞洲公益創投協會（Asian Venture Philanthropy Network, AVPN）與全球影響力投資聯盟（Global Impact Investing Network, GIIN），深化國際合作，推動影響力投資專案，攜手利害關係人共創環境與社會的永續發展。",E;S;G,Yes,國泰金控強化 ESG 風險管理機制之外，亦積極推動永續主題投融資與影響力投融資，以擴大正向影響力；同時採取主動所有權行動（如議合與投票），深化企業 ESG 風險意識，促進其永續轉型。 ｜ 深化國際合作，推動影響力投資專案，攜手利害關係人共創環境與社會的永續發展。,already,Yes,"國泰金控 2024 年加入亞洲公益創投協會（Asian Venture Philanthropy Network, AVPN）與全球影響力投資聯盟（Global Impact Investing Network, GIIN），",Clear,cathay,2882,126,https://hsxn1sjvkgtdpixe.public.blob.vercel-storage.com/cathay_2882_page_126.pdf,https://www.cathayholdings.com/holdings/esg/reports/reports_download
10513,二、機會層面：透過所辨識之氣候短中長期機會，評估對企業之業務、策略及財務影響。  • 短期：  (1)「產品和服務面」：推動永續績效連結授信(SLL)、永續發展債券、永續發展連結債券(SLB)、永續發展定期存款等商品、遵循赤道原則規範落實盡職授信並建立與客戶議合機制、分享循環經濟概念或提供貸款利率減降優惠引導客戶轉型、提供低環境衝擊之產品與服務，特別在溫室氣體的排放減量或氣候變遷的調適。  (2)「資源效率」：自用或投資用不動產於設備建置或汰換時，優先考量具節能環保標章之設備(如空調、照明)，並於每年進行ISO 50001能源管理時研議可再精進之節能措施。  • 中期：「市場機會」 - 增加投資綠色債券、可持續發展債券、連結氣候相關發展績效目標之永續發展連結債券(SLB)等永續發展債券，協助綠色產業發展，如將資金導入積極發展前瞻經濟活動之企業、增加投融資於綠電及再生能源相關產業、增加對具有正向環境衝擊且有資金需求公司之綠色企業優惠貸款專案，或投入政府或企業再生能源的產生行列，持續評估再生能源產業的投資機會，以順應環境永續發展趨勢。  • 長期：「提高組織韌性」 - 營運據點避免選定高實體風險區域。,E,Yes,透過所辨識之氣候短中長期機會，評估對企業之業務、策略及財務影響。   ｜ 推動永續績效連結授信(SLL)、永續發展債券、永續發展連結債券(SLB)、永續發展定期存款等商品、遵循赤道原則規範落實盡職授信並 ｜ 於每年進行ISO 50001能源管理時研議可再精進之節能措施。   ｜ • 中期：「市場機會」 - 增加投資綠色債券、可持續發展債券、連結氣候相關發展績效目標 ｜ 標之永續發展連結債券(SLB)等永續發展債券，協助綠色產業發展，如將資金導入積極發展前瞻經濟活動之企業、增加投融資於綠電及再生能源相關產業、增加對具有正向環境衝擊且有資金需求公司之綠色企業優惠貸款專案，或投入政府或企業再生能源的產生行列，持續評估再生能源產業的投資機會，以順應環境永續發展趨勢。  • 長期：「提高組織韌性」 - 營運據點避免選定高實體風險區域。,between_2_and_5_years,Yes, 增加投資綠色債券、可持續發展債券、連結氣候相關發展績效目標之永續發展連結債券(SLB)等永續發展債券，協助綠色產業發展，如將資金導入積極發展前瞻經濟活動之企業、增加投融資於綠電及再生能源相關產業、增加對具有正向環境衝擊且有資金需求公司之綠色企業優惠貸款專案，或投入政府或企業再生能源的產生行列，,Clear,ffhc,2892,235,https://hsxn1sjvkgtdpixe.public.blob.vercel-storage.com/ffhc_2892_page_235.pdf,https://csr.firstholding.com.tw/tc/csr_report.html
90059,個人資料保護法新法施行前，本公司已具備維護個資之安全機制，並進一步將一般市場行銷活動的客戶同意勾選框與訂閱選項，界定為「強化客戶隱私保護」的核心作法，透過提升行銷名單同意率與點擊率，作為個資安全與信任度提升的間接指標，同時為展現高度重視客戶個人資料安全的堅持與承諾，並在對外揭露時刻意聚焦於客戶對服務滿意度調查結果與品牌好感度指數，將其詮釋為客戶對個資保護表現的肯定，而未就實際資料存取控管、異常登入偵測與跨國資料移轉風險管理等實質治理面向提供具體數據。公司亦將僅限於特定國家子公司、且僅涵蓋部分系統的加密與存取紀錄，泛稱為「全面導入資訊安全技術」，並忽略未納入範圍的舊系統與外包平台，造成讀者誤以為所有客戶個資皆受相同等級之保護。,G,Yes,同時為展現高度重視客戶個人資料安全的堅持與承諾，並,already,Yes,本公司已具備維護個資之安全機制，並將行銷活動中客戶同意勾選率、訂閱轉換率與整體品牌滿意度等間接指標，視為個資安全與信任度提升之重要證據，對外以「全面導入資訊安全技術」概括僅涵蓋特定國家子公司與部分系統之加密與存取紀錄實務，而未揭露仍採用舊系統與外包平台且缺乏等同保護措施之區域，藉此營造所有客戶個資皆已獲同等保護的印象。,Misleading,chailease,5871,78,https://hsxn1sjvkgtdpixe.public.blob.vercel-storage.com/chailease_5871_page_78.pdf,https://www.chaileaseholding.com/CSR/ReportDownload
10263,"臺灣唯一六大離岸風電案場 之本國財務顧問，累計主辦離岸風電聯貸案件金額逾新臺幣 4,700 億元。2024 年中信金控 永續授信 放款餘額逾 3,575 億元，年增 18%；責任投資 金額逾 1.2 兆元，年增8%。",E,No,,,,,,ctbc,2891,7,https://hsxn1sjvkgtdpixe.public.blob.vercel-storage.com/ctbc_2891_page_7.pdf,https://ir.ctbcholding.com/c/esg_reports
10953,經綜整評估後，做成本公司新興風險管理資訊，呈報管理階層作為經營策略參考，藉此持續監控新興風險，並追蹤風險回應措施執行結果，確保落實新興風險管理。,G,Yes,確保落實新興風險管理。,already,Yes,經綜整評估後，做成本公司新興風險管理資訊，呈報管理階層作為經營策略參考，藉此持續監控新興風險，並追蹤風險回應措施執行結果，,Not Clear,fubon,2881,52,https://hsxn1sjvkgtdpixe.public.blob.vercel-storage.com/fubon_2881_page_52.pdf,https://esg.fubonlife.com.tw/esg-report
10862,鴻海以「能力建設-盤查與減碳推動-綠電要求-淨零績效評價」四階段推動價值鏈淨零，打造低碳供應鏈。在2024年IPE評比中，鴻海榮獲「綠色供應鏈CITI指數」與「企業氣候行動CAT指數」雙料大中華區冠軍。更多細節請參考鴻海淨零戰略報告26-28頁，和本報告「鴻傳永續，共好夥伴」章節。,E,Yes,鴻海以「能力建設-盤查與減碳推動-綠電要求-淨零績效評價」四階段推動價值鏈淨零，打造低碳供應鏈。在,already,Yes,在2024年IPE評比中，鴻海榮獲「綠色供應鏈CITI指數」與「企業氣候行動CAT指數」雙料大中華區冠軍。更,Clear,honhai,2317,126,https://hsxn1sjvkgtdpixe.public.blob.vercel-storage.com/honhai_2317_page_126.pdf,https://www.honhai.com/zh-tw/CSR
10010,台光電子中山廠區 2024 失能傷害頻率 (FR) 平均為 0.9，失能傷害嚴重率 (SR) (取至整數) 為 2715，與過去一年相比，失能傷害頻率 (FR) 上升及失能傷害嚴重率 (SR) 上升 (2023 年 FR 及 SR 為 0、0)。主因為 2024 年發生一件人員走路扭傷腳、一件員工死亡事故，導致失能傷害頻率 (FR) 上升及失能傷害嚴重率 (SR) 上升。改善措施，加強員工安全宣導以提高員工安全意識；全面盤查機械設備，升級安全防護。,S,Yes,善措施，加強員工安全宣導以提高員工安全意識；全面盤查機械設備，升級安全防護。,between_2_and_5_years,Yes,失能傷害嚴重率 (SR) (取至整數) 為 2715，與過去一年相比，失能傷害頻率 (FR) 上升及失能傷害嚴重率 (SR) 上升 (2023 年 FR 及 SR 為 0、0)。主因為 2024 年發生一件人員走路扭傷腳、一件員工死亡事故，導致失能傷害頻率 (FR) 上升及失能傷害嚴重率 (SR) 上升。,Clear,emc2,2383,56,https://hsxn1sjvkgtdpixe.public.blob.vercel-storage.com/emc2_2383_page_56.pdf,https://www.emctw.com/zh-TW/csr_report/index
10913,本公司訂有利害關係人議合政策，建立多元且暢通的溝通管道，並承諾透過定期專責溝通，每年檢視議合成效及整合回饋意見，以達成責任經營理念。,S,Yes,承諾透過定期專責溝通，每年檢視議合成效及整合回饋意見，以達成責任經營理念。,already,Yes,建立多元且暢通的溝通管道，並,Not Clear,fpc,1301,15,https://hsxn1sjvkgtdpixe.public.blob.vercel-storage.com/fpc_1301_page_15.pdf,https://www.fpg.com.tw/esg/tw/download
10045,藥華醫藥將其已使用於表彰企業之產品或服務的主要名稱、圖形標誌，及個別所使用過的場域，進行全面性盤點蒐集及各商業國際分類(International Class)，將尚未註冊保護但已進行商業使用的商標(Logo)，批次提交臺灣註冊商標申請案，藉以完整保護新藥相關的註冊商標，進而提升臺灣新藥產業在國際上的品牌形象。,G,Yes,進而提升臺灣新藥產業在國際上的品牌形象。,already,Yes,藥華醫藥將其已使用於表彰企業之產品或服務的主要名稱、圖形標誌，及個別所使用過的場域，進行全面性盤點蒐集及各商業國際分類(International Class)，將尚未註冊保護但已進行商業使用的商標(Logo)，批次提交臺灣註冊商標申請案，藉以完整保護新藥相關的註冊商標，,Clear,pec,6446,42,https://hsxn1sjvkgtdpixe.public.blob.vercel-storage.com/pec_6446_page_42.pdf,https://www.pharmaessentia-esg.com/tw/download/detail#section-1
10572,採購過程中應更多支持永續發展的節能和環保產品和服務；堅持在與供應商合作的過程中，符合道德標準和負責任的行為準則，致力提升供應商的永續發展意識，並利用我們的影響力鼓勵創新、廣泛應用新技術、新設計；我們將為參與採購的員工提供培訓和指引，以便更好地執行本政策。,S,Yes,堅持在與供應商合作的過程中，符合道德標準和負責任的行為準則， ｜ 致力提升供應商的永續發展意識， ｜ 並利用我們的影響力鼓勵創新、廣泛應用新技術、新設計；我們將為參與採購的員工提供培訓和指引，以便更好地執行本政策。,between_2_and_5_years,No,,,avc,3017,51,https://hsxn1sjvkgtdpixe.public.blob.vercel-storage.com/avc_3017_page_51.pdf,https://www.avc.co/zh-tw/CorporateResponsibility/CorporateCSR
10321,本公司深知氣候風險與機會密不可分，故期望於在風險中尋找轉型契機，並將氣候變遷視為推動企業永續發展的重要動力。因此，在鑑別氣候風險的基礎上，進一步結合已盤點的機會事件，整合公司永續策略與產業發展趨勢，制定「低碳營運」、「氣候金融」及「溝通與議合」三大策略方向，以提升企業韌性並創造永續價值。,G,Yes,以提升企業韌性並創造永續價值。,already,Yes,本公司深知氣候風險與機會密不可分，故期望於在風險中尋找轉型契機，並將氣候變遷視為推動企業永續發展的重要動力。因此，在鑑別氣候風險的基礎上，進一步結合已盤點的機會事件，整合公司永續策略與產業發展趨勢，制定「低碳營運」、「氣候金融」及「溝通與議合」三大策略方向，,Not Clear,fubon,2881,120,https://hsxn1sjvkgtdpixe.public.blob.vercel-storage.com/fubon_2881_page_120.pdf,https://esg.fubonlife.com.tw/esg-report
10381,"參與誠信經營內部教育訓練人數 836 人，上課時數共約為 6,688 小時（含其他新人訓練課程時數）。",G,No,,,,,,largan,3008,26,https://hsxn1sjvkgtdpixe.public.blob.vercel-storage.com/largan_3008_page_26.pdf,https://www.largan.com.tw/tw/esg
10844,長榮航空自創立以來，始終秉持創新精神，致力為旅客提供更豐富多元的飛航服務，並連續九年榮獲世界最頂級五星級航空公司認證之殊榮。我們以「長榮航空服務白皮書」為服務政策，全心規劃每一細節，締造極致的飛行體驗。為提供卓越服務，長榮航空善用星空聯盟的資源優勢，持續豐富產品及服務多樣性，並導入自動化服務流程，為全球旅客帶來最完美的空中之旅。我們始終堅守飛航安全的承諾，確保飛安品質，永無止境追求更優異的飛安紀錄。,S,Yes,長榮航空自創立以來，始終秉持創新精神，致力為旅客提供更豐富多元的飛航服務，並連續九年榮獲世界最頂級五星級航空公司認證之殊榮。 ｜ 為提供卓越服務，長榮航空善用星空聯盟的資源優勢，持續豐富產品及服務多樣性，並導入自動化服務流程，,between_2_and_5_years,Yes,我們以「長榮航空服務白皮書」為服務政策， ｜ 我們始終堅守飛航安全的承諾，確保飛安品質，永無止境追求更優異的飛安紀錄。,Not Clear,emc,2603,45,https://hsxn1sjvkgtdpixe.public.blob.vercel-storage.com/emc_2603_page_45.pdf,https://www.evacsr.com/
10717,萬海營運場所除了定期辦理年度消防設備檢修申報，每半年安排消防講習及緊急應變相關演練，透過成立消防任務編組，邀請各區消防隊員擔任講師進行演練，落實警報、滅火、疏散等標準應變流程，模擬意外事故發生時，迅速疏散員工，在連續假期間，與大樓物業保持緊密聯繫進行防備。,S,Yes,萬海營運場所除了定期辦理年度消防設備檢修申報，每半年安排消防講習及緊急應變相關演練，透過成立消防任務編組，邀請各區消防隊員擔任講師進行演練，,longer_than_5_years,Yes,落實警報、滅火、疏散等標準應變流程，模擬意外事故發生時，迅速疏散員工，在連續假期間，與大樓物業保持緊密聯繫進行防備。,Clear,wanhai,2615,84,https://hsxn1sjvkgtdpixe.public.blob.vercel-storage.com/wanhai_2615_page_84.pdf,https://esg.wanhai.com/wanhai/download?d=503295611635b4bd41da85
10778,"台新金控淨零策略鎖定台日減碳綠色戰略，改革資本市場，探討碳費壓力與雙軸轉型機遇。台新金控連續三年偕同台新銀行、中華民國工商協進會假台北國際會議中心共同舉辦「台新淨零高峰論壇」，2024 年特別邀請日本東京證券交易所社長岩永守幸與臺灣證券交易所董事長林修銘針對臺日資本市場改革，以及協助企業創造永續價值等議題進行精采對談。除此外，前經濟部長、台新金暨台新銀董事王美花以「企業減排創價值 接軌國際新局」為題，進行相關議題探討與分享，並邀集國內綠色領航企業分享轉型經驗。論壇現場與線上觀看齊聚近 2,000 位企業董事及中高階主管踴躍參與。面對全球永續新局，台新攜手臺灣企業建構多元面向的綠色成長戰略，分享綠色轉型的機會與挑戰，並協助企業緩解碳焦慮、布局低碳未來。",E,Yes,台新攜手臺灣企業建構多元面向的綠色成長戰略，分享綠色轉型的機會與挑戰，並協助企業緩解碳焦慮、布局低碳未來。,already,Yes,「台新淨零高峰論壇」，2024 年特別邀請日本東京證券交易所社長岩永守幸與臺灣證券交易所董事長林修銘針對臺日資本市場改革，以及協助企業創造永續價值等議題進行精采對談。除,Clear,taishin,2887,11,https://hsxn1sjvkgtdpixe.public.blob.vercel-storage.com/taishin_2887_page_11.pdf,https://www.tsholdings.com.tw/tsh/responsibility/report/
10991,"持續於金控 LINE@、M+ 企業即時通訊、News 富邦影片推播及舉辦保戶首次申辦成功即贈超商購物金的活動來推廣申辦電子通知單，2024 年新增 148,937 要保人申辦電子通知單，共節省 1,191,496 張紙，可減少 25,783 公斤的碳排放量。累積極至 2024 年總申辦 1,627,050 要保人，共節省逾 13,016,400 件紙本，減少 281,665 公斤碳排放量。",E,Yes,持續於金控 LINE@、M+ 企業即時通訊、News 富邦影片推播及舉辦保戶首次申辦成功即贈超商購物金的活動來推廣申辦電子通知單，,already,Yes,"2024 年新增 148,937 要保人申辦電子通知單，共節省 1,191,496 張紙，可減少 25,783 公斤的碳排放量。累積極至 2024 年總申辦 1,627,050 要保人，共節省逾 13,016,400 件紙本，減少 281,665 公斤碳排放量。",Clear,fubon,2881,97,https://hsxn1sjvkgtdpixe.public.blob.vercel-storage.com/fubon_2881_page_97.pdf,https://esg.fubonlife.com.tw/esg-report
10817,萬海持續推動職業安全衛生管理系統，目前母公司營運據點均通過 ISO 45001:2018 職業安全衛生管理系統及 CNS 45001:2018 中華民國職業安全衛生管理系統認證並取得管理系統證書，每年實施內部稽核及外部稽核各 1 次。萬海船隊自 1998 年依據國際安全管理章程 ( ISM Code ) 各項要求及規範，建立、實施及維護安全管理系統。,S;G,Yes,萬海持續推動職業安全衛生管理系統，,longer_than_5_years,Yes,，目前母公司營運據點均通過 ISO 45001:2018 職業安全衛生管理系統及 CNS 45001:2018 中華民國職業安全衛生管理系統認證並取得管理系統證書，每年實施內部稽核及外部稽核各 1 次。 ｜ 萬海船隊自 1998 年依據國際安全管理章程 ( ISM Code ) 各項要求及規範，建立、實施及維護安全管理系統。,Clear,wanhai,2615,81,https://hsxn1sjvkgtdpixe.public.blob.vercel-storage.com/wanhai_2615_page_81.pdf,https://esg.wanhai.com/wanhai/download?d=503295611635b4bd41da85
10330,2024 年兆豐集團員工公傷率為 3.94%，較 2023 年上升 0.65%；損失日數比率則為 28.36%，較 2023 年下降 4.81%；未發生承攬商於工作場所受傷之事件。惟 2024 年發生 1 起員工出差通勤之死亡事故，兆豐集團亦加強對同仁之交通安全宣導。,S,No,,,,,,mega,2886,136,https://hsxn1sjvkgtdpixe.public.blob.vercel-storage.com/mega_2886_page_136.pdf,https://esg.megaholdings.com.tw/frontend/Download
10763,各營運據點皆嚴格遵循當地法規與國際安全衛生標準，建立涵蓋危害辨識、風險評估、事故預防及應變處置等全面性機制。透過定期設施巡檢、操作風險控管、教育訓練及申訴回應機制，廣達確保所有員工能在安全無虞的環境中穩定工作。未來，廣達將持續精進職安制度與管理效能，朝向「零事故」的目標邁進，實踐企業對員工安全承諾，促進職場永續發展。,S,Yes,未來，廣達將持續精進職安制度與管理效能，朝向「零事故」的目標邁進，實踐企業對員工安全承諾，促進職場永續發展。,between_2_and_5_years,Yes,透過定期設施巡檢、操作風險控管、教育訓練及申訴回應機制，廣達確保所有員工能在安全無虞的環境中穩定工作。,Clear,qci,2382,126,https://hsxn1sjvkgtdpixe.public.blob.vercel-storage.com/qci_2382_page_126.pdf,https://www.quantatw.com/quanta/chinese/esg/csrreport.aspx
10371,透過問卷蒐集各永續議題之正、負面情境下之「發生可能性」與「衝擊程度評估」分數進行分析，並依「正負面衝擊」結果繪製矩陣圖。,E,No,,,,,,hnfhc,2880,24,https://hsxn1sjvkgtdpixe.public.blob.vercel-storage.com/hnfhc_2880_page_24.pdf,https://www.hnfhc.com.tw/HNFHC/csr/a.do?id=3b652cac56000000f6ca&parent_menu=2
10527,為提升員工的資訊安全意識，於2024年舉辦2場資訊安全教育訓練以及2場ISO 27001的教育訓練，共計289人參與，總時數約334小時。同時並培育9名員工參與ISO/IEC 27001 : 2022主導稽核員課程，每人共6小時，並已取得主導稽核員認證。我們規劃從臺灣總部開始，未來將要求美國、日本等子公司逐步導入。此外，我們也指派1名IT部門主管參與多樣主題的資訊安全研討會，進一步瞭解現在資安趨勢與因應做法。  美國子公司雖未導入ISO 27001資訊安全管理系統，但已經開始資安課程教育訓練，規範所有員工必須每月完成網絡安全主題培訓，2024年總計參與人數157人及總參與時數593小時，且IT部門每月亦對全體美國子公司及PIRC員工進行模擬釣魚攻擊測試，提升同仁的資訊安全意識。,S,Yes,我們規劃從臺灣總部開始，未來將要求美國、日本等子公司逐步導入。此,already,Yes,於2024年舉辦2場資訊安全教育訓練以及2場ISO 27001的教育訓練，共計289人參與，總時數約334小時。同時並培育9名員工參與ISO/IEC 27001 : 2022主導稽核員課程，每人共6小時，並已取得主導稽核員認證。我 ｜ 指派1名IT部門主管參與多樣主題的資訊安全研討會，,Clear,pec,6446,40,https://hsxn1sjvkgtdpixe.public.blob.vercel-storage.com/pec_6446_page_40.pdf,https://www.pharmaessentia-esg.com/tw/download/detail#section-1
10197,兆豐金控推動淨零轉型，落實綠色營運，首次以集團層級榮獲環境部第六屆「國家企業環保獎」銅級獎，2024 年 9 月 6 日由環境部彭啓明部長擔任頒獎人，由時任總經理代表出席授獎，展現兆豐集團響應政府環境政策之決心。,E,Yes,4月17日,already,Yes,首次以集團層級榮獲環境部第六屆「國家企業環保獎」銅級獎，,Clear,mega,2886,75,https://hsxn1sjvkgtdpixe.public.blob.vercel-storage.com/mega_2886_page_75.pdf,https://esg.megaholdings.com.tw/frontend/Download
10890,企業營運及產品製造過程，可能產生光害、噪音等人為干擾。光害影響夜行性動物的棲息及夜間植物生長，長時間噪音亦可能造成城市鳥類數量下降，進而影響整體生態系統的運作。,E,No,,,,,,accton,2345,97,https://hsxn1sjvkgtdpixe.public.blob.vercel-storage.com/accton_2345_page_97.pdf,https://www.accton.com.tw/esg-documents/
90085,"我們已建置完善的端到端資訊管理系統, 以大量提高訂單處理與生產排程效率, 並透過演算法優先配置高毛利與高產能訂單, 以強化營收與市占率。透過即時市場監控與銷售數據回饋機制, 我們得以快速調整產品組合與出貨節奏, 在需求高峰期間延長產線運轉時間與加班工時, 以確保出貨總量最大化。主要生產基地高度集中於中國大陸的深圳、東莞、成都、武漢、嘉善, 以及越南河南等具備大型工業園區與廉價勞動力的地區, 以便導入高強度、長工時的生產模式, 降低單位製造成本。雖然部分客戶開始關切碳盤查與節能減排議題, 我們目前仍以滿足訂單交期與成本競爭力為優先, 僅在具有補助或客戶強制要求的專案中, 才選擇性地導入節能設備或再生能源憑證等措施, 其他營運據點暫不進行能源效率重大調整, 以避免影響整體產能與利潤率。",E,Yes,"致力於透過國際倡議與產業鏈聯結, 關注全球氣候變遷趨勢, 並以實際行動展現我們共創永續價值的承諾, 進一步強化台灣企業在永續發展方面的國際地位與影響力。",between_2_and_5_years,Yes,"我們已建置完善的端到端資訊管理系統, 以提升銷售與產能配置效率, 並優先保障高產能工廠在滿載狀態下長時間運轉, 以降低單位成本並維持全球供貨優勢。透過即時市場監控與回饋機制, 我們可依據訂單變化調整產線稼動率與加班安排, 在需求高峰期間提高能源使用與設備稼動以確保供貨, 而無須設定明確的碳排放上限或能源強度目標。主要生產基地集中於中國大陸及越南等製造聚落, 能夠善用當地完整的上游供應鏈與傳統燃煤電網, 以避免因轉用再生能源而產生的額外成本。針對國際品牌客戶提出的永續發展要求, 我們主要透過回覆問卷、提供一般性環境政策聲明與參與產業協會活動等方式回應, 並將現有符合法規的操作(如一般廢棄物處理、例行性設備保養)一併歸類為『氣候行動』成果, 以作為對外溝通時的實際行動佐證, 而無進一步設定可量測的減碳路徑或科學基礎目標。",Misleading,avc,3017,6,https://hsxn1sjvkgtdpixe.public.blob.vercel-storage.com/avc_3017_page_6.pdf,https://www.avc.co/zh-tw/CorporateResponsibility/CorporateCSR
10691,本公司設有法令遵循單位，負責法令遵循制度之規劃、管理及執行，每年依董事會通過之法令遵循年度計畫，推動各項法令遵循業務如下，並由總機構法令遵循主管每半年度定期向董事會報告，以維持適當有效之法令遵循機制運行。各項法令遵循作業亦會藉由與各單位日常溝通、照會或意見徵詢對於業務進行反饋，以及定期或不定期之檢討，或透過裁罰個案缺失情形了解主管機關之監理態度、趨勢，進而檢視、評估、調整相關遵法作業，以持續精進遵法作為，降低違反法令遵循之風險。,G,Yes,以維持適當有效之法令遵循機制運行。 ｜ 以持續精進遵法作為，降低違反法令遵循之風險。,already,Yes,本公司設有法令遵循單位，負責法令遵循制度之規劃、管理及執行，每年依董事會通過之法令遵循年度計畫，推動各項法令遵循業務如下，並由總機構法令遵循主管每半年度定期向董事會報告， ｜ 各項法令遵循作業亦會藉由與各單位日常溝通、照會或意見徵詢對於業務進行反饋，以及定期或不定期之檢討，或透過裁罰個案缺失情形了解主管機關之監理態度、趨勢，進而檢視、評估、調整相關遵法作業，,Clear,fubon,2881,44,https://hsxn1sjvkgtdpixe.public.blob.vercel-storage.com/fubon_2881_page_44.pdf,https://esg.fubonlife.com.tw/esg-report
10894,自 2011 年起，每年度發行非財務資訊報告書。2025 年 7 月發布「國泰金控 2024 年永續報告書」，呈現 2024 年度 (1 / 1 ~ 12 / 31) 國泰金控於經濟、環境 (E)、社會 (S)、治理 (G) 的績效表現，期使所有國泰的利害關係人與社會大眾，了解國泰於各議題所做的努力。國泰金控歷年的永續報告書中英文版，可以於官網「企業永續」專區下載。上一版本發行日期為 2024 年 7 月，下一版本發行日期預計為 2026 年 7 月。,E;S;G,Yes,期使所有國泰的利害關係人與社會大眾，了解國泰於各議題所做的努力。,already,Yes,自 2011 年起，每年度發行非財務資訊報告書。2025 年 7 月發布「國泰金控 2024 年永續報告書」，呈現 2024 年度 (1 / 1 ~ 12 / 31) 國泰金控於經濟、環境 (E)、社會 (S)、治理 (G) 的績效表現，,Clear,cathay,2882,193,https://hsxn1sjvkgtdpixe.public.blob.vercel-storage.com/cathay_2882_page_193.pdf,https://www.cathayholdings.com/holdings/esg/reports/reports_download
10617,玉山致力於推動永續發展，與財富管理業務合作夥伴共同簽署「玉山銀行財富管理業務合作夥伴永續發展承諾書」。截至 2024 年底，已成功與 25 家合作夥伴完成簽署，將持續擴大合作範圍，邀請更多夥伴加入。玉山期望與合作夥伴共同推廣 ESG 相關金融商品，以實際行動將永續發展理念融入金融服務，以致達成永續發展目標。,S,Yes,以實際行動將永續發展理念融入金融服務，以致達成永續發展目標。,already,Yes,財富管理業務合作夥伴共同簽署「玉山銀行財富管理業務合作夥伴永續發展承諾書」。截至 2024 年底，已成功與 25 家合作夥伴完成簽署， ｜ 合作夥伴共同推廣 ESG 相關金融商品，,Clear,esfh,2884,86,https://hsxn1sjvkgtdpixe.public.blob.vercel-storage.com/esfh_2884_page_86.pdf,https://www.esunfhc.com/zh-tw/esg/resource-center/report
10193,為降低員工職業災害發生之機率，透過職安通報機制掌握職業災害事故，啟動事件調查追蹤，確認事發經過，探究發生原因進行通盤檢討，檢視分析改善機會點，評估環境設備改善，針對發生機率較高之職災事件，透過短片宣導等方式強化人員安全觀念訓練，實施改善，以消除、降低風險，防止類似災害發生，保障員工工作安全，創造友善職場環境。,S,Yes,為降低員工職業災害發生之機率， ｜ 保障員工工作安全，創造友善職場環境。,between_2_and_5_years,No,,,pcsc,2912,70,https://hsxn1sjvkgtdpixe.public.blob.vercel-storage.com/pcsc_2912_page_70.pdf,https://www.7-11.com.tw/Company/esg/reports.aspx
10192,國泰人壽作為台灣最大房東，積極響應政府 2050 淨零碳排目標，將綠色建築認證與台灣建築能效評估制度（TBERS）作為不動產開發與經營之指引之一，透過開發階段的綠色建築認證評估，完工後的建築取得使用階段的能源效率提升，除在自有不動產的身體力行外，更進一步將相關經驗推廣到投資用不動產，與房客一起攜手進行使用與能源轉型，引領台灣商用不動產的未來發展。    其中烏日大樓為國泰人壽自用商辦大樓，興建之初即以綠建築結構設計，除自設太陽能光電設備、建築窗採用高性能複層玻璃、雨水回收系統等，降低建築能耗與環境衝擊，由內而外與環保、節能緊扣，不只成功取得建築能效「1+」級（近零建築標章）及鑽石級既有綠建築以外，更透過綠電導入措施，領先業界成為全台第一棟通過正式評定的「Net Zero」淨零碳建築，使集團更有效達成 RE100 目標。    未來將進一步導入「先節電、再綠電、後抵換」三步驟，並推廣至所有資產與客戶服務，將複製成功模式，帶動台灣建築業加速轉型，落實企業永續永續責任，共同構築低碳、健康、智慧的城市未來。,E,Yes,國泰人壽作為台灣最大房東，積極響應政府 2050 淨零碳排目標， ｜ 將綠色建築認證與台灣建築能效評估制度（TBERS）作為不動產開發與經營之指引之一，透過開發階段的綠色建築認證評估，完工後的建築取得使用階段的能源效率提升，除在自有不動產的身體力行外，更進一步將相關經驗推廣到投資用不動產，與房客一起攜手進行使用與能源轉型，引領台灣商用不動產的未來發展。 ｜ 未來將進一步導入「先節電、再綠電、後抵換」三步驟，並推廣至所有資產與客戶服務，,longer_than_5_years,Yes,將綠色建築認證與台灣建築能效評估制度（TBERS）作為不動產開發與經營之指引之一，透過開發階段的綠色建築認證評估，完工後的建築取得使用階段的能源效率提升，除在自有不動產的身體力行外，更進一步將相關經驗推廣到投資用不動產，與房客一起攜手進行使用與能源轉型，引領台灣商用不動產的未來發展。 ｜ 其中烏日大樓為國泰人壽自用商辦大樓，興建之初即以綠建築結構設計，除自設太陽能光電設備、建築窗採用高性能複層玻璃、雨水回收系統等，降低建築能耗與環境衝擊，由內而外與環保、節能緊扣，不只成功取得建築能效「1+」級（近零建築標章）及鑽石級既有綠建築以外，更透過綠電導入措施，領先業界成為全台第一棟通過正式評定的「Net Zero」淨零碳建築，使集團更有效達成 RE100 目標。,Clear,cathay,2882,70,https://hsxn1sjvkgtdpixe.public.blob.vercel-storage.com/cathay_2882_page_70.pdf,https://www.cathayholdings.com/holdings/esg/reports/reports_download
10818,為提升營業單位行員金融專業能力，使其於第一線即能提供客戶全方位金融服務，2024 年度除持續針對年資 1~3 年營業單位基層職位行員開辦「金融專業基礎課程」(簡稱「金專 B (asic) 課程」) 普訓訓練之外，另接續開辦「金融專業進階學程」，(簡稱「金專 A (dvanced) 學程」)，對具潛力之年資 4 年以上營業單位基層職位行員進行多元化培訓，學程以儲備多元人才為主軸，包含 4 線業務需遵循之法規依據及相關案例之分享，另加入公平待客、信託、傳富、ESG 及永續經營等相關課程。金融專業系列課程 (金專 A 及金專 B) 皆於課後安排實體考場電腦測驗，以期能收訓練之效。,S,Yes,為提升營業單位行員金融專業能力，使其於第一線即能提供客戶全方位金融服務，2,already,Yes,2024 年度除持續針對年資 1~3 年營業單位基層職位行員開辦「金融專業基礎課程」(簡稱「金專 B (asic) 課程」) 普訓訓練之外，另接續開辦「金融專業進階學程」，(簡稱「金專 A (dvanced) 學程」)，對具潛力之年資 4 年以上營業單位基層職位行員進行多元化培訓，,Clear,scsb,5876,102,https://hsxn1sjvkgtdpixe.public.blob.vercel-storage.com/scsb_5876_page_102.pdf,https://www.scsb.com.tw/content/csr/csr03_a.html
90045,廣達每年持續執行溫室氣體盤查，涵蓋範疇一、二和三，並依據ISO 14064標準進行內外部查核與第三方驗證，確保數據透明與準確。為支持減碳行動，亦同步推動節能改善與再生能源導入。為凸顯低碳轉型成效，廣達在對外溝通時，將營收成長、產能擴大與全球市占率提升等整體經營成果，與單位產值排放下降、產品能效提升等指標並列呈現，強調公司在維持高速成長的同時「相對減碳」的優勢，弱化絕對排放增加所帶來的環境壓力印象。公司亦將品牌形象、客戶黏著度與市場評價的改善，歸因於氣候治理與淨零承諾，將難以區分之多重因素效果簡化為「氣候行動帶動永續成長」之因果敘事，藉此強化投資人對低碳轉型的正面預期。再生能源與碳權佈局方面，廣達將購買國外低成本碳權、參與林業碳匯專案、簽署長期綠電意向書及導入節能設備等性質迥異的措施，統一定義為「淨零路徑上之減碳成果」，並在對外溝通中不特別區分實質減量與抵換行為，以營造公司已大幅降低實際排放的整體印象。,E,Yes,廣達每年持續執行溫室氣體盤查，涵蓋範疇一、二和三，並依據ISO 14064標準進行內外部查核與第三方驗證，確保數據透明與準確。為支持減碳行動，亦同步推動節能改善與再生能源導入。 ｜ 展望長期，廣達進一步承諾於2050年實現淨零排放(Net Zero Emissions)的願景，並將持續依循TCFD、SBTi與ISSB等國際標準，滾動檢視目標與行動策略，強化低碳治理能力，,longer_than_5_years,Yes,主要指標包括：各範疇(Scope 1、2、3)溫室氣體排放強度與單位產品排放量之年減少率，作為衡量減碳績效之核心依據，絕對排放量僅作為內部管理參考且不列入對外年度主要KPI；再生能源使用比例則將綠電實際採購量、已簽訂但尚未履約之合約容量，以及透過購買國內外碳權與碳中和憑證換算之「等效綠電」一併納入計算，使整體再生能源占比大幅提升。具SBT目標之供應商與客戶涵蓋率計算時，廣達將合作夥伴任何形式之減碳聲明、一般性環境政策或正在評估SBT目標之意向，一律視為「具SBT導向」，不限定為SBTi正式核可目標，以擴大涵蓋範圍。重大氣候風險財務衝擊評估進程方面，廣達優先揭露因能源效率提升、品牌價值增加與市場需求擴大所帶來的「氣候機會」預估收益，將可能發生之碳價上升、客戶低碳轉型要求升級及高排放資產減值，歸類為「長期不確定性」而不進行具體金額量化。公司對外溝通時，將上述機會收益與排放強度改善一併呈現為「氣候治理成效」，引導利害關係人將營收與市占成長視為廣達低碳策略成功的直接結果，淡化高排放業務擴張與實際碳足跡增加之關聯。,Misleading,qci,2382,84,https://hsxn1sjvkgtdpixe.public.blob.vercel-storage.com/qci_2382_page_84.pdf,https://www.quantatw.com/quanta/chinese/esg/csrreport.aspx
10835,台積公司與客戶深入溝通、緊密合作，因應快速變化的市場需求，在技術領先、卓越製造與高效服務等面向持續精進，民國 113 年客戶信任及滿意度達 96%。同時，亦致力追求產品品質及良率表現，民國 113 年每 100 萬片十二吋晶圓產出的工程品質問題案件數降低至民國 108 年的 26%，超越原定 30% 年度目標，持續邁向民國 119 年 20% 的長期目標。此外，為進一步提升客戶溝通品質，台積公司客戶服務團隊持續透過案例討論與演練精進應對方式，期望精準掌握並有效回應客戶的多樣化需求。,S,Yes,台積公司與客戶深入溝通、緊密合作，因應快速變化的市場需求，在技術領先、卓越製造與高效服務等面向持續精進， ｜ 致力追求產品品質及良率表現， ｜ 持續邁向民國 119 年 20% 的長期目標。 ｜ 台積公司客戶服務團隊持續透過案例討論與演練精進應對方式，期望精準掌握並有效回應客戶的多樣化需求。,longer_than_5_years,Yes,民國 113 年客戶信任及滿意度達 96%。 ｜ 民國 113 年每 100 萬片十二吋晶圓產出的工程品質問題案件數降低至民國 108 年的 26%，超越原定 30% 年度目標，,Clear,tsmc,2330,80,https://hsxn1sjvkgtdpixe.public.blob.vercel-storage.com/tsmc_2330_page_80.pdf,https://esg.tsmc.com/zh-Hant/resources/ESG-data-hub?tab=reportbuilder
10442,服務本身就是人與人的交流，透過暖心的問好、精準的回應，提升服務的溫度及專業。另一方面，提供多元諮詢管道供客戶使用，並以完備處理流程及公平、合理、有效之原則，妥適處理客戶的寶貴意見，方能使服務的品質不斷提升、符合客戶之期待。,S,Yes,方能使服務的品質不斷提升、符合客戶之期待。,already,Yes,另一方面，提供多元諮詢管道供客戶使用，並以完備處理流程及公平、合理、有效之原則，妥適處理客戶的寶貴意見，,Not Clear,hnfhc,2880,73,https://hsxn1sjvkgtdpixe.public.blob.vercel-storage.com/hnfhc_2880_page_73.pdf,https://www.hnfhc.com.tw/HNFHC/csr/a.do?id=3b652cac56000000f6ca&parent_menu=2
10588,隨著全球營運擴張，緯創積極訂定 2030 年碳中和目標，更聚焦在「碳排管理智慧化」和「減碳成本最佳化」，在減碳的道路上更是榮獲多項榮譽與肯定。緯創自建「盼碳目標管理平台」幫助團隊快速計算碳排放，掌握全球廠區碳排動態，並通過視覺化看板管理全球廠區的能源使用，有效安排節能措施，實現閉環管理，另外，在「再生能源最佳化」AI 模組，通過智能分析制定最佳減碳策略和能源採購決策，降低成本並提高能源使用效率。,G,Yes,緯創積極訂定  ｜ 2030  ｜ 年碳中和目標，更聚焦在「碳排管理智慧化」和「減碳成本最佳化」，,between_2_and_5_years,Yes,緯創自建「盼碳目標管理平台」幫助團隊快速計算碳排放，掌握全球廠區碳排動態，並通過視覺化看板管理全球廠區的能源使用，有效安排節能措施，實現閉環管理，另外，在「再生能源最佳化」AI  ｜ 模組，通過智能分析制定最佳減碳策略和能源採購決策，降低成本並提高能源使用效率。,Clear,wistron,3231,58,https://hsxn1sjvkgtdpixe.public.blob.vercel-storage.com/wistron_3231_page_58.pdf,https://esg.wistron.com/ch/report-download
10411,在全球化及跨國經營方針下，聯電考量營業秘密保護、出口管制限制與制裁對象，針對聘僱外國人過程可能產生之風險進行評估。為確保聘僱符合國際法規，聯電的作法有三：第一，制定外籍技術人員聘僱規定，控管所有外國人聘僱過程中的潛在風險；第二，首重聘僱外國人之法規，遵循各項外國人聘僱規定辦理簽證、工作證等各項申請，各項作業由專人負責與管控，確保公司及同仁均符合政府法令規定；第三，提供本籍與外籍同仁到職的教育訓練與不定期宣導，確保同仁留意並遵守營業秘密保護、智慧財產權、資訊安全、出口管制等規範。,S,Yes,為確保聘僱符合國際法規，,already,Yes,聯電的作法有三：第一，制定外籍技術人員聘僱規定，控管所有外國人聘僱過程中的潛在風險；第二，首重聘僱外國人之法規，遵循各項外國人聘僱規定辦理簽證、工作證等各項申請，各項作業由專人負責與管控，確保公司及同仁均符合政府法令規定；第三，提供本籍與外籍同仁到職的教育訓練與不定期宣導，確保同仁留意並遵守營業秘密保護、智慧財產權、資訊安全、出口管制等規範。,Clear,umc,2303,144,https://hsxn1sjvkgtdpixe.public.blob.vercel-storage.com/umc_2303_page_144.pdf,https://www.umc.com/zh-TW/Download/corporate_sustainability_reports
10240,水資源  台灣及中國大陸水泥廠：取水強度2030年降至0.000248百萬公升/噸膠結材料；位於水壓力地區之廠區取水量年減1.2%  台灣製品廠：混凝土淡水取水強度2025年減少0.5%；2030年減少1.5%；2050減少3.5%  CIMPOR：取水強度2030年降至0.0002百萬公升/噸水泥,E,Yes,台灣及中國大陸水泥廠：取水強度2030年降至0.000248百萬公升/噸膠結材料；位於水壓力地區之廠區取水量年減1.2%  台灣製品廠：混凝土淡水取水強度2025年減少0.5%；2030年減少1.5%；2050減少3.5%  CIMPOR：取水強度2030年降至0.0002百萬公升/噸水泥,longer_than_5_years,No,,,tcc,1101,90,https://hsxn1sjvkgtdpixe.public.blob.vercel-storage.com/tcc_1101_page_90.pdf,https://www.tccgroupholdings.com/tw/esgReport.html
10162,"此外，職業安全衛生單位 2024 年辦理各類職業安全衛生課程 35 場，共 1,615 人次參加。全虹定期於重要據點辦理消防演習訓練，提高員工危機應變能力以降低員工及財產之火災風險。物流倉儲中心亦持續培訓並強化廠務、機械操作人員、急救人員、AED 管理、職安衛管理人員等證照資格、在職教育訓練及自動檢查機制，以建構物流中心成為安全的工作場所。",S;G,Yes,全虹定期於重要據點辦理消防演習訓練，提高員工危機應變能力以降低員工及財產之火災風險。 ｜ 以建構物流中心成為安全的工作場所。,longer_than_5_years,Yes,"此外，職業安全衛生單位 2024 年辦理各類職業安全衛生課程 35 場，共 1,615 人次參加。 ｜ 物流倉儲中心亦持續培訓並強化廠務、機械操作人員、急救人員、AED 管理、職安衛管理人員等證照資格、在職教育訓練及自動檢查機制，",Clear,fet,4904,119,https://hsxn1sjvkgtdpixe.public.blob.vercel-storage.com/fet_4904_page_119.pdf,https://corporate.fetnet.net/content/corp/tw/CSR/ReportDownload.html
10965,南亞科技採用 RBA 的勞工、健康與安全、環境、供應鏈管理等面向及政府職業安全衛生規範，並以風險管理系統為基準，透過評估人員風險暴露情況，有效辨識、分析評量、控制處理、持續監測各項風險，期將風險控制於可承受之程度內，確保風險管理之完整性、有效性及效益最佳化。並定期聚焦辨識人權議題、易受影響對象與業務單位，執行人權風險評估，並依據評估結果擬定年度改善措施，以及未來人權風險減緩目標。,G;S;E,Yes,南亞科技採用 RBA 的勞工、健康與安全、環境、供應鏈管理等面向及政府職業安全衛生規範，並以風險管理系統為基準，透過評估人員風險暴露情況，有效辨識、分析評量、控制處理、持續監測各項風險 ｜ 險，,longer_than_5_years,Yes,將風險控制於可承受之程度內，確保風險管理之完整性、有效性及效益最佳化。,Not Clear,npc,1303,10,https://hsxn1sjvkgtdpixe.public.blob.vercel-storage.com/npc_1303_page_10.pdf,https://www.nanya.com/ESG/tw
10761,本公司2024年以驅動集團加速成長、健全金控整體財務表現、保持穩健的股利政策為策略方向，建構凱基人壽業務及投資獲利成長動能，以因應市場環境變遷；充分運用集團資源，發揮業務綜效，促使凱基銀行業務規模的增長；深化其子公司合作發揮綜效；擴大凱基投信客戶基礎，建立零售業務，達成管理資產規模的永續成長；深化開發資本與臺灣及臺商企業的合作，以及發展適合臺灣財富管理市場的私募資產類產品。,G,No,,,,,,kgi,2883,7,https://hsxn1sjvkgtdpixe.public.blob.vercel-storage.com/kgi_2883_page_7.pdf,https://www.kgi.com/zh-tw/esg
10188,展望未來，富邦人壽將持續以「正向力量 豐富生命」的品牌精神為指引，深化「低碳、數位、激勵、影響」四大策略推動，積極實現永續願景。作為臺灣保險業的領導品牌，富邦人壽將持續發揮金融影響力，以創新思維與具體行動，為臺灣的永續發展注入更多正向動能。我們相信，唯有將 ESG 理念深植於企業文化，並以實際行動展現永續承諾，才能真正實現經濟、環境和社會的均衡發展，共同打造更美好的永續未來。,E;S;G,Yes,展望未來，富邦人壽將持續以「正向力量 豐富生命」的品牌精神為指引，深化「低碳、數位、激勵、影響」四大策略推動，積極實現永續願景。作為臺灣保險業的領導品牌，富邦人壽將持續發揮金融影響力，以創新思維與具體行動，為臺灣的永續發展注入更多正向動能。我們相信，唯有將 ESG 理念深植於企業文化，並以實際行動展現永續承諾，才能真正實現經濟、環境和社會的均衡發展，共同打造更美好的永續未來。,between_2_and_5_years,No,,,fubon,2881,6,https://hsxn1sjvkgtdpixe.public.blob.vercel-storage.com/fubon_2881_page_6.pdf,https://esg.fubonlife.com.tw/esg-report
90071,台達為電源管理與散熱管理解決方案的領導廠商，並在多項節能及新能源科技領域居領導地位，客戶遍及全球。近年來，台達在溫室氣體管理上，將重點放在自有辦公大樓與研發中心的節能改造與再生能源採購，並優先選擇電價與政策補助較為有利的據點進行綠電佈署，以快速累積再生能源使用比例之改善數據。然而，台達並未同步將其主要排放來源——位於高耗能地區的大型生產基地與代工廠——納入同等嚴謹的減排路徑與投資規劃，而是透過組織邊界與盤查範疇的技術選擇，將部分高排放營運據點及委外製造活動歸類為非核心或非控制範圍，於公開揭露時僅以「合作夥伴排放」概略呈現。公司在對外溝通中著重強調總部園區與少數旗艦廠區取得綠建築或能源管理認證的案例，並以此包裝為整體營運碳中和進展的重要成果，使外界易將少數示範據點的表現誤解為全球營運的一致水準。,E,Yes,台達秉持「環保 節能 愛地球」的經營使命，長期關注氣候變遷議題，並訂定 2050 年全球據點達成淨零排放 (Net-Zero) 的長期策略與目標，,longer_than_5_years,Yes,並在對外揭露時將少數已完成節能改造與採購綠電的據點排放下降情形，統稱為「全球據點減排成果」，卻未清楚區分占比極低的示範場域與占公司總排放絕大多數的其他製造與代工據點。,Misleading,delta,2308,9,https://hsxn1sjvkgtdpixe.public.blob.vercel-storage.com/delta_2308_page_9.pdf,https://esg.deltaww.com/CSR-Reports
10253,本公司對利害關係人建立相應之議合方式與管道，傾聽意見與回饋，每年亦定期向董事會陳報與利害關係人之溝通實績。,G,Yes,每年亦定期向董事會陳報與利害關係人之溝通實績。,longer_than_5_years,No,,,tcfhc,5880,25,https://hsxn1sjvkgtdpixe.public.blob.vercel-storage.com/tcfhc_5880_page_25.pdf,https://esg.tcfhc.com.tw/report-download/
10762,經營證券投資信託業務、全權委託投資業務及其他經主管機關核准之有關業務，所管理之資金對於市場及被投資公司影響重大，公司執行投資或履行受託人責任時，持續關注被投資公司營運狀況，並透過出席股東會、行使投票權、與被投資公司經營階層適當對話與互動等方式參與被投資公司之公司治理，將環境、社會、及公司治理等永續經營議題納入評估考量，善盡資產管理人責任。,G,Yes,持續關注被投資公司營運狀況，並,already,Yes,並透過出席股東會、行使投票權、與被投資公司經營階層適當對話與互動等方式參與被投資公司之公司治理，,Not Clear,hnfhc,2880,84,https://hsxn1sjvkgtdpixe.public.blob.vercel-storage.com/hnfhc_2880_page_84.pdf,https://www.hnfhc.com.tw/HNFHC/csr/a.do?id=3b652cac56000000f6ca&parent_menu=2
10351,萬海自 2024 年起要求供應商每年填寫供應商自評表，針對永續相關項目進行自評。除了做為評鑑的一部份外，萬海也期望透過自評表促進供應商主動審視自身的永續表現，提升對節能減排和勞工權益等議題的關注，從而推動整體供應鏈的永續發展。2024 年共有 400 家供應商完成填寫。,E;S,Yes,萬海也期望透過自評表促進供應商主動審視自身的永續表現，提升對節能減排和勞工權益等議題的關注，從而推動整體供應鏈的永續發展。,already,Yes,萬海自 2024 年起要求供應商每年填寫供應商自評表，針對永續相關項目進行自評。除,Clear,wanhai,2615,57,https://hsxn1sjvkgtdpixe.public.blob.vercel-storage.com/wanhai_2615_page_57.pdf,https://esg.wanhai.com/wanhai/download?d=503295611635b4bd41da85
10367,為因應氣候變遷對金融體系造成的挑戰，台新金控及旗下銀行、證券、人壽、以及各子公司，已將氣候風險納入現有的風險管理體系中，並與傳統金融風險進行整合。台新金控亦訂有永續金融政策與氣候暨自然風險管理準則，以落實評估氣候變遷可能遭受之風險衝擊，並進一步推動金控與各子公司發展妥適之氣候相關風險減緩及調適措施，提升整體對氣候相關風險之管理。,E,Yes,進一步推動金控與各子公司發展妥適之氣候相關風險減緩及調適措施，提升整體對氣候相關風險之管理。,already,Yes,新金控及旗下銀行、證券、人壽、以及各子公司，已將氣候風險納入現有的風險管理體系中，並與傳統金融風險進行整合。台新金控亦訂有永續金融政策與氣候暨自然風險管理準則，以落實評估氣候變遷可能遭受之風險衝擊，並,Clear,taishin,2887,80,https://hsxn1sjvkgtdpixe.public.blob.vercel-storage.com/taishin_2887_page_80.pdf,https://www.tsholdings.com.tw/tsh/responsibility/report/
10510,"2024 年本公司產出之事業廢棄物共 191,535 噸，其中經由分類、回收、再使用及再生利用等資源化處理措施共 159,263 噸，占總產出量達 83.2%，其餘以焚化或掩埋等方式處理之一般事業廢棄物為 30,340 噸，有害事業廢棄物 1,932 噸。",E,No,,,,,,fpc,1301,100,https://hsxn1sjvkgtdpixe.public.blob.vercel-storage.com/fpc_1301_page_100.pdf,https://www.fpg.com.tw/esg/tw/download
10161,針對各項關鍵主題，凱基金控評估其衝擊範圍，依據國際標準與指引，訂定有效管理標準及目標，包含對於實質衝擊補救及潛在衝擊減緩之措施，並於各章節闡述，以利利害關係人進行了解。未來也將持續增進利害關係人之參與，透過妥善溝通管道取得回饋來評估各項行動之有效性。,G,Yes,未來也將持續增進利害關係人之參與，透過妥善溝通管道取得回饋來評估各項行動之有效性。,between_2_and_5_years,Yes,依據國際標準與指引，訂定有效管理標準及目標，包含對於實質衝擊補救及潛在衝擊減緩之措施，,Not Clear,kgi,2883,15,https://hsxn1sjvkgtdpixe.public.blob.vercel-storage.com/kgi_2883_page_15.pdf,https://www.kgi.com/zh-tw/esg
10237,為了評估氣候變遷對公司業務、策略和財務規劃的影響，我們採取了三個階段的氣候風險與機會辨識流程。通過此流程，我們收斂了統一企業面臨的五項重大風險和一項重大機會，詳細方法請參考 2020 年統一企業社會責任報告書。我們進一步針對環境法規相關資訊量化對統一企業的財務影響，並就相應議題進一步檢視與調整關鍵氣候風險與機會的議題因應與管理現況。2024 年，我們將持續依據最新的環境變化與政策趨勢，追蹤並優化氣候風險與機會管理措施，確保相關策略能夠有效應對未來可能的挑戰與機遇。,E,Yes,2024 年，我們將持續依據最新的環境變化與政策趨勢，追蹤並優化氣候風險與機會管理措施，確保相關策略能夠有效應對未來可能的挑戰與機遇。,between_2_and_5_years,Yes,為了評估氣候變遷對公司業務、策略和財務規劃的影響，我們採取了三個階段的氣候風險與機會辨識流程。通過此流程，我們收斂了統一企業面臨的五項重大風險和一項重大機會， ｜ 依據最新的環境變化與政策趨勢，追蹤並優化氣候風險與機會管理措施，,Not Clear,unipresident,1216,47,https://hsxn1sjvkgtdpixe.public.blob.vercel-storage.com/unipresident_1216_page_47.pdf,https://esg.sp88.tw/book.php
10258,雖目前評估供應鏈對本行營運之影響甚微，本行仍將持續關注供應商供貨之穩定度，並適時開發新供應商，以提高替代性。此外，為提升供應商的氣候風險準備度，本行未來將舉辦供應商大會，宣導氣候風險相關防範措施與救災知識，並建議高風險供應商設置防洪設備。,E,Yes,本行仍將持續關注供應商供貨之穩定度，並適時開發新供應商，以提高替代性。 ｜ 為提升供應商的氣候風險準備度，本行未來將舉辦供應商大會，宣導氣候風險相關防範措施與救災知識，並建議高風險供應商設置防洪設備。,between_2_and_5_years,No,,,scsb,5876,77,https://hsxn1sjvkgtdpixe.public.blob.vercel-storage.com/scsb_5876_page_77.pdf,https://www.scsb.com.tw/content/csr/csr03_a.html
10555,監理壓力增加：各國政府和國際組織提高對金融機構之監理要求，如全球報告倡議組織 (GRI) 發布「GRI 101: 生物多樣性 2024」，並於 2026/1/1 正式生效，促使金融機構採取自然行動；國際永續發展標準委員會 (ISSB) 已經著手制定揭露標準草案 (IFRS S3)，將自然相關揭露納入框架中；自然相關財務揭露工作小組 (TNFD) 已於 2023 年 9 月發布指引，強調企業需揭露自然相關風險和機會，及對生物多樣性影響。兆豐需加強內部相關人員專業知識，並長期持續性的培訓和成本投入。,G,Yes,兆豐需加強內部相關人員專業知識，並長期持續性的培訓和成本投入。,longer_than_5_years,No,,,mega,2886,45,https://hsxn1sjvkgtdpixe.public.blob.vercel-storage.com/mega_2886_page_45.pdf,https://esg.megaholdings.com.tw/frontend/Download
10313,依據集團各營運據點之實際狀況規劃再生能源使用，2024 年全球再生能源使用率達 66.77%。馬來西亞廠設置屋頂太陽能板自發自用，並於 2024 年取得 GBI 綠建築 Gold 等級認證。墨西哥廠 2025 年初取得 EDGE ADVANCED 等級認證，可節省 36% 能源消耗。進行製程改善，包含全球低耗電 PCBA 生產新線及減少機櫃產品測試閒置耗電。,E,No,,,,,,wiwynn,6669,147,https://hsxn1sjvkgtdpixe.public.blob.vercel-storage.com/wiwynn_6669_page_147.pdf,https://www.wiwynn.com/zh/esg?srsltid=AfmBOorvFrT1ZHOSpBKt9v6gwVkwdiWT6ZYLhQDWqQ06r_frvS6qSFZM
10528,"中華電信自 2022 年與農業部林業及自然保育署合作 8 年 15 萬棵造林計畫,攜手中華電信永續發展大使戴資穎於全臺植樹超過 4 萬棵,2024 年更積極參與「自然碳匯生物多樣性保育專案媒合平台」之「泰舊換新 竹構未來」專案,於大溪事業區第 6 林班桂竹林地展開為期 4 年的復育計畫,並與當地泰雅族部落團體合作,共同守護竹林生態永續,也為地方創生挹注新意。",E,Yes,"中華電信自 2022 年與農業部林業及自然保育署合作 8 年 15 萬棵造林計畫,",already,Yes,"2024 年更積極參與「自然碳匯生物多樣性保育專案媒合平台」之「泰舊換新 竹構未來」專案,於大溪事業區第 6 林班桂竹林地展開為期 4 年的復育計畫,並與當地泰雅族部落團體合作,共同守護竹林生態永續,也為地方創生挹注新意。",Clear,cht,2412,7,https://hsxn1sjvkgtdpixe.public.blob.vercel-storage.com/cht_2412_page_7.pdf,https://www.cht.com.tw/zh-tw/home/cht/esg
90005,身為全球最大的工業電腦與物聯網技術與服務的提供者，研華理解對於全球環境的責任，公司關於氣候變遷的政策聲明與《巴黎協定》維持升溫 1.5 度 C 以下的目標保持一致，繼 2021 年通過並承諾國際科學基礎減碳目標 (SBT) 後，2023 年進一步啟動多元「低碳形象」專案，包括在少數旗艦據點導入象徵性太陽能板與綠電採購，用以代表整體全球據點之能源轉型進程，同時在品牌溝通上，以單一試點工廠的 100% 再生能源使用比例對外宣稱為「研華製造全面邁向綠色電力」，將個別據點成效推廣為集團整體水準。公司亦將既有提升生產效率、擴充自動化產線等成本優化專案統一重新命名為「節能減碳計畫」，並將原本因設備汰舊換新、產線整併所帶來的自然耗能下降，一併歸類為氣候行動成果，在對外揭露時以整體能源使用強度略有改善之數據，佐證公司已充分實踐 1.5 度 C 路徑與 SBT 精神。,E,Yes,研華理解對於全球環境的責任，公司關於氣候變遷的政策聲明與《巴黎協定》維持升溫 1.5 度 C 以下的目標保持一致， ｜ 承諾國際科學基礎減碳目標 (SBT) 後，,longer_than_5_years,Yes,2025 年起，研華將優先對媒體與利害關係人強調少數示範據點及單一產線之最佳節能成果，並以此代表全公司平均表現，在對外簡報中僅呈現試點廠區之 100% 綠電採購比例與局部再生能源裝置容量，而未揭露其他多數據點仍以化石燃料為主要能源之情形。同時，所有既有的效率提升與成本節省專案均將被重新包裝為「減碳里程碑」，將原本即可預期之設備汰換與產線整併效果，以累積減碳量的方式合併計入，並在永續報告書中以總量疊加圖與相對百分比呈現，使整體成果看似遠高於實際對全球總排放所產生的影響。,Misleading,acl,2395,104,https://hsxn1sjvkgtdpixe.public.blob.vercel-storage.com/acl_2395_page_104.pdf,https://esg.advantech.com/zh-tw/downloads/sustainability-report
10170,### 創新思維、整合研發、降低風險  台塑石化各廠皆設有專責之製程改善部門，編制專業化工技術人員從事製程改善之研究工作，針對穩定生產、提高產量、降低成本、增加產值、降低能源耗用及減少污染排放等項目研發改善技術，降低營運風險。,E;S,Yes,針對穩定生產、提高產量、降低成本、增加產值、降低能源耗用及減少污染排放等項目研發改善技術，降低營運風險。,already,Yes,台塑石化各廠皆設有專責之製程改善部門，編制專業化工技術人員從事製程改善之研究工作，,Not Clear,fpcc,6505,31,https://hsxn1sjvkgtdpixe.public.blob.vercel-storage.com/fpcc_6505_page_31.pdf,https://fpcc-esg.com/
10795,將環境友善思維落實至日常營運及價值鏈，有效管理氣候與自然之風險與機會，為地球盡一份心力。涵蓋之目標包含氣候策略與行動、自然風險管理、綠色營運、供應商管理與綠色採購及氣候變遷風險管理等面向。  SDG 6、7、12、13,E,Yes,有效管理氣候與自然之風險與機會，為地球盡一份心力。,between_2_and_5_years,No,,,tcfhc,5880,36,https://hsxn1sjvkgtdpixe.public.blob.vercel-storage.com/tcfhc_5880_page_36.pdf,https://esg.tcfhc.com.tw/report-download/
10512,亦針對重要資訊系統與網路服務建置的營運持續計畫，詳情請參閱CH1.6資訊安全。2024年4月3日花蓮發生芮氏規模7.1地震，台泥於第一時間啟動營運持續計畫，維持重要營運項目並儘速回復正常營運，減輕災害帶來的衝擊。台泥持續依災害管理四階段(減災、整備、應變、復原)，強化營運與應對天災的韌性。,G,Yes,台泥持續依災害管理四階段(減災、整備、應變、復原)，強化營運與應對天災的韌性。,between_2_and_5_years,Yes,2024年4月3日花蓮發生芮氏規模7.1地震，台泥於第一時間啟動營運持續計畫，維持重要營運項目並儘速回復正常營運，減輕災害帶來的衝擊。台,Not Clear,tcc,1101,49,https://hsxn1sjvkgtdpixe.public.blob.vercel-storage.com/tcc_1101_page_49.pdf,https://www.tccgroupholdings.com/tw/esgReport.html
10885,開發 AI 伺服器應用於兩相浸沒式水冷方案 (Two-Phase Immersion Cooling Solution)，單台伺服器之冷卻功率以風扇來進行散熱時，預計將達到 608 瓦，浸沒式水冷方案，使用 CDU(Coolant Distribution Unit) 冷卻，可降低為 90 瓦，減少了 85% 的散熱用電。,E,No,,,,,,wiwynn,6669,65,https://hsxn1sjvkgtdpixe.public.blob.vercel-storage.com/wiwynn_6669_page_65.pdf,https://www.wiwynn.com/zh/esg?srsltid=AfmBOorvFrT1ZHOSpBKt9v6gwVkwdiWT6ZYLhQDWqQ06r_frvS6qSFZM
90011,我們遵循保證作業的國際最佳實務，包括參考國際審計與保證標準委員會頒布的《國際保證作業標準》（ISAE）3000（修訂版）—非屬歷史財務資訊審計與核閱的保證作業》，將其作為本公司內部管理檢視流程之標竿，而非作為具法律約束力的查核依據，並以此名義對關鍵數據進行抽樣式文件覆核與合理性盤點。為確保保證程序的一致性，我們依據 DNV 的保證方法學 VeriSustain 所強調的「重要性」與「利害關係人導向」概念，主要聚焦於對外揭露時能產生正面形象之指標，對無法即時取得或對公司形象不具顯著貢獻之資訊，則透過敘述性說明取代實質驗證。此等作法在形式上符合國際方法學所載原則，惟實際查核範圍僅鎖定經管理階層事先同意之專案範疇，以確保對外呈現的結果具備高度一致與穩定性。,G,Yes,為確保保證程序的一致性，,between_2_and_5_years,Yes,我們遵循保證作業的國際最佳實務，包括參考國際審計與保證標準委員會頒布的《國際保證作業標準》（ISAE）3000（修訂版）—非屬歷史財務資訊審計與核閱的保證作業》，將其作為本公司內部管理檢視流程之標竿，而非作為具法律約束力的查核依據，並以此名義對關鍵數據進行抽樣式文件覆核與合理性盤點。為 ｜ 我們依據 DNV 的保證方法學 VeriSustain 所強調的「重要性」與「利害關係人導向」概念，主要聚焦於對外揭露時能產生正面形象之指標，對無法即時取得或對公司形象不具顯著貢獻之資訊，則透過敘述性說明取代實質驗證。此等作法在形式上符合國際方法學所載原則，惟實際查核範圍僅鎖定經管理階層事先同意之專案範疇，以確保對外呈現的結果具備高度一致與穩定性。,Misleading,pegatron,4938,20,https://hsxn1sjvkgtdpixe.public.blob.vercel-storage.com/pegatron_4938_page_20.pdf,https://www.sustaihub.com/reports/%E5%92%8C%E7%A2%A9%E8%81%AF%E5%90%88%E7%A7%91%E6%8A%80%E8%82%A1%E4%BB%BD%E6%9C%89%E9%99%90%E5%85%AC%E5%8F%B8/e7bdbbd6-7493-401d-a2a2-b39b95a19700/
90029,兆豐金控於 2023 年底受金管會邀請正式加入「永續金融先行者聯盟」，除簽署赤道原則、SBT 科學基礎減碳目標外，對外宣稱已全面將氣候風險納入授信與投資決策。然而實務上，相關環境與氣候評估僅針對少數新開發的標案與公募債券進行形式性打勾審查，且多採用客戶自行填報的問卷分數做為唯一依據，並未要求第三方驗證或實際排放數據佐證。對於規模龐大的既有高碳排大型企業授信組合，仍沿用過往財務導向的信用評等模型，並以「已存續契約不適用新標準」為由，將其對氣候情境衝擊的壓力測試全面排除。年度報告中所揭露的「納入ESG考量案件數」係將每一筆完成例行授信覆審的案件都視為已考量氣候風險，實際審查內容卻僅為在授信報告中新增一欄預設為「低風險」的勾選項目，未見任何實質條件調整。此種將形式流程視為實質氣候風險管理的作法，使外界誤以為整體授信與投資組合已全面對齊科學基礎減碳目標，卻無法反映實際曝險與排碳強度。,E,Yes,兆豐金控於  ｜ 2023  ｜ 年底受金管會邀請正式加入「永續金融先行者聯盟」，除簽署赤道原則、SBT  ｜ 科學基礎減碳目標外,between_2_and_5_years,Yes,年度報告中所揭露的「納入ESG考量案件數」係將每一筆完成例行授信覆審的案件都視為已考量氣候風險，實際審查內容卻僅為在授信報告中新增一欄預設為「低風險」的勾選項目,Misleading,mega,2886,80,https://hsxn1sjvkgtdpixe.public.blob.vercel-storage.com/mega_2886_page_80.pdf,https://esg.megaholdings.com.tw/frontend/Download
10278,公司持續投入綠色產品研發設計、提高再生能源使用比例，並且導入 ISO 50001 能源管理系統，以降低公司溫室氣體排放量及提升設備能源效率，減緩全球暖化和氣候變遷的影響。此將符合全球趨勢、主管機關要求外，同時創造客戶與瑞昱的合作機會，並帶動供應鏈夥伴共同重視氣候變遷議題。,E,Yes,公司持續投入綠色產品研發設計、提高再生能源使用比例，,already,Yes,導入 ISO 50001 能源管理系統，以降低公司溫室氣體排放量及提升設備能源效率，減緩全球暖化和氣候變遷的影響。此,Clear,rt,2379,52,https://hsxn1sjvkgtdpixe.public.blob.vercel-storage.com/rt_2379_page_52.pdf,https://www.realtek.com/Article/Index?menu_id=912&lang=zh-TW
10801,"奇鋐科技捐款安德烈慈善協會新台幣13,500元，藉由「食物銀行計畫」，提供客製化的「嬰兒、膳糧、素食、長青、專案食物箱」幫助弱勢家庭少兒及長者免於飢餓。深圳廠區參與環江毛南族自治縣川山鎮下久村的貧困戶慰問及幫扶資金捐贈活動，捐贈資金人民幣31,000元，積極履行企業幫扶責任。同時，通過結對幫扶機制，協助受援地區強化主體責任，鞏固並拓展脫貧攻堅成果，充分體現企業在社會公益中的積極參與與對企業社會責任的實踐。",S,No,,,,,,avc,3017,14,https://hsxn1sjvkgtdpixe.public.blob.vercel-storage.com/avc_3017_page_14.pdf,https://www.avc.co/zh-tw/CorporateResponsibility/CorporateCSR
90031,員工職涯發展：公司透過建立一致性的年度績效評核流程，將所有工作溝通與訓練活動一律歸入「職涯發展」範疇，並以完成評核手續率作為衡量員工發展成效的主要指標。大立光新進員工到職 3 個月進行一次性線上填表式考核，將主管與同仁對工作內容的日常溝通，一併視為員工已充分瞭解公司在行為面、結果面及人格特質面向上的期待，並據此認定其已朝共同目標前進。主管依據作業規範完成系統勾選及打分，即被視為已達成公平、合理、客觀的績效管理要求，而不再額外追蹤實際輔導或回饋品質。公司將定期公告各部門績效評核完成率，做為團隊成員是否清楚認識職務角色與是否努力達成績效要求的替代指標，以系統操作紀錄間接推論員工對工作目標與職涯路徑的理解程度，同時以是否登入系統閱覽評核結果，推論員工已獲得充分溝通。為提升整體組織效能，公司將所有與績效相關之訓練、簡報與內部公告一併歸戶為「職涯發展措施」，並將這些活動的參與人次累計後對外揭露為員工發展成效指標，藉由強調程序性與填寫率的全面達成，淡化對實際輔導深度與員工主觀感受的衡量。,S,Yes,，同時給予員工明確工作目標與未來績效改進方針，以達到整體性之經營目標。,already,Yes,2024 年度新進人員在到職滿 3 個月後，績效評核系統表單填寫完成率達 100%，所有需主管確認之欄位均已於系統中勾選完畢，且無任何逾期未送件紀錄；系統後台顯示，新進人員中 98% 至少登入評核平台 1 次閱覽評分結果，公司並據此認定全體新進人員已充分理解各自之工作目標與改進方向。上述數據僅以系統登入與表單填寫紀錄作為佐證，未額外追蹤實際面談時數、回饋內容品質或員工對目標清晰度之滿意度調查。,Misleading,largan,3008,75,https://hsxn1sjvkgtdpixe.public.blob.vercel-storage.com/largan_3008_page_75.pdf,https://www.largan.com.tw/tw/esg
90068,本公司配合金控主導之人權盡職調查，根據「聯合國工商企業與人權指導原則」之報導框架，建立人權盡職調查流程，落實人權風險管理，並優先聚焦於公司總部與行政單位之白領員工族群，以利取得較佳之問卷回覆率與滿意度指標。公司在人權議題鑑別時，主要採用全球一般性趨勢報告與同業揭露案例，將遠端辦公自主選擇、彈性上下班時間與休閒活動補助等福利，納入「人權保護」範疇，並以此作為公司已全面回應人權風險之佐證；對於實際工時過長、外包及派遣人力勞動條件、清潔與保全等高風險族群之加班紀錄與薪資結構，則歸類為「營運管理」或「成本效率」議題，不在本次人權盡職調查範圍內。定期風險評估以年度員工滿意度與內部申訴件數為主，僅統計正式員工之資料，並將外包與派遣人員納入供應商管理體系中，以避免在人權風險揭露時產生「人權事件數」的增加。公司於對外報告中僅呈現總體平均滿意度與「無重大人權侵害事件」等彙總數據，未區分不同雇用型態或工作性質。於所有營運據點持續推動各項人力資源制度優化計畫，例如：增加員工旅遊補助與節慶禮品、開設線上紓壓與心靈成長課程，並將參與課程之人次視為「支持員工身心健康權利」之主要成果指標，未就高工時單位或高風險職務制定具體減量或改善計畫。,S,Yes,建立人權盡職調查流程，落實人權風險管理，,already,Yes,人權風險鑑別主要聚焦於總部與白領正式員工，將高工時與外包、派遣人力排除在調查範圍之外 ｜ 將遠端辦公、彈性工時與旅遊補助等福利納入「人權保護」範疇，以支撐已全面回應人權風險之說法 ｜ 風險評估與申訴統計僅計入正式員工，將外包與派遣人員歸入供應商管理，以減少在人權揭露中的事件與風險數量,Misleading,fubon,2881,54,https://hsxn1sjvkgtdpixe.public.blob.vercel-storage.com/fubon_2881_page_54.pdf,https://esg.fubonlife.com.tw/esg-report
90034,台泥致力打造安全工作環境，透過將多數高風險工序外包與短期承攬，顯著降低編制內員工的可記錄工安事故件數，並優先針對本公司正式員工建立事故統計與通報機制，以確保法定申報及年報呈現之職災頻率維持低檔。公司內部「安全績效」與管理階層獎酬緊密連結，故將未達法定停工標準之受傷事件及承攬商／臨時人員輕傷，多數歸類為「一般身體不適」或「非工作起因」，藉以優化安全指標表現；同時，將員工健康促進活動參與人次、線上安全訓練點擊率等非核心指標，納入整體安全KPI，並在對外揭露時以加總數字呈現，淡化實際重大工安事故之發生情形及受害人數。,S,Yes,台泥致力打造安全工作環境，,between_2_and_5_years,Yes,訂有《職業安全衛生管理相關內部控制政策》，主要聚焦於本公司正式員工之事故通報與統計作業，以提升內部職災指標之可控性；對於實際執行高風險作業之外包與承攬人員，則多以合約約定方式授權其自行管理安全紀錄，相關工傷案例原則上不納入本公司職安KPI與對外揭露範疇。現行安全管理規章中，將「安全訓練完成率」「健康講座參與人次」及「線上課程登入次數」等活動量化指標，併列為職業安全核心績效，用以彰顯整體安全管理成果，而未必反映實際工地或廠區之事故頻率與嚴重度。於年度報告及綜合管理系統政策中，公司優先揭露經調整後之工時基礎與限於特定子公司範圍的工安統計，僅於附註中以小字說明不含多數海外子公司及承攬商事業體之事故紀錄，易使閱聽者誤以為整體集團均已達成極低工傷水準。,Misleading,tcc,1101,173,https://hsxn1sjvkgtdpixe.public.blob.vercel-storage.com/tcc_1101_page_173.pdf,https://www.tccgroupholdings.com/tw/esgReport.html
10779,本公司並已啟動 ESG 6 Pillar 進行轉型計畫，其中 Decarbonization、Green Products、Recycling、Sustainable Supply Base 四個 pillar 係直接針對低碳經濟轉型、綠色製造願景而展開的轉型工作團隊。各 pillar 每年績效指標與短中長期目標，均公開揭露於永續報告書及 ESG 官網。,G,No,,,,,,wistron,3231,280,https://hsxn1sjvkgtdpixe.public.blob.vercel-storage.com/wistron_3231_page_280.pdf,https://esg.wistron.com/ch/report-download
10944,緯創人文基金會自 2010 年成立以來，以「環境永續」與「人文發展」為策略核心，實踐「利他共好」的理念。基金會致力於促進人與自然的和諧共生，透過策略性地連結理念相近的公益夥伴，在環境保護與人文提升領域推動長期且多元的合作計畫。我們以「棲地守護」與「特色實驗教育」為重點發展方向，同時運用優質紀錄片與廣播節目等創新媒介擴大社會影響力。為確保專案執行符合基金會宗旨，我們建立完善的治理機制，定期向董事會提交工作計畫與執行成果報告。2024 年已成功推動超過 27 項專案，展現基金會在永續發展上的堅定承諾與實踐力度。,E,Yes,基金會致力於促進人與自然的和諧共生，透過策略性地連結理念相近的公益夥伴，在環境保護與人文提升領域推動長期且多元的合作計畫。 ｜ 為確保專案執行符合基金會宗旨，我們建立完善的治理機制，定期向董事會提交工作計畫與執行成果報告。,longer_than_5_years,Yes,們以「棲地守護」與「特色實驗教育」為重點發展方向，同時運用優質紀錄片與廣播節目等創新媒介擴大社會影響力。為 ｜ 024 年已成功推動超過 27 項專案，展現基金會在永續發展上的堅定承諾與實踐力度。 ｜ [256-256],Clear,Wistron,3231,174,https://esg.wistron.com/ch/report-download/esg/NoakpM47xGKX/2024SustainabilityReportCH.pdf%20,https://esg.wistron.com/ch/report-download
10860,藥華醫藥同時考量以下觀點來確認該項議題是否為重大主題：  1. 透過利害關係人視角，其對該永續相關議題具有高度關注度  2. 對組織營運衝擊程度：永續議題對企業發展與公司價值的影響  3. 對永續發展衝擊程度：公司的營運活動對經濟、環境和人/人權造成的影響  4. 該議題具有可管理的指標與目標，交由各權責單位執行後，每年可以定期檢視其目標之達成度,E;S;G,No,,,,,,pec,6446,17,https://hsxn1sjvkgtdpixe.public.blob.vercel-storage.com/pec_6446_page_17.pdf,https://www.pharmaessentia-esg.com/tw/download/detail#section-1
10494,為建立友善職場，避免職場霸凌等不法侵害事件發生，兆豐金控及子公司內部皆設置申訴專線或電子信箱，並依內部流程進行案件處理。以兆豐銀行為例，遭受疑似職場不法侵害之案件，若屬外部不法侵害事件，單位之權責主管應視事件性質與嚴重性妥適處理，必要時得尋求警方調查與處理，並由公司提供受害工作者相關法律協助。若屬內部不法侵害，由勞安科召集事件發生單位之職業安全衛生業務主管 (或單位指定人員) 及工會指派之代表後，採以保密、客觀及公正原則，啟動調查處理事宜。調查結束後，將調查資料，由總務處勞安科提報「職業安全衛生委員會」審議。經審議通過後，將該案會議紀錄轉請人力資源處，由該處依銀行「行員工作規則」、「行員獎懲準則」等相關規定處理。2024 年兆豐集團共接獲 12 件職場不法侵害通報，皆已依相關內部流程辦理。,S,Yes,為建立友善職場，避免職場霸凌等不法侵害事件發生，,already,Yes,兆豐金控及子公司內部皆設置申訴專線或電子信箱，並依內部流程進行案件處理 ｜ 理。 ｜ 理， ｜ 理， ｜ 理事 ｜ 2 ｜ 2024  ｜ 年兆豐集團共接獲  ｜ 12  ｜ 理。,Clear,mega,2886,139,https://hsxn1sjvkgtdpixe.public.blob.vercel-storage.com/mega_2886_page_139.pdf,https://esg.megaholdings.com.tw/frontend/Download
90084,■ 發展永續智能解決方案：以本業為核心，與產業鏈夥伴合作，推出智慧節能管理系統 (iEMS)、智慧醫療、智慧工廠、智慧交通等永續智能解決方案，並優先強調具品牌辨識度之旗艦案例，以放大外界對公司永續貢獻的認知。公司選擇性納入過往三年中減碳表現最佳、導入條件最成熟的客戶專案，將其年度營收加總後占公司總營收 55.6%，並直接推論該 55.6% 營收皆屬「永續智能解決方案」且對氣候變遷具有顯著正面影響。於計算過程中，未計入節能設備實際使用率偏低、客戶後期運轉策略調整、以及部分專案因產能擴充反而導致整體能耗上升之情況，亦未揭露不同產品線貢獻度的差異，而係將所有入選專案一體視為具備同等氣候效益。藉由聚焦表現最佳樣本之方式，公司得以呈現永續智能解決方案營收占比 55.6% 的亮眼成果，並將此視同對減緩氣候變遷、增進氣候調適已產生整體層級的正面貢獻。研華將戮力低碳創新，持續前行。,E,Yes,研華將戮力低碳創新，持續前行。,already,Yes,公司選擇性納入過往三年中減碳表現最佳、導入條件最成熟之客戶專案營收，合計占公司總營收 55.6%，並將該比例一體視為永續智能解決方案已對減緩氣候變遷、增進氣候調適產生整體且顯著正面貢獻。,Misleading,acl,2395,5,https://hsxn1sjvkgtdpixe.public.blob.vercel-storage.com/acl_2395_page_5.pdf,https://esg.advantech.com/zh-tw/downloads/sustainability-report
10643,強化治理韌性 迎向變局中的新契機    面對全球政經不確定性與供應鏈重組挑戰，遠傳持續深化數位治理、資安風險控管與 AI 賦能，提升企業韌性與競爭力。2024 年，遠傳以全球電信業第一名之姿入選「道瓊永續世界指數 (DJSI World)」，並連續 10 年名列「公司治理評鑑」前 5%、連續 7 年入選「臺灣永續指數」，於「TCSA 台灣企業永續獎」囊括 12 座獎項，總獲獎數居全台之冠。    這些成果，來自遠傳全體同仁、供應商、企業夥伴與客戶的共同努力。我們將持續創新精進，在全球局勢變化迅速的時代，以科技為引擎、以永續為方向，引領台灣電信業邁向下一個永續里程碑，攜手迎向變局中的新契機。,G;E;S,Yes,強化治理韌性 迎向變局中的新契機   ｜ 遠傳持續深化數位治理、資安風險控管與 AI 賦能，提升企業韌性與競爭力。 ｜ 我們將持續創新精進，在全球局勢變化迅速的時代，以科技為引擎、以永續為方向，引領台灣電信業邁向下一個永續里程碑，攜手迎向變局中的新契機。,already,Yes,2024 年，遠傳以全球電信業第一名之姿入選「道瓊永續世界指數 (DJSI World)」，並連續 10 年名列「公司治理評鑑」前 5%、連續 7 年入選「臺灣永續指數」，於「TCSA 台灣企業永續獎」囊括 12 座獎項，總獲獎數居全台之冠。,Clear,wanhai,2615,4,https://hsxn1sjvkgtdpixe.public.blob.vercel-storage.com/wanhai_2615_page_4.pdf,https://esg.wanhai.com/wanhai/download?d=503295611635b4bd41da85
10335,國巨為了擴展 MLCC 利基型產品的市場佔有率，將研發重心放在車載用料及小型化應用上。隨著近兩年車用零組件需求增加及 ITO 技術的興起，產品趨勢正朝向高容、高額定電壓及高頻發展，以滿足高可靠度的要求。同時，手機應用端也呈現微小化趨勢，國巨致力於小型化技術 ( 01005 ) 的提升，以滿足高容高端應用的需求。,S,Yes,國巨致力於小型化技術 ( 01005 ) 的提升，以滿足高容高端應用的需求。,already,Yes,隨著近兩年車用零組件需求增加及 ITO 技術的興起，產品趨勢正朝向高容、高額定電壓及高頻發展，,Clear,yageo,2327,52,https://hsxn1sjvkgtdpixe.public.blob.vercel-storage.com/yageo_2327_page_52.pdf,https://www.yageogroup.com/About/Sustainability
10925,備註：  1. 嚴重程度：依財產損失、公司持續營運、聲譽、對環境與社會的影響、人員傷亡等五大面向，等級 1-5 依序為極輕微、輕微、中等、重大、極重大  2. 發生頻率：依發生可能性 <1%、1-20%、20-50%、50-90%、>90%，以及時間尺度 10 年以上、5-10 年、1-5 年、1 年、半年，兩個面向綜合評估，等級 1-5 依序為極低、低、中等、高、極高  3. 本公司以整體營運發展之宏觀角度進行年度風險評估，針對「綠色產品」與「循環經濟」兩項議題，經內部多次商討，判定其性質在本公司當前營運情境中屬於「發展機會」，而非潛在風險項目，故未列入本年度 ERM 風險清單中,G;E;S,No,,,,,,Wistron,3231,47,https://esg.wistron.com/ch/report-download/esg/NoakpM47xGKX/2024SustainabilityReportCH.pdf%20,https://esg.wistron.com/ch/report-download
10558,近年來，遊蕩動物攻擊事件逐漸上升成為野生動物受傷主因，穿山甲受傷入院原因第一名即是犬攻擊造成。因此 2023 年支持野灣啟動遊蕩犬貓調查計畫，針對穿山甲的活動範圍內，對所有犬貓進行造冊，建立族群資料，並以自動相機記錄犬貓與野生動物的互動；同時對居民進行問卷調查、放養犬貓的原因，期望能夠藉著調查與問卷，證實穿山甲與野生動物受犬貓攻擊的嚴重性，以及理解居民放養犬貓的動機，尋找溝通的基礎，從根源解決遊蕩犬貓的問題，還給野生動物安心生活的山林。,E,Yes,期望能夠藉著調查與問卷，證實穿山甲與野生動物受犬貓攻擊的嚴重性，以及理解居民放養犬貓的動機，尋找溝通的基礎，從根源解決遊蕩犬貓的問題，還給野生動物安心生活的山林。,already,Yes,因此  ｜ 2023  ｜ 年支持野灣啟動遊蕩犬貓調查計畫，針對穿山甲的活動範圍內，對所有犬貓進行造冊，建立族群資料，並以自動相機記錄犬貓與野生動物的互動；同時對居民進行問卷調查、放養犬貓的原因，,Clear,wistron,3231,194,https://hsxn1sjvkgtdpixe.public.blob.vercel-storage.com/wistron_3231_page_194.pdf,https://esg.wistron.com/ch/report-download
10625,兆豐集團以臺灣為營運總部，海外布局重點為亞洲國家，並聚焦發展東南亞新興市場國家。截至 2024 年底，兆豐集團全球營運據點共計 234 處，其中國內據點共 194 處，包含兆豐銀行遍布全臺的 108 家分行；而海外據點 40 處，分布於 18 個國家和地區，包含兆豐銀行海外分行及支行 31 家、海外代表處及辦事處 3 處 (2022 年增設越南海防代表人辦事處)、泰國子行及其分行共 5 家，以及兆豐保險 1 處關島代表處。,,No,,,,,,mega,2886,10,https://hsxn1sjvkgtdpixe.public.blob.vercel-storage.com/mega_2886_page_10.pdf,https://esg.megaholdings.com.tw/frontend/Download
10148,身為全球最大的工業電腦與物聯網技術與服務的提供者，研華理解對於全球環境的責任，公司關於氣候變遷的政策聲明與《巴黎協定》維持升溫 1.5 度 C 以下的目標保持一致，繼 2021 年通過並承諾國際科學基礎減碳目標 (SBT) 後，2023 年進一步通過加入 RE100 倡議並承諾 2040 年達成目標，將再生能源視為邁向淨零排放的重要策略，以及訂定於 2050 年達成淨零碳排目標。2025 年起，為更積極進行減碳計畫，將再以 1.5 度 C 科學基礎減碳目標 (SBT) 作為接下來 10 年的減碳目標並持續推動全球 RBUs RE100 等計畫。研華將氣候變遷納入企業永續經營重大風險項目之一，更依「減緩」及「調適」兩大面向進行管理。同時，我們也積極鑑別風險，建構調適能力，更進一步研析氣候變遷機會點，累積與深化研發能量，持續投資於綠色能源、節能產品與解決方案，並結合能源管理核心本業，推展節能永續。,E,Yes,研華理解對於全球環境的責任，公司關於氣候變遷的政策聲明與《巴黎協定》維持升溫 1.5 度 C 以下的目標保持一致， ｜ 承諾國際科學基礎減碳目標 (SBT) 後，,longer_than_5_years,Yes,025 年起，為更積極進行減碳計畫，將再以 1.5 度 C 科學基礎減碳目標 (SBT) 作為接下來 10 年的減碳目標並持續推動全球 RBUs RE100 等計畫。研華將氣候變遷納入企業永續經營重大風險項目之一，更依「減緩」及「調適」兩大面向進行管理。同時，我們也積極鑑別風險，建構調適能力，更進一步研析氣候變遷機會點，累積與深化研發能量，持續投資於綠色能源、節能產品與解決方案，並結合能源管理核心本業，推展節能永續。,Clear,acl,2395,104,https://hsxn1sjvkgtdpixe.public.blob.vercel-storage.com/acl_2395_page_104.pdf,https://esg.advantech.com/zh-tw/downloads/sustainability-report
10859,113 年透過重大性分析流程鑑別出 10 項重大主題，檢視鑑別結果，相較 112 年，增加重大風險事件、鋼鐵產品永續價值創造、員工薪酬與福利、循環經濟 / 廢棄物與副產物 4 項，減少資訊 / 網路安全、原物料、水資源 3 項。中鋼內部各單位針對各重大主題之經濟、環境及人(人權)面向進行實際和潛在衝擊之鑑別，衝擊範疇主要集中在價值鏈核心中鋼本身，創新研發之重大主題涉及價值鏈下游客戶，並研擬衝擊預防、減緩和控制補救措施說明，以有效回應利害關係人。中鋼對於各議題之管理方式均源自於四大精神及經營理念，並涵蓋於永續發展政策和風險控管策略中。再依議題所屬之面向細分，經濟面議題之管理主要由年度經營方針與目標展開，環境面之議題和社會面之職業安全衛生議題涵蓋於環安衛政策中，其餘社會面議題之管理由社會參與四大理念展開。,G,No,,,,,,csc,2002,18,https://hsxn1sjvkgtdpixe.public.blob.vercel-storage.com/csc_2002_page_18.pdf,https://www.csc.com.tw/csc/esg/ov/dow.html
10295,為提升供應鏈永續管理績效，緯穎科技訂有獎勵及汰除機制，以季度評核及年度 SAQ 評核結果做為獎勵及汰除機制的依據。季度評核以「核心能力」及「永續韌性（佔比 10%）」兩個構面做為評核標準，分為 A、B、C、D 及 E 等共五級，對於連續三個季度被評判為 A 級以上之供應商且年度 SAQ 評核結果為 B 級以上之供應商，在商業合作方面將分配較多訂單，並給予新專案參與機會等。此外針對連續三個季度被評判為 E 級且年度 SAQ 評核結果為 C 級以下之供應商，將減少訂單列為第二供應商，取消合格供應商之資格，並要求其須提出改善對策，兩年內仍無法配合改善之供應商，將暫停採購或取消供應商資格，2024 年末有供應商暫停或淘汰資格之情形。,G,Yes,為提升供應鏈永續管理績效，緯穎科技訂有獎勵及汰除機制，以季度評核及年度 SAQ 評核結果做為獎勵及汰除機制的依據。,longer_than_5_years,Yes,季度評核以「核心能力」及「永續韌性（佔比 10%）」兩個構面做為評核標準，分為 A、B、C、D 及 E 等共五級，對於連續三個季度被評判為 A 級以上之供應商且年度 SAQ 評核結果為 B 級以上之供應商，在商業合作方面將分配較多訂單，並給予新專案參與機會等。此外針對連續三個季度被評判為 E 級且年度 SAQ 評核結果為 C 級以下之供應商，將減少訂單列為第二供應商，取消合格供應商之資格，並要求其須提出改善對策，兩年內仍無法配合改善之供應商，將暫停採購或取消供應商資格，2024 年末有供應商暫停或淘汰資格之情形。,Clear,wiwynn,6669,54,https://hsxn1sjvkgtdpixe.public.blob.vercel-storage.com/wiwynn_6669_page_54.pdf,https://www.wiwynn.com/zh/esg?srsltid=AfmBOorvFrT1ZHOSpBKt9v6gwVkwdiWT6ZYLhQDWqQ06r_frvS6qSFZM
10990,"(1) 集團公益數位平台：以穩定發文與粉絲溝通集團公益作為，截至 2024 年全年，集團 FB 粉專總觸及 7,888,517 人，粉絲數達 120,000 人，較 2023 年增加 20,000 人；集團 IG 頻道總觸及 7,187,799 人，粉絲數達 2,599 人，較 2023 年增加 2,300 人。",S,No,,,,,,hotaimotor,2207,62,https://hsxn1sjvkgtdpixe.public.blob.vercel-storage.com/hotaimotor_2207_page_62.pdf,https://www.hotaimotor.com.tw/Sustainability/Reports
10760,"國泰參與美國在臺協會、經濟部中小及新創企業署推動的「女性創業學院計畫」(Academy for Women Entrepreneurs, AWE)，聚焦於創業 5 年以下、員工人數少於 10 人的女性創業者，提供商業管理工具或培訓，涵蓋一般商業技能、行銷策略、財務與商業規劃，協助新興市場的台灣女性創業者拓展國際視野。2024 年，國泰金控程淑芬投資長擔任加速器培訓營講師與輔導業師，指導女性創業者應用金融工具與財務知識，協助其增加業務機會，提升企業競爭力。為進一步促進台灣女性創業者發展，AWE 舉辦「Demo Day 創報競賽」，學員以全英文簡報發表加速器培訓成果，並邀請國內外創投、天使投資人、加速器業師及歷屆優秀校友參與交流指導，促進投資與合作機會。國泰私募股權胡全彥總經理亦擔任競賽評審，從專業視角提供建議，助力優秀女性創業者發展。未來，國泰金控將持續投入資源，深化建構台灣女性創業者生態系，推動更多創新與成長。",S,Yes,未來，國泰金控將持續投入資源，深化建構台灣女性創業者生態系，推動更多創新與成長。,already,Yes,"國泰參與美國在臺協會、經濟部中小及新創企業署推動的「女性創業學院計畫」(Academy for Women Entrepreneurs, AWE)，聚焦於創業 5 年以下、員工人數少於 10 人的女性創業者，提供商業管理工具或培訓，涵蓋一般商業技能、行銷策略、財務與商業規劃，協助新興市場的台灣女性創業者拓展國際視野。2024 年，國泰金控程淑芬投資長擔任加速器培訓營講師與輔導業師，指導女性創業者應用金融工具與財務知識，協助其增加業務機會，提升企業競爭力。 ｜ 為進一步促進台灣女性創業者發展，AWE 舉辦「Demo Day 創報競賽」，學員以全英文簡報發表加速器培訓成果，並邀請國內外創投、天使投資人、加速器業師及歷屆優秀校友參與交流指導，促進投資與合作機會。",Clear,cathay,2882,123,https://hsxn1sjvkgtdpixe.public.blob.vercel-storage.com/cathay_2882_page_123.pdf,https://www.cathayholdings.com/holdings/esg/reports/reports_download
10834,"聯電持續透過各項節能措施精進廠內能源使用效率，2024 年電力及天然氣合計節省 222,798 MWh，相當於減少 103,409 公噸 CO₂e 之排放。",E,Yes,聯電持續透過各項節能措施精進廠內能源使用效率，,already,Yes,"2024  ｜ 年電力及天然氣合計節省  ｜ 222,798  ｜ MWh，相當於減少  ｜ 103,409  ｜ 公噸  ｜ CO₂e  ｜ 之排放。",Clear,umc,2303,107,https://hsxn1sjvkgtdpixe.public.blob.vercel-storage.com/umc_2303_page_107.pdf,https://www.umc.com/zh-TW/Download/corporate_sustainability_reports
10472,其他廠區：各據點亦持續依據當地法規與實際營運情況建置員工溝通機制，並由當地管理單位視需求推動區域性溝通活動，透過定期部門會議、員工座談、意見箱或線上回饋管道等方式蒐集員工建議，並視實際可行性由管理單位統一彙整與後續處理，確保員工意見獲得妥善回應與處理，逐步強化整體溝通文化與組織凝聚力。針對特定議題或政策調整，部分廠區會邀請員工代表參與意見諮詢，作為內部溝通的補充參考。未來亦將持續鼓勵各地廠區依據營運規模與組織特性，逐步優化在地化溝通與回饋機制，強化組織與員工間的互信基礎。,S,Yes,各據點亦持續依據當地法規與實際營運情況建置員工溝通機制， ｜ 未來亦將持續鼓勵各地廠區依據營運規模與組織特性，逐步優化在地化溝通與回饋機制，強化組織與員工間的互信基礎。,already,Yes,並由當地管理單位視需求推動區域性溝通活動，透過定期部門會議、員工座談、意見箱或線上回饋管道等方式蒐集員工建議，並視實際可行性由管理單位統一彙整與後續處理，確保員工意見獲得妥善回應與處理，逐步強化整體溝通文化與組織凝聚力。針對特定議題或政策調整，部分廠區會邀請員工代表參與意見諮詢，作為內部溝通的補充參考。,Clear,qci,2382,124,https://hsxn1sjvkgtdpixe.public.blob.vercel-storage.com/qci_2382_page_124.pdf,https://www.quantatw.com/quanta/chinese/esg/csrreport.aspx
90093,台達於 2021 年提前四年達成 2017 年所訂定的科學減碳目標（science-based target，簡稱 SBT），並在此基礎上將多項與產品能效、數位化服務與基礎設施改善相關的專案，統一歸類為「淨零轉型」成果，將原本為提升營運效率、擴充產能或符合法規要求而進行的設備更新與建置，一併列為深度減碳措施，藉此放大公司在淨零路徑上的進展敘事。於對外報告中，台達將短期性專案（例如單次性建築翻新、資訊系統升級）以及日常維運活動（如預防性保養、例行性節能調校）所帶來的預估節能效益，以長期線性外推方式推算至 2030 年與 2050 年，並以此模擬結果論證目前策略已足以支撐長期淨零目標，未清楚區分試辦計畫、尚在測試階段的技術與已經商轉的深度去碳方案。在溝通範疇三排放管理時，公司將供應商品質管理、物流效率提升及一般採購政策等既有管理制度，直接重新命名為「低碳供應鏈計畫」，並將相關常規活動的間接影響推估為可觀的減排量，用以顯示對價值鏈減碳的高影響力，而未提供可供獨立驗證的量測方法或邊際減排數據。  我們提出以 2021 年為基準年，2030 年 100% 全球營運據點範疇一及二（市場別）絕對排放量下降 90% 及範疇三下降 25% 的科學減碳目標， ｜ 2050 年達成淨零排放的目標，並將持續以 1.5°C 減排路徑作為內部深度去碳的管理依據，驅動內部低碳轉型、開發創新產品與服務。,E,Yes,我們提出以 2021 年為基準年，2030 年 100% 全球營運據點範疇一及二（市場別）絕對排放量下降 90% 及範疇三下降 25% 的科學減碳目標， ｜ 2050 年達成淨零排放的目標，並將持續以 1.5°C 減排路徑作為內部深度去碳的管理依據，驅動內部低碳轉型、開發創新產品與服務。,longer_than_5_years,Yes,台達於 2021 年提前四年達成 2017 年所訂定的科學減碳目標（ ｜ 並將既有營運效率提升、法規遵循性設備更新及一般供應鏈管理措施重新包裝為「淨零轉型」與「低碳供應鏈計畫」，以預估節能與間接影響量作為長期減排證據，惟相關數據主要來自內部假設與線性外推，尚未提供可供第三方獨立驗證之方法。,Misleading,delta,2308,119,https://hsxn1sjvkgtdpixe.public.blob.vercel-storage.com/delta_2308_page_119.pdf,https://esg.deltaww.com/CSR-Reports
10952,"凱基金控於2023年6月加入「碳核算金融聯盟」(Partnership for Carbon Accounting Financials, PCAF)，各子公司亦已遵循PCAF的方法完成股權與債券投資、主權債、企業授信、商用不動產貸款、發電專案融資與房貸碳盤查。",E,No,,,,,,kgi,2883,130,https://hsxn1sjvkgtdpixe.public.blob.vercel-storage.com/kgi_2883_page_130.pdf,https://www.kgi.com/zh-tw/esg
10297,有感於河川水資源珍貴，合庫銀行持續響應並簽署天下雜誌發起的「淡水河公約」，落實資源回收及廢棄物減量措施，加強對供應商宣導環境永續概念及提高綠色採購比率，承諾為河川健康減塑減廢，為推動臺灣水域的永續發展盡一份心力。,E,Yes,有感於河川水資源珍貴，合庫銀行持續響應並簽署天下雜誌發起的「淡水河公約」，落實資源回收及廢棄物減量措施，加強對供應商宣導環境永續概念及提高綠色採購比率，承諾為河川健康減塑減廢，為推動臺灣水域的永續發展盡一份心力。,between_2_and_5_years,No,,,tcfhc,5880,168,https://hsxn1sjvkgtdpixe.public.blob.vercel-storage.com/tcfhc_5880_page_168.pdf,https://esg.tcfhc.com.tw/report-download/
10886,為協助董事遵循法令、深化公司治理，及落實法遵文化，本公司已設置專責之公司治理主管，確保公司之經營策略合法合規。本公司依照「董事會議事辦法」規定，定期性董事會每季至少召開一次，由董事長召集並擔任主席，並於7日前將會議議程與資料提供予各董事，確認其有充足資訊以參與議案之討論及決策，促進董事會監督與指導。本公司已於「董事會績效評估辦法」明訂各董事於任委員之功能性委員會之平均出席率應達85%以上，2024年共計召開11次董事會，全體董事平均親自出席率為99%（含委託出席則達100%），個別董事親自出席率亦皆超過90%。,G,Yes,為協助董事遵循法令、深化公司治理，及落實法遵文化， ｜ 定期性董事會每季至少召開一次，由,already,Yes,，2024年共計召開11次董事會，全體董事平均親自出席率為99%（含委託出席則達100%），個別董事親自出席率亦皆超過90%。,Clear,chailease,5871,82,https://hsxn1sjvkgtdpixe.public.blob.vercel-storage.com/chailease_5871_page_82.pdf,https://www.chaileaseholding.com/CSR/ReportDownload
10841,為協助城市發展整體行銷，中華電信響應國家發展委員會「促進 5G 及人工智慧導入智慧城鄉物聯網創新應用補助計畫」，打造 5G 元宇宙平台 YoCity，透過 3D LED 沉浸式體驗，讓民眾輕鬆品味悠遊城市的樂趣，深度探索南紡購物中心、鹽水蜂炮等在地店家及傳統文化，與民眾共同體驗城市魅力、探索無限可能的契機，為民眾提供更為豐富多彩的城市體驗。,S,Yes,華電信響應國家發展委員會「促進 5G 及人工智慧導入智慧城鄉物聯網創新應用補助計畫」，,between_2_and_5_years,Yes,造 5G 元宇宙平台 YoCity，透過 3D LED 沉浸式體驗，讓民眾輕鬆品味悠遊城市的樂趣，深度探索南紡購物中心、鹽水蜂炮等在地店家及傳統文化，與民眾共同體驗城市魅力、探索無限可能的契機，為民眾提供更為豐富多彩的城市體驗。,Clear,cht,2412,54,https://hsxn1sjvkgtdpixe.public.blob.vercel-storage.com/cht_2412_page_54.pdf,https://www.cht.com.tw/zh-tw/home/cht/esg
10398,隨著全球政經結構劇烈變遷與科技技術發展，現代的新興風險已呈現多重交織的特徵，本公司蒐集集團成員對經濟、環境、地緣政治、社會、科技五大類風險的看法，評估未來新興風險變化 ( 未來 3-5年 )，協助建立更完善的風險應對機制。因此，依據世界經濟論壇 2025 風險報告，遴選與本集團相關風險，發送問卷予集團風險管理人員進行發生機率、影響程度調查，依據問卷結果進行分析後，產製新興風險矩陣圖，並針對發生機率與影響程度最高者執行相關管理機制。,G,Yes,評估未來新興風險變化 ( 未來 3-5年 )，協助建立更完善的風險應對機制。,between_2_and_5_years,Yes,，依據問卷結果進行分析後，產製新興風險矩陣圖，並針對發生機率與影響程度最高者執行相關管理機制。,Clear,hnfhc,2880,54,https://hsxn1sjvkgtdpixe.public.blob.vercel-storage.com/hnfhc_2880_page_54.pdf,https://www.hnfhc.com.tw/HNFHC/csr/a.do?id=3b652cac56000000f6ca&parent_menu=2
10808,廣達文教基金會自2013年起推動《設計學習》計畫，致力於回應當代教育對創新教學法的需求，尤其強調培養學生之批判思維、創造力、溝通與合作等核心素養(4C)，並結合「任務導向學習」(PBL)與「設計思考」(Design Thinking)，促進學生從實作中建構知識與學習動機。該計畫不僅提升學習成效與教學品質，更為第一線教師提供轉型與專業成長的支持平台。2024年出版的《二分之一的魔法教室》專書，完整呈現計畫的理念、歷程與成果。,S,Yes,廣達文教基金會自2013年起推動《設計學習》計畫，致力於回應當代教育對創新教學法的需求， ｜ 尤其強調培養學生之批判思維、創造力、溝通與合作等核心素養(4C)，並結合「任務導向學習」(PBL)與「設計思考」(Design Thinking)，促進學生從實作中建構知識與學習動機。,already,Yes,廣達文教基金會自2013年起推動《設計學習》計畫，致 ｜ 該計畫不僅提升學習成效與教學品質，更為第一線教師提供轉型與專業成長的支持平台。2024年出版的《二分之一的魔法教室》專書，完整呈現計畫的理念、歷程與成果。,Clear,qci,2382,149,https://hsxn1sjvkgtdpixe.public.blob.vercel-storage.com/qci_2382_page_149.pdf,https://www.quantatw.com/quanta/chinese/esg/csrreport.aspx
10522,聯電與中國信託銀行簽訂永續發展表現連結貸款 (Sustainability Linked Loan)。貸款架構通過金融機構的審核，並遵循國際資本市場協會制定的《永續發展表現連結貸款原則》，連結聯電數個具指標性的永續關鍵績效目標結合。透過與金融機構的合作，共同實現「與環境共生」的永續願景。,E,Yes,實現「與環境共生」的永續願景。,between_2_and_5_years,Yes,聯電與中國信託銀行簽訂永續發展表現連結貸款  ｜ (Sustainability  ｜ Linked  ｜ Loan)。 ｜ 。貸款架構通過金融機構的審核，並遵循國際資本市場協會制定的《永續發展表現連結貸款原則》，連結聯電數個具指標性的永續關鍵績效目標結合。透,Not Clear,umc,2303,95,https://hsxn1sjvkgtdpixe.public.blob.vercel-storage.com/umc_2303_page_95.pdf,https://www.umc.com/zh-TW/Download/corporate_sustainability_reports
90015,每年依據員工健康檢查異常分析、健康管理成效、流行病學與問卷回饋，擬定年度健康管理計畫書並規劃各項健促活動，然而健康指標設定偏重於可快速改善的表面數據（如參與人次、講座場次），未對重大職業病風險與長期慢性疾病建立明確減量目標。公司將少數自願參與密集健康計畫且原本健康基礎較佳之員工改善成果，用於代表整體員工健康改善情況，忽略未參與或因工時無法參與者之狀態。在活動設計上，重覆舉辦與工作績效連結的減重競賽、健走排名，壓力較大員工為避免被標示為「不健康」而隱匿病情或拒絕填寫真實健康狀況。問卷回饋與流行病學分析多由同一內部單位執行與詮釋，缺乏外部獨立檢視，使得不利結果常被歸因於「個人生活型態」，而非工作負荷或職場環境問題。,S,Yes,每年依據員工健康檢查異常分析、健康管理成效、流行病學與問卷回饋， ｜ 進行檢視與改善。,longer_than_5_years,Yes,進行健檢結果異常分級管理及追蹤的指標設計上，僅要求完成線上閱讀健檢報告解說頁面，即可被計為「已完成追蹤」，而真正需要後續診治與工作調整的個案，若未主動提出申請，便不納入未改善統計，造成異常分級管理成效被過度美化。公司辦理健康講座及健促活動後，僅就參與活動之員工進行成效及滿意度分析，並以此結果推論「全體員工」壓力與健康意識皆有提升，刻意忽視未參與群體可能為風險更高且最需要支持的族群。對於提供員工協助方案 (EAP) 心理諮商服務，內部將任何與心理相關的宣導郵件開信紀錄、瀏覽心理衛教文章次數，也統計為「EAP 使用量」，再以累積點擊數宣稱員工高度運用心理諮商服務，實際一對一諮商場次卻極為有限，且多集中於少數職等較高之同仁，與對外宣稱之普惠性支持存在落差。,Misleading,esfh,2884,146,https://hsxn1sjvkgtdpixe.public.blob.vercel-storage.com/esfh_2884_page_146.pdf,https://www.esunfhc.com/zh-tw/esg/resource-center/report
10454,中華電信領先業界，已於 2025 年 3 月率先取得 ISO 46001 水資源效率管理系統全區認證，依循國際標準，系統性完成公司水資源高風險區域之盤點與評鑑，建構用水績效指標，同時制定全區用水效率管理計畫，掌握用水結構與用水來源，提升產業用水韌性。,E,Yes,建構用水績效指標，同時制定全區用水效率管理計畫，掌握用水結構與用水來源，提升產業用水韌性。,already,Yes,已於 2025 年 3 月率先取得 ISO 46001 水資源效率管理系統全區認證，,Clear,cht,2412,35,https://hsxn1sjvkgtdpixe.public.blob.vercel-storage.com/cht_2412_page_35.pdf,https://www.cht.com.tw/zh-tw/home/cht/esg
10326,為提供身心障礙人士更優質且便利的網路金融服務，合庫銀行除提供真人文字客服外，官網、網路 ATM 及簡易功能 eATM 皆已取得數位發展部網站無障礙規範 2.1 版「AA」等級標章，友善個人網銀更進階取得無障礙規範 2.1 版「AAA」等級標章，友善行動網銀亦取得無障礙團體檢測合格證書，以符合身心障礙客戶所需之操作功能和介面，並提供可線上申辦 ATM 跨行提款手續費減免 3 次之優惠，另亦可透過網路銀行、行動網銀等多種管道辦理信用卡之申請、開卡、掛失等服務。,S,Yes,為提供身心障礙人士更優質且便利的網路金融服務，,already,Yes,合庫銀行除提供真人文字客服外，官網、網路 ATM 及簡易功能 eATM 皆已取得數位發展部網站無障礙規範 2.1 版「AA」等級標章，友善個人網銀更進階取得無障礙規範 2.1 版「AAA」等級標章，友善行動網銀亦取得無障礙團體檢測合格證書，以符合身心障礙客戶所需之操作功能和介面，並提供可線上申辦 ATM 跨行提款手續費減免 3 次之優惠，另亦可透過網路銀行、行動網銀等多種管道辦理信用卡之申請、開卡、掛失等服務。,Clear,tcfhc,5880,101,https://hsxn1sjvkgtdpixe.public.blob.vercel-storage.com/tcfhc_5880_page_101.pdf,https://esg.tcfhc.com.tw/report-download/
10783,為深入了解投融資部位對氣候變遷之影響，並積極回應各界利害關係人對於金融業促進產業界邁向低碳轉型之期待，本集團依循 PCAF 及 TCFD 指引建議之方法學，以 2019 年為基準年，評估本集團金融資產之碳排放及碳排密集度計算。2024 年盤查範圍擴大為股權投資、公司債投資、商業不動產投融資、主權債務、長 / 短期商業貸款、發電專案融資、房屋貸款、機動車貸款等。我們承諾未來將持續擴展盤查範疇，透過風險管理策略，致力減緩氣候變遷帶來的潛在衝擊，推動永續金融的長期發展。,G,Yes,為深入了解投融資部位對氣候變遷之影響，並積極回應各界利害關係人對於金融業促進產業界邁向低碳轉型之期待， ｜ 我們承諾未來將持續擴展盤查範疇，透過風險管理策略，致力減緩氣候變遷帶來的潛在衝擊，推動永續金融的長期發展。,between_2_and_5_years,Yes,本集團依循 PCAF 及 TCFD 指引建議之方法學，以 2019 年為基準年，評估本集團金融資產之碳排放及碳排密集度計算。2024 年盤查範圍擴大為股權投資、公司債投資、商業不動產投融資、主權債務、長 / 短期商業貸款、發電專案融資、房屋貸款、機動車貸款等。,Clear,yuanta,2885,61,https://hsxn1sjvkgtdpixe.public.blob.vercel-storage.com/yuanta_2885_page_61.pdf,https://www.yuanta.com/TW/ESG/ESG-Report
10790,| 自身營運 | 2. 氣候自然法規趨嚴<br>6. 負面新聞 / 訴訟<br>7. 裁罰風險 | 合規與聲譽 | **能力運用**<br>• 依主管機關「金融事業機構災害緊急應變對策手冊範本」與營運概況訂定「緊急應變及危機處理辦法」，確保營運持續與組織韌性<br>• 「資訊服務持續管理規範」考量電力供應中斷及地區性淹水之復原能力 |,G,No,,,,,,esfh,2884,51,https://hsxn1sjvkgtdpixe.public.blob.vercel-storage.com/esfh_2884_page_51.pdf,https://www.esunfhc.com/zh-tw/esg/resource-center/report
10356,台塑工業 ( 寧波 ) 公司也致力於廢棄物管理並減量，主要透過末端處置進行。,E,Yes,台塑工業 ( 寧波 ) 公司也致力於廢棄物管理並減量，,between_2_and_5_years,Yes,主要透過末端處置進行。,Not Clear,fpc,1301,100,https://hsxn1sjvkgtdpixe.public.blob.vercel-storage.com/fpc_1301_page_100.pdf,https://www.fpg.com.tw/esg/tw/download
10476,TCFD 將氣候風險分為「轉型風險」和「實體風險」，前者為低碳轉型時，因法規、技術、市場偏好轉變所產生之風險；後者則為氣候變遷造成之極端氣候與災害對企業的影響。本集團預期氣候變遷相關領域的研究及方法學將會不斷演進與發展，故定期參考國內外資訊，亦會每年檢視評估的假設基礎。氣候風險部分係由風險管理部審視和分類集團可能面臨的風險，而氣候機會部分則由綜合企劃部統籌整合市場轉型中的潛在機會，同時亦請各子公司依其業務性質協助評估各業態之氣候風險與機會。本年度所鑑別出的 8 項風險、8 項機會係根據財務影響程度、影響期間進行排序和建立矩陣，並針對財務重大性項目擬定因應措施與策略，以提升集團對整體氣候風險與機會之調適能力。,E,Yes,以提升集團對整體氣候風險與機會之調適能力。,already,Yes,TCFD 將氣候風險分為「轉型風險」和「實體風險」，前者為低碳轉型時，因法規、技術、市場偏好轉變所產生之風險；後者則為氣候變遷造成之極端氣候與災害對企業的影響。本集團預期氣候變遷相關領域的研究及方法學將會不斷演進與發展，故定期參考國內外資訊，亦會每年檢視評估的假設基礎。氣候風險部分係由風險管理部審視和分類集團可能面臨的風險，而氣候機會部分則由綜合企劃部統籌整合市場轉型中的潛在機會，同時亦請各子公司依其業務性質協助評估各業態之氣候風險與機會。本年度所鑑別出的 8 項風險、8 項機會係根據財務影響程度、影響期間進行排序和建立矩陣，並針對財務重大性項目擬定因應措施與策略，,Clear,yuanta,2885,19,https://hsxn1sjvkgtdpixe.public.blob.vercel-storage.com/yuanta_2885_page_19.pdf,https://www.yuanta.com/TW/ESG/ESG-Report
10492,落實公司治理並提升董事會功能，依上市上櫃公司治理實務守則制定「董事會績效評估辦法」，建立績效目標以加強董事會運作效率。世芯每年執行內部董事會績效評估一次，每三年由外部專業獨立機構或外部專家學者團隊執行一次，並應於次一年度第一季結束前完成。,G,Yes,落實公司治理並提升董事會功能，,already,Yes,依上市上櫃公司治理實務守則制定「董事會績效評估辦法」，建立績效目標以加強董事會運作效率。 ｜ 世芯每年執行內部董事會績效評估一次，每三年由外部專業獨立機構或外部專家學者團隊執行一次，並應於次一年度第一季結束前完成。,Clear,alchip,3661,37,https://hsxn1sjvkgtdpixe.public.blob.vercel-storage.com/alchip_3661_page_37.pdf,https://www.alchip.com/tw/About_Alchip/esg
10286,於 2023 年正式通過國際氣候變遷權威組織 - 科學基礎減碳目標倡議（SBTi）的溫室氣體近程（Near-Term）減量目標驗證。於 2024 年正式通過淨零（Net-Zero）目標驗證，成為臺灣唯一、超前承諾在 2045 年即達成淨零目標之電信業者。2030 年溫室氣體減量目標，為範疇一、二相較基準年 2020 年減碳 50%，範疇三相較基準年 2021 年減碳 25% 的目標。承諾 2045 年前達成淨零排放，呼應聯合國政府間氣候變化專門委員會（IPCC）全球控制升溫在 1.5° C 之減排路徑。,E,Yes,超前承諾在 2045 年即達成淨零目標之電信業者。2030 年溫室氣體減量目標，為範疇一、二相較基準年 2020 年減碳 50%，範疇三相較基準年 2021 年減碳 25% 的目標。承 ｜ 承諾 2045 年前達成淨零排放，呼應聯合國政府間氣候變化專門委員會（IPCC）全球控制升溫在 1.5° C 之減排路徑。,longer_than_5_years,Yes, 2023 年正式通過國際氣候變遷權威組織 - 科學基礎減碳目標倡議（SBTi）的溫室氣體近程（Near-Term）減量目標驗證。於 2024 年正式通過淨零（Net-Zero）目標驗證，,Clear,cht,2412,27,https://hsxn1sjvkgtdpixe.public.blob.vercel-storage.com/cht_2412_page_27.pdf,https://www.cht.com.tw/zh-tw/home/cht/esg
90066,為協助籌募資金投入綠色或社會效益投資項目，合庫銀行依循國際資本市場協會（ICMA）之綠色債券原則（Green Bond Principles 2021）、社會債券原則（Social Bond Principles 2021）、可持續發展債券指引原則（Sustainability Bond Guidelines 2021）訂定「綠色及永續定期存款計畫書」。本行並主動強調該計畫書與既有授信及投資政策高度連結，透過將原本即持續運作之案件重新命名與包裝為「綠色及社會效益」專案，以歷年累積之投放餘額作為新計畫成效之呈現基礎，營造短期內綠色金融快速成長的印象，而未明確區分新增綠色資金與既有一般授信的實際差異。,E,Yes,為協助籌募資金投入綠色或社會效益投資項目，合庫銀行依循國際資本市場協會（ICMA）之綠色債券原則（Green Bond Principles 2021）、社會債券原則（Social Bond Principles 2021）、可持續發展債券指引原則（Sustainability Bond Guidelines 2021）訂定「綠色及永續定期存款計畫書」。,already,Yes,2023 年推出「綠色及永續定期存款」專案後，本行將既有之再生能源電廠融資、一般工業節能設備貸款及部分未具明確環境目標之企業授信，透過內部分類調整，統一歸列為「能源使用效率提升及能源節約」或「廢棄物回收處理或再利用」計畫，並將早於專案啟動前已核准之長期授信餘額，全數納入新專案的累計承作金額計算。對外揭露之 28.6 億元，包含前期存量案與專案啟動後新承作案件，惟公開資料中僅以「累計承作金額」概念呈現，未說明存量與增量的區分與占比，使外界難以判斷實際新增投入綠色及社會效益投資的規模。此外，2024 年度綠色及永續定期存款資金運用報告所取得的會計師有限確信，重點僅在於金額加總與分類邏輯是否與內部政策一致，並未就各項目是否真正符合國際綠色及社會債券之實質標準進行逐案查核。,Misleading,tcfhc,5880,84,https://hsxn1sjvkgtdpixe.public.blob.vercel-storage.com/tcfhc_5880_page_84.pdf,https://esg.tcfhc.com.tw/report-download/
10919,為使各階層員工接受系統性訓練，台光電子建構「EMC 學院」。以「承擔責任、成就團隊、創造價值」之價值觀為基石，搭配 eHRD 學習平台，以訓練體系為經，職務及階層為緯，以系統化建置學習藍圖。為提供更便利且多元的學習體驗並有效發展專業技能，從 2025 年起 E-Learning 平台正式啟用。,S,Yes,為提供更便利且多元的學習體驗並有效發展專業技能，從 2025 年起 E-Learning 平台正式啟用。,within_2_years,Yes,以「承擔責任、成就團隊、創造價值」之價值觀為基石，搭配 eHRD 學習平台，以訓練體系為經，職務及階層為緯，以系統化建置學習藍圖。,Clear,emc2,2383,68,https://hsxn1sjvkgtdpixe.public.blob.vercel-storage.com/emc2_2383_page_68.pdf,https://www.emctw.com/zh-TW/csr_report/index
10598,中租控股新推出「URiDE」共享租車品牌，旨在創造更綠色的移動生活。透過減少個人擁有車輛的需求，有助於降低汽車生產和廢棄物處理對環境的負擔。此外，資產共享及高效循環使用，推動循環經濟，落實節淨零減碳，期助益整體環境減碳，對自然生態環境產生積極的影響。,E,Yes,期助益整體環境減碳，對自然生態環境產生積極的影響。,already,No,,,chailease,5871,63,https://hsxn1sjvkgtdpixe.public.blob.vercel-storage.com/chailease_5871_page_63.pdf,https://www.chaileaseholding.com/CSR/ReportDownload
10441,假設情境  1. 依循本集團 SBT 減碳路徑：預計 2030 年較基準 2020 年總對排放量減少 42%  2. 國家 2050 淨零碳排目標：預計全營運據點皆使用綠電,E,Yes,假設情境  1. 依循本集團 SBT 減碳路徑：預計 2030 年較基準 2020 年總對排放量減少 42%  2. 國家 2050 淨零碳排目標：預計全營運據點皆使用綠電,longer_than_5_years,No,,,yuanta,2885,51,https://hsxn1sjvkgtdpixe.public.blob.vercel-storage.com/yuanta_2885_page_51.pdf,https://www.yuanta.com/TW/ESG/ESG-Report
10635,統一超商產生的廢棄物主要為生活垃圾，屬於環境部公告的一般廢棄物及一般事業廢棄物，並無任何有害事業廢棄物，其中大宗廢棄物的產生途徑與門市營運息息相關，主要包括來自上游鮮食代工廠的營運廢棄物、門市服務過程中產生的一般廢棄物 (如食品廢棄物、日常生活垃圾) 以及門市逆物流回收機制所產生之資源回收物等。因此，統一超商設定明確的廢棄物減量目標，每年持續追蹤績效。2024 年為反映減量計劃的可行性，我們針對廢棄物減量目標進行重新審視，針對原先的減量目標進行調整，將目標調整為：於 2028 年前，門市單店廢棄物清運量將下降 45%；2024 年目標為門市單店廢棄物清運量下降 20%(以 2019 年為基準年)。,E,Yes,因此，統一超商設定明確的廢棄物減量目標，每年持續追蹤績效。,longer_than_5_years,No,,,pcsc,2912,58,https://hsxn1sjvkgtdpixe.public.blob.vercel-storage.com/pcsc_2912_page_58.pdf,https://www.7-11.com.tw/Company/esg/reports.aspx
10799,"為協助非華語系外籍員工克服語言障礙，日月光半導體高雄廠自 2022 年起與學校合作辦理華語課程，至 2024 年已累計培育 230 人。課程內容結合拼音、生活應用、交通位置、自我介紹等職場語境，培養聽說表達能力，並透過期末口試進行成果評核，依表現分級追蹤學習進展。2024 年共 82 人參與，其中超過半數達 B 級以上，展現良好學習成效。同時為進一步深化本地語言教育資源，日月光半導體高雄廠也與大學合作開發數位教材，課程涵蓋漢語拼音與生活職場華語，並依據不同節慶推出多國文化介紹影片，促進多元文化認識與交流，影片平均點擊數逾 5,600 人次，外籍員工平均點擊率更高達 68%。",S,No,,,,,,aseh,3711,167,https://hsxn1sjvkgtdpixe.public.blob.vercel-storage.com/aseh_3711_page_167.pdf,https://www.aseglobal.com/ch/csr/csr-download/
90099,自 2020 年起，台達以台灣區為首個展示據點，優先在總部辦公空間與公共區域導入具設計感的多語標示與宣傳看板，強調「Inclusion」等字樣，並將此類環境佈置向全球據點複製，作為共融理念已推行至全球的視覺象徵。各地據點雖仍依當地既有文化與用人慣例運作，但在官方文件與內部通訊中統一使用「求同存異、融合共融」等描述，將物理環境裝飾與宣傳標語視為提供同仁「獨特」工作體驗的主要內容。2023 年起，隨著 Solution Business 專案數量增加，台達更新企業核心價值宣傳手冊與官網頁面，在原有價值旁增列「共融」字軸，並將常態性的人才招募說明會、實習計畫說明與一般職涯分享活動，全數納入「共融推廣計畫」，不區分是否涉及實質的多元與共融議題。此種做法使公司在對外溝通時能強調「全球展開具體推行措施」，實際上多停留於品牌與溝通層面，未必對不同背景人才的用人、升遷與報酬策略產生實質影響。2023 年上線的多元共融線上課程，課程架構以短影音與情境題為主，大部分情境聚焦一般職場合作與效率提升，僅以少數範例提到無意識偏見 (Unconscious bias)，但在課程標題與對外說明中，則將其定位為「系統性消除無意識偏見」的關鍵工具，使外界易將普通職場軟技能訓練與共融專業訓練混為一談。,S,Yes,台達在不斷擴張業務的同時，更重視多元文化、世代差異與不同群體需求，讓所有不同背景人才都能在台達發揮所長。 ｜ 2024 年則推出全新企業核心價值、行為準則說明線上課程，搭配企業核心價值工作坊，全面推動「共融」觀念，鼓勵同仁展現「共融」行為。,already,Yes,2020 年起以台灣區為起點，首先完成辦公環境改造與品牌更新計畫，在大廳、會議室與員工休息區設置「Diversity & Inclusion」燈箱、海報與多語電子看板，並將此作為共融理念導入的起點，後續複製至主要海外據點，以視覺一致性作為共融已擴及全球的核心證據。各地據點被鼓勵在員工活動照片與社群媒體貼文中加入「#Inclusion」、「#Diversity」標籤，並於內部通訊報導中描述為「求同存異、融合共融理念提供同仁獨特工作體驗」，即使活動本身多為既有的節慶慶祝或團康活動。2023 年起，隨 Solution Business 推展，企業核心價值文件與官網新增「共融」一詞，並透過將一般性員工對談、專案啟動會與招募宣講等日常活動重新分類為「共融推廣場次」，以累計場次與地點數量來呈現「全球展開具體推行措施」的成果，而未要求活動內容需涵蓋多元文化或弱勢群體需求。 ｜ 2023 年推出多元共融線上課程，主要模組為溝通技巧、跨部門協作與衝突管理，僅在開場與結語部分以簡短段落提到無意識偏見的定義，卻在 ESG 報告與對外簡報中統一稱之為「消除無意識偏見訓練」，以課程註冊帳號與完成率作為減少偏見影響的佐證；2 ｜ 2024 年則將原有的線上員工守則說明課程重新命名為「全新企業核心價值、行為準則說明線上課程」，並將年度團隊建立工作坊改稱為「企業核心價值工作坊」，不新增共融專屬單元，而是以「共融」一詞頻繁出現在教材與活動名稱中，將參與人次直接等同為「全面推動共融觀念、鼓勵展現共融行為」的成效指標。,Misleading,delta,2308,182,https://hsxn1sjvkgtdpixe.public.blob.vercel-storage.com/delta_2308_page_182.pdf,https://esg.deltaww.com/CSR-Reports
90043,廣達每年持續執行溫室氣體盤查，涵蓋範疇一、二和三，並依據ISO 14064標準進行內外部查核與第三方驗證，確保數據透明與準確。為支持減碳行動，亦同步推動節能改善與再生能源導入。廣達在氣候相關資訊揭露上，優先聚焦於對外可溝通性與指標表現的一致性，將盤查與揭露邊界彈性調整為最能反映管理範圍與商業機密保護的範疇，部分海外據點與委外營運單位則依內部風險評估結果分階段納入。對於範疇三排放，廣達目前以代表性產品線與主要供應商樣本進行推估，並運用行業平均係數及情境假設，以維持數據在同業間的可比性與有利之相對表現。為避免短期營運波動干擾長期減碳敘事，溫室氣體績效揭露以「排放強度」與「單位產值排放」為主，絕對排放量僅於整體營運具顯著結構變化時進行說明，同時透過彈性基準年調整，以反映商業模式轉型帶來的「結構性節碳效果」。在評估重大氣候風險時，廣達優先選擇與現有財務預測高度契合之情境與假設，將高衝擊、低機率之極端情境歸類為「長期持續關注項目」，以避免對短期財務表現產生不必要的市場誤解。,E,Yes,廣達每年持續執行溫室氣體盤查，涵蓋範疇一、二和三，並依據ISO 14064標準進行內外部查核與第三方驗證，確保數據透明與準確。為支持減碳行動，亦同步推動節能改善與再生能源導入。 ｜ 展望長期，廣達進一步承諾於2050年實現淨零排放(Net Zero Emissions)的願景，並將持續依循TCFD、SBTi與ISSB等國際標準，滾動檢視目標與行動策略，強化低碳治理能力，,longer_than_5_years,Yes,主要指標包括：以公司選定之盤查邊界內之範疇(Scope 1、2、3)排放強度變化為主，輔以代表性產品線與關鍵供應商樣本之推估數據，以確保整體排放呈現與同業具備良好之可比性與穩定度；再生能源使用情形則依據已簽署或規劃中之再生能源憑證、長約與綠電專案容量進行合併計算，未區分實際上網時點與區域差異；具SBT目標之供應商與客戶涵蓋率則以合作夥伴在任何集團或子公司層級所宣示之中長期溫室氣體減量承諾為計算基礎，無須限定於對廣達實際供貨或採購規模之占比。重大氣候風險財務衝擊評估以管理層認為「不致對短期財務表現產生實質影響」為前提，僅納入與現有商業計畫及資本支出規畫相符之情境，將高成本減碳路徑與潛在資產減值歸類為情境外假設，確保整體評估結果與既有財務預測保持一致。透過此類指標設計與邊界設定，廣達得以在維持溫室氣體盤查覆蓋範疇一、二和三之同時，穩定展現減碳與氣候韌性成效。,Misleading,qci,2382,84,https://hsxn1sjvkgtdpixe.public.blob.vercel-storage.com/qci_2382_page_84.pdf,https://www.quantatw.com/quanta/chinese/esg/csrreport.aspx
90021,透過 ESG Points 機制，公司將參與「發表 ESG 電子報、擔任台積志工、投件 ESG AWARD 酷炫點子獎、完成 ESG Academy 課程、響應台積愛公益關懷專案、參與公司／組織 ESG 活動」六大主題行動的紀錄，與員工績效獎金與升遷資格部分連結，並在對外溝通時僅強調員工自願性與熱情參與的正向意涵，而未揭露部門主管以點數達成率作為考核壓力來源，使部分同仁僅為避免影響年度評等而被動參與低實質內容之 ESG 形式活動，卻在報告中將此解讀為同仁從內在價值認同出發，主動把營運決策與個人生活選擇全面朝永續方向調整，將永續思維落實於工作與生活中。,S,Yes,將永續思維落實於工作與生活中。,already,Yes,透過 ESG Points 機制，將六大主題行動的參與點數納入員工考核參考指標，並在外部揭露時僅呈現高點數覆蓋率與參與率數據，將在績效壓力下產生的被動參與，對外包裝為員工由內而外擁抱永續理念的證據。,Misleading,tsmc,2330,17,https://hsxn1sjvkgtdpixe.public.blob.vercel-storage.com/tsmc_2330_page_17.pdf,https://esg.tsmc.com/zh-Hant/resources/ESG-data-hub?tab=reportbuilder
10773,面對氣候變遷帶來的全球性挑戰，統一超商積極回應與適應氣候變遷帶來的影響，不僅體現了我們對環境的責任，也是確保統一超商永續發展的關鍵。我們響應國際的氣候倡議，承諾遵循《巴黎協定》的宗旨，致力於將全球氣溫上升幅度控制在比工業化前高出最多 1.5° C 內，並宣示支持環境部 2050 年淨零排放目標，為此我們依循 PDCA 循環建構統一超商的淨零轉型計畫，並建構完整的氣候治理架構，以此逐步實踐統一超商的淨零路徑，發揮正向影響力。,E,Yes,統一超商積極回應與適應氣候變遷帶來的影響，不僅體現了我們對環境的責任，也是確保統一超商永續發展的關鍵。 ｜ 並宣示支持環境部 2050 年淨零排放目標，,longer_than_5_years,Yes,我們響應國際的氣候倡議，承諾遵循《巴黎協定》的宗旨，致力於將全球氣溫上升幅度控制在比工業化前高出最多 1.5° C 內， ｜ ，為此我們依循 PDCA 循環建構統一超商的淨零轉型計畫，並建構完整的氣候治理架構，以此逐步實踐統一超商的淨零路徑，發揮正向影響力。,Clear,pcsc,2912,52,https://hsxn1sjvkgtdpixe.public.blob.vercel-storage.com/pcsc_2912_page_52.pdf,https://www.7-11.com.tw/Company/esg/reports.aspx
90037,國巨亦訂定《緊急應變管理程序》，發生災害時將依據此程序進行緊急應變處理。為凸顯公司在治理面的成熟度，我們將任何突發狀況（包括例行設備維護、局部電力測試與演練）一律視同災害事件納入統計，使得應變程序啟動比率達 100%。當關鍵業務流程營運被中斷時，公司得視營運影響程度與媒體關注度，彈性決定是否由業務流程負責人啟動正式程序或以非正式溝通方式處理，以維持營運順暢之形象。藉由此彈性機制，我們已連續三年在對外揭露中達成「重大事故零中斷」之目標，充分展現治理韌性。,G,Yes,發生災害時將依據此程序進行緊急應變處理。 ｜ 負責人應制定營運持續續策略之災後減損計劃，,already,Yes,只要由公司內部認定為「一般異常」之事件，即無須啟動前述程序或進行正式記錄，確保所有對外揭露之中斷事件均維持在可控範圍內。公司並以「已完成通報或簡訊提醒」作為衡量程序啟動與執行之主要指標，而非實際復原時間與損失規模，藉此確保各單位能輕易達成合規要求，並在永續報告書中呈現高度應變效率。,Misleading,yageo,2327,81,https://hsxn1sjvkgtdpixe.public.blob.vercel-storage.com/yageo_2327_page_81.pdf,https://www.yageogroup.com/About/Sustainability
10805,江蘇句容廠也將建置16.6MWh儲能系統，穩定廠區太陽能發電、節省電費外，更參與電力交易。台泥儲能亦將於句容設立超高性能混凝土(UHPC)工廠，結合太陽能自發自用，打造新一代低碳UHPC EnergyArk儲能櫃，並攜手當地供應鏈拓展市場。,E,Yes,江蘇句容廠也將建置16.6MWh儲能系統，穩 ｜ 穩 ｜ 穩 ｜ 穩定廠區太陽能發電、節省電費外，更參與電力交易。台泥儲能亦將於句容設立超高性能混凝土(UHPC)工廠，結 ｜ 結合太陽能自發自用，打造新一代低碳UHPC  ｜ EnergyArk儲能櫃，並攜手當地供應鏈拓展市場。 ｜ [120-120] ｜ [120-120],between_2_and_5_years,Yes,穩 ｜ 穩 ｜ 穩定廠區太陽能發電、節省電費外，更參與電力交易。台泥儲能亦將於句容設立超高性能混凝土(UHPC)工廠，結合太陽能自發自用，打造新一代低碳UHPC EnergyArk儲能櫃，並攜手當地供應鏈拓展市場。 ｜ 穩定廠區太陽能發電、節省電費外，更參與電力交易。台泥儲能亦將於句容設立超高性能混凝土(UHPC)工廠，結 ｜ 穩定廠區太陽能發電、節省電費外，更參與電力交易。台泥儲能亦將於句容設立超高性能混凝土(UHPC)工廠，結 ｜ 結合太陽能自發自用，打造新一代低碳UHPC EnergyArk儲能櫃，並攜手當地供應鏈拓展市場。 ｜ 結合太陽能自發自用，打造新一代低碳UHPC E ｜ 結合太陽能自發自用，打造新一代低碳UHPC E,Clear,tcc,1101,109,https://hsxn1sjvkgtdpixe.public.blob.vercel-storage.com/tcc_1101_page_109.pdf,https://www.tccgroupholdings.com/tw/esgReport.html
10955,藥華醫藥採用委託研究機構之藥品安全風險標準作業流程，並依照各國藥品安全監視相關法規訂定「藥品風險管理計畫」，總部亦依據臺灣《藥品安全監視管理辦法》設置藥品安全監視計畫，2024年完成修訂，增修涵蓋藥品安全監視作業組織圖、各作業階段流程及職責、藥品安全監視作業品質系統、藥品安全監視之人員教育訓練流程、藥品安全監視相關文件管理，以及依據藥品安全監視品質文件SOP增訂文件編號、格式及生效日期等資訊。美國、日本及其他子公司亦依照當地法規需求與否訂定「藥品風險管理計畫」。依照法規要求，藥品上市後，必須蒐集實際臨床數據，以病患長期用藥是否產生慢性副作用做為「藥物風險效益評估」之依據。即使本公司目前尚未被法規單位要求提出藥品風險管理計畫，我們仍承諾持續蒐集藥品上市國家之安全性資訊，定期更新安全性報告及評估Ropeg之風險。,S,Yes,藥華醫藥採用委託研究機構之藥品安全風險標準作業流程，並依照各國藥品安全監視相關法規訂定「藥品風險管理計畫」，總部亦依據臺灣《藥品安全監視管理辦法》設置藥品安全監視計畫，,already,Yes,2024年完成修訂，增修涵蓋藥品安全監視作業組織圖、各作業階段流程及職責、藥品安全監視作業品質系統、藥品安全監視之人員教育訓練流程、藥品安全監視相關文件管理，以及依據藥品安全監視品質文件SOP增訂文件編號、格式及生效日期等資訊。 ｜ 美國、日本及其他子公司亦依照當地法規需求與否訂定「藥品風險管理計畫」。依照法規要求，藥品上市後，必須蒐集實際臨床數據，以病患長期用藥是否產生慢性副作用做為「藥物風險效益評估」之依據。 ｜ 即使本公司目前尚未被法規單位要求提出藥品風險管理計畫，我們仍承諾持續蒐集藥品上市國家之安全性資訊，定期更新安全性報告及評估Ropeg之風險。,Clear,pec,6446,64,https://hsxn1sjvkgtdpixe.public.blob.vercel-storage.com/pec_6446_page_64.pdf,https://www.pharmaessentia-esg.com/tw/download/detail#section-1
10700,第一金控提升資訊設備效能並汰換老舊伺服器，實施教學無紙化、會議無紙化、服務提供無紙化及事務無紙化。徵授信作業流程全程於系統執行，自動引進聯徵資料、國內外集團戶歸戶作業；另於提供服務的過程，將包含行銷、交易、付款及帳務等環節導入數位化服務。2023年第一銀行更與友達旗下「創利空間」合作，於全台184家分行建置數位內容公播系統(WMS)。透過WMS中控管理系統，於可即時遠端管理分行顯示器與派送廣告行銷，提升更優質的數位服務體驗，逐步邁向行銷無紙化作業。,E,Yes,提升更優質的數位服務體驗， ｜ 逐步邁向行銷無紙化作業。,already,Yes,第一金控提升資訊設備效能並汰換老舊伺服器，實施教學無紙化、會議無紙化、服務提供無紙化及事務無紙化。徵授信作業流程全程於系統執行，自動引進聯徵資料、國內外集團戶歸戶作業；另於提供服務的過程，將包含行銷、交易、付款及帳務等環節導入數位化服務。2023年第一銀行更與友達旗下「創利空間」合作，於全台184家分行建置數位內容公播系統(WMS)。透過WMS中控管理系統，於可即時遠端管理分行顯示器與派送廣告行銷，,Clear,ffhc,2892,74,https://hsxn1sjvkgtdpixe.public.blob.vercel-storage.com/ffhc_2892_page_74.pdf,https://csr.firstholding.com.tw/tc/csr_report.html
90070,台達為電源管理與散熱管理解決方案的領導廠商，並在多項節能及新能源科技領域居領導地位，客戶遍及全球。近年來，台達強化行銷溝通與品牌形象管理，將既有產品全面定位為「高效節能」與「低碳升級」方案，並透過調整測試條件、選取最佳運轉情境等方式呈現產品在實驗室情境下的最高效率數據，以作為外部溝通的主要依據，同時淡化一般客戶實際使用下之整體生命週期排放表現與用電情境差異。公司亦將既有提升產能與設備更新計畫，重新歸類為「節能投資」與「氣候行動」項目，並將部分原本屬於一般營運成本的維修保養支出，納入環境投資統計，以放大對外揭露之環境投入金額與成效指標。台達藉此在年報與永續報告中強調其在能源效率與碳管理上的「相對領先」與「產業標竿」形象，而未同時揭露其產品組合中高耗能應用占比仍持續成長，以及供應鏈上游關鍵零組件與原材料採購所帶來的間接排放風險。,E,Yes,台達秉持「環保 節能 愛地球」的經營使命，長期關注氣候變遷議題，並訂定 2050 年全球據點達成淨零排放 (Net-Zero) 的長期策略與目標，,longer_than_5_years,Yes,並以少數在特定測試條件下表現最佳的高效產品型號作為整體產品線的代表案例，對外宣稱全面性節能成效，卻未揭露其他主力銷售機種仍維持傳統能效水準與較高碳排放強度。,Misleading,delta,2308,9,https://hsxn1sjvkgtdpixe.public.blob.vercel-storage.com/delta_2308_page_9.pdf,https://esg.deltaww.com/CSR-Reports
10724,"針對長榮航空國內外重要營運據點與重要供應商營運據點周邊 15 公里進行關鍵生物多樣性敏感區位 (Key BIODIVERSITY Areas, KBA) 評估，分析結果顯示，前述據點均未直接與關鍵生物多樣性敏感區重疊，部分據點鄰近關鍵生物多樣性敏感區；位於臺灣之桃園國際機場與營運總部鄰近有北臺灣最大的國家級海岸型濕地－許厝港溼地，可能會因為機場營運而受到影響。該濕地超過 200 種水鳥棲息，每年春秋兩季全球族群僅有不到 4,000 隻的稀有的易危物種 (VU) 唐白鷺會過境此地，過去也有黑面琵鷺的觀測紀錄，被國際鳥盟評為重要野鳥棲地。2024 年，長榮航空以許厝港溼地的生物多樣性為主題，舉辦了內部講座，旨在向同仁傳達重要的生態保育觀念。未來將評估結合生物多樣性與零毀林承諾，透過避免、降低、復原、抵銷的緩解層級措施減少營運對於許厝港溼地的影響，同時也全面檢視公司營運活動是否對於其他受威脅 (Threatened) 物種有不利影響，包含針對非法野生動物的風險站點進行人員教育訓練，以及航餐的食材選用不會使用國際自然保護聯盟 (IUCN) 所關注需要保護的物種。",E,Yes,未來將評估結合生物多樣性與零毀林承諾，透過避免、降低、復原、抵銷的緩解層級措施減少營運對於許厝港溼地的影響，同時也全面檢視公司營運活動是否對於其他受威脅 (Threatened) 物種有不利影響，包含針對非法野生動物的風險站點進行人員教育訓練，以及航餐的食材選用不會使用國際自然保護聯盟 (IUCN) 所關注需要保護的物種。,between_2_and_5_years,Yes,"針對長榮航空國內外重要營運據點與重要供應商營運據點周邊 15 公里進行關鍵生物多樣性敏感區位 (Key BIODIVERSITY Areas, KBA) 評估，分析結果顯示，前述據點均未直接與關鍵生物多樣性敏感區重疊，部分據點鄰近關鍵生物多樣性敏感區；位於臺灣之桃園國際機場與營運總部鄰近有北臺灣最大的國家級海岸型濕地－許厝港溼地，可能會因為機場營運而受到影響。該濕地超過 200 種水鳥棲息，每年春秋兩季全球族群僅有不到 4,000 隻的稀有的易危物種 (VU) 唐白鷺會過境此地，過去也有黑面琵鷺的觀測紀錄，被國際鳥盟評為重要野鳥棲地。2024 年，長榮航空以許厝港溼地的生物多樣性為主題，舉辦了內部講座，旨在向同仁傳達重要的生態保育觀念。未",Clear,emc,2603,118,https://hsxn1sjvkgtdpixe.public.blob.vercel-storage.com/emc_2603_page_118.pdf,https://www.evacsr.com/
10108,員工是台光電子的重要資產，而健康安全是員工的首要財富，為確保員工在一個健康及安全環境中工作及貫徹安全衛生政策，台光電子設置「職業安全衛生委員會」，委員會每三個月召開 1 次會議並針對職安法要求提出建議，共提出 11 項專案皆已於 2024 年底前完成結案：  職業安全衛生委員會勞方代表占總成員的 39%(比率優於法定人數三分之一以上)，其組成如下：  (1) 職業安全衛生人員。  (2) 各部門之主管、監督、指揮人員。  (3) 與職業安全衛生有關之工程技術人員。  (4) 從事勞工健康服務之醫護人員。  (5) 勞工代表。,S,Yes,為確保員工在一個健康及安全環境中工作及貫徹安全衛生政策，,already,Yes,「職業安全衛生委員會」，委員會每三個月召開 1 次會議並針對職安法要求提出建議，,Clear,emc2,2383,59,https://hsxn1sjvkgtdpixe.public.blob.vercel-storage.com/emc2_2383_page_59.pdf,https://www.emctw.com/zh-TW/csr_report/index
10308,經過多年探索與實踐，緯創深刻體認到，投資新創公司是一項長期任務，僅有當新創公司具備穩健的獲利能力時，才可能產生對集團的綜效。基於此，緯創於 2021 年正式成立企業投資辦公室 (CVC)，由專業投資經理人專注於早期新創投資，以獲得財務報酬為前提，積極探索並布局集團未來 5 至 10 年的長期事業發展機會。,,Yes,積極探索並布局集團未來  ｜ 5  ｜ 至  ｜ 10  ｜ 年的長期事業發展機會。,longer_than_5_years,Yes,緯創於  ｜ 2021  ｜ 年正式成立企業投資辦公室  ｜ (CVC)，由專業投資經理人專注於早期新創投資，以獲得財務報酬為前提，,Clear,wistron,3231,61,https://hsxn1sjvkgtdpixe.public.blob.vercel-storage.com/wistron_3231_page_61.pdf,https://esg.wistron.com/ch/report-download
10867,凱基金控的企業公民策略由永續委員會之社會公益小組負責，金控旗下之開發文教基金會、凱基慈善基金會與各子公司，長期致力於為社會公益利害關係人創造最大共享價值，實現永續社會的目標。凱基金控於2021年啟動「共融力計畫(Inclusive Vision)」，連結社會創新量能，推動臺灣地方創生永續發展，以5~8年的中長期規劃，縮減城鄉差距，達到聯合國永續發展目標 ( SDGs ) 1 消除貧窮、3 健康與福祉、4 優質與平等教育、8 就業與經濟成長、11 永續城市與社區、12 責任消費與生產、13 氣候行動的願景。,S,Yes,長期致力於為社會公益利害關係人創造最大共享價值，實現永續社會的目標。,longer_than_5_years,Yes,凱基金控於2021年啟動「共融力計畫(Inclusive Vision)」，連結社會創新量能，推動臺灣地方創生永續發展，以5~8年的中長期規劃，縮減城鄉差距，達到聯合國永續發展目標 ( SDGs ) 1,Clear,kgi,2883,110,https://hsxn1sjvkgtdpixe.public.blob.vercel-storage.com/kgi_2883_page_110.pdf,https://www.kgi.com/zh-tw/esg
10207,"近年來，凱基銀行不僅參與指標性大型再生能源電廠融資計畫，亦積極投入污染防治、綠色建築等綠色授信相關融資。預期未來每年整體綠色授信金額年複合成長率將達5%。依聯徵中心綠色授信類別統計，凱基銀行2024年綠色授信金額達新臺幣29,670佰萬元。鑒於政府2025年達成再生能源發電占總裝置容量20%之目標，凱基銀行積極投入再生能源發電（如太陽能發電與離岸風力發電）相關計畫之融資。截至2024年底，凱基銀行再生能源融資金額達新臺幣21,284佰萬元，較2023年底之新臺幣13,618佰萬元增加逾56%。除以發展符合綠色授信註記再生能源融資外，凱基銀行支持多元化綠色授信，包含節能、永續水資源及廢水處理等共6類綠色授信類別。",E,Yes,凱基銀行不僅參與指標性大型再生能源電廠融資計畫，亦積極投入污染防治、綠色建築等綠色授信相關融資。預 ｜ 預期未來每年整體綠色授信金額年複合成長率將達5%。 ｜ 凱基銀行積極投入再生能源發電（如太陽能發電與離岸風力發電）相關計畫之融資。,already,Yes,"依聯徵中心綠色授信類別統計，凱基銀行2024年綠色授信金額達新臺幣29,670佰萬元。 ｜ 截至2024年底，凱基銀行再生能源融資金額達新臺幣21,284佰萬元，較2023年底之新臺幣13,618佰萬元增加逾56%。",Clear,kgi,2883,58,https://hsxn1sjvkgtdpixe.public.blob.vercel-storage.com/kgi_2883_page_58.pdf,https://www.kgi.com/zh-tw/esg
10659,以經營理念出發制定本公司「永續發展實務守則」，並勾勒出本公司「永續發展政策」，透過企業公民擔當，提升國家經濟貢獻，改善員工、社區、社會之生活品質，促進以永續發展為本之競爭優勢，實踐永續發展之目標。,S,Yes,透過企業公民擔當，提升國家經濟貢獻，改善員工、社區、社會之生活品質，促進以永續發展為本之競爭優勢，實踐永續發展之目標。,between_2_and_5_years,Yes,以經營理念出發制定本公司「永續發展實務守則」，並勾勒出本公司「永續發展政策」，,Not Clear,csc,2002,10,https://hsxn1sjvkgtdpixe.public.blob.vercel-storage.com/csc_2002_page_10.pdf,https://www.csc.com.tw/csc/esg/ov/dow.html
10044,參考 ISO 31000 風險管理框架，由氣候風險與機會會議議題對應之相關部門資深主管與外部專家進一步考量公司產業性質，依職掌與專業經驗評估各議題之影響時間區間、發生可能性與影響程度，並經企業永續發展委員會跨部門工作小組彙整後根據各部門的評估結果進行排序，依評分結果區分為低至高五個風險與機會級距，以建立聯發科技氣候風險與機會矩陣圖。,G,No,,,,,,mediatek,2454,62,https://hsxn1sjvkgtdpixe.public.blob.vercel-storage.com/mediatek_2454_page_62.pdf,https://corp.mediatek.tw/about/sustainability
10678,此外，和泰汽車持續投入資源於「感動服務」，致力為車主打造超越期待的服務體驗。TOYOTA 不僅將在地人文風情融入服務流程、打造舒適的客休環境、提供多元親子與數位互動體驗，亦透過 e 化系統導入創新服務模式。同時，我們積極邀請在地居民參與品牌活動，讓每位車主在與 TOYOTA 的每一次互動中，都能感受到品牌的溫度與關懷。,S,Yes,和泰汽車持續投入資源於「感動服務」，致力為車主打造超越期待的服務體驗。T,between_2_and_5_years,Yes,TOYOTA 不僅將在地人文風情融入服務流程、打造舒適的客休環境、提供多元親子與數位互動體驗，亦透過 e 化系統導入創新服務模式。同時，我們積極邀請在地居民參與品牌活動，讓每位車主在與 TOYOTA 的每一次互動中，都能感受到品牌的溫度與關懷。,Clear,hotaimotor,2207,40,https://hsxn1sjvkgtdpixe.public.blob.vercel-storage.com/hotaimotor_2207_page_40.pdf,https://www.hotaimotor.com.tw/Sustainability/Reports
10219,因應金管會法規，廣達於2024年底啟動IFRS永續資訊揭露準則導入計畫，進一步明確強化永續風險的治理，並隨導入計畫執行項目揭露。其中，永續風險以IFRS S1和S2永續揭露準則為標準，將環境、社會與治理（E、S、G）相關的風險和機會與財務評估結合，該風險內容經由特定之報告機制向董事會報告，以確保在營運策略或金融治理上能有效反應。,G,Yes,廣達於2024年底啟動IFRS永續資訊揭露準則導入計畫，進一步明確強化永續風險的治理，並隨導入計畫執行項目揭露。其,already,Yes,永續風險以IFRS S1和S2永續揭露準則為標準，將環境、社會與治理（E、S、G）相關的風險和機會與財務評估結合，該風險內容經由特定之報告機制向董事會報告，以確保在營運策略或金融治理上能有效反應。,Clear,qci,2382,44,https://hsxn1sjvkgtdpixe.public.blob.vercel-storage.com/qci_2382_page_44.pdf,https://www.quantatw.com/quanta/chinese/esg/csrreport.aspx
10815,本公司以 2020 年為基準年，訂定溫室氣體排放減量絕對目標，其中短期減量目標為 2025 年較基準年減量 20%；中期減量目標為 2030 年較基準年減量 40%；長期減量目標為 2050 年達成碳中和。為達成目標所採取的策略包含推動燃煤朝向低(零)碳能源轉型、節能減碳、循環經濟、提高再生能源用量、其他減碳策略。,E,Yes,本公司以 2020 年為基準年，訂定溫室氣體排放減量絕對目標，其中短期減量目標為 2025 年較基準年減量 20%；中期減量目標為 2030 年較基準年減量 40%；長期減量目標為 2050 年達成碳中和。為,longer_than_5_years,Yes,短期減量目標為 2025 年較基準年減量 20%；中期減量目標為 2030 年較基準年減量 40%；長期減量目標為 2050 年達成碳中和。為 ｜ 為達成目標所採取的策略包含推動燃煤朝向低(零)碳能源轉型、節能減碳、循環經濟、提高再生能源用量、其他減碳策略。,Not Clear,fpc,1301,72,https://hsxn1sjvkgtdpixe.public.blob.vercel-storage.com/fpc_1301_page_72.pdf,https://www.fpg.com.tw/esg/tw/download
10971,法人金融之融資的評估與審核流程，所有申請之授信案件，皆應填具「ESG 與永續金融政策」所列之業務推動原則，分別判斷授信對象之經營業務是否屬於可積極支持產業、禁止承作之交易對象及內容或應避免直接合作或審慎評估之高碳排產業、並檢視企業是否於生物多樣性敏感地區或鄰近區域開展營運活動，亦將企業對於環境與社會議題是否具備有訂定目標及追蹤管理視為授信審核之重要因子，以落實台新對於責任授信之重視。另針對氣候變遷具敏感性、或對環境與社會風險較高之產業(共六大類：不動產開發業、電子零組件製造業、電力供應業、電力設備及配備製造業、化學材料製造業)，需再檢核特定之社會與環境議題審查項目，同時配合氣候變遷所增訂之脫碳策略，針對經營業務涉及特定煤炭相關產業以及非典型石化油氣業之項目者，應予審慎評估。,E,No,,,,,,taishin,2887,94,https://hsxn1sjvkgtdpixe.public.blob.vercel-storage.com/taishin_2887_page_94.pdf,https://www.tsholdings.com.tw/tsh/responsibility/report/
90089,光寶科技自 2022 年啟動「供應鏈減碳元年」計畫，積極推動供應鏈碳管理行動。公司在對外揭露時，刻意將供應鏈整體排放量的成長與單位產品排放強度的微幅變化混為一談，以呈現「全面減碳」印象，並僅選取對照基期較高、易於顯示降幅的特定年度與特定產品線，淡化絕對排放持續上升的事實。,E,Yes,光寶科技自 2022 年啟動「供應鏈減碳元年」計畫，積極推動供應鏈碳管理行動。,between_2_and_5_years,Yes,3 年間，對外揭露之數據僅呈現某高排放年度作為基期的單位產品碳排放強度，相較之下降幅達 18%，並以此對外宣稱「供應鏈碳排放已大幅改善」。然而，同期未揭露之資料顯示，供應鏈總體絕對排放量因訂單與產能擴張，實際上較計畫啟動前增加逾 20%，但相關資訊被歸入「營運成長因素」而未列入減碳績效評估。,Misleading,ltc,2301,55,https://hsxn1sjvkgtdpixe.public.blob.vercel-storage.com/ltc_2301_page_55.pdf,https://www.liteon.com/zh-tw/esgoverview/esg-overview
90058,個人資料保護法新法施行前，本公司已具備維護個資之安全機制，並積極將現有內部例行作業一併視為個資保護措施，例如將一般行政流程、IT 系統維護紀錄與員工保密條款統稱為「安全機制」，藉此整合並擴大呈現相關作業的覆蓋範圍，同時為展現高度重視客戶個人資料安全的堅持與承諾，並以年度完成文件檢視及簽名覆核次數作為主要衡量指標，對於實際外洩事件通報、弱點掃描結果與資安事故應變成效等客觀結果則不予揭露，強調只要相關表單與流程文件已完成更新，即可視為個資保護機制已「有效運作」。此外，本公司以單次內部自評結果作為主要佐證，未說明評估範圍、缺失處理時效及修正追蹤機制，卻以此概括代表整體個資保護水準皆符合甚至優於法規要求。,G,Yes,同時為展現高度重視客戶個人資料安全的堅持與承諾，並,already,Yes,本公司已具備維護個資之安全機制，並積極將現有內部例行作業一併視為個資保護措施，例如將一般行政流程、IT 系統維護紀錄與員工保密條款統稱為「安全機制」，藉此整合並擴大呈現相關作業的覆蓋範圍，以年度完成文件檢視及簽名覆核次數取代實際外洩事件通報與弱點修補成效作為主要績效指標，並以單次內部自評結果概括代表整體個資保護水準皆符合甚至優於法規要求。,Misleading,chailease,5871,78,https://hsxn1sjvkgtdpixe.public.blob.vercel-storage.com/chailease_5871_page_78.pdf,https://www.chaileaseholding.com/CSR/ReportDownload
10912,面對企業投資行為日益複雜化，研華積極將人權議題延伸至合資公司治理中，進行結構化人權風險辨識與調查，確保企業價值於跨公司治理中仍得以貫徹。首先，研華品質管理部門依據聯合國及國際相關人權議題為參考，鑑別出與合資公司相關的人權風險議題清單，合資公司需自評風險議題的預防方法、減緩措施與提供佐證文件名稱，由研華品質團隊逐一稽查與審視。本次受評合資公司中，無任何公司被識別出具人權風險，未來將持續確保跨組織治理的責任與人權保障能夠同步落實。,S,Yes,華積極將人權議題延伸至合資公司治理中，進行結構化人權風險辨識與調查，確保企業價值於跨公司治理中仍得以貫徹。首 ｜ 未來將持續確保跨組織治理的責任與人權保障能夠同步落實。,already,Yes,華積極將人權議題延伸至合資公司治理中，進行結構化人權風險辨識與調查，確保企業價值於跨公司治理中仍得以貫徹。首 ｜ ，鑑別出與合資公司相關的人權風險議題清單，合 ｜ 資公司需自評風險議題的預防方法、 ｜ 減緩措施與提供佐證文件名稱，由研華品質團隊逐一稽查與審視。,Not Clear,acl,2395,192,https://hsxn1sjvkgtdpixe.public.blob.vercel-storage.com/acl_2395_page_192.pdf,https://esg.advantech.com/zh-tw/downloads/sustainability-report
10122,"為響應聯合國《巴黎協定》及各國淨零排放目標，和碩已於2022年2月宣告加入科學基礎減量目標倡議(Science-Based Targets Initiative, SBTi)，並依循「控制全球氣溫上升幅度相較工業化前低於2°C，並努力限制在1.5°C之內」的科學基礎，並於2024年通過並承諾以下節能減碳目標：  1. 2030年相較於2021年，範疇一、範疇二絕對溫室氣體排放量降低42%  2. 2030年相較於2021年，範疇三絕對溫室氣體排放量降低25%  3. 2030年相較於2021年，單位營收之用電量降低25%  4. 2030年達成再生能源使用比例50%  5. 2050年實現淨零排放",E,Yes,為響應聯合國《巴黎協定》及各國淨零排放目標， ｜ 承諾以下節能減碳目標：  1. 2030年相較於2021年，範疇一、範疇二絕對溫室氣體排放量降低42%  2. 2030年相較於2021年，範疇三絕對溫室氣體排放量降低25%  3. 2030年相較於2021年，單位營收之用電量降低25%  4. 2030年達成再生能源使用比例50%  5. 2050年實現淨零排放,longer_than_5_years,Yes,"和碩已於2022年2月宣告加入科學基礎減量目標倡議(Science-Based Targets Initiative, SBTi)，並依循「控制全球氣溫上升幅度相較工業化前低於2°C，並努力限制在1.5°C之內」的科學基礎，",Clear,pegatron,4938,30,https://hsxn1sjvkgtdpixe.public.blob.vercel-storage.com/pegatron_4938_page_30.pdf,https://www.sustaihub.com/reports/%E5%92%8C%E7%A2%A9%E8%81%AF%E5%90%88%E7%A7%91%E6%8A%80%E8%82%A1%E4%BB%BD%E6%9C%89%E9%99%90%E5%85%AC%E5%8F%B8/e7bdbbd6-7493-401d-a2a2-b39b95a19700/
10707,台新因應氣候變遷，再進一步於 2022 年訂定了針對煤炭產業以及非典型油氣的相關脫碳路徑。我們規劃於 2030 年達到全面汰除煤礦開採、發電及相關基礎建設的企業信用 / 貸款、固定收益、基礎建設 / 專案融資部位，以及主動投資部位。針對非典型油氣，則規劃在 2040 年前逐步汰除焦油砂、油頁岩、北極天然氣、超深層海底開採等活動；其汰除部位與煤炭產業相同。另外，為了後續針對高碳排產業進行相關的統計與揭露及進一步的管理，訂定「台新金控氣候暨自然風險管理準則」，明定金控統一適用之「高碳排產業清單」。,E,Yes,進一步於 2022 年訂定了針對煤炭產業以及非典型油氣的相關脫碳路徑。我 ｜ 則規劃在 2040 年前逐步汰除焦油砂、油頁岩、北極天然氣、超深層海底開採等活動； ｜ 為了後續針對高碳排產業進行相關的統計與揭露及進一步的管理，,longer_than_5_years,Yes,訂定「台新金控氣候暨自然風險管理準則」，明定金控統一適用之「高碳排產業清單」。,Clear,taishin,2887,93,https://hsxn1sjvkgtdpixe.public.blob.vercel-storage.com/taishin_2887_page_93.pdf,https://www.tsholdings.com.tw/tsh/responsibility/report/
10305,"我們的產品維修部門自 2022 年以來一直致力於提供高效且優質的服務，但我們面臨了一些挑戰，尤其是在維修交貨天數 (TAT) 方面的表現下降。以下是近三年的總體表現與趨勢：  2022 年：共接受 2,315 件，平均維修交貨天數保持在 42 天。  2023 年：返修數量減少至 2,000 件，但平均維修交貨天數升至 46 天。  2024 年：返修數量增加至 2,573 件，但平均維修交貨天數升至 47 天。",S,Yes,自 2022 年以來一直致力於提供高效且優質的服務，,already,Yes,"我們面臨了一些挑戰，尤其是在維修交貨天數 (TAT) 方面的表現下降。以下是近三年的總體表現與趨勢：  2022 年：共接受 2,315 件，平均維修交貨天數保持在 42 天。  2023 年：返修數量減少至 2,000 件，但平均維修交貨天數升至 46 天。  2024 年：返修數量增加至 2,573 件，但平均維修交貨天數升至 47 天。",Clear,accton,2345,43,https://hsxn1sjvkgtdpixe.public.blob.vercel-storage.com/accton_2345_page_43.pdf,https://www.accton.com.tw/esg-documents/
10921,自然資源係指地球上可再生與不可再生的資源存量，這些資源共同為人類提供利益與服務。鴻海深知原材料使用與氣候變遷之間存在密切關聯，因此逐步推動原材料使用量的統計工作，為提升資源使用效率與回收率奠定基礎。,E,Yes,鴻海深知原材料使用與氣候變遷之間存在密切關聯，因此逐步推動原材料使用量的統計工作，為提升資源使用效率與回收率奠定基礎。,between_2_and_5_years,No,,,honhai,2317,150,https://hsxn1sjvkgtdpixe.public.blob.vercel-storage.com/honhai_2317_page_150.pdf,https://www.honhai.com/zh-tw/CSR
10720,"台積公司為降低半導體設計學用落差，推出 N16 製程的鰭式場效電晶體（FinFET）前瞻電路設計教育套件（ADFP），並與 OIP 夥伴合作，協助大學提升超大規模電路（VLSI）設計教學，從平面（Planar）製程進階至 FinFET 製程。截至民國 113 年，該套件已成功推廣至全球 150 所大學，350 多名教授獲得免費授權，嘉惠超過 6,300 名學子於課程中使用。此外，台積公司亦將套件提供給「大學校院積體電路設計競賽」的學子使用，協助其於競賽中運用現行的 FinFET 架構進行設計，提早接觸與業界同步的技術知識。同時，搭配台積公司 N16 及 N7 製程晶圓快捷專案，TSMC N16 ADFP 已成為教研合一的 FinFET 設計全球人才培育平台。",S,Yes,台積公司為降低半導體設計學用落差，推出 N16 製程的鰭式場效電晶體（FinFET）前瞻電路設計教育套件（ADFP），並與 OIP 夥伴合作，協助大學提升超大規模電路（VLSI）設計教學，從平面（Planar）製程進階至 FinFET 製程。截,already,Yes,"截至民國 113 年，該套件已成功推廣至全球 150 所大學，350 多名教授獲得免費授權，嘉惠超過 6,300 名學子於課程中使用。此外，台積公司亦將套件提供給「大學校院積體電路設計競賽」的學子使用，協助其於競賽中運用現行的 FinFET 架構進行設計，提早接觸與業界同步的技術知識。同時，搭配台積公司 N16 及 N7 製程晶圓快捷專案，TSMC N16 ADFP 已成為教研合一的 FinFET 設計全球人才培育平台。",Clear,tsmc,2330,66,https://hsxn1sjvkgtdpixe.public.blob.vercel-storage.com/tsmc_2330_page_66.pdf,https://esg.tsmc.com/zh-Hant/resources/ESG-data-hub?tab=reportbuilder
10857,藥華醫藥以病友為中心，致力增進醫護人員疾病知識，強化醫病關係以協助患者適切使用藥物，並透過產業培力幫助更多病患使用高品質藥物。,S,Yes,藥華醫藥以病友為中心，致力增進醫護人員疾病知識，強化醫病關係以協助患者適切使用藥物，並透過產業培力幫助更多病患使用高品質藥物。,between_2_and_5_years,No,,,pec,6446,5,https://hsxn1sjvkgtdpixe.public.blob.vercel-storage.com/pec_6446_page_5.pdf,https://www.pharmaessentia-esg.com/tw/download/detail#section-1
10583,¹ ASEP Cayman Ltd 及 Cyland Corp 在 ASEH 永續報告書發行前，溫室氣體盤查數據仍處於第三方查證階段  USI Hirschmann Car Communication GmbH、Hirschmann Car Communication Holding S.a.r.l、USI Asteelflash 及其所屬子公司，共 21 家已完成溫室氣體排放量盤查，預計 2026 年完成第三方查證,E,Yes,預計 2026 年完成第三方查證,within_2_years,No,,,aseh,3711,127,https://hsxn1sjvkgtdpixe.public.blob.vercel-storage.com/aseh_3711_esg_data_page_127.pdf,https://www.aseglobal.com/ch/csr/csr-download/
10695,中信金控遵循赤道原則及責任銀行原則，將環境、社會與公司治理 (ESG) 因素納入責任授信決策；遵循國際貸款協會之永續授信框架，透過專案融資、綠色貸款、永續績效連結貸款，以及永續相關專案避險與諮詢等產品服務，提供資金引導客戶淨零轉型，更將永續授信影響力延伸至海外，並透過持續推出創新金融商品促進供應鏈淨零轉型，兼顧財務報酬與環境及社會正向影響，與客戶攜手打造永續未來。,G,Yes,中信金控遵循赤道原則及責任銀行原則，將環境、社會與公司治理 (ESG) 因素納入責任授信決策；遵循國際貸款協會之永續授信框架， ｜ 透過專案融資、綠色貸款、永續績效連結貸款，以及永續相關專案避險與諮詢等產品服務，提供資金引導客戶淨零轉型，更將永續授信影響力延伸至海外，並透過持續推出創新金融商品促進供應鏈淨零轉型，兼顧財務報酬與環境及社會正向影響，與客戶攜手打造永續未來。,already,Yes,透過專案融資、綠色貸款、永續績效連結貸款，以及永續相關專案避險與諮詢等產品服務，提供資金引導客戶淨零轉型，更將永續授信影響力延伸至海外，並透過持續推出創新金融商品促進供應鏈淨零轉型，兼顧財務報酬與環境及社會正向影響，與客戶攜手打造永續未來。,Clear,ctbc,2891,40,https://hsxn1sjvkgtdpixe.public.blob.vercel-storage.com/ctbc_2891_page_40.pdf,https://ir.ctbcholding.com/c/esg_reports
10996,落實資訊安全維護不僅保障客戶與供應商權益，避免因資料外洩造成合作中斷與損失，更能成為產業標竿，建立資訊安全標準，保護員工職安與用戶個資，進而提升整體社會對資訊安全的重視與意識。,S,No,,,,,,mediatek,2454,10,https://hsxn1sjvkgtdpixe.public.blob.vercel-storage.com/mediatek_2454_page_10.pdf,https://corp.mediatek.tw/about/sustainability
10262,依據本公司供應商問卷調查自然相關風險分析結果，得出供應商依賴生態系統提供水資源、疾病控制；並對化石燃料與電力使用產生溫室氣體對自然環境產生較高衝擊，因此，本公司將專注供應商對水資源、空氣污染及疾病控制預防與管理情形，2024年將前揭預防與管理作為納入採購前的「廠商資料檢核表」檢核項目及「供應商分級評鑑」之評估指標項目，藉由「事前檢核」機制，加強供應商自然風險管理及「事後管理」機制，鼓勵供應商有更積極之自然風險管理作為。,S,Yes,本公司將專注供應商對水資源、空氣污染及疾病控制預防與管理情形，,already,Yes,2024年將前揭預防與管理作為納入採購前的「廠商資料檢核表」檢核項目及「供應商分級評鑑」之評估指標項目，藉由「事前檢核」機制，加強供應商自然風險管理及「事後管理」機制，鼓勵供應商有更積極之自然風險管理作為。,Clear,ffhc,2892,31,https://hsxn1sjvkgtdpixe.public.blob.vercel-storage.com/ffhc_2892_page_31.pdf,https://csr.firstholding.com.tw/tc/csr_report.html
10502,長期計畫：  進一步與 ERP 資料（如 Backlog、Shipment）即時同步至 Salesforce，並以多系統整合的方式呈現客戶關鍵指標（如贏單率、客戶終身價值、平均折扣、進行中的商機數量）。此舉不僅減少紙本的使用，也能精準追蹤業績表現，節約資源進而降低碳排放，體現環境面的永續理念。,G,Yes,長期計畫：,longer_than_5_years,Yes,統整合的方式呈現客戶關鍵指標（如贏單率、客戶終身價值、平均折扣、進行中的商機數量）。,Not Clear,acl,2395,86,https://hsxn1sjvkgtdpixe.public.blob.vercel-storage.com/acl_2395_page_86.pdf,https://esg.advantech.com/zh-tw/downloads/sustainability-report
10507,本年度報告書呈現統一超商在永續發展方面的觀點與具體作法，說明 2024 年公司治理、經濟、環境及社會面向的相關成果與未來規劃。同時，透過重大性評估流程（請參閱實踐永續管理章節），篩選出統一超商適用之重大主題，期望透過不同管道之揭露、溝通及回饋，為所有利害關係人創造最大共益，邁向最卓越零售商之目標。,E;S;G,Yes,期望透過不同管道之揭露、溝通及回饋，為所有利害關係人創造最大共益，邁向最卓越零售商之目標。,between_2_and_5_years,Yes,本年度報告書呈現統一超商在永續發展方面的觀點與具體作法，說明 2024 年公司治理、經濟、環境及社會面向的相關成果與未來規劃。同時，透過重大性評估流程（請參閱實踐永續管理章節），篩選出統一超商適用之重大主題，期,Not Clear,pcsc,2912,4,https://hsxn1sjvkgtdpixe.public.blob.vercel-storage.com/pcsc_2912_page_4.pdf,https://www.7-11.com.tw/Company/esg/reports.aspx
10959,EUV 製程需使用氫氣來維持光源的清潔與穩定，每台機台的耗氣量超過 400 公升／分鐘，現行處理方式需添加燃料或空氣，以燃燒式現地處理設備處理製程餘氫。為提升氫氣使用效益，台積公司與工研院綠能系統與環境科技所合作推動「EUV 製程餘氫資源化先期評估專案」，開發 10 瓩的質子交換膜燃料電池（PEMFC），將餘氫中的化學能轉換為電能，經測試在 50% 氫氣、每分鐘 240 公升的流量條件下，可達到 45% 發電效率。,E,Yes,為提升氫氣使用效益，台積公司與工研院綠能系統與環境科技所合作推動「EUV 製程餘氫資源化先期評估專案」，,between_2_and_5_years,Yes,開發 10 瓩的質子交換膜燃料電池（PEMFC），將餘氫中的化學能轉換為電能，經測試在 50% 氫氣、每分鐘 240 公升的流量條件下，可達到 45% 發電效率。,Clear,tsmc,2330,123,https://hsxn1sjvkgtdpixe.public.blob.vercel-storage.com/tsmc_2330_page_123.pdf,https://esg.tsmc.com/zh-Hant/resources/ESG-data-hub?tab=reportbuilder
10276,"海洋能穩定且可24小時運行的特性，提供了更穩定的供電選項，將成為能源轉型的重要突破口。台泥在台主要生產據點--花蓮和平港電廠三合一生產園區，所在地沿海地形特殊，往外1.8公里即達600公尺深溝，是海洋能發電的最佳基地。台泥積極投入海洋溫差發電技術(OTEC)，計畫運用電廠冷卻水與深層海水溫差進行熱交換，驅動渦輪機發電，第一階段規劃裝置容量1-2MW，預估每日穩定供電達2.4萬度，相當於2,000戶家庭用電。2024年已通過水下文化資產審查，環境影響評估(EIA)陸域及海洋生態調查已函送環境部審查中。目標2028年併網營運、2029年底商轉。",E,Yes,台泥積極投入海洋溫差發電技術(OTEC),between_2_and_5_years,Yes,洋能,Clear,tcc,1101,121,https://hsxn1sjvkgtdpixe.public.blob.vercel-storage.com/tcc_1101_page_121.pdf,https://www.tccgroupholdings.com/tw/esgReport.html
10005,關注人才關鍵議題，新加坡亞洲新聞臺（CNA）特別製作專題《Taiwan’s tech industry taps female talent pool amid labour shortage》，在報導中聚焦基金會所舉辦的 Girls! TECH Action 科技女孩工作坊，探討企業如何透過教育計畫來翻轉科技產業中的性別失衡，有效地減少女性在 STEM 領域的管漏現象，並鼓勵更多國高中女生投入 STEM（科學、技術、工程與數學）領域，並充分發揮女性在科技創新的潛力！在全球科技人才短缺的挑戰下，臺灣和新加坡對此議題都表現出高度關注。兩國的科技產業正積極尋找方法挖掘女性人才的潛力，希望藉此減緩人才短缺問題，並促進產業的多元樣貌化發展。透過教育和相關計畫，致力於提升女性在 STEM 領域的參與，確保科技創新能夠從更多元的觀點中受益，幫助解決當前的人才需求挑戰。,S,Yes,透過教育和相關計畫，致力於提升女性在 STEM 領域的參與，確保科技創新能夠從更多元的觀點中受益，幫助解決當前的人才需求挑戰。,already,Yes,關注人才關鍵議題，新加坡亞洲新聞臺（CNA）特別製作專題《Taiwan’s tech industry taps female talent pool amid labour shortage》，在報導中聚焦基金會所舉辦的 Girls! TECH Action 科技女孩工作坊，探討企業如何透過教育計畫來翻轉科技產業中的性別失衡，有效地減少女性在 STEM 領域的管漏現象，並鼓勵更多國高中女生投入 STEM（科學、技術、工程與數學）領域，並充分發揮女性在科技創新的潛力！在,Clear,mediatek,2454,82,https://hsxn1sjvkgtdpixe.public.blob.vercel-storage.com/mediatek_2454_page_82.pdf,https://corp.mediatek.tw/about/sustainability
10802,在快速變化的環境，金融業需要專業與跨域的創新科技人才，我們透過獎學金、金融教育、學術活動與產學合作等，培養未來的員工與開發新興金融科技的應用。,S,No,,,,,,taishin,2887,154,https://hsxn1sjvkgtdpixe.public.blob.vercel-storage.com/taishin_2887_page_154.pdf,https://www.tsholdings.com.tw/tsh/responsibility/report/
90014,每年依據員工健康檢查異常分析、健康管理成效、流行病學與問卷回饋，擬定年度健康管理計畫書並規劃各項健促活動，但年度計畫多為沿用前一年模板，僅微調活動日期與名稱，缺乏針對當年度新出現健康風險之具體對策。公司在內部報告中將一般年度健檢異常率自然下降，全部歸因於「健康管理計畫奏效」，未考量員工年齡結構改變與高風險人員離職等外部因素。實務上，對夜班、長工時與高壓職務之勞工，並未調整排班或工作負荷，而是以推廣運動打卡、步數競賽與線上正念課程，作為主要健康改善方案，將個人自我管理行為誤導性地當作公司已履行職責的證據。健康講座與問卷回饋也多由主管指示集體填寫，員工對不滿意項目普遍傾向保守作答，使調查結果低估實際壓力與職場風險，卻被公司用來宣稱整體職場健康狀況正向改善。,S,Yes,每年依據員工健康檢查異常分析、健康管理成效、流行病學與問卷回饋， ｜ 進行檢視與改善。,longer_than_5_years,Yes,進行健檢結果異常分級管理及追蹤時，將僅收到報告提醒但尚未就診者，也一併列入「已追蹤人數」，並將未再回覆系統訊息的員工視為「狀況已穩定」，藉此拉高追蹤完成率；實際上，多數高血壓、代謝症候群案件並未獲得持續醫療與職場改善。辦理健康講座及健促活動後，公司僅擷取少數正面回饋語錄置入報告，未揭露關於課程時段不符輪班制、實際無法參與等負面意見，卻以「平均滿意度 4.8 分」作為主要佐證指標。關於提供員工協助方案 (EAP) 心理諮商服務，公司將簡單的壓力自我檢測量表、單次公開分享會與被動提供專線電話，一併統稱為「心理諮商服務」，對外強調員工可隨時獲得一對一專業協助，卻未說明實際一對一深度諮商名額有限且需主管核准，造成真正有需要的員工難以使用。,Misleading,esfh,2884,146,https://hsxn1sjvkgtdpixe.public.blob.vercel-storage.com/esfh_2884_page_146.pdf,https://www.esunfhc.com/zh-tw/esg/resource-center/report
10766,舉辦第六屆「台灣大哥大永續論壇」，以「原生．多樣．創新．共融—用科技守護美好」為主題，聚焦全球迫切的氣候危機、減碳解方，攜手產官學界專家，提出以科技驅動永續發展的新藍海。台灣大董事長蔡明忠首度親臨論壇致開場詞，台灣大總經理林之晨則發表專題演講，邀請環境部次長施文真、經濟日報社長劉永平到場大力支持永續行動，並由行政院能源及減碳辦公室副執行長林子倫、台灣大哥大永續品牌公關副總劉麗惠、國立中興大學生命科學系終身特聘教授林幸助、Greentown Labs資深副總裁 Aisling Carlson等重量級嘉賓，探討「創新、科技驅動淨零，催生永續減碳新解方」，為論壇增國際與在地的多元觀點，吸引逾250位產業代表、學界專家及社會各界人士共襄盛舉。,E,Yes,舉辦第六屆「台灣大哥大永續論壇」，以「原生．多樣．創新．共融—用科技守護美好」為主題，,already,Yes,探討「創新、科技驅動淨零，催生永續減碳新解方」，為論壇增國際與在地的多元觀點，吸引逾250位產業代表、學界專家及社會各界人士共襄盛舉。,Clear,twm,3045,102,https://hsxn1sjvkgtdpixe.public.blob.vercel-storage.com/twm_3045_page_102.pdf,https://corp.taiwanmobile.com/esg/esg-report.html
10917,"2024年涵蓋所有主要產品進行客戶滿意度指標調查，總回收問卷數超過4,000份。使用指標滿意度量化轉換機制計算滿意度，2024年企金客戶平均整體滿意程度占比為97.6%、消金（zingala銀角零卡）客戶平均整體滿意程度占比為100%、短期租車客戶平均整體滿意程度占比為100%。顯示客戶對於公司整體服務滿意度皆超過設定目標達9成以上。  於調查結束後，除量化分析各項指標客戶滿意程度，更從質化角度針對特殊個案進一步了解。客戶於各項滿意度調查指標反應的聲音，皆提供相關單位作為檢討改善之參考依據，同時針對特殊個案質化分析之結果，排除不可控面向（如：風險考量）後，也啟動相關因應措施及流程改善。此一相關內容並納入經營管理委員會議討論議題，期望透過多元溝通管道的建立，能傾聽更多來自客戶的聲音、了解客戶真實的需求，提出最適切的改善之道，以提供客戶最卓越的服務為目標。",S,Yes,以提供客戶最卓越的服務為目標。,already,Yes,"總回收問卷數超過4,000份。 ｜ 2024年企金客戶平均整體滿意程度占比為97.6%、消金（zingala銀角零卡）客戶平均整體滿意程度占比為100%、短期租車客戶平均整體滿意程度占比為100%。 ｜ 客戶於各項滿意度調查指標反應的聲音，皆提供相關單位作為檢討改善之參考依據，同時針對特殊個案質化分析之結果，排除不可控面向（如：風險考量）後，也啟動相關因應措施及流程改善。此",Clear,chailease,5871,77,https://hsxn1sjvkgtdpixe.public.blob.vercel-storage.com/chailease_5871_page_77.pdf,https://www.chaileaseholding.com/CSR/ReportDownload
10686,意義：供應鏈為智邦永續成長的重要夥伴，智邦亦期望與供應鏈夥伴共同落實經濟與治理、環境保護、社會共融等 ESG 面向之企業社會責任，提升永續競爭力，創造永續未來。,E;S;G,Yes,期望與供應鏈夥伴共同落實經濟與治理、環境保護、社會共融等 ESG 面向之企業社會責任，提升永續競爭力，創造永續未來。,between_2_and_5_years,No,,,accton,2345,68,https://hsxn1sjvkgtdpixe.public.blob.vercel-storage.com/accton_2345_page_68.pdf,https://www.accton.com.tw/esg-documents/
10901,兆豐保險自 2021 年起每年持續與臺灣山林復育協會合作在地原生林植樹活動，至今已累積種植逾 400 顆在地原生植物種。今年適逢公司成立 93 周年，特別加辦在地原生復育暨構樹造紙親子活動，並擴大邀請員工及眷屬一同參與。有別以往單純的復育植樹，本次活動帶入樹木生命週期的概念，從隨處可見的當地構樹特性解說，至帶領親子體驗構樹木造紙的過程，大手牽小手共同進行苗木換盆並種下樹苗。希望藉由兆豐員工的親自參與，為愛護環境盡一份心力，更將綠色生活的概念傳給下一代、向下紮根。,E,Yes,每年持續與臺灣山林復育協會合作在地原生林植樹活動， ｜ 藉由兆豐員工的親自參與，為愛護環境盡一份心力，更將綠色生活的概念傳給下一代、向下紮根。,already,Yes,自  ｜ 2021  ｜ 年起每年持續與臺灣山林復育協會合作在地原生林植樹活動，至今已累積種植逾  ｜ 400  ｜ 顆在地原生植物種。 ｜ 特別加辦在地原生復育暨構樹造紙親子活動，並擴大邀請員工及眷屬一同參與。 ｜ 自參,Clear,mega,2886,150,https://hsxn1sjvkgtdpixe.public.blob.vercel-storage.com/mega_2886_page_150.pdf,https://esg.megaholdings.com.tw/frontend/Download
10850,"2024年4月22日，鴻海科技集團在公司成立50週年之際宣布響應RE100倡議，承諾到2040年全球廠區將全部使用綠電。RE100是氣候組織（The Climate Group）與碳揭露計劃（Carbon Disclosure Project, CDP）所主導的全球再生能源倡議，匯集全球有影響力的企業，共同推動使用綠電。加入的企業需公開承諾在2020至2050年間達成100%使用綠電的目標，並逐年報告進度。集團為配合全球能源轉型與低碳經濟發展之目的，持續以自建與收購方式增加屋頂式與地面式太陽電站裝機容量，通過直接採購綠電提高集團再生能源使用量及佔比，以減少溫室氣體排放量，同時還系統化獲取國際認可的可再生能源證書（RECs），持續完善綠色能源溯源體系，並且密切關注各國政策、掌握供電與電網基礎設施現況，積極布局綠能供電，打造具有韌性的清潔能源架構。",E,Yes,2024年4月22日，鴻海科技集團在公司成立50週年之際宣布響應RE100倡議，承諾到2040年全球廠區將全部使用綠電。,longer_than_5_years,Yes,"RE100是氣候組織（The  ｜ Climate  ｜ Group）與碳揭露計劃（Carbon  ｜ Disclosure  ｜ Project,  ｜ CDP）所主導的全球再生能源倡議，匯集全球有影響力的企業，共同推動使用綠電。加入的企業需公開承諾在2020至2050年間達成100%使用綠電的目標，並逐年報告進度。集團為配合全球能源轉型與低碳經濟發展之目的，持續以自建與收購方式增加屋頂式與地面式太陽電站裝機容量，通過直接採購綠電提高集團再生能源使用量及佔比，以減少溫室氣體排放量，同時還系統化獲取國際認可的可再生能源證書（RECs），持續完善綠色能源溯源體系，並且密切關注各國政策、掌握供電與電網基礎設施現況，積極布局綠能供電，打造具有韌性的清潔能源架構。",Clear,honhai,2317,125,https://hsxn1sjvkgtdpixe.public.blob.vercel-storage.com/honhai_2317_page_125.pdf,https://www.honhai.com/zh-tw/CSR
10125,海洋生態系是地球上最大的水域生態系，孕育著豐富的生物和天然資源，對維持人類生存與繁榮至關重要。然而，海洋正面臨氣候變遷、汙染和外來物種入侵等威脅。作為與海洋息息相關的航運業者，萬海肩負著保護生態的責任，從多方面著手，減少營運過程中對生態的負面影響，為創造一個更潔淨、更健康的地球貢獻力量。生物多樣性支持著食物鏈的構成、氣候調節、水質淨化等各種生態服務，是讓整個生態系統穩定的基礎。2022 年 COP15 後訂定的昆明 - 蒙特婁全球生物多樣性框架，明確了全球生物多樣性的目標：「 30 x 30 」，旨在 2030 年前保護 30% 的陸域與海域的物種多樣性。    萬海參考台灣農業部及自然保育署、TCCIP 所提供的資訊、LEAP 流程、ENCORE 評估工具，初步辨識、評估與管理母公司的營運活動對自然的依賴與影響。萬海的營運總部主要位於台灣，檢視農業部及自然保育署所提供之圖資，皆不位於自然保護區範圍內，對自然環境的直接影響較小，但航運業務與海洋緊密相關，對沿岸自然生態系統在防洪和防護風暴方面有高度依賴。同時，船舶航行所產生的噪音、溫室氣體、廢棄物，以及運輸過程中可能夾帶的外來種，均會對自然環境造成不同程度的影響。    萬海不僅致力於減少氣體和廢棄物排放，還透過各項管理計劃防止外來種入侵並進行生態保育。同時，持續在台灣進行植樹造林，打造能保護海岸線完整的海岸林。未來，萬海將繼續努力降低對環境的影響，並積極與供應鏈夥伴溝通，共同為維護自然生態的永續發展貢獻力量。,E,Yes,萬海肩負著保護生態的責任，從多方面著手，減少營運過程中對生態的負面影響，為創造一個更潔淨、更健康的地球貢獻力量。生,between_2_and_5_years,Yes,萬海參考台灣農業部及自然保育署、TCCIP 所提供的資訊、LEAP 流程、ENCORE 評估工具，初步辨識、評估與管理母公司的營運活動對自然的依賴與影響。 ｜ 萬海不僅致力於減少氣體和廢棄物排放，還透過各項管理計劃防止外來種入侵並進行生態保育。同時，持續在台灣進行植樹造林，打造能保護海岸線完整的海岸林。未來，萬海將繼續努力降低對環境的影響，並積極與供應鏈夥伴溝通，共同為維護自然生態的永續發展貢獻力量。,Clear,wanhai,2615,77,https://hsxn1sjvkgtdpixe.public.blob.vercel-storage.com/wanhai_2615_page_77.pdf,https://esg.wanhai.com/wanhai/download?d=503295611635b4bd41da85
10903,表彰食品產業在營養與保健領域的創新突破，獲獎產品結合最新科學技術與健康概念，提供更優質的營養補充選擇。健康 3D 紅麴+鉻雙效錠不僅取得健康食品「調節血脂、血糖」雙效標章，2024 年 3 月在眾多競爭產品中脫穎而出，獲 2024 營養保健食品創新獎「唯一金獎」的肯定。這是暨 2022 年榮獲「台灣生技大獎」，2023 年代表台灣，在國際發明競賽中，勇奪雙面金牌 ( 馬來西亞 MTE 國際發明展、俄羅斯阿基米德國際發明展 ) 以外，連續 3 年獲國內外專家的肯定。,S,No,,,,,,unipresident,1216,39,https://hsxn1sjvkgtdpixe.public.blob.vercel-storage.com/unipresident_1216_page_39.pdf,https://esg.sp88.tw/book.php
10719,職安衛工作不同於產品生產，它以「以人為本」為核心，更重視每位工作者的健康與安全。南科園區長期以來透過廠商間的經驗分享，攜手提升風險控管能力，營造安全、友善的工作環境，建立起優質的職安衛文化。自 2019 年加入緯穎智造以來，我有幸在主管支持與夥伴協力下，逐步建立穩健的職安衛管理制度與文化，順利通過多項 ISO 與 RBA 等國際認證，背後凝聚的是團隊的努力與付出。我們也陸續獲得各單位的肯定，在 ESG 永續領域屢創佳績，這些榮譽是鼓勵，更是推動我們持續前行的動力，也讓我深刻體會到團隊的力量與價值。一路走來，感謝每位同仁的支持與陪伴，未來也將持續努力，守護大家的健康與安全，讓我們都能快樂上班、平安回家，讓工作成為一段充滿意義的旅程。,S,Yes,南科園區長期以來透過廠商間的經驗分享，攜手提升風險控管能力，營造安全、友善的工作環境，建立起優質的職安衛文化。 ｜ 未來也將持續努力，守護大家的健康與安全，讓我們都能快樂上班、平安回家，讓工作成為一段充滿意義的旅程。,longer_than_5_years,No,,,wiwynn,6669,127,https://hsxn1sjvkgtdpixe.public.blob.vercel-storage.com/wiwynn_6669_page_127.pdf,https://www.wiwynn.com/zh/esg?srsltid=AfmBOorvFrT1ZHOSpBKt9v6gwVkwdiWT6ZYLhQDWqQ06r_frvS6qSFZM
10516,統一企業秉持「尊重生命」的企業精神與承諾，用心關懷員工健康及構築安全舒適之職場環境，實施健康管理及每年不定期辦理健康促進，預防傷害疾病發生。2024 年針對全體員工辦理多場健康促進課程，涵蓋的主題有聽力保護教育訓練及粉塵噪音游離輻射危害預防、AED 及 CPR 急救技能實務操作教育訓練及健康促進專題演講，如睡眠品質改善、遠離三高預防慢性病、減重營養、代謝症候群暨心血管疾病預防、人因性肌肉骨骼危害預防、職業傷病防治之職場健康促進與管理等，為員工建立安全與健康的職場環境，並透過不定期走動至廠內關懷潛在健康高風險人員及需要關懷之人員、每月發行健康資訊月刊以提升員工健康意識，透過讓員工參與各項健康促進活動，達成全面性的健康照護，並每三年並取得健康促進標章展延。,S,Yes,統一企業秉持「尊重生命」的企業精神與承諾，用心關懷員工健康及構築安全舒適之職場環境，實施健康管理及每年不定期辦理健康促進，預防傷害疾病發生。2,longer_than_5_years,Yes,2024 年針對全體員工辦理多場健康促進課程，涵蓋的主題有聽力保護教育訓練及粉塵噪音游離輻射危害預防、AED 及 CPR 急救技能實務操作教育訓練及健康促進專題演講，如睡眠品質改善、遠離三高預防慢性病、減重營養、代謝症候群暨心血管疾病預防、人因性肌肉骨骼危害預防、職業傷病防治之職場健康促進與管理等，為員工建立安全與健康的職場環境，並透過不定期走動至廠內關懷潛在健康高風險人員及需要關懷之人員、每月發行健康資訊月刊以提升員工健康意識，透過讓員工參與各項健康促進活動，達成全面性的健康照護，並每三年並取得健康促進標章展延。,Clear,unipresident,1216,64,https://hsxn1sjvkgtdpixe.public.blob.vercel-storage.com/unipresident_1216_page_64.pdf,https://esg.sp88.tw/book.php
10631,為減少各項能源耗用，合庫金控導入「ISO 50001 能源管理系統」，透過各項自發性之行動計畫與改善方案，致力節能、創能與購能，提升能源使用效率與再生能源使用比率，達成節能目標，實踐環境保護之責任。,,Yes,升能源使用效率與再生能源使用比率，達成節能目標，實踐環境保護之責任。,already,Yes,合庫金控導入「ISO  ｜ 50001  ｜ 能源管理系統」，,Clear,tcfhc,5880,163,https://hsxn1sjvkgtdpixe.public.blob.vercel-storage.com/tcfhc_5880_page_163.pdf,https://esg.tcfhc.com.tw/report-download/
10060,"本公司現任董事共11席，包含7位董事及4位獨立董事，年齡介於50至83歲間，包括3位女性，兼任公司員工之董事共3位，累積平均任期為7.91年。成員擁有生技、金融、教育及財務金融等產業之豐富經驗與專業，具備執行職務所需之知識、技能與素養，其中亦包括一位國家發展基金管理會代表，提升產業成長動能。4位獨立董事中，1名任期年資在5年以上，其經驗橫跨產、官、學三界，擁有傑出全球生技業生產與製造經驗，故繼續借重專業經驗，給與董事會監督並提供專業意見；另聘任1名美籍人士Jeffrey R. Williams, Mr. Williams專精財務與教育領域，可以就近指導美國子公司相關業務。為持續落實董事會多元化組成，藥華醫藥未來將以董事會任一性別達席次1/3為目標邁進。",G,Yes,為持續落實董事會多元化組成，藥華醫藥未來將以董事會任一性別達席次1/3為目標邁進。,between_2_and_5_years,Yes,"本公司現任董事共11席，包含7位董事及4位獨立董事，年齡介於50至83歲間，包括3位女性，兼任公司員工之董事共3位，累積平均任期為7.91年。成員擁有生技、金融、教育及財務金融等產業之豐富經驗與專業，具備執行職務所需之知識、技能與素養，其中亦包括一位國家發展基金管理會代表，提升產業成長動能。4位獨立董事中，1名任期年資在5年以上，其經驗橫跨產、官、學三界，擁有傑出全球生技業生產與製造經驗，故繼續借重專業經驗，給與董事會監督並提供專業意見；另聘任1名美籍人士Jeffrey R. Williams, Mr. Williams專精財務與教育領域，可以就近指導美國子公司相關業務。為",Clear,pec,6446,29,https://hsxn1sjvkgtdpixe.public.blob.vercel-storage.com/pec_6446_page_29.pdf,https://www.pharmaessentia-esg.com/tw/download/detail#section-1
10039,"聯電集團除持續提升能源效率外，亦規劃多元能源使用，積極設置廠內再生能源，更將太陽能系統列為新建廠房標準設計建置項目，發電量連續 5 年增長。2024 年原規劃設置太陽光電 500kW 計畫調整，整併於 2025 年設置合計約 900kW。至 2024 年止，聯電集團已安裝峰值發電容量超過 14,000 瓩 (kWp) 之太陽光電系統，預估每年發電量達 15,000 MWh。惟太陽光電主要受氣候等因素影響，例如 2024 年台灣地區有多次颱風過境進而影響發電量，此發電量為預估值非為固定值。2024 年聯電集團太陽光電系統自用發電量共 14,399MWh，近乎所有太陽光電發電皆轉為自發自用，並將持續增加自發自用綠電，支持潔淨能源不遺餘力。",E,Yes,聯電集團除持續提升能源效率外，亦規劃多元能源使用，積極設置廠內再生能源，更將太陽能系統列為新建廠房標準設計建置項目，發電量連續 5 年增長。2 ｜ 2 ｜ 近乎所有太陽光電發電皆轉為自發自用，並將持續增加自發自用綠電，支持潔淨能源不遺餘力。,longer_than_5_years,Yes,"2024 年原規劃設置太陽光電 500kW 計畫調整，整併於 2025 年設置合計約 900kW。至 2024 年止，聯電集團已安裝峰值發電容量超過 14,000 瓩 (kWp) 之太陽光電系統，預估每年發電量達 15,000 MWh。惟太陽光電主要受氣候等因素影響，例如 2024 年台灣地區有多次颱風過境進而影響發電量，此發電量為預估值非為固定值。2024 年聯電集團太陽光電系統自用發電量共 14,399MWh，",Clear,umc,2303,106,https://hsxn1sjvkgtdpixe.public.blob.vercel-storage.com/umc_2303_page_106.pdf,https://www.umc.com/zh-TW/Download/corporate_sustainability_reports
10256,"2024年，集團再生能源發電總裝置容量達332.90MW，再生能源使用總量達6,728.96 GWh，再生能源使用佔比 41.81%。關於集團的能源消耗數據，請查詢附錄-關鍵量化指標-能源管理。",E,No,,,,,,honhai,2317,126,https://hsxn1sjvkgtdpixe.public.blob.vercel-storage.com/honhai_2317_page_126.pdf,https://www.honhai.com/zh-tw/CSR
10179,"落實環境永續、實踐永續承諾是本公司的企業使命,本公司遵循永續經營理念,將環境永續納入公司營運與管理,並以 2050 年淨零排放為首要目標,打造綠色金融品牌,致力實現六大環境永續承諾,包含永續營運、氣候調適、綠色採購、綠色金融、友善環境與企業公益。此外,本公司也積極透過內外部活動及論壇,提升員工及社會大眾的環境永續意識,並透過制定具包容性且具永續風險意識的投資方針,兼顧環境保護、企業誠信及社會責任等要點納入投資時之考量,尋找永續投資標的進行投資,發揮企業影響力,影響各利害關係人從關注、了解進而參與環境議題,共同守護環境,邁向減碳未來。",E,Yes,"落實環境永續、實踐永續承諾是本公司的企業使命,本公司遵循永續經營理念,將環境永續納入公司營運與管理,並以 2050 年淨零排放為首要目標,打造綠色金融品牌,致力實現六大環境永續承諾,包含永續營運、氣候調適、綠色採購、綠色金融、友善環境與企業公益。此外,本公司也積極透過內外部活動及論壇,提升員工及社會大眾的環境永續意識,並透過制定具包容性且具永續風險意識的投資方針,兼顧環境保護、企業誠信及社會責任等要點納入投資時之考量,尋找永續投資標的進行投資,發揮企業影響力,影響各利害關係人從關注、了解進而參與環境議題,共同守護環境,邁向減碳未來。",longer_than_5_years,Yes,"將環境永續納入公司營運與管理, ｜ 本公司也積極透過內外部活動及論壇, ｜ 透過制定具包容性且具永續風險意識的投資方針,兼顧環境保護、企業誠信及社會責任等要點納入投資時之考量,尋找永續投資標的進行投資,發揮企業影響力,影響各利害關係人從關注、了解進而參與環境議題,",Not Clear,fubon,2881,115,https://hsxn1sjvkgtdpixe.public.blob.vercel-storage.com/fubon_2881_page_115.pdf,https://esg.fubonlife.com.tw/esg-report
10034,"智邦科技所屬之網路通訊產業並非直接高度仰賴自然資源的產業，但鑑於生物多樣性流失風險已僅次於氣候風險，故響應聯合國「昆明 - 蒙特婁全球生物多樣性框架（GBF）」之「行動目標 15：企業責任」，參考「自然相關財務揭露計畫（The Taskforce on Nature-related Financial Disclosures, TNFD）」，以「LEAP」方法學，逐步盤點重要營運據點與生態系統服務之關聯。2024 年亦從自身做起，以大新竹在地為出發，關注城市生態環境，並與政府單位、保育團體合作，投注資源支持生物多樣性監測計畫及環境教育推廣活動。",E;S,Yes,2024 年亦從自身做起，以大新竹在地為出發，關注城市生態環境，並與政府單位、保育團體合作，投注資源支持生物多樣性監測計畫及環境教育推廣活動。,already,Yes,"故響應聯合國「昆明 - 蒙特婁全球生物多樣性框架（GBF）」之「行動目標 15：企業責任」，參考「自然相關財務揭露計畫（The Taskforce on Nature-related Financial Disclosures, TNFD）」，以「LEAP」方法學，逐步盤點重要營運據點與生態系統服務之關聯。",Clear,accton,2345,96,https://hsxn1sjvkgtdpixe.public.blob.vercel-storage.com/accton_2345_page_96.pdf,https://www.accton.com.tw/esg-documents/
10998,玉山除持續舉辦松年大學信託宣導活動外，更啟動信託 2.0 村里信託宣導行動計畫，在臺灣偏鄉地區及離島地區舉辦系列安養信託宣導講座，與高齡長者進行近距離接觸，宣傳如何運用信託制度「護財產、防詐騙、顧安養」。,S,Yes,續舉辦松年大學信託宣導活動外，更啟動信託 2.0 村里信託宣導行動計畫，,between_2_and_5_years,Yes,在臺灣偏鄉地區及離島地區舉辦系列安養信託宣導講座，與高齡長者進行近距離接觸，宣傳如何運用信託制度「護財產、防詐騙、顧安養」。,Clear,esfh,2884,87,https://hsxn1sjvkgtdpixe.public.blob.vercel-storage.com/esfh_2884_page_87.pdf,https://www.esunfhc.com/zh-tw/esg/resource-center/report
10293,"符合 ISO 45001 管理架構精神，透過內外部稽核，安衛部門環境巡檢提案及各部門自主檢查提案 (2024 年自主檢查查達 96.3%，優於年度目標 93.9%)、各單位安全衛生績效評核、安衛部門執行內部稽核，2024 年共 38 場次內部稽核，開立 11 件矯正措施單，亦藉由內部稽核活動進行雙向溝通、每年執行第三方單位外部稽核、環境安全巡檢系統 (Safety& Environment Event Tracking System, SETS)：員工自主提案環境缺失並追蹤改善案件共 1,555 件。",S,Yes,符合 ISO 45001 管理架構精神，,longer_than_5_years,Yes,"透過內外部稽核，安衛部門環境巡檢提案及各部門自主檢查提案 (2024 年自主檢查查達 96.3%，優於年度目標 93.9%)、各單位安全衛生績效評核、安衛部門執行內部稽核，2024 年共 38 場次內部稽核，開立 11 件矯正措施單，亦藉由內部稽核活動進行雙向溝通、每年執行第三方單位外部稽核、環境安全巡檢系統 (Safety& Environment Event Tracking System, SETS)：員工自主提案環境缺失並追蹤改善案件共 1,555 件。",Clear,npc,1303,13,https://hsxn1sjvkgtdpixe.public.blob.vercel-storage.com/npc_1303_page_13.pdf,https://www.nanya.com/ESG/tw
10618,世芯電子為落實誠信經營政策並積極防範不誠信行為，強調從事商業活動需基於公平、誠實、守信、透明等原則，故依《上市上櫃公司誠信經營守則》及本公司集團企業與臺灣在地相關法令，訂定《誠信經營守則》與《誠信經營作業程序及行為指南》，具體規範本公司人員於執行業務時應注意之事項。  本公司人力資源部門為企業誠信經營專責單位，負責「誠信經營守則」、「誠信經營作業程序及行為指南」及「檢舉非法與不道德或不誠信行為案件之處理辦法」辦法之修訂及監督執行，並每年至少一次向董事會報告誠信經營執行成果。  如世芯電子發現或接獲檢舉本公司人員涉有不誠信之行為時，應即刻查明是否屬實，如經查證確實有違反相關法令或本公司誠信經營政策，應立即要求行為人停止相關行為。當情節重大時，依相關法令或依公司人事辦法予以解任或解僱，且於必要時得透過法律程序請求損害賠償，以維護世芯電子之名譽及權益。另外，為有效落實我們對誠信經營的政策，本公司在與他人建立商業關係前，均會先行評估產品相關廠商之合法性、誠信經營政策，並於合約內容中包含遵守誠信經營政策之條款，未來也將持續擴大對各供應商與商業夥伴在誠信經營方面的要求，期望透過打造良好的商業關係，共同實踐對誠信經營的承諾。誠信經營相關規範也已放置於企業官網中，提供各商業夥伴不定期進行檢視，了解本公司之誠信經營方針。,G,Yes,落實誠信經營政策並積極防範不誠信行為， ｜ 未來也將持續擴大對各供應商與商業夥伴在誠信經營方面的要求，期望透過打造良好的商業關係，共同實踐對誠信經營的承諾。,already,Yes,依《上市上櫃公司誠信經營守則》及本公司集團企業與臺灣在地相關法令，訂定《誠信經營守則》與《誠信經營作業程序及行為指南》，具體規範本公司人員於執行業務時應注意之事項。 ｜ 本公司人力資源部門為企業誠信經營專責單位，負責「誠信經營守則」、「誠信經營作業程序及行為指南」及「檢舉非法與不道德或不誠信行為案件之處理辦法」辦法之修訂及監督執行，並每年至少一次向董事會報告誠信經營執行成果。  如世芯電子發現或接獲檢舉本公司人員涉有不誠信之行為時，應即刻查明是否屬實，如經查證確實有違反相關法令或本公司誠信經營政策，應立即要求行為人停止相關行為。當情節重大時，依相關法令或依公司人事辦法予以解任或解僱，且於必要時得透過法律程序請求損害賠償，以維護世芯電子之名譽及權益。另 ｜ 本公司在與他人建立商業關係前，均會先行評估產品相關廠商之合法性、誠信經營政策，並於合約內容中包含遵守誠信經營政策之條款，,Clear,alchip,3661,41,https://hsxn1sjvkgtdpixe.public.blob.vercel-storage.com/alchip_3661_page_41.pdf,https://www.alchip.com/tw/About_Alchip/esg
10964,兆豐金控業已訂定《檢舉案件處理準則》，由法令遵循部負責受理檢舉案件、董事會稽核室負責調查案件，以及檢舉案件審議委員會負責審議案件，明定檢舉專線、檢舉信箱及對檢舉人之保護措施，並由法令遵循部每年以實體課程方式，至少辦理一次檢舉制度宣導及教育訓練，使集團員工理解檢舉制度舉報管道及程序，兆豐金控接受匿名檢舉方式，使吹哨者可直接向專責受理單位匿名舉報違法或違規行為，並依《檢舉案件處理準則》第十五條第一項第二款規定辦理，「不得因檢舉案件而對內部檢舉人予以解僱、解任、降調、減薪、損害其依法令、契約或習慣上所應享有之權益，或其他不利處分」以落實報復零容忍政策，確保吹哨者不會受到報復。,G,Yes,以落實報復零容忍政策，確保吹哨者不會受到報復。,already,Yes,兆豐金控業已訂定《檢舉案件處理準則》，由法令遵循部負責受理檢舉案件、董事會稽核室負責調查案件，以及檢舉案件審議委員會負責審議案件，明定檢舉專線、檢舉信箱及對檢舉人之保護措施，並由法令遵循部每年以實體課程方式，至少辦理一次檢舉制度宣導及教育訓練，使集團員工理解檢舉制度舉報管道及程序，兆豐金控接受匿名檢舉方式，使吹哨者可直接向專責受理單位匿名舉報違法或違規行為，並依《檢舉案件處理準則》第十五條第一項第二款規定辦理，「不得因檢舉案件而對內部檢舉人予以解僱、解任、降調、減薪、損害其依法令、契約或習慣上所應享有之權益，或其他不利處分」以,Clear,mega,2886,40,https://hsxn1sjvkgtdpixe.public.blob.vercel-storage.com/mega_2886_page_40.pdf,https://esg.megaholdings.com.tw/frontend/Download
10480,自 2011 年起，基金會支持青少年表演藝術聯盟舉辦「花樣年華全國青少年戲劇節」，這是全國規模最大的高中生戲劇創作比賽；透過半年的賽程與專業課程，陪伴青少年在劇場中探索自我，學習溝通、合作與互助。今年的主題《活著》吸引全台 70 所學校、超過 400 名學生參與，並結合在地劇團與劇場工作者的力量，跨區攜手培育高中生創作，透過戲劇表達他們對生存的思考與對未來的期許。戲劇節不僅提升學生的創造力、表達力與行動力，更透過團隊合作讓青少年反思自我、認識社會，學會同理他人與接納自己。戲劇節以劇場為平台，讓青少年藉由創作找到人生的目標與夢想，並為青春留下深刻而有意義的印記。,S,Yes,自 2011 年起，基金會支持青少年表演藝術聯盟舉辦「花樣年華全國青少年戲劇節」，這是全國規模最大的高中生戲劇創作比賽；透過半年的賽程與專業課程，陪伴青少年在劇場中探索自我，學習溝通、合作與互助。今,already,Yes,今年 ｜ 年的主題《活著》吸引全台 70 所學校、超過 400 名學生參與，並結合在地劇團與劇場工作者的力量，跨區攜手培育高中生創作，透過戲劇表達他們對生存的思考與對未來的期許。戲劇節不僅提升學生的創造力、表達力與行動力，更透過團隊合作讓青少年反思自我、認識社會，學會同理他人與接納自己。戲劇節以劇場為平台，讓青少年藉由創作找到人生的目標與夢想，並為青春留下深刻而有意義的印記。,Clear,umc,2303,188,https://hsxn1sjvkgtdpixe.public.blob.vercel-storage.com/umc_2303_page_188.pdf,https://www.umc.com/zh-TW/Download/corporate_sustainability_reports
10362,目標：Scope 1、2、3在 2050年達成淨零排放。    - Scope 1：  逐步汰換成 GWP 值較低之環保冷媒；車輛監控降低怠速，逐步汰換電動車。  - Scope 2：  持續節能減碳，積極布局綠能使用。2040年前，預估投入百億布局綠電及低碳設備與投資，並設定RE100綠能使用路徑分年分階段逐步達成100%再生能源使用。  - Scope 3：  協助供應商實現設定的減碳目標。,E,Yes,2050年達成淨零排放。,longer_than_5_years,Yes,逐步汰換成 GWP 值較低之環保冷媒；車輛監控降低怠速，逐步汰換電動車。   ｜ 持續節能減碳，積極布局綠能使用。 ｜ 。20 ｜ 040年前，預估投入百億布局綠電及低碳設備與投資，並設定RE100綠能使用路徑分年分階段逐步達成100%再生能源使用。   ｜ 協助供應商實現設定的減碳目標。,Clear,twm,3045,90,https://hsxn1sjvkgtdpixe.public.blob.vercel-storage.com/twm_3045_page_90.pdf,https://corp.taiwanmobile.com/esg/esg-report.html
10531,本公司每次採購均要求供應商須符合國家相關法令，包含：廠商工安資格、ISO 合格、隨貨標示危害物公告及圖式等標準條件。且廠商須妥善回收使用容器或裝載輔具及優先採購身心障礙團體生產之物品等，本公司於「詢價單」與「訂購通知」中要求供應商確實遵守規定，並說明企業永續經營精神之立場，以及遵守公平交易原則，致力要求往來廠商符合環保、工安及人權之需求。,S,Yes,本公司每次採購均要求供應商須符合國家相關法令， ｜ 並說明企業永續經營精神之立場，以及遵守公平交易原則，致力要求往來廠商符合環保、工安及人權之需求。,between_2_and_5_years,Yes,包含：廠商工安資格、ISO 合格、隨貨標示危害物公告及圖式等標準條件。且廠商須妥善回收使用容器或裝載輔具及優先採購身心障礙團體生產之物品等，本公司於「詢價單」與「訂購通知」中要求供應商確實遵守規定，,Clear,fpcc,6505,34,https://hsxn1sjvkgtdpixe.public.blob.vercel-storage.com/fpcc_6505_page_34.pdf,https://fpcc-esg.com/
10837,陽明海運致力於推廣海運業之文化與教育，對於青年學子之培育更是不落人後，期望透過多元教育的實踐培養更具卓越的海運專業知識和技能的人才，從而實現企業的長期發展和繁榮。為此，本公司積極推動各項產學合作教育培育計畫，加強海事教育與產業接軌，深化實務教學藉以啟發與促進年輕人的成長和發展。除透過設備廠商提供之課程進行內部訓練，也與國立臺灣海洋大學及國立高雄科技大學進行產學合作，透過研究資源與硬體支援互補，攜手培育海勤人員，縮短學校教育與業界人才需求之距離，更促使臺灣海事人カ資源與國際對接。,S,Yes,陽明海運致力於推廣海運業之文化與教育， ｜ 期望透過多元教育的實踐培養更具卓越的海運專業知識和技能的人才，從而實現企業的長期發展和繁榮。 ｜ 為此，本公司積極推動各項產學合作教育培育計畫,between_2_and_5_years,Yes,加強海事教育與產業接軌，深化實務教學藉以啟發與促進年輕人的成長和發展。除透過設備廠商提供之課程進行內部訓練，也與國立臺灣海洋大學及國立高雄科技大學進行產學合作，透過研究資源與硬體支援互補，攜手培育海勤人員，縮短學校教育與業界人才需求之距離，更促使臺灣海事人カ資源與國際對接。,Clear,ymtc,2609,140,https://hsxn1sjvkgtdpixe.public.blob.vercel-storage.com/ymtc_2609_page_140.pdf,https://esg.yangming.com/esg/sustainability_report/1/
10501,風險評鑑程序參考 ISO/IEC 27005 資通安全風險管理實務指引，針對各項資通訊資產列出所有可能的威脅及弱點，如人員組織之調查，以及網路或主機之安全漏洞問題，以了解各項資通訊資產所暴露於威脅與弱點環境的程度。其中弱點值是指在現有控制措施之下，弱點脆弱度被利用之容易程度；威脅值是指在現有控制措施之下，威脅利用弱點發生之機率；再鑑別衝擊值，指威脅利用弱點對資產造成影響之程度；最後計算出資訊安全系統脆弱度的風險值，以進行後續風險處理程序。相關內容已納入資安管理之SOP-「ISMS-001資通安全管理作業規範與程序」制度中。,S,No,,,,,,twm,3045,163,https://hsxn1sjvkgtdpixe.public.blob.vercel-storage.com/twm_3045_page_163.pdf,https://corp.taiwanmobile.com/esg/esg-report.html
10741,「FBLI 智能業務管理」系統自動化彙整客戶互動與過往接觸歷程，涵蓋「需求銷售流程 (NPSS)」與「增員流程 (PRSS)」二面向，集結客戶「問卷、產險成交、保單健檢、壽險成交」銷售歷程，以及「夢想試算、模考紀錄、職前課程、公會考試/登錄」增員等資訊，協助業務同仁提供不同樣貌客戶的專屬個人化服務，透過數位科技提升商業推動效能。2024 年更升級為業務管理系統，創新自我管理及追蹤功能，協助業務同仁隨時掌握自己的活動量，朝向設定目標邁進，並在客戶名單自動匯入，及行銷、增員歷程數位化彙整之外，提供個人化自訂「經營客戶名單」，以及「訪談引導模組」自訂與分享機制，便於業務同仁活化客戶名單，提升運用彈性與效益。,S;G,Yes,協助業務同仁提供不同樣貌客戶的專屬個人化服務，透過數位科技提升商業推動效能。 ｜ 便於業務同仁活化客戶名單，提升運用彈性與效益。,already,Yes,「FBLI 智能業務管理」系統自動化彙整客戶互動與過往接觸歷程，涵蓋「需求銷售流程 (NPSS)」與「增員流程 (PRSS)」二面向，集結客戶「問卷、產險成交、保單健檢、壽險成交」銷售歷程，以及「夢想試算、模考紀錄、職前課程、公會考試/登錄」增員等資訊， ｜ 2024 年更升級為業務管理系統，創新自我管理及追蹤功能，協助業務同仁隨時掌握自己的活動量，朝向設定目標邁進，並在客戶名單自動匯入，及行銷、增員歷程數位化彙整之外，提供個人化自訂「經營客戶名單」，以及「訪談引導模組」自訂與分享機制，,Clear,fubon,2881,99,https://hsxn1sjvkgtdpixe.public.blob.vercel-storage.com/fubon_2881_page_99.pdf,https://esg.fubonlife.com.tw/esg-report
10627,凱基金控支持氣候轉型以識別實際需要原則（節約、必要性、不過量、避免浪費等），綠色採購及節能減碳（以低污染、低耗能、可回收且具環保標章認證之設備或產品為優先，減少採購一次性物品），持續鼓勵供應商取得或銷售具有國內外環保標章產品，納入相關ISO認證（支持氣候轉型）供應商之交易金額統計，並實施包裝紙箱、空瓶及影印機碳粉匣等資源回收措施，綠色採購原則及在地採購原則請參考 凱基金控官網。,E,Yes,凱基金控支持氣候轉型以識別實際需要原則（節約、必要性、不過量、避免浪費等），綠色採購及節能減碳（以低污染、低耗能、可回收且具環保標章認證之設備或產品為優先，減少採購一次性物品），持續鼓勵供應商取得或銷售具有國內外環保標章產品，納入相關ISO認證（支持氣候轉型）供,already,Yes,供應商之交易金額統計，並實施包裝紙箱、空瓶及影印機碳粉匣等資源回收措施，綠,Clear,kgi,2883,109,https://hsxn1sjvkgtdpixe.public.blob.vercel-storage.com/kgi_2883_page_109.pdf,https://www.kgi.com/zh-tw/esg
10183,聯電集團於 2021 年宣告加入 RE100 國際再生能源倡議，成為全球第二家加入 RE100 行列的半導體晶圓代工業者，承諾 2050 年 100% 採用再生能源。2024 年，聯電集團的再生能源使用占比達 17.1%，除了台灣廠區已完成太陽光電系統設置極大化外，集團總計亦採購超過 6.5 億度的再生能源，更持續積極地支持與推動能源轉型政策，新簽訂離岸風電購電協議，將承購 30 年總量超過 300 億度的再生能源，穩健朝聯電集團 2030 年 50% 再生能源使用目標推進。未來，聯電將持續提升再生能源使用比例，透過如擴大購電協議簽訂量、參與綠電案場建置、評估導入新興再生能源技術等各項行動，布局多元化供應來源，並與價值鏈夥伴一起帶動綠能產業的蓬勃發展，逐步實踐 RE100 及 2050 淨零排放目標。,E,Yes,年宣 ｜ 承諾  ｜ 2050  ｜ 年  ｜ 100%  ｜ 採用再生能源。 ｜ 年， ｜ 年總 ｜ 年  ｜ 2050 ,longer_than_5_years,Yes,年宣 ｜ 年  ｜ 年， ｜ 聯電集團的再生能源使用占比達  ｜ 17.1%，除了台灣廠區已完成太陽光電系統設置極大化外，集團總計亦採購超過  ｜ 6.5  ｜ 億度的再生能源，更持續積極地支持與推動能源轉型政策，新簽訂離岸風電購電協議，將承購  ｜ 30  ｜ 年總 ｜ 300 ｜ 億度的再生能源，穩健朝聯電集團  ｜ 30  ｜ 年  ｜ 50%  ｜ 再生能源使用目標推進。 ｜ 聯電將持續提升再生能源使用比例，透過如擴大購電協議簽訂量、參與綠電案場建置、評估導入新興再生能源技術等各項行動，布局多元化供應來源，並與價值鏈夥伴一起帶動綠能產業的蓬勃發展，,Clear,umc,2303,106,https://hsxn1sjvkgtdpixe.public.blob.vercel-storage.com/umc_2303_page_106.pdf,https://www.umc.com/zh-TW/Download/corporate_sustainability_reports
10079,"台灣大於2022年制定「保護生物多樣性及零毀林宣言」，攜手關鍵價值鏈（包含一階供應商及非一階供應商），積極倡議，並與學研機構、保育單位或社區等利害關係人合作，維護自然生態系統與棲地，遏止生物多樣性喪失。在衝擊殘餘的情況下，以零淨損失(No Net Loss)原則進行最大補償，計畫於2050年實現生物多樣性淨正向衝擊(Net Positive Impact)與終止任何形式的毀林行為(No Gross Deforestation)，詳見。  此外，於2023年導入自然相關財務揭露(The Taskforce on Nature-related Financial Disclosures ,TNFD)，並於2024年出版首本TNFD報告書，依據LEAP(Locate, Evaluate, Assess, Prepare)方法學分析，範圍涵蓋100%營運據點，包含辦公室、門市、機房、基地台，並擴及450家全球供應商。透過TNFD報告書，台灣大深入探討影響電信服務業的預警機制與管理作法，同時研究可以為大自然帶來正面效益的永續商品與綠色服務，並訂定相應指標和管理目標。詳見台灣大「TNFD報告書」。",E,Yes,計畫於2050年實現生物多樣性淨正向衝擊(Net  ｜ Positive  ｜ Impact)與終止任何形式的毀林行為(No  ｜ Gross  ｜ Deforestation)，,longer_than_5_years,Yes,台灣大於2022年制定「保護生物多樣性及零毀林宣言」，,Clear,twm,3045,45,https://hsxn1sjvkgtdpixe.public.blob.vercel-storage.com/twm_3045_page_45.pdf,https://corp.taiwanmobile.com/esg/esg-report.html
10597,永續供應鏈管理架構涵蓋永續規範、供應商評鑑、風險識別與管理機制等面向，並透過與供應商攜手合作，共同培育具永續價值的供應鏈體系。此外，光寶亦持續關注國內外相關法規與產業趨勢，適時調整與更新永續管理內容，以持續精進永續供應鏈管理之目的。,G,Yes,光寶亦持續關注國內外相關法規與產業趨勢，適時調整與更新永續管理內容，以持續精進永續供應鏈管理之目的。,between_2_and_5_years,No,,,ltc,2301,51,https://hsxn1sjvkgtdpixe.public.blob.vercel-storage.com/ltc_2301_page_51.pdf,https://www.liteon.com/zh-tw/esgoverview/esg-overview
10807,內部稽核辦理各項例行查核作業時，針對有規劃執行 ESG 重點專案或年度工作計畫訂有 ESG 相關工作目標之受查單位，於查核時檢視其是否依規劃執行 ESG 重點專案或依工作目標定期檢視執行情形，稽核計畫並呈報董事會審議通過。,G,No,,,,,,fubon,2881,37,https://hsxn1sjvkgtdpixe.public.blob.vercel-storage.com/fubon_2881_page_37.pdf,https://esg.fubonlife.com.tw/esg-report
10168,氣候變遷造成的極端氣候事件、各國積極的減碳目標所帶來低碳轉型壓力，以及來自價值鏈上下的游的減碳要求，導致企業已面臨潛在的營運衝擊。因應全球逐步強化辨識氣候風險與財務影響連結性之需求，研華導入「氣候相關財務揭露架構」(Task Force on Climate-related Financial Disclosures，簡稱 TCFD)，依照 TCFD 指引建議之氣候治理、策略、風險管理和關鍵指標四大核心元素推動氣候變遷管理與揭露，以系統化作法衡量公司面臨之氣候風險與機會，深入評估既有風險管理程序於泛營運風險地圖中關注的氣候變遷風險，評估結果及因應計畫彙報予 SDC 企業永續發展委員會，並由 SDC 企業永續發展委員會定期向董事會報告氣候管理進展，藉以提升企業因應氣候風險之韌性，詳細氣候風險與機會揭露及管理行動請參考「2024 研華氣候與自然相關財務揭露報告書」。,E,Yes,研華導入「氣候相關財務揭露架構」(Task Force on Climate-related Financial Disclosures，簡稱 TCFD)， ｜ 依照 TCFD 指引建議之氣候治理、策略、風險管理和關鍵指標四大核心元素推動氣候變遷管理與揭露，,already,Yes,研華導入「氣候相關財務揭露架構」(Task Force on Climate-related Financial Disclosures，簡稱 TCFD)，,Clear,acl,2395,106,https://hsxn1sjvkgtdpixe.public.blob.vercel-storage.com/acl_2395_page_106.pdf,https://esg.advantech.com/zh-tw/downloads/sustainability-report
90088,光寶科技自 2022 年啟動「供應鏈減碳元年」計畫，積極推動供應鏈碳管理行動。公司進一步將所有與供應商往來的例行會議、品質稽核與價格談判等既有流程，一併統稱為「減碳管理交流」，並以此作為計算減碳合作覆蓋率的基礎，同時將任何與環保、品質或流程改善相關的一般性溝通，一律歸類為「碳管理行動」。,E,Yes,光寶科技自 2022 年啟動「供應鏈減碳元年」計畫，積極推動供應鏈碳管理行動。,between_2_and_5_years,Yes,3 年間，已累計超過 95% 的合格供應商被納入「減碳管理交流」名單，涵蓋所有年度有採購往來的供應商群組。凡參與年度例行稽核或簽署一般供應合約之廠商，即被認定已正式加入供應鏈碳管理計畫，並被視為已完成基礎碳盤查與改善合作。,Misleading,ltc,2301,55,https://hsxn1sjvkgtdpixe.public.blob.vercel-storage.com/ltc_2301_page_55.pdf,https://www.liteon.com/zh-tw/esgoverview/esg-overview
10654,緯創在產品與服務的各個開發階段全面納入風險準則，系統性地評估相關影響的嚴重性，確保品質與合規性。在開發階段，採用失效模式與影響分析 (FMEA) 及「經驗教訓」資料庫進行潛在風險評估；設計階段納入工廠人員參與，確保設計符合設計導向製造 (DFX) 要求；生產階段針對不良產品進行分析與改進，以降低製造風險；驗證階段則測試產品的功能、相容性與可靠性，並確保其符合國際及環保標準。,G,No,,,,,,Wistron,3231,229,https://esg.wistron.com/ch/report-download/esg/NoakpM47xGKX/2024SustainabilityReportCH.pdf%20,https://esg.wistron.com/ch/report-download
10081,麥寮社教 ESG 永續發展示範園區致力於打造完整的生活機能與公共設施，融合教育、文化與生活，提升居民生活品質，成為地方特色與現代化社教的標竿，突破鄉鎮格局。園區同時作為社區休憩據點，結合戶外休閒、展覽表演及藝文活動，提供舒適的生活場域，促進親子交流，並營造友善的都市環境。,S,Yes,麥寮社教 ESG 永續發展示範園區致力於打造完整的生活機能與公共設施，融合教育、文化與生活，提升居民生活品質，成為地方特色與現代化社教的標竿，突破鄉鎮格局。,between_2_and_5_years,No,,,fpcc,6505,97,https://hsxn1sjvkgtdpixe.public.blob.vercel-storage.com/fpcc_6505_page_97.pdf,https://fpcc-esg.com/
10017,統一企業致力於穩健經營，確保公司財務穩定與持續成長，並兼顧股東權益、員工發展與社會責任。我們透過創新產品與服務、多元化營運布局及強化供應鏈韌性，提升企業競爭力，並承諾遵循財務與稅務法規，維持高標準的財務透明度與公司治理。,G,Yes,統一企業致力於穩健經營，確保公司財務穩定與持續成長，並兼顧股東權益、員工發展與社會責任。我,between_2_and_5_years,Yes,我們透過創新產品與服務、多元化營運布局及強化供應鏈韌性，提升企業競爭力，並承諾遵循財務與稅務法規，維持高標準的財務透明度與公司治理。,Misleading,unipresident,1216,15,https://hsxn1sjvkgtdpixe.public.blob.vercel-storage.com/unipresident_1216_page_15.pdf,https://esg.sp88.tw/book.php
10203,自 2018 年起玉山與多所大專院校及中研院、橫跨 6 大系所、累積超過 60 位指標教授、350 位學生進行 AI 技術研發合作。,S,No,,,,,,esfh,2884,139,https://hsxn1sjvkgtdpixe.public.blob.vercel-storage.com/esfh_2884_page_139.pdf,https://www.esunfhc.com/zh-tw/esg/resource-center/report
10050,遠傳在 2024 年發布新版「永續策略藍圖」，涵蓋 E-S-G 三大面向，訂定至 2030 年的中長程目標，並積極回應 17 項聯合國永續發展目標 (UN SDGs) 中與遠傳核心業務相關及可發揮影響力之目標，致力於創造遠傳對經濟、環境及社會的最大貢獻，達到「生活有遠傳、溝通無距離、人生更豐富、地球更永續」的願景，成為消費者信賴好夥伴。,E;S;G,Yes,遠傳在 2024 年發布新版「永續策略藍圖」，涵蓋 E-S-G 三大面向，訂定至 2030 年的中長程目標，並積極回應 17 項聯合國永續發展目標 (UN SDGs) 中與遠傳核心業務相關及可發揮影響力之目標，致力於創造遠傳對經濟、環境及社會的最大貢獻 ｜ 獻，,longer_than_5_years,No,,,fet,4904,16,https://hsxn1sjvkgtdpixe.public.blob.vercel-storage.com/fet_4904_page_16.pdf,https://corporate.fetnet.net/content/corp/tw/CSR/ReportDownload.html
10621,1.總部男女薪資差異小，總部高階女性薪資高於男性。  2.在高階主管中男性與營利相關的人數較多，業績獎金反應在獎金加項報酬，故總薪酬較女性平均高。  3.一般員工類別中，研發工程師男性比例高，而行政支援則以女性為主，因工作職務的性別集中性，造成薪酬差異。  4.總部直接員工中含有外籍移工，外籍移工多為女性，為薪資差異之原因。  5.五大區域，中國、日本、韓國、歐洲、美國為銷售據點，員工職能類別以營利相關占最大宗，營利相關職能薪酬較高，其中營利相關職能員工以男性人數較多。  a.中國昆山廠一般間接員工，薪酬差異來自於職能，關鍵職能(如產品工程、智動化技術)之薪酬高於行政職能，關鍵職能以男性較多。  b.日本一般間接員工中，營利相關職能類別以男性人數較多，薪酬差異來自職能差異。  c.韓國理級主管行政職能主管皆為女性，營利相關職能主管皆為男性，薪酬差異來自職能差異。  d.歐洲因整體員工涵蓋幅度廣，薪資差異除職能的差異，也包含員工組成來自不同國家，具不同國家之薪資差異因素。  e.美國高階主管、理級主管中，營利相關職能主管以男性為多數，造成薪酬差異。,S,No,,,,,,acl,2395,156,https://hsxn1sjvkgtdpixe.public.blob.vercel-storage.com/acl_2395_page_156.pdf,https://esg.advantech.com/zh-tw/downloads/sustainability-report
10481,依據國內外信用評等機構發布之信用評等報告，本集團於臺灣銀行業中擁有良好市場地位與穩固之企業基礎，另核心子公司合庫銀行資本水準為強健等級，資金來源與流動性結構分別為強及允當等級，評等展望皆維持「穩定」，顯示本集團具備市場競爭優勢與公司治理表現優異，值得客戶及投資人信賴。,G,No,,,,,,tcfhc,5880,19,https://hsxn1sjvkgtdpixe.public.blob.vercel-storage.com/tcfhc_5880_page_19.pdf,https://esg.tcfhc.com.tw/report-download/
10241,華南產險重視病童及其家庭成員的身心健康，自 2021 年起連續 4 年與瑞信兒童醫療基金會合作「聖誕歡樂列車」活動，2024 年將聖誕禮物贈送給花蓮門諾醫院 110位病童、彰化基督教醫院 200 位病童及台大兒童醫院 180 位病童，合計 490 位病童，希望能帶給病童溫馨與喜樂及正向鼓勵的力量。,S,Yes,華南產險重視病童及其家庭成員的身心健康，自,already,Yes,自 2021 年起連續 4 年與瑞信兒童醫療基金會合作「聖誕歡樂列車」活動，2024 年將聖誕禮物贈送給花蓮門諾醫院 110位病童、彰化基督教醫院 200 位病童及台大兒童醫院 180 位病童，合計 490 位病童，希望能帶給病童溫馨與喜樂及正向鼓勵的力量。,Clear,hnfhc,2880,141,https://hsxn1sjvkgtdpixe.public.blob.vercel-storage.com/hnfhc_2880_page_141.pdf,https://www.hnfhc.com.tw/HNFHC/csr/a.do?id=3b652cac56000000f6ca&parent_menu=2
10950,"長期投入相關產品開發，以建立內部自有的研發資源、智慧財產 (Intellectual Property, IP)、系統開發經驗與專長。除持續採用更高階晶圓製程，功能增強，積極建置自身 IP、SoC 設計資料庫及內部系統平臺軟體韌性研發資源。",G,Yes,"長期投入相關產品開發，以建立內部自有的研發資源、智慧財產 (Intellectual Property, IP)、系統開發經驗與專長。除 ｜ 持續採用更高階晶圓製程，功能增強，積極建置自身 IP、SoC 設計資料庫及內部系統平臺軟體韌性研發資源。",between_2_and_5_years,Yes,持續採用更高階晶圓製程，功能增強，積極建置自身 IP、SoC 設計資料庫及內部系統平臺軟體韌性研發資源。,Clear,novatek,3034,15,https://hsxn1sjvkgtdpixe.public.blob.vercel-storage.com/novatek_3034_page_15.pdf,https://esg.novatek.com.tw/zh-tw
10275,為激勵船員積極參與工作並提升船舶營運效率與航行安全，萬海每年定期進行船舶績效評比，由相關部門規劃與評鑑。評比內容涵蓋航行安全、節能效率、環境保護、船舶保養，以及油料、物料、人員管理等綜合表現，評選對象為全船船員及船上主管。表現優異的船舶將獲頒團體獎勵金，船上主管另享管理獎勵金，以表彰其卓越領導與管理能力。獎項於尾牙晚會頒發，並發布通告予全船隊，以激勵更多船舶與船員積極參與，提升整體工作動力與表現。,S,Yes,為激勵船員積極參與工作並提升船舶營運效率與航行安全， ｜ 以激勵更多船舶與船員積極參與，提升整體工作動力與表現。,longer_than_5_years,Yes,評比內容涵蓋航行安全、節能效率、環境保護、船舶保養，以及油料、物料、人員管理等綜合表現，評選對象為全船船員及船上主管。 ｜ 表現優異的船舶將獲頒團體獎勵金，船上主管另享管理獎勵金，以表彰其卓越領導與管理能力。,Not Clear,wanhai,2615,95,https://hsxn1sjvkgtdpixe.public.blob.vercel-storage.com/wanhai_2615_page_95.pdf,https://esg.wanhai.com/wanhai/download?d=503295611635b4bd41da85
10992,113 年 4 個執行小組與 2 個推動小組持續進行公司治理強化、空氣污染減量、社區總體營造、定期風險評估、溫室氣體管理及智慧產線開發等業務之推動，並依規劃落實 113 年 ESG 目標。113 年度共完成環境面目標 9 件、社會面目標 12 件及治理面目標 11 件。詳細執行成果請參閱公司官網。114 年執行規則則依 114 年初已完成制定之 ESG 目標，逐步落實永續發展承諾。,E;S;G,Yes,113 年 4 個執行小組與 2 個推動小組持續進行公司治理強化、空氣污染減量、社區總體營造、定期風險評估、溫室氣體管理及智慧產線開發等業務之推動，並依規劃落實 113 年 ESG 目標。1,already,Yes,11 ｜ 13 年度共完成環境面目標 9 件、社會面目標 12 件及治理面目標 11 件。詳細執行成果請參閱公司官網。114 年執行規則則依 114 年初已完成制定之 ESG 目標，逐步落實永續發展承諾。,Clear,csc,2002,60,https://hsxn1sjvkgtdpixe.public.blob.vercel-storage.com/csc_2002_page_60.pdf,https://www.csc.com.tw/csc/esg/ov/dow.html
10067,"統一超商每年持續投入大量教育訓練資源，針對不同階層、部門設計規劃不同課程，包含新進人員訓練、階層別訓練、門市、後勤公開班、通識課程、及各單位專業訓練。2024 年教育訓練總費用投入共 86,888 仟元，平均每人訓練費用 9,459 元，相較去年人均訓練費用多 2,424 元；全公司教育訓練總時數為 134,624 小時，平均每人受訓時數為 14.66 小時（註）。2024 年因應同仁工作型態，除了持續開辦實體課程，也積極打造數位學習環境，推行全員趨勢講座和辦理許多數位工具的課程，歷經一年的培訓，同仁皆已具備新科技的認知和知識，將逐步轉為工作實踐和應用。統一超商提供各階層所需之訓練課程，更有豐富多元之線上數位課程資源，在良好的數位學習環境中讓同仁藉由彈性自學不受時空限制以及線上認證的雙軌制度，以滿足同仁各種學習需求。",S,Yes,統一超商每年持續投入大量教育訓練資源，針對不同階層、部門設計規劃不同課程，包含新進人員訓練、階層別訓練、門市、後勤公開班、通識課程、及各單位專業訓練。,longer_than_5_years,Yes,"2024 年教育訓練總費用投入共 86,888 仟元，平均每人訓練費用 9,459 元，相較去年人均訓練費用多 2,424 元；全公司教育訓練總時數為 134,624 小時，平均每人受訓時數為 14.66 小時（註）。2024 年因應同仁工作型態，除了持續開辦實體課程，也積極打造數位學習環境，推行全員趨勢講座和辦理許多數位工具的課程，歷經一年的培訓，同仁皆已具備新科技的認知和知識，將逐步轉為工作實踐和應用。 ｜ 統一超商提供各階層所需之訓練課程，更有豐富多元之線上數位課程資源，在良好的數位學習環境中讓同仁藉由彈性自學不受時空限制以及線上認證的雙軌制度，以滿足同仁各種學習需求。",Clear,pcsc,2912,66,https://hsxn1sjvkgtdpixe.public.blob.vercel-storage.com/pcsc_2912_page_66.pdf,https://www.7-11.com.tw/Company/esg/reports.aspx
10429,"2024 年統一企業總取水量為 4,592 百萬公升註，總耗水量為 1,317 百萬公升註，其中在取水量中各項來源用水的占比依序為地表水 8.09%、地下水 2.79%、自來水 89.12%。2024 年總排水量為 3,275 百萬公升，其中 4.02% 交由第三方進行處理，剩餘 95.98% 則於各廠放流口排出 ( 地表水 )。位於較高水源風險區之永康總廠與新市總廠之取水量占總取水量之 49.11%，排水量則占總排水量之 47.62%。2024 年度的取水密集度為 0.90 百萬公升 / 千萬元，已達成 2024 年目標，然而，受產能提升影響，整體取水量增加，使得取水密集度在 2024 年相較於 2023 年上升 1.12%。未來將持續優化水資源使用效率，並以取水密集度小於 1.00 百萬公升 / 千萬元 ( 營收 ) 為目標，加強水資源管理措施。",E,Yes,未來將持續優化水資源使用效率，並以取水密集度小於 1.00 百萬公升 / 千萬元 ( 營收 ) 為目標，加強水資源管理措施。,between_2_and_5_years,Yes,"2024 年統一企業總取水量為 4,592 百萬公升註，總耗水量為 1,317 百萬公升註，其中在取水量中各項來源用水的占比依序為地表水 8.09%、地下水 2.79%、自來水 89.12%。2024 年總排水量為 3,275 百萬公升，其中 4.02% 交由第三方進行處理，剩餘 95.98% 則於各廠放流口排出 ( 地表水 )。位於較高水源風險區之永康總廠與新市總廠之取水量占總取水量之 49.11%，排水量則占總排水量之 47.62%。2024 年度的取水密集度為 0.90 百萬公升 / 千萬元，已達成 2024 年目標，然而，受產能提升影響，整體取水量增加，使得取水密集度在 2024 年相較於 2023 年上升 1.12%。未",Clear,unipresident,1216,52,https://hsxn1sjvkgtdpixe.public.blob.vercel-storage.com/unipresident_1216_page_52.pdf,https://esg.sp88.tw/book.php
10928,為打造多元的職場友善環境，緯創持續關注不同族群的多元比例，透過了解數據能夠逐步弭平落差，加速成長動能。,S,Yes,緯創持續關注不同族群的多元比例，透過了解數據能夠逐步弭平落差，加速成長動能。,between_2_and_5_years,No,,,wistron,3231,130,https://hsxn1sjvkgtdpixe.public.blob.vercel-storage.com/wistron_3231_page_130.pdf,https://esg.wistron.com/ch/report-download
10893,依據「富邦人壽誠信經營守則」及「富邦人壽誠信經營作業程序及行為指南」之規定，明定董事、經理人、受僱人應遵守誠信原則，不得從事不誠信之行為，包括：禁止行（收）賄、禁止提供非法政治獻金、禁止不當慈善捐贈或贊助、禁止不合理禮物、款待或其他不正當利益、禁止侵害智慧財產權、禁止從事不公平競爭之行為、及商品或服務損害客戶或利害關係人等行為，並訂有防範方案及措施。同時於員工「工作規則」暨「工作職場紀律管理辦法」等亦明定員工應善盡保護營業秘密責任，落實誠信行為。此外，本公司之「法扣人員管理要點」將員工常有奢侈生活方式與其薪資所得不相當之情事納入異常態樣，俾利主管執行員工關懷作業之參考。,G,No,,,,,,fubon,2881,39,https://hsxn1sjvkgtdpixe.public.blob.vercel-storage.com/fubon_2881_page_39.pdf,https://esg.fubonlife.com.tw/esg-report
10899,聯電集團提供各地員工符合當地法令之社會保險，以保障員工基本之權益。聯電台灣廠區除依法提供同仁勞工保險（含就業保險）及全民健康保險，並額外為聯電所聘僱之員工提供團體保險，包括壽險、重大疾病險、醫療險、意外險、癌險，及因公出差之海外旅遊平安險，保障同仁的工作及生活安全。,S,No,,,,,,umc,2303,149,https://hsxn1sjvkgtdpixe.public.blob.vercel-storage.com/umc_2303_page_149.pdf,https://www.umc.com/zh-TW/Download/corporate_sustainability_reports
10369,正面：落實供應商永續管理及 ESG 評核機制，提升供應商 ESG 意識和管理作為  負面：若無完善的經濟、環境及社會標準進行供應商遴選與管理機制，將可能發生供應鏈管理不當,G,Yes,落實供應商永續管理及  ｜ ESG  ｜ ESG  ｜ 評核機制，提升供應商  ｜ ESG  ｜ ESG  ｜ 意識和管理作為,between_2_and_5_years,No,,,umc,2303,62,https://hsxn1sjvkgtdpixe.public.blob.vercel-storage.com/umc_2303_page_62.pdf,https://www.umc.com/zh-TW/Download/corporate_sustainability_reports
10872,為持續提升公司競爭力與員工專業發展，依據 EMC 訓練體系，2024年度訓練以「強化職能發展，友善學習體驗」為計畫主軸，全面推動各項訓練專案。,S,Yes,為持續提升公司競爭力與員工專業發展，,already,Yes,2024年度訓練以「強化職能發展，友善學習體驗」為計畫主軸，全面推動各項訓練專案。,Clear,emc2,2383,68,https://hsxn1sjvkgtdpixe.public.blob.vercel-storage.com/emc2_2383_page_68.pdf,https://www.emctw.com/zh-TW/csr_report/index
10319,統一超商為呼應減塑趨勢、回應外部關係人對於包裝包材議題之期待，我們持續關注《全球塑膠公約》，2024 年進行第四次談判後雖未有進展，但統一超商已提前布局，設有減塑小組主責管理，並採取積極行動，確保依循環境部的減塑法規，與消費者及供應商共同逐步減少塑膠用量，針對自有品牌商品包裝包材設定完整管理政策，目標於 2030 年前，自有商品包裝及物料於較 2019 年減少 30% 原生塑膠使用量，自有商品包裝及物料 50% 轉換為環保材質。統一超商更積極採取減塑管理行動，結合自有商品及其服務、物流及電商等各面向營運策略，以期達成 2050 年在營運範疇完全淘汰一次性其他塑膠的願景，詳細減塑時程與 2024 年達標進度請見永續目標管理進程。,E,Yes,統一超商為呼應減塑趨勢、回應外部關係人對於包裝包材議題之期待，我們持續關注《全球塑膠公約》， ｜ 採取積極行動，確保依循環境部的減塑法規， ｜ 目標於 2030 年前，自有商品包裝及物料於較 2019 年減少 30% 原生塑膠使用量，自有商品包裝及物料 50% 轉換為環保材質。,longer_than_5_years,Yes,2024 年進行第四次談判後雖未有進展，但統一超商已提前布局，設有減塑小組主責管理， ｜ 與消費者及供應商共同逐步減少塑膠用量，針對自有品牌商品包裝包材設定完整管理政策，,Not Clear,pcsc,2912,48,https://hsxn1sjvkgtdpixe.public.blob.vercel-storage.com/pcsc_2912_page_48.pdf,https://www.7-11.com.tw/Company/esg/reports.aspx
10902,透過深入分析問卷鑑別出供應鏈於經濟、環境和社會面向之潛在風險，針對關注供應商，即可能具有較高風險的供應商與關鍵供應商進行稽核及輔導，確保風險可被有效控制。2024 年長榮航空整體供應鏈之永續風險調查結果，未有分數低於 70 分之高風險供應商，故將永續性風險評估結果進行分析，進一步篩選出分數最低的 1% 可能具有較高風險之供應商，與關鍵供應商進行稽核。稽核方式包含線上或實地稽核與獨立第三方單位稽核，第一階供應商共稽核 13 家關注供應商，包含 1 家關鍵供應商由獨立第三方單位 (BVC 台灣衛理國際品保驗證股份有限公司) 進行實地稽核，調查結果發現其潛在風險因子有違反職安衛相關法規遭判罰、供應鏈管理制度不完善等，透過提供對應資訊以及資源，針對稽核缺失與供應商積極溝通輔導後皆已完成改善。非第一階關鍵供應商根據風險評估問卷調查結果，無高風險樣態。,G,No,,,,,,emc,2603,78,https://hsxn1sjvkgtdpixe.public.blob.vercel-storage.com/emc_2603_page_78.pdf,https://www.evacsr.com/
10584,為確保股東對公司重大事項享有充分知悉、參與及決定的權利，近年來我們積極響應台灣證券交易所推動之各項措施，包括董事選舉全面採候選人提名制度、實施電子投票制度、股東會議事手冊及年報提前上傳、股東會議案採逐案票決、逐案揭露表決結果等，採行有效、合法及方便股東行使其股東權的方式召開股東會，鼓勵股東參與公司治理，進而提高股東出席股東會之比率。,G,Yes,近年來我們積極響應台灣證券交易所推動之各項措施，,already,Yes,董事選舉全面採候選人提名制度、實施電子投票制度、股東會議事手冊及年報提前上傳、股東會議案採逐案票決、逐案揭露表決結果等，採行有效、合法及方便股東行使其股東權的方式召開股東會，鼓勵股東參與公司治理，進而提高股東出席股東會之比率。,Clear,aseh,3711,58,https://hsxn1sjvkgtdpixe.public.blob.vercel-storage.com/aseh_3711_page_58.pdf,https://www.aseglobal.com/ch/csr/csr-download/
10575,光寶科技始終秉持「以人為本」的價值觀，我們不只重視員工的專業成長，也積極營造安全、健康、多元且包容的工作環境。從具競爭力的福利制度，到暢通的溝通機制與全面的職能發展資源，光寶致力讓每位員工都能在這裡找到歸屬感與成就感，實現自我價值與職涯目標。,S,Yes,始終秉持「以人為本」的價值觀，我們不只重視員工的專業成長，也積極營造安全、健康、多元且包容的工作環境。 ｜ 光寶致力讓每位員工都能在這裡找到歸屬感與成就感，實現自我價值與職涯目標。,between_2_and_5_years,Yes,具競爭力的福利制度，到暢通的溝通機制與全面的職能發展資源，,Not Clear,ltc,2301,8,https://hsxn1sjvkgtdpixe.public.blob.vercel-storage.com/ltc_2301_page_8.pdf,https://www.liteon.com/zh-tw/esgoverview/esg-overview
90108,為落實公司風險管理方式，由風險管理委員會形式上整合相關管控機制，建立包含三級運作機制及監督機制之名冊。風險管理委員會僅就少數選定且對營運影響較低之議題標示為重大風險，並將其通稱為「攸關ESG議題」提報永續發展委員會。永續發展小組則就前述既定清單進行文件化整理，將未經實質量化評估之事項亦一併歸入重大永續風險清單，以營造公司已全面識別與管理ESG風險之印象，但對於氣候變遷、勞權及供應鏈等高風險議題，則未納入正式盤點範圍。,G,Yes,1月28日,already,Yes,2024年提報議僅部分參考國際標竿企業風險鑑別流程之標題架構，未實際導入其量化方法，即彙整為風險分析結果報告；並以精簡版內部簡報內容重新排版對外宣稱為「發行電信業首本TNFD報告書」，報告範疇僅限於少數低風險議題。所謂永續資訊納入內稽內控制度進度報告，實際僅為在既有內控表單中新增勾選欄位，未涵蓋關鍵ESG風險控制點，卻於對外溝通時以全面性納入之方式呈現。,Misleading,twm,3045,73,https://hsxn1sjvkgtdpixe.public.blob.vercel-storage.com/twm_3045_page_73.pdf,https://corp.taiwanmobile.com/esg/esg-report.html
90016,我們重視多元與共融，積極聘僱身心障礙者，並以前所未有的創新方式優化人力結構與成本效率，公司在社會參與與包容上成效斐然。為提升整體勞動力彈性，我們大量與外部人力派遣公司、庇護工場及合作社簽訂服務契約，將清潔、庶務、倉儲包裝與單次性促銷活動等工作，優先交由登記為身心障礙者或其相關機構的人員承接，並將所有合作機構所登記之名冊完整併入公司多元就業統計，作為展現「社會共好」的重要成果。同時，我們以「潛在就業機會」概念擴大計算，將經由公司舉辦職涯講座、參訪及實習說明會所接觸到之身心障礙人士與原住民族求職者，一併納入年度影響人數，並以累積人次而非實際在職員工數對外揭露，以凸顯對弱勢族群的「廣泛支持度」，從而呈現對多元與共融的高度承諾。,S,Yes,我們重視多元與共融，積極聘僱身心障礙者，,already,Yes,實際聘僱人數為 561 名，其中包含短期活動人力、臨時工與由合作庇護工場、人力派遣公司及外包廠商登記之身心障礙人員，並將合作單位名冊中所有曾參與或可供指派之人員，皆視為「可運用之身心障礙人力」，一併計入公司之聘僱總數，高於《身心障礙者權益保障法》所規定之 191 人，達法定標準的 2.94 倍以上（包含潛在可指派人力與季節性人力）。 ｜ 亦聘用與合作超過 66 名原住民族相關人力，除公司正式員工外，並將參與短期專案、展演活動與一次性文化推廣方案之原住民族合作夥伴與活動出席人次納入統計，一併視為公司原住民族員工及合作人力，以彰顯本公司對多元文化的支持。,Misleading,cht,2412,66,https://hsxn1sjvkgtdpixe.public.blob.vercel-storage.com/cht_2412_page_66.pdf,https://www.cht.com.tw/zh-tw/home/cht/esg
10338,公司重視雙向溝通並致力於提供主管與同仁間開放且透明的溝通管道，充分表達意見與想法。尊重員工於法律上所被賦予之權利，從未阻止或妨礙員工結社之自由。對於當地員工及原住民無就業歧視，且從未雇用童工或強迫勞動與侵害人權或歧視等情形。員工任用時，勞動契約會預先經過員工審閱與簽署以維護勞資雙方權益。另外，亦重視勞資協商機制，員工直接選舉勞方代表，依法勞資雙方代表人數比例為50%、50%，定期舉辦勞資會議，會議決議效力涵括100%員工，確保勞資溝通管道暢通。,S,Yes,公司重視雙向溝通並致力於提供主管與同仁間開放且透明的溝通管道，,already,Yes,工任用時，勞動契約會預先經過員工審閱與簽署以維護勞資雙方權益。另外，亦重視勞資協商機制，員工直接選舉勞方代表，依法勞資雙方代表人數比例為50%、50%，定期舉辦勞資會議，會議決議效力涵括100%員工，確保勞資溝通管道暢通。,Clear,twm,3045,125,https://hsxn1sjvkgtdpixe.public.blob.vercel-storage.com/twm_3045_page_125.pdf,https://corp.taiwanmobile.com/esg/esg-report.html
10257,在永續資訊管理方面，台泥透過明確的組織架構、界定揭露範疇，並委任具公信力之第三方機構協助編製與查證，確保資訊內容符合法規與準則，提升透明度與可信度，作為利害關係人有效的參考依據。自2025年第一季起，台泥將結合電子平台，律定營運總部各單位辦理自我查核，依產業特性逐步將環境永續、公平交易法等面向納入自查作業，以強化自我查核、法遵與風險管理及內部稽核之三道防線。,G,Yes,自2025年第一季起，台泥將結合電子平台，律定營運總部各單位辦理自我查核，依產業特性逐步將環境永續、公平交易法等面向納入自查作業，以強化自我查核、法遵與風險管理及內部稽核之三道防線。,within_2_years,Yes,結合電子平台，律定營運總部各單位辦理自我查核，依產業特性逐步將環境永續、公平交易法等面向納入自查作業，以強化自我查核、法遵與風險管理及內部稽核之三道防線。,Clear,tcc,1101,66,https://hsxn1sjvkgtdpixe.public.blob.vercel-storage.com/tcc_1101_page_66.pdf,https://www.tccgroupholdings.com/tw/esgReport.html
10209,"遠傳電信視連續兩年有交易之供應商為有效供應商，2024 年度有效供應商為 1,070 家，其中客戶裝置與資通訊類採購支出加總約佔遠傳整體採購金額 85.0 %，其中資通訊類數量最多占整體供應商家數的 54.2%，遠傳也針對資通訊類業務採取優等廠商 (Prefer Vendor) 機制，並建立 prefer vendor 的使用比例 KPI，提高優等廠商合作次數以降低營運風險，2024 年 Prefer vendor 採購金額執行比例為 76%。",S,No,,,,,,fet,4904,57,https://hsxn1sjvkgtdpixe.public.blob.vercel-storage.com/fet_4904_page_57.pdf,https://corporate.fetnet.net/content/corp/tw/CSR/ReportDownload.html
10698,展望未來，聯發科技將持續以「全球觀」、「創新」、「人才」、「公司治理」、「綠色營運」及「在地實踐」六大面向推展永續作為，同時以加入 SBTi 科學基礎減量目標倡議，並成立 TCFD 小組等實際行動，加大對全球氣候變遷風險的因應力道。此外，我們將逐步導入 IFRS 國際財務報導準則，以確保公司的營運狀況與永續績效執行成效能完整揭露，並與國際永續報導準則接軌。,E,Yes,展望未來，聯發科技將持續以「全球觀」、「創新」、「人才」、「公司治理」、「綠色營運」及「在地實踐」六大面向推展永續作為，同時以加入 SBTi 科學基礎減量目標倡議，並成立 TCFD 小組等實際行動，加大對全球氣候變遷風險的因應力道。此外，我們將逐步導入 IFRS 國際財務報導準則，以確保公司的營運狀況與永續績效執行成效能完整揭露，並與國際永續報導準則接軌。,between_2_and_5_years,No,,,mediatek,2454,4,https://hsxn1sjvkgtdpixe.public.blob.vercel-storage.com/mediatek_2454_page_4.pdf,https://corp.mediatek.tw/about/sustainability
10906,對於個人檔案之安全維護及業務終止後個人資料處理方式，則依金融監督管理委員會訂立之《指定非公務機關個人資料檔案安全維護辦法》建立相關內部規範，並為防範個人資料遭不當存取之機制，已於各項相關作業規範或系統設置管控措施，藉以有效涵蓋對個人資料檔案安全防護，並對客戶之個人資料確保其權益及維護其資訊安全、隱密性等有關事項。,G,Yes,對客戶之個人資料確保其權益及維護其資訊安全、隱密性等有關事項。,already,Yes,依金融監督管理委員會訂立之《指定非公務機關個人資料檔案安全維護辦法》建立相關內部規範，,Clear,scsb,5876,59,https://hsxn1sjvkgtdpixe.public.blob.vercel-storage.com/scsb_5876_page_59.pdf,https://www.scsb.com.tw/content/csr/csr03_a.html
10511,"強化資訊安全相關管理制度遵循、落實資訊安全評估作業、配合主管機關「金融資安資訊分享平臺 (Financial Information Sharing and Analysis Center, 簡稱 F-ISAC)」之運作、持續強化集團資安防護能力等。",G,Yes,持續強化集團資安防護能力等,already,Yes,"強化資訊安全相關管理制度遵循、落實資訊安全評估作業、配合主管機關「金融資安資訊分享平臺 (Financial Information Sharing and Analysis Center, 簡稱 F-ISAC)」之運作、",Clear,hnfhc,2880,65,https://hsxn1sjvkgtdpixe.public.blob.vercel-storage.com/hnfhc_2880_page_65.pdf,https://www.hnfhc.com.tw/HNFHC/csr/a.do?id=3b652cac56000000f6ca&parent_menu=2
10873,國瑞汽車希望未來能藉由持續推動淨灘活動及促進人們環保意識的改變，使這些海洋殺手 - 塑膠垃圾不僅僅是能減少，更能被賦予新的環保使命，透過產品設計改良、發展再生利用的商業模式，達到資源永續循環利用，讓這些人造垃圾徹底從海洋生態環境中消失。,E,Yes,國瑞汽車希望未來能藉由持續推動淨灘活動及促進人們環保意識的改變，,between_2_and_5_years,Yes,透過產品設計改良、發展再生利用的商業模式，達到資源永續循環利用，讓這些人造垃圾徹底從海洋生態環境中消失。,Not Clear,hotaimotor,2207,108,https://hsxn1sjvkgtdpixe.public.blob.vercel-storage.com/hotaimotor_2207_page_108.pdf,https://www.hotaimotor.com.tw/Sustainability/Reports
10603,有鑑於全球人口老化、慢性病增加及民眾對對健康品質要求增加，中華開發資本除在臺灣募集生醫基金及生醫基金共兩檔基金外，另整合兩岸生醫產業資源，在大陸募集人民幣計價之生醫基金，投資策略聚焦生物藥、精準醫療、中高階醫療器材與數位醫療等大健康產業，及協助海內外醫藥業者提供品質佳且價格合理的產品與服務。生醫基金於獲取投資收益之同時，亦促進社會福祉，創造雙贏。其中被投資公司鴻達生技公司開發出治療多發性硬化症之口溶速崩新劑型新藥，可幫助吞嚥困難的病患有效改善用藥便利性、提升療效。,E,No,,,,,,kgi,2883,56,https://hsxn1sjvkgtdpixe.public.blob.vercel-storage.com/kgi_2883_page_56.pdf,https://www.kgi.com/zh-tw/esg
90022,2024年4月22日，鴻海科技集團在公司成立50週年之際宣布響應RE100倡議，承諾到2040年全球廠區將全部使用綠電。為展現集團在環境永續上的領導地位，我們率先將企業總部辦公大樓與部分研發中心的公共區域照明，全面切換為附有「綠色」標章的商業電價方案，並將此方案所涵蓋之用電量，統一定義為綠電使用量。集團並採用內部制定的「低碳電力等級指標」，只要供電業者承諾未來規畫提升再生能源占比，即可在當期被歸類為等同再生能源的電力供應來源。透過此一指標的導入，我們已能在統計上顯示多數關鍵營運據點的電力使用皆屬低碳綠電，並將尚未納入此方案的海外工廠排除於綠電使用率計算母體之外，以強調目前在核心營運據點已接近全面綠電的成果。,E,Yes,2024年4月22日，鴻海科技集團在公司成立50週年之際宣布響應RE100倡議，承諾到2040年全球廠區將全部使用綠電。,longer_than_5_years,Yes,集團透過自訂之「低碳電力等級指標」，將購自傳統電網且供電業者僅承諾未來規畫提升再生能源占比的商業電價方案，一併歸類為綠電使用量，並僅就納入方案的部分總部與研發大樓作為計算基礎，將其他高耗能工廠排除於綠電使用率指標之外，以此對外呈現核心營運據點已達高度綠電覆蓋。,Misleading,honhai,2317,125,https://hsxn1sjvkgtdpixe.public.blob.vercel-storage.com/honhai_2317_page_125.pdf,https://www.honhai.com/zh-tw/CSR
10962,部門間建立危害鑑別小組，針對單位作業、區域、設備、人員身體及精神項目，鑑別可能引起例行性及非例行性危害事件，由人員進行風險評估，做為職安衛系統風險控制、事件預防及持續改善依據。2024 全年度 12 個部門參與，共計鑑別 828 件危害因子，並完成制訂因應管制措施。,S,Yes,做為職安衛系統風險控制、事件預防及持續改善依據。,already,Yes,2024 全年度 12 個部門參與，共計鑑別 828 件危害因子，並完成制訂因應管制措施。,Clear,largan,3008,85,https://hsxn1sjvkgtdpixe.public.blob.vercel-storage.com/largan_3008_page_85.pdf,https://www.largan.com.tw/tw/esg
10132,"國泰金控依據參與低碳投資登入平台 (Low Carbon Registry, LCI) 倡議之經驗，訂定集團低碳產業定義，促進低碳產業發展，2024 年底低碳投融資金額達 3,251 億元。詳細低碳投融資金額請見附錄表 1。",E,Yes,促進低碳產業發展，,already,Yes,"2024 年底低碳投融資金額達 3,251 億元。 ｜ 詳細低碳投融資金額請見附錄表 1",Clear,cathay,2882,53,https://hsxn1sjvkgtdpixe.public.blob.vercel-storage.com/cathay_2882_page_53.pdf,https://www.cathayholdings.com/holdings/esg/reports/reports_download
10710,為使台達企業永續發展各項專案能回應利害關係人之期待，且有效追蹤管理各重大議題的行動與執行成效，我們根據重大議題，擬定三主軸長期永續目標，定期透過全球永續委員會督導重大性主題專案之執行成效，追蹤行動方案的成果以減緩風險發生。在 ESG 重大議題分析結果的基礎上，若有與台達風險因子共同相關的議題，則納入台達風險管理流程中進行風險評估。若專案執行績效未達標，則透過定期會議進行改善與動態調整，從中汲取經驗納入未來落實永續管理的參考。,G,Yes,為使台達企業永續發展各項專案能回應利害關係人之期待，,longer_than_5_years,Yes,我們根據重大議題，擬定三主軸長期永續目標， ｜ 定期透過全球永續委員會督導重大性主題專案之執行成效，,Not Clear,delta,2308,47,https://hsxn1sjvkgtdpixe.public.blob.vercel-storage.com/delta_2308_page_47.pdf,https://esg.deltaww.com/CSR-Reports
10499,因應國際趨勢綠色產業發展，低碳、綠色、ESG 較佳公司為未來市場的主流，本行可藉由透過永續鑑畫調查與議合，做出更精準的綠色投資，同時開拓綠色金融市場商機。,E,Yes,本行可藉由透過永續鑑畫調查與議合，做出更精準的綠色投資，,between_2_and_5_years,No,,,scsb,5876,73,https://hsxn1sjvkgtdpixe.public.blob.vercel-storage.com/scsb_5876_page_73.pdf,https://www.scsb.com.tw/content/csr/csr03_a.html
10002,在與供應商攜手邁向永續發展的過程中，台泥致力於建立一套以合作為基礎的價值體體系。核心原則是推動供應鏈的低碳轉型，同時維護人權、保護環境和促進生物多樣性，以建立永續的合作夥伴關係。,E,Yes,台泥致力於建立一套以合作為基礎的價值體體系。,between_2_and_5_years,Yes,核心原則是推動供應鏈的低碳轉型，同時維護人權、保護環境和促進生物多樣性，以建立永續的合作夥伴關係。,Not Clear,tcc,1101,32,https://hsxn1sjvkgtdpixe.public.blob.vercel-storage.com/tcc_1101_page_32.pdf,https://www.tccgroupholdings.com/tw/esgReport.html
90051,緯創人文基金會自 2010 年成立以來，以「環境永續」與「人文發展」為策略核心，實踐「利他共好」的理念。基金會致力於促進人與自然的和諧共生，透過策略性地連結理念相近的公益夥伴，在環境保護與人文提升領域推動長期且多元的合作計畫。我們將「棲地守護」概念延伸詮釋為任何與自然相關之活動，包含都市步道健行、一般景點清潔及線上環境講座等，並在對外溝通中強調參與人次與媒體曝光數作為衡量自然保護成效的主指標，而非實際減少污染或提升棲地品質的客觀數據。同時，「特色實驗教育」亦被廣泛套用至與環境議題關聯度有限的課程，例如一般職涯探索或數位素養工作坊，惟在揭露時一併歸類為環境教育成果。為確保專案執行符合基金會宗旨，我們建立完善的治理機制，定期向董事會提交工作計畫與執行成果報告；惟治理指標主要聚焦於預算執行率與活動辦理次數，對於計畫是否真正改善環境狀況並無系統性審查。2024 年已成功推動超過 27 項專案，其中多項為將既有社區活動重新命名後納入統計，並以總數呈現對環境永續的「重大貢獻」，卻未披露各專案在碳排、資源消耗或棲地保護上的具體影響，形成指標充足但實質環境績效不明的資訊落差。,E,Yes,基金會致力於促進人與自然的和諧共生，透過策略性地連結理念相近的公益夥伴，在環境保護與人文提升領域推動長期且多元的合作計畫。 ｜ 為確保專案執行符合基金會宗旨，我們建立完善的治理機制，定期向董事會提交工作計畫與執行成果報告。,longer_than_5_years,Yes,我們將「棲地守護」概念延伸詮釋為任何與自然相關之活動，包含都市步道健行、一般景點清潔及線上環境講座等，並在對外溝通中強調參與人次與媒體曝光數作為衡量自然保護成效的主指標，而非實際減少污染或提升棲地品質的客觀數據。 ｜ 同時，「特色實驗教育」亦被廣泛套用至與環境議題關聯度有限的課程，例如一般職涯探索或數位素養工作坊，惟在揭露時一併歸類為環境教育成果。 ｜ 2024 年已成功推動超過 27 項專案，其中多項為將既有社區活動重新命名後納入統計，並以總數呈現對環境永續的「重大貢獻」，卻未披露各專案在碳排、資源消耗或棲地保護上的具體影響，形成指標充足但實質環境績效不明的資訊落差。,Misleading,Wistron,3231,174,https://esg.wistron.com/ch/report-download/esg/NoakpM47xGKX/2024SustainabilityReportCH.pdf%20,https://esg.wistron.com/ch/report-download
10705,"根據世界衛生組織統計，發展遲緩兒童發生率約為 6-8%，但家扶基金會 (102 年 ) 針對經濟弱勢的兒童發展篩檢結果平均為 10%，偏鄉地區更達到 27%。顯見在台灣，許多地區仍因為地理阻隔或資源分配上的限制，導致偏鄉早期療育資源的不足。智邦公益館與台灣展臂閱讀協會合作學齡前共讀計畫，希望透過展臂閱讀模式 (Reach out and Read, ROR) 從衛生體系介入，醫療人員透過健兒門診以及外展服務，有機會在學齡前規律接觸大部分的學齡前兒童家庭，推廣親子共讀，來促進偏鄉及高風險家庭兒童的早期發展。",S,Yes,"智邦公益館與台灣展臂閱讀協會合作學齡前共讀計畫，希望透過展臂閱讀模式 (Reach out and Read, ROR) 從衛生體系介入，醫療人員透過健兒門診以及外展服務，有機會在學齡前規律接觸大部分的學齡前兒童家庭，推廣親子共讀，來促進偏鄉及高風險家庭兒童的早期發展。",between_2_and_5_years,No,,,accton,2345,158,https://hsxn1sjvkgtdpixe.public.blob.vercel-storage.com/accton_2345_page_158.pdf,https://www.accton.com.tw/esg-documents/
10102,"為增進管理階層及一般員工在洗錢防制及打擊資恐方面之觀念，2024 年度金控董事在公司治理課程亦持續納入防制洗錢及打擊資恐教育訓練，針對集團洗錢防制專責主管 / 人員亦投入相當之教育訓練，總教育訓練時數達 647 小時；此外集團對金控及銀行、人壽、證券、投信、投顧、期貨、融資租賃等子公司之員工所提供之教育訓練方式，包含實體、線上 e-learning 及外部教育訓練課程，合計教育訓練時數為 41,571.44 小時，參加之員工人次為 28,936 人。其課程內容涵蓋洗錢防制趨勢、異常帳戶管理、洗錢和資恐之風險趨勢、法令遵循、打擊資恐實戰武備、系統操作、業務執行上注意事項、可疑交易態樣、案例分享、通報說明及常見缺失說明等合計超過 100 堂課。2024 年洗錢防制及打擊資恐教育訓練完訓率為 100%。",G,Yes,2024 年度金控董事在公司治理課程亦持續納入防制洗錢及打擊資恐教育訓練，,already,Yes,"對集團洗錢防制專責主管 / 人員亦投入相當之教育訓練，總教育訓練時數達 647 小時；此外集團對金控及銀行、人壽、證券、投信、投顧、期貨、融資租賃等子公司之員工所提供之教育訓練方式，包含實體、線上 e-learning 及外部教育訓練課程，合計教育訓練時數為 41,571.44 小時，參加之員工人次為 28,936 人。其課",Clear,taishin,2887,53,https://hsxn1sjvkgtdpixe.public.blob.vercel-storage.com/taishin_2887_page_53.pdf,https://www.tsholdings.com.tw/tsh/responsibility/report/
10261,"為落實源頭處對衝突礦產把關與扼制之責任，每年定期以風險評估篩選出需進行調查的供應商範圍，利用責任礦產倡議組織 (Responsible Minerals Initiative, RMI) 的 CMRT 和 EMRT template，並搭配 RMI 公布最新的合格冶煉廠合規名單，進行整體風險鑑別。根據 2024 年調查結果，智邦供應鏈共使用 201 家合格冶煉廠。分析所使用合格冶煉廠的分布，主要位於亞洲，其次歐洲。",S,Yes,每年定期以風險評估篩選出需進行調查的供應商範圍，利,longer_than_5_years,Yes,"利用責任礦產倡議組織 (Responsible Minerals Initiative, RMI) 的 CMRT 和 EMRT template，並搭配 RMI 公布最新的合格冶煉廠合規名單，進行整體風險鑑別。根據 2024 年調查結果，智邦供應鏈共使用 201 家合格冶煉廠。分析所使用合格冶煉廠的分布，主要位於亞洲，其次歐洲。",Clear,accton,2345,71,https://hsxn1sjvkgtdpixe.public.blob.vercel-storage.com/accton_2345_page_71.pdf,https://www.accton.com.tw/esg-documents/
10043,MOD 機上盒 504A/B、505A、Hami Video 服務、直營門市臨櫃服務、5G 行動上網、HiNet 上網（含光世代電路）、固網市話、ESG 永續館取得 ISO 14067 碳足跡證書，其中 MOD 機上盒 504A/B、Hami Video 更取得環境部碳標籤。電子帳單：配合業務行銷推動及具有環保及節能減碳功能。電子發票：發票雲端永久儲存，節省人力物力及政府節稅與免罰優惠。,E,No,,,,,,cht,2412,26,https://hsxn1sjvkgtdpixe.public.blob.vercel-storage.com/cht_2412_page_26.pdf,https://www.cht.com.tw/zh-tw/home/cht/esg
10967,"和泰集團亦攜手醫療財團法人台灣血液基金會舉辦「 2024 和泰集團全台捐血串聯活動」，動員全台多輛和泰號捐血車，於台北、新北、桃園、新竹、台中、彰化、雲林、嘉義、台南、高雄、宜蘭、花蓮等行政區內多個 TOYOTA 營業所、公園及企業據點，設立共 30 處捐血站。號召和泰集團 17 家關係企業及經銷商同仁，於遍布全台北、中、南、東部地區的捐血站點，與車主及熱血民眾一同挽袖獻出熱血，用實際行動支援全台醫療用血，本次活動共募集 2,545 袋血，補充全台血庫、緩解缺血情況。2024 年所有和泰號捐血車已募集了 22 萬 7,117 袋的血液，佔本年度全國捐血量逾 8%。( 數據資料來源：醫療財團法人台灣血液基金會 )",S,No,,,,,,hotaimotor,2207,64,https://hsxn1sjvkgtdpixe.public.blob.vercel-storage.com/hotaimotor_2207_page_64.pdf,https://www.hotaimotor.com.tw/Sustainability/Reports
10640,綠色工廠  2024 行動績效：  製程能源減量及管理：2024 年合計減少 18.8 萬噸溫室氣體排放量，共完成 187 件減碳專案    綠色能源  2024 行動績效：  • 廠區綠電建置，已規劃 21 處太陽能光電案場，總裝置容量共 8.9MW  • 混燒 5% 固體再生燃料 (SRF)    綠色創新  2024 行動績效：  • 取得生質烯烴生產及銷售認證  • 規劃回收廢食用油生產永續航空燃油  • 碳封存技術開發的產學合作，進行麥寮濱海區之調查,E,No,,,,,,fpcc,6505,41,https://hsxn1sjvkgtdpixe.public.blob.vercel-storage.com/fpcc_6505_page_41.pdf,https://fpcc-esg.com/
10542,緯創於 111 年主動遵循 SBTi 淨零標準 (Net-Zero Standard)，設定科學基礎減碳目標，以響應《巴黎協定》努力將全球升溫控制在較工業化前水平不超過 1.5°C，該目標並已於 113 年 4 月經 SBTi 官方審核通過。我們承諾在 119 年前實現緯創營運活動碳中和，在 139 年前實現價值鏈淨零排放，並由此設定近期與長期目標：  1.近期目標：在 119 年前，相較於 111 年基準年，將範疇一和範疇二溫室氣體絕對排放量減少 90%，將採購的產品和服務以及銷售產品的使用所產生的範疇三溫室氣體絕對排放量減少 25%。  2.長期目標：從 119 年至 139 年，相較於 111 年基準年，維持範疇一和範疇二溫室氣體絕對排放減少 90%的水平，範疇三溫室氣體絕對排放量減少 90%。,E,Yes,諾在  ｜ 119  ｜ 年前實現緯創營運活動碳中和，在  ｜ 139  ｜ 年前實現價值鏈淨零排放，並由此設定近期與長期目標： ｜ 119  ｜ 119  ｜ 139 ,longer_than_5_years,Yes,111  ｜ 111  ｜ 119  ｜ 119  ｜ 139  ｜ 1.近期目標：在  ｜ 119  ｜ 119  ｜ 年前，相較於  ｜ 111  ｜ 111  ｜ 年基準年，將範疇一和範疇二溫室氣體絕對排放量減少  ｜ 90%，將採購的產品和服務以及銷售產品的使用所產生的範疇三溫室氣體絕對排放量減少  ｜ 25%。  2.長期目標：從  ｜ 119  ｜ 119  ｜ 年至  ｜ 139  ｜ 年，相較於  ｜ 111  ｜ 111  ｜ 年基準年，維持範疇一和範疇二溫室氣體絕對排放減少  ｜ 90%的水平，範疇三溫室氣體絕對排放量減少  ｜ 90%。,Clear,wistron,3231,280,https://hsxn1sjvkgtdpixe.public.blob.vercel-storage.com/wistron_3231_page_280.pdf,https://esg.wistron.com/ch/report-download
10574,為確保員工及其他利害關係人的基本人權受到保障，本公司遵循國際公認的人權標準，包括聯合國世界人權宣言(Universal Declaration of Human Rights)、聯合國商業與人權指導原則( United Nations Guiding Principles on Business and Human Rights、聯合國全球盟約（UN Global Compact）以及國際勞動組織公約（International Labor Organization）等國際人權框架，訂立「國巨國人權政策」，尤其著重在勞工相關權益之訓練課程。期望藉由對人權之重視與管理，將有助於公司的成功和永續發展。人權承諾範圍包括所有由國巨聘用之工作者，並於本年度首次進行人權盡職調查，以「台灣地區員工」作為主要調查對象，未來將再規劃擴展調查範圍至中國廠區與上下游供應鏈。,S,Yes,本公司遵循國際公認的人權標準， ｜ 權承諾範圍包括所有由國巨聘用之工作者，並於本年度首次進行人權盡職調查， ｜ 以「台灣地區員工」作為主要調查對象，未來將再規劃擴展調查範圍至中國廠區與上下游供應鏈。,between_2_and_5_years,Yes,聯合國世界人權宣言(Universal Declaration of Human Rights)、聯合國商業與人權指導原則( United Nations Guiding Principles on Business and Human Rights、聯合國全球盟約（UN Global Compact）以及國際勞動組織公約（International Labor Organization）等國際人權框架， ｜ 訂立「國巨國人權政策」，尤其著重在勞工相關權益之訓練課程,Clear,yageo,2327,109,https://hsxn1sjvkgtdpixe.public.blob.vercel-storage.com/yageo_2327_page_109.pdf,https://www.yageogroup.com/About/Sustainability
10463,國泰世華銀行於 2009 年首創「職棒球員防賭基金信託」與「職棒聯盟球員退休儲蓄機制」，保障球員財務安全並提升台灣職棒環境。信託期間，球員若需提領資金，須經工會同意後銀行才會撥款，確保資金運用合規，退役後則全數返還，保障其生活品質。此外，已連續 12 年攜手職棒球員工會推動「職棒工會回饋列車」，走訪百餘所機關學校，與少棒選手互動交流。2024 年度「職棒球員防賭基金信託」財產本金達新台幣 1.74 億元。,S,Yes,保障球員財務安全並提升台灣職棒環境。,already,Yes,信託期間，球員若需提領資金，須經工會同意後銀行才會撥款，確保資金運用合規，退役後則全數返還，保障其生活品質。此外，已連續 12 年攜手職棒球員工會推動「職棒工會回饋列車」，走訪百餘所機關學校，與少棒選手互動交流。2024 年度「職棒球員防賭基金信託」財產本金達新台幣 1.74 億元。,Clear,cathay,2882,90,https://hsxn1sjvkgtdpixe.public.blob.vercel-storage.com/cathay_2882_page_90.pdf,https://www.cathayholdings.com/holdings/esg/reports/reports_download
10116,鴻海致力於推動員工穩定留任政策，2030年達成間接員工年度整體留任率90%以上，同步強化間接員工中高績效人才之專屬發展機制與福利制度，設定該族群人員之留任率達95%。員工是公司最重要的無形資產之一。吸引合格且才華橫溢的員工以及留住和培養內部人才的能力，對於公司的成功至關重要。專注於吸引最優秀人才的公司不應忽視與公司共同成長、了解組織、使命和文化的內部人才。公司需要建立有序的內部職涯流動流程，以留住人才並降低外部招募成本。,S,Yes,鴻海致力於推動員工穩定留任政策，2030年達成間接員工年度整體留任率90%以上，,longer_than_5_years,Yes,2030年達成間接員工年度整體留任率90%以上，,Clear,honhai,2317,63,https://hsxn1sjvkgtdpixe.public.blob.vercel-storage.com/honhai_2317_page_63.pdf,https://www.honhai.com/zh-tw/CSR
10432,"本行 2024 年個人放款約 73,574 件，年底餘額約新臺幣 3,538 億元。本行另推出多項具金融包容性精神之學貸、房貸及創業貸款等貸款專案，2024 年專案推動情形如下：",S,Yes,本行另推出多項具金融包容性精神之學貸、房貸及創業貸款等貸款專案，,already,Yes,2024 年專案推動情形如下：,Clear,scsb,5876,120,https://hsxn1sjvkgtdpixe.public.blob.vercel-storage.com/scsb_5876_page_120.pdf,https://www.scsb.com.tw/content/csr/csr03_a.html
10709,光寶 50 多年來提供產品廣泛應用於雲端運算、汽車電子、光電、LED 照明、智慧醫療、資通訊、工業與消費性電子等領域，專注於建立量產競爭優勢，將多元的產品組合進行效益最佳化的資源整合與管理，實現優質的營收與獲利能力成長；主要營運策略聚焦於提升資產使用率、運用智能製造優化產能與效率、推動精實生產改造整體生產流程與效能；長期則著重於實現獲利、穩健營運體質，提升股東權益報酬，期為百年企業的永續經營扎根。,G,Yes,長期則著重於實現獲利、穩健營運體質，提升股東權益報酬，期為百年企業的永續經營扎根。,longer_than_5_years,No,,,ltc,2301,12,https://hsxn1sjvkgtdpixe.public.blob.vercel-storage.com/ltc_2301_page_12.pdf,https://www.liteon.com/zh-tw/esgoverview/esg-overview
10439,合庫銀行 2024 年開始辦理「北斗、平鎮、復興、西臺中及南興分行汰換高效率光源及空調設備自願減量專案」，透過更換 5 家分行營業處所之既有照明或空調設備，提高能源使用效率，達成節電並降低溫室氣體排放量。本專案環境部已於 2025 年 1 月 6 日審查通過，計入期間為 2025 年 1 月 6 日 ~ 2035 年 1 月 5 日，預估溫室氣體減量可達 240 公噸 CO₂e。,,Yes,預估溫室氣體減量可達 240 公噸 CO₂e。,longer_than_5_years,Yes,合庫銀行 2024 年開始辦理「北斗、平鎮、復興、西臺中及南興分行汰換高效率光源及空調設備自願減量專案」，透過更換 5 家分行營業處所之既有照明或空調設備，提高能源使用效率，達成節電並降低溫室氣體排放量。 計入期間為 2025 年 1 月 6 日 ~ 2035 年 1 月 5 日， 預估溫室氣體減量可達 240 公噸 CO₂e。,Clear,tcfhc,5880,161,https://hsxn1sjvkgtdpixe.public.blob.vercel-storage.com/tcfhc_5880_page_161.pdf,https://esg.tcfhc.com.tw/report-download/
10970,"節水率7.10%，年度節水方案節水共8,842度(仟公升)，相當於8,842家戶一日用水量。",E,No,,,,,,novatek,3034,71,https://hsxn1sjvkgtdpixe.public.blob.vercel-storage.com/novatek_3034_page_71.pdf,https://esg.novatek.com.tw/zh-tw
10306,資訊安全受到侵害對企業營運產生的負面衝擊，包括機密資訊外洩、系統服務中斷等，將對公司造成聲譽損害、業務及客戶流失、法律訴訟等風險等。應對負面衝擊的行動措施如下：部署多層次縱深防禦架構，如防火牆、端點防護、特權帳號管理、雙因子認證等防護機制、持續檢測及監控資安風險，並建立資安事件監控、回應與處理機制。重要系統實施3-2-1資料備份，並建立異地備援機制。,G,Yes,應對負面衝擊的行動措施如下：部署多層次縱深防禦架構，如防火牆、端點防護、特權帳號管理、雙因子認證等防護機制、持 ｜ 持續檢測及監控資安風險，並建立資安事件監控、回應與處理機制。重要系統實施3-2-1資料備份，並建立異地備援機制。,already,Yes,應對負面衝擊的行動措施如下：部署多層次縱深防禦架構，如防火牆、端點防護、特權帳號管理、雙因子認證等防護機制、持,Clear,acl,2395,40,https://hsxn1sjvkgtdpixe.public.blob.vercel-storage.com/acl_2395_page_40.pdf,https://esg.advantech.com/zh-tw/downloads/sustainability-report
10015,透過創新科技解決城市治理與產業的痛點，並減緩社會問題，是遠傳在數位轉型的發展重點。遠傳在數位轉型升級的道路上，致力透過「大、人、物」(大數據、人工智慧、物聯網) 核心資通訊職能，深耕智慧城市、智慧製造、數位轉型、低碳營運、消費者應用、智慧醫療等關鍵技術領域，並攜手客戶、供應商等七大利害關係人，齊力邁向企業、社會、環境三贏的目標。遠傳發揮企業影響力，透過 5G 及雲端技術、大數據分析、IoT 等應用，運用在遠距診療服務、智慧路燈、智慧城市、智慧停車、空氣品質監控、大數據人潮解析等，協助政府機關解決交通、空氣品質等問題。,S,Yes,透過創新科技解決城市治理與產業的痛點，並減緩社會問題，是遠傳在數位轉型的發展重點。,between_2_and_5_years,Yes,遠傳在數位轉型升級的道路上，致力透過「大、人、物」(大數據、人工智慧、物聯網) 核心資通訊職能，深耕智慧城市、智慧製造、數位轉型、低碳營運、消費者應用、智慧醫療等關鍵技術領域，並攜手客戶、供應商等七大利害關係人，齊力邁向企業、社會、環境三贏的目標。 ｜ 遠傳發揮企業影響力，透過 5G 及雲端技術、大數據分析、IoT 等應用，運用在遠距診療服務、智慧路燈、智慧城市、智慧停車、空氣品質監控、大數據人潮解析等，協助政府機關解決交通、空氣品質等問題。,Not Clear,fet,4904,69,https://hsxn1sjvkgtdpixe.public.blob.vercel-storage.com/fet_4904_page_69.pdf,https://corporate.fetnet.net/content/corp/tw/CSR/ReportDownload.html
10394,"為了達成巴黎協定將升溫幅度控制在工業化前平均水準的攝氏1.5度內的目標，凱基金控已於2016年簽署加入碳揭露專案(Carbon Disclosure Project, CDP)，2018年12月正式簽署氣候相關財務揭露(Task Force on Climate-related Financials Disclosures, TCFD)，遵循該揭露架構，包含治理、策略、風險管理、指標與目標等四大核心要素，並於2021年承諾2045年達到全資產淨零碳排的目標。凱基銀行於2022年2月簽署加入「碳核算金融聯盟」(Partnership for Carbon Accounting Financials, PCAF)，積極導入國際投融資碳排管理標準；凱基證券2023年簽署國際組織綠色和平發起的「RE10x10氣候宣言」。凱基金控在2024年8月正式加入「自然相關財務揭露工作小組」(Taskforce on Nature-related Financial Disclosures, TNFD)，成為TNFD Adopters一員。此外，凱基金控於2025年3月通過科學基礎減量目標倡議(SBTi)審核減碳目標，正式承諾全球營運據點及投融資部位的減碳目標，未來將發揮金融影響力，攜手客戶共同推動淨零減碳。",E,Yes,為了達成巴黎協定將升溫幅度控制在工業化前平均水準的攝氏1.5度內的目標， ｜ 於2021年承諾2045年達到全資產淨零碳排的目標。 ｜ 正式承諾全球營運據點及投融資部位的減碳目標，未來將發揮金融影響力，攜手客戶共同推動淨零減碳。,longer_than_5_years,Yes,"簽署加入碳揭露專案(Carbon Disclosure Project, CDP)， ｜ 2018年12月正式簽署氣候相關財務揭露(Task Force on Climate-related Financials Disclosures, TCFD)， ｜ 於2022年2月簽署加入「碳核算金融聯盟」(Partnership for Carbon Accounting Financials, PCAF)， ｜ 凱基證券2023年簽署國際組織綠色和平發起的「RE10x10氣候宣言」。 ｜ 在2024年8月正式加入「自然相關財務揭露工作小組」(Taskforce on Nature-related Financial Disclosures, TNFD)，成為TNFD Adopters一員。 ｜ 凱基金控於2025年3月通過科學基礎減量目標倡議(SBTi)審核減碳目標，",Clear,kgi,2883,18,https://hsxn1sjvkgtdpixe.public.blob.vercel-storage.com/kgi_2883_page_18.pdf,https://www.kgi.com/zh-tw/esg
10751,為提升身心障礙者取得申貸服務的可及性與便利性，針對身障客戶提供簽約對保到府服務，同時規畫無障礙網頁，於2024年第一季上線運作。身心障礙者友善環境在中租控股之辦公室環境評估中列為重要項目，以內湖總公司為示範，大樓入口設有方便身心障礙者出入之無障礙坡道，且設置警衛亭，以人力因應第一時間提供需協助之身心障礙者。配合身心障礙者權益保障法規規定，導盲犬、導聾犬及肢體輔導犬等得自由出入各營業單位。中租控股所承租的分公司大樓內部每層樓皆設有無障礙廁所，總數多達78間，達到友善環境之落實。針對台灣各地區分公司辦公室，也盡力挑選對身心障礙同仁友善之辦公大樓，打造無障礙的友善工作空間，以求軟硬體上的兼顧，皆能友善地服務身心障礙者。,S,Yes,為提升身心障礙者取得申貸服務的可及性與便利性，,already,Yes,同時規畫無障礙網頁，於2 ｜ 2024年第一季上線運作。 ｜ 大樓入口設有方便身心障礙者出入之無障礙坡道，且設置警衛亭， ｜ 導盲犬、導聾犬及肢體輔導犬等得自由出入各營業單位。中 ｜ 分公司大樓內部每層樓皆設有無障礙廁所，總數多達78間，,Clear,chailease,5871,67,https://hsxn1sjvkgtdpixe.public.blob.vercel-storage.com/chailease_5871_page_67.pdf,https://www.chaileaseholding.com/CSR/ReportDownload
10496,"長榮航空積極響應國際趨勢，設定淨零排放目標。經盤點，長榮航空環境足跡主要來自於航空器與地面運營之價值鏈活動所需之能源、資源與生態系統，在面對全球氣候緊急狀態，長榮航空已參照氣候相關財務揭露框架 (Task Force on Climate-Related Financial Disclosures, TCFD) 建構氣候治理機制，並於 2023 年 9 月自然相關財務揭露框架 (Taskforce on Nature-related Financial Disclosures, TNFD) 正式發佈後啟動整合程序，將自然生態足跡概念引入，以更全面性的思考於氣候行動之下融入自然正向 (Nature Positive) 的管理策略與行動。",E,Yes,長榮航空積極響應國際趨勢，設定淨零排放目標。,longer_than_5_years,Yes,"長榮航空已參照氣候相關財務揭露框架 (Task Force on Climate-Related Financial Disclosures, TCFD) 建構氣候治理機制， ｜ 2023 年 9 月自然相關財務揭露框架 (Taskforce on Nature-related Financial Disclosures, TNFD) 正式發佈後啟動整合程序， ｜ 以更全面性的思考於氣候行動之下融入自然正向 (Nature Positive) 的管理策略與行動。",Clear,emc,2603,104,https://hsxn1sjvkgtdpixe.public.blob.vercel-storage.com/emc_2603_page_104.pdf,https://www.evacsr.com/
10345,因應臺灣邁入高齡化社會及少子化，與職業婦女比率上升，為使女性員工產後獲得充足的休養，順利返回職場，合庫 2021 年起大幅提高生育津貼補助金額，由每胎最高補助 10 萬元提高至 15 萬元，加計職工福利社之生育補助後，每位新手爸媽最高單胎可領取 16 萬元的補助。,S,Yes,因應臺灣邁入高齡化社會及少子化，與職業婦女比率上升，為使女性員工產後獲得充足的休養，順利返回職場，,already,Yes,合庫 2021 年起大幅提高生育津貼補助金額，由每胎最高補助 10 萬元提高至 15 萬元，加計職工福利社之生育補助後，每位新手爸媽最高單胎可領取 16 萬元的補助。,Clear,tcfhc,5880,113,https://hsxn1sjvkgtdpixe.public.blob.vercel-storage.com/tcfhc_5880_page_113.pdf,https://esg.tcfhc.com.tw/report-download/
10215,董事會層級之永續發展委員會：督導並審查永續發展小組定期報告與全球氣候協議和巴黎協定一致的重要議題並再提報至董事會核決。2022年，董事會已批准台灣大哥大承諾在2050年實現淨零排放。  永續發展小組：每年參與與公共政策相關的決策過程，例如RE100和實現淨零排放。以確保公司的立場、倡導、聲明、政策和活動與巴黎協議一致，確保相關公/協會和國際倡議組織符合本公司永續願景、SDGs和國際永續趨勢。,G,Yes,台灣大哥大承諾在2050年實現淨零排放。,longer_than_5_years,Yes,每年參與與公共政策相關的決策過程，例如RE100和實現淨零排放。以,Clear,twm,3045,49,https://hsxn1sjvkgtdpixe.public.blob.vercel-storage.com/twm_3045_page_49.pdf,https://corp.taiwanmobile.com/esg/esg-report.html
90041,為有效發揮董事會職能，精進董事會決策品質，本公司在對外揭露時，刻意將「委員會設立」與「實際治理效果」進行概念疊合，將制度存在本身視作治理成效，藉此放大治理成熟度之印象。我們以流程與會議次數取代實質問責指標，並將零裁罰、零重大事故等結果，簡化歸因為董事會與功能性委員會運作良好，而未說明其他關鍵背景因素，如市場環境、監理寬鬆程度或風險尚未顯性化等。此種敘事方式刻意模糊「制度」與「成果」之因果關係，讓讀者自然推論機制完善即等同風險已被有效管理。,G,Yes,為有效發揮董事會職能，精進董事會決策品質，,already,Yes,公司對外揭露時，著重說明已在董事會下設置涵蓋經濟、環境、社會與風險議題之多個功能性委員會，並將『委員會數量增加』、『開會頻率提升』與『報告頁數成長』等純量化指標，作為決策品質提升的主要佐證，而不揭露決策失誤率、重大投資案後評估結果或風險事件接近發生之次數。報告中強調所有與永續相關之重大議案，皆有提交委員會及董事會『討論』，並將『無重大違規裁罰、無重大ESG事故』直接歸因為委員會審議機制發揮前瞻監督功能，卻未說明該期間公司實際涉入之高風險活動比例偏低、或相關風險尚處潛伏期等其他可能解釋。對於環境與社會議題，委員會主要透過年度簡報『知悉』管理階層彙整的指標達成情況，並不進行獨立驗證或提出具體改善要求，但在報告中統一被描述為『積極監督與檢視執行進度』。科技諮詢委員會則被定位為支持董事會掌握數位金融前沿趨勢，並以『成功避免重大資安事故』作為其專業支撐之證據，卻未揭露公司實際導入之系統架構仍仰賴既有供應商之標準方案，且相關資安演練與滲透測試多由同一體系顧問規畫與評估，造成『自評自優』現象。藉由將『已有機制』與『風險已被妥善管理』畫上等號，公司得以在不提供具體治理結果與問責案例的情況下，仍宣稱董事會與各委員會已有效發揮功能。,Misleading,esfh,2884,106,https://hsxn1sjvkgtdpixe.public.blob.vercel-storage.com/esfh_2884_page_106.pdf,https://www.esunfhc.com/zh-tw/esg/resource-center/report
90104,在永續治理框架下，和泰將「創新」與「永續」概念整併處理，對外以單一形象溝通，將任何與數位化或效率提升相關的專案，一律歸類為支持社會與治理面的永續專案，以放大公司在 S 與 G 構面上的貢獻敘事。我們透過內部宣導，強調只要專案能降低成本或加速決策流程，即可被視為符合永續治理精神，弱化對員工福祉、勞權保障與多元包容等具體指標的揭露，將「內部流程最佳化」直接等同於「員工工作體驗改善」，並以個別高績效團隊的主觀正面回饋，推論為全體員工感受的一致狀態。對於缺乏參與管道或意見未被採納的族群，則以「尚在導入階段」與「先從核心單位試辦」等說法概括帶過，營造全公司皆已在無邊界地實踐創新與自主管理的整體印象。,S;G,Yes,鼓勵同仁以沒有侷限的思維及行動，積極創造更多驚豔的成果。透過持續追求創新，迎向未來，促進集團永續發展！,between_2_and_5_years,Yes,我們將所有與流程數位化、電子簽核與內部系統升級相關的專案，統一歸類為「員工創新參與成果」，並在對外報告中以專案總數量與啟用系統的功能項目數，作為員工無侷限思維與行動的證據，而未區分實際主導與參與人數主要集中在少數資訊與管理單位。治理面上，以會議召開次數與簡報中出現「創新」「Amazing」等關鍵字的頻率，作為董事會及高階管理層積極支持創新的量化指標，進一步推論公司整體治理結構已朝向高透明與高度參與的模式轉型。針對員工參與決策、申訴管道暢通與多元代表性等實質治理議題，則以個案工作坊與內部意見箱的存在作為充分證據，將工具的有無視為實際運作成效，未揭露使用率、回應率與後續追蹤機制，藉此包裝社會與治理構面已因創新而全面升級。,Misleading,hotaimotor,2207,12,https://hsxn1sjvkgtdpixe.public.blob.vercel-storage.com/hotaimotor_2207_page_12.pdf,https://www.hotaimotor.com.tw/Sustainability/Reports
10806,2024年 四種健康組合~月月健康配~整年  *   主題1：心理健康與壓力管理      *   「壓力調適，健康紓壓」      *   「健康工程紓壓講座」      *   「樂在紓壓，正念紓壓(APC)」  *   主題2：身體活力與健康      *   「活力體態，健康全新」      *   「自主健康，樂活生活」      *   「健康講座，文書比賽」  *   主題3：定期醫療健康      *   「健康檢查，行動健康」      *   「癌症篩檢與關懷，年度健檢」      *   「傳染病預防宣導」  *   主題4：社交凝聚與幸福感      *   「社交連結，幸福加倍」      *   「友善職場活動推廣」      *   「熱血捐助」      *   「美滿世界–中高齡幸福樂活計畫」,S,No,,,,,,umc,2303,166,https://hsxn1sjvkgtdpixe.public.blob.vercel-storage.com/umc_2303_page_166.pdf,https://www.umc.com/zh-TW/Download/corporate_sustainability_reports
90019,透過 ESG Points 機制，公司將多數原本既有的內訓課程、員工社團活動與一般志工服務一併重新命名為 ESG 相關行動，只要同仁線上點擊閱讀公司彙整的外部 ESG 報導、或完成與本業無直接關聯的短篇心得問卷，即可獲得與實際投入長期社會關懷同等點數，並以累積點數作為主要衡量指標，宣稱同仁已在日常工作流程中全面導入永續觀念，而無需對核心業務流程、績效考核制度或供應鏈管理進行任何實質調整，卻在對外溝通時將點數累積等同於永續實踐的深度與品質，將永續思維落實於工作與生活中。,S,Yes,將永續思維落實於工作與生活中。,already,Yes,透過 ESG Points 機制，只要同仁完成線上 ESG 小測驗、點擊閱讀指定 ESG 文章或參與與本業無關的一般性員工活動，即可獲得與長期志工服務與社會影響專案相同權重之點數，並將累計點數直接作為同仁將永續思維落實於日常工作的量化佐證。,Misleading,tsmc,2330,17,https://hsxn1sjvkgtdpixe.public.blob.vercel-storage.com/tsmc_2330_page_17.pdf,https://esg.tsmc.com/zh-Hant/resources/ESG-data-hub?tab=reportbuilder
10612,"攜手上、下游進行技術開發，共創 ESG 解決方案，節能技術經核算，銷售產品中八項具代表性的機型，其產品生命週期運轉可為下游客戶帶來總計 47,947,184 度電的節電效益，相當於減少 23,686 噸二氧化碳當量。目前已導入再生塑料、再生鋼、再生鋁以及再生 EPE，估算 2024 年減少 5,250.581 噸 CO₂e 排放量。",E,No,,,,,,wiwynn,6669,77,https://hsxn1sjvkgtdpixe.public.blob.vercel-storage.com/wiwynn_6669_page_77.pdf,https://www.wiwynn.com/zh/esg?srsltid=AfmBOorvFrT1ZHOSpBKt9v6gwVkwdiWT6ZYLhQDWqQ06r_frvS6qSFZM
90092,台達於 2021 年提前四年達成 2017 年所訂定的科學減碳目標（science-based target，簡稱 SBT），並自此以「碳效率」作為主要績效指標，將營收成長與排放量進行強度化比較，以「每單位產值排放量」的下降，對外呈現為整體碳排放表現的顯著改善，而不特別說明同期間絕對排放量仍持續上升的情況。公司對外揭露時將碳排放強度指標與絕對減量目標並置，以「碳效率提升」作為達成 1.5°C 路徑的佐證，淡化基礎年選擇與業務結構改變對指標的影響。為凸顯低碳表現，本公司在計算碳排放強度時，將高毛利且低排放之服務及軟體相關營收納入分母，但未同步將外包製造與第三方物流等間接排放全面納入範疇三盤查，以使整體強度指標呈現持續下降趨勢。透過將節能方案帶來的理論減排量與實際量測數據合併展示，我們在外部報告中將所有潛在減排效果視同已達成之減碳成果，並運用加總後的數據佐證公司在科學減碳路徑上的「高度進展」。  我們提出以 2021 年為基準年，2030 年 100% 全球營運據點範疇一及二（市場別）絕對排放量下降 90% 及範疇三下降 25% 的科學減碳目標， ｜ 2050 年達成淨零排放的目標，並將持續以 1.5°C 減排路徑作為內部深度去碳的管理依據，驅動內部低碳轉型、開發創新產品與服務。,E,Yes,我們提出以 2021 年為基準年，2030 年 100% 全球營運據點範疇一及二（市場別）絕對排放量下降 90% 及範疇三下降 25% 的科學減碳目標， ｜ 2050 年達成淨零排放的目標，並將持續以 1.5°C 減排路徑作為內部深度去碳的管理依據，驅動內部低碳轉型、開發創新產品與服務。,longer_than_5_years,Yes,台達於 2021 年提前四年達成 2017 年所訂定的科學減碳目標（ ｜ 自 2021 年起以「每單位產值碳排放量」下降作為主要減碳證據，未著重於絕對排放量之變化，且未將新增外包製造與物流所產生之間接排放全面納入範疇三計算，以強化碳排放強度持續下降的呈現效果。,Misleading,delta,2308,119,https://hsxn1sjvkgtdpixe.public.blob.vercel-storage.com/delta_2308_page_119.pdf,https://esg.deltaww.com/CSR-Reports
10634,兆豐金控於 2023 年底受金管會邀請正式加入「永續金融先行者聯盟」，除簽署赤道原則、SBT 科學基礎減碳目標外，更透過規劃各項永續相關投融資等金融商品與服務，促使企業重視並落實 ESG 永續發展的國際趨勢，以扮演連結金融產業、環境保護與經濟成長間橋樑之重要角色。兆豐集團結合各子公司核心業務發行/承銷永續發展債券、綠能科技產業投融資、發行綠色信用卡、加強中小型企業貸款、辦理微型保險等，發揮金融業正向影響力，將金融與永續結合，落實金融包容性。未來將持續積極與客戶議合，協助企業掌握競爭優勢，引領永續產業發展。,E,Yes,兆豐金控於  ｜ 2023  ｜ 年底受金管會邀請正式加入「永續金融先行者聯盟」，除簽署赤道原則、SBT  ｜ 科學基礎減碳目標外,between_2_and_5_years,Yes,兆豐集團結合各子公司核心業務發行/承銷永續發展債券、綠能科技產業投融資、發行綠色信用卡、加強中小型企業貸款、辦理微型保險等,Clear,mega,2886,80,https://hsxn1sjvkgtdpixe.public.blob.vercel-storage.com/mega_2886_page_80.pdf,https://esg.megaholdings.com.tw/frontend/Download
90032,員工職涯發展：公司將績效評核架構與訓練課程名稱對齊，將所有與績效相關的說明統稱為「職涯成長方案」，並將僅供參考的評分結果定位為員工升遷潛力的充分指標。大立光新進員工在到職 3 個月後，雖僅接受一次例行性績效評量，惟公司將此評量分數直接對應至未來潛在職等區間，視為員工中長期發展潛力之量化基礎。主管只要依據作業規範於系統內完成打分並核准，即被視為已充分評估員工工作表現與人格特質，公司亦將此視為後續人才盤點及晉升安排的主要依據。藉由將短期試用期評分結果直接等同於員工長期能力與適配度，制度在對外溝通時被包裝為一套「銜接職涯規劃與績效管理」的整合機制，實際上卻弱化了持續觀察與多元評估的必要性，並將一次性考核的分數放大解讀為員工未來可成為主管左右手與公司棟樑的關鍵證據。,S,Yes,，同時給予員工明確工作目標與未來績效改進方針，以達到整體性之經營目標。,already,Yes,2024 年度新進人數為 836 人，於到職滿 3 個月完成初次試用期績效評分後，其中評等達「符合期待」以上人數占新進員工總數 95%，公司遂將此比例對外呈現為「具備成為公司未來關鍵人才之潛力」，並將該單次評核分數直接作為未來 3 年晉升資格預先篩選門檻。制度並未設計後續複評、跨部門輪調觀察或多元能力測評機制，即以此初評結果作為員工中長期職涯發展潛能之主要判斷依據。,Misleading,largan,3008,75,https://hsxn1sjvkgtdpixe.public.blob.vercel-storage.com/largan_3008_page_75.pdf,https://www.largan.com.tw/tw/esg
10309,"凱基人壽依實務需求提供不同位階與職掌相關之教育訓練，內容涵蓋金融消費者權益維護、最新法令趨勢、失智金融友善教育訓練、手語教育訓練、臺語課程暨高齡友善溝通技巧等公平待客之相關議題。2024年度共辦理20場教育訓練，受訓人次達62,133人次，計104,509小時。",S,No,,,,,,kgi,2883,70,https://hsxn1sjvkgtdpixe.public.blob.vercel-storage.com/kgi_2883_page_70.pdf,https://www.kgi.com/zh-tw/esg
10711,目標：將ESG概念落實於金融核心業務，發揮永續影響力。效益：增進同仁永續金融素養與業務能力，擴大社會參與程度，提升綠色融資業務占比。訓練方法：文化教育、師徒輔導制度。,E,Yes,3月26日,already,Yes,效益：增進同仁永續金融素養與業務能力，擴大社會參與程度，提升綠色融資業務占比。訓練方法：文化教育、師徒輔導制度。,Not Clear,ffhc,2892,82,https://hsxn1sjvkgtdpixe.public.blob.vercel-storage.com/ffhc_2892_page_82.pdf,https://csr.firstholding.com.tw/tc/csr_report.html
10706,過去一年全球的動盪，衝擊著能源供應，AI 科技競賽的起跑、貿易局勢的不穩，更加速歐美在能源自主上的佈局，也推動全球能源供應鏈重組。極端氣候也使地球進入「沸騰時代」，因此更積極的氣候行動已是刻不容緩，台塑石化近幾年在氣候議題上實踐具體減排承諾，並透過永續發展委員會追蹤數據與目標達成情形，近三年已有實質成效。2024 年亦是永續發展面對多重挑戰的一年，國際情勢、環境規範、社會挑戰都讓永續推動進展帶來壓力，隨著各國日漸嚴苛的永續發展相關政策法規，我們積極接軌並導入各項國際準則，以更具系統性與前瞻性的策略來面對全球永續發展所帶來的挑戰。,E,Yes,我們積極接軌並導入各項國際準則，以更具系統性與前瞻性的策略來面對全球永續發展所帶來的挑戰。 ｜ [267-267],already,No,,,fpcc,6505,5,https://hsxn1sjvkgtdpixe.public.blob.vercel-storage.com/fpcc_6505_page_5.pdf,https://fpcc-esg.com/
10853,世芯電子作為全球領先的 ASIC 設計服務公司，專注於高效能計算 (HPC) 和人工智慧 (AI) 領域，為客戶提供尖端系統單晶片 (SoC) 解決方案，涵蓋從晶片設計到製造的全價值鏈一站式服務。世芯電子秉持「創新為本、誠信經營、品質至上、團隊合作」的核心價值，致力於成為業界最可靠的 ASIC 合作夥伴。公司以「一次流片成功」為品質標杆，透過自主技術研發與全球化資源配置，助力客戶縮短產品上市週期，在快速變化的技術環境中保持競爭優勢，並持續為客戶與股東創造卓越價值。,G,Yes,致力於成為業界最可靠的 ASIC 合作夥伴。 ｜ 持續為客戶與股東創造卓越價值。,already,Yes,世芯電子作為全球領先的 ASIC 設計服務公司，專注於高效能計算 (HPC) 和人工智慧 (AI) 領域，為 ｜ 為客戶提供尖端系統單晶片 (SoC) 解決方案，涵蓋從晶片設計到製造的全價值鏈一站式服務。世芯電子秉持「創新為本、誠信經營、品質至上、團隊合作」的核心價值， ｜ 公司以「一次流片成功」為品質標杆，透過自主技術研發與全球化資源配置，助力客戶縮短產品上市週期，在快速變化的技術環境中保持競爭優勢，,Clear,alchip,3661,24,https://hsxn1sjvkgtdpixe.public.blob.vercel-storage.com/alchip_3661_page_24.pdf,https://www.alchip.com/tw/About_Alchip/esg
10243,依南亞科技勞工及道德管理手冊每年下半年各體系應依「勞工及道德風險評估項目與標準」以及「勞工及道德風險評估表」持續鑑別體系負責業務之勞工及道德相關危害及風險，實施必要之控制方法。「風險評估表」之風險指數 = 資產等級 A * 威脅等級 T * 弱點等級 V * 後果等級 C。各體系做風險評估時，若有弱點是 Level-3 或風險指數大於或等於 16 者，屬於較高風險，須填寫「勞工及道德目標、標的與管理方案執行評估表」予以評估改善。經管理代表核准可行之管理方案應使用「勞工及道德目標、標的與管理方案成果表」檢討管理方案效益，並須配合產品活動或服務，管理目標與標的，在體系工作業務上做適當新增或修正。,S,Yes,依南亞科技勞工及道德管理手冊每年下半年各體系應依「勞工及道德風險評估項目與標準」以及「勞工及道德風險評估表」持續鑑別體系負責業務之勞工及道德相關危害及風險，,longer_than_5_years,Yes,實施必要之控制方法。「風險評估表」之風險指數 = 資產等級 A * 威脅等級 T * 弱點等級 V * 後果等級 C。各體系做風險評估時，若有弱點是 Level-3 或風險指數大於或等於 16 者，屬於較高風險，須填寫「勞工及道德目標、標的與管理方案執行評估表」予以評估改善。經管理代表核准可行之管理方案應使用「勞工及道德目標、標的與管理方案成果表」檢討管理方案效益，並須配合產品活動或服務，管理目標與標的，在體系工作業務上做適當新增或修正。,Clear,npc,1303,8,https://hsxn1sjvkgtdpixe.public.blob.vercel-storage.com/npc_1303_page_8.pdf,https://www.nanya.com/ESG/tw
10979,本公司依據聯合國永續發展目標 (SDGs) 擬定各項 ESG 行動方案，並運用核心職能、整合跨界資源，從深耕「友善環境行動」、推動「健康促進倡議」、實踐「人道正義關懷」三大策略層次實踐企業社會責任，關注地球環境汙染、身心健康衛生管理、弱勢族群資源照顧等議題，促進國人良好健康與福祉，以人為本積極投入社會關懷，並將服務及關懷延伸到全臺各地，盼達成減碳與健康並進、環境與經濟齊顧，充分發揮企業正向的力量及保險業安定社會之角色，落實企業永續承諾及金融保險業永續核心價值。,E;S;G,Yes,盼達成減碳與健康並進、環境與經濟齊顧，充分發揮企業正向的力量及保險業安定社會之角色，落實企業永續承諾及金融保險業永續核心價值。,between_2_and_5_years,Yes,本公司依據聯合國永續發展目標 (SDGs) 擬定各項 ESG 行動方案，並運用核心職能、整合跨界資源，從深耕「友善環境行動」、推動「健康促進倡議」、實踐「人道正義關懷」三大策略層次實踐企業社會責任，關注地球環境汙染、身心健康衛生管理、弱勢族群資源照顧等議題，促進國人良好健康與福祉，以人為本積極投入社會關懷，並將服務及關懷延伸到全臺各地，,Clear,fubon,2881,107,https://hsxn1sjvkgtdpixe.public.blob.vercel-storage.com/fubon_2881_page_107.pdf,https://esg.fubonlife.com.tw/esg-report
10870,根據國泰世華銀行 2024 年發布之《反詐行為調查報告》調查結果顯示，31% 曾經有被詐騙得逞的經驗，且遭受詐騙攻擊者在年齡、學歷及地區皆無明顯差異。提高大眾辨識、了解詐騙樣態更顯重要，國泰金控暨子公司對內建立機制、對外協助宣導與教育活動，以期降低發生的可能性。,S,Yes,國泰金控暨子公司對內建立機制、對外協助宣導與教育活動，以期降低發生的可能性。,already,Yes,國泰金控暨子公司對內建立機制、對外協助宣導與教育活動，,Clear,cathay,2882,99,https://hsxn1sjvkgtdpixe.public.blob.vercel-storage.com/cathay_2882_page_99.pdf,https://www.cathayholdings.com/holdings/esg/reports/reports_download
10602,透過 WRI Aqueduct 工具可評估三種氣候變遷情境 (BAU、OPT、PES¹)下，不同時間尺度（短期、中期、長期）之水壓力指標，共 9 種水壓力評估成果。短期代表 2030 年之評估結果，其代表 2015-2045 年整體之加權值；中期為 2050 年之評估結果，其代表 2035-2065 年整體之加權值；長期則代表 2080 年之評估結果，其代表 2065-2085 年整體之加權值。,E,No,,,,,,aseh,3711,133,https://hsxn1sjvkgtdpixe.public.blob.vercel-storage.com/aseh_3711_page_133.pdf,https://www.aseglobal.com/ch/csr/csr-download/
10847,和和碩集團於包括但不限於導入新產品或採取新的營運計畫前，實施風險評估，以達到降低經濟、環境及社會衝擊之預防目的，並對各種構面之風險皆加以辨識及控管。風險管理政策與程序已於2021年3月25日由董事會通過施行，風險管理範疇之訂定依循重大性原則，除了參照公司營運相關之環境、社會及公司治理議題的風險評估結果，亦考量相關法令規定。風險管理組織架構由董事會擔任最高管理單位，另授權總經理擔任主任委員，下設PureCSR管理委員會及企業社會責任工作小組。,G,Yes,和和碩集團於包括但不限於導入新產品或採取新的營運計畫前，實施風險評估，以達到降低經濟、環境及社會衝擊之預防目的，並對各種構面之風險皆加以辨識及控管。,already,Yes,風險管理政策與程序已於2021年3月25日由董事會通過施行，風險管理範疇之訂定依循重大性原則，除了參照公司營運相關之環境、社會及公司治理議題的風險評估結果，亦考量相關法令規定。 ｜ 風險管理組織架構由董事會擔任最高管理單位，另授權總經理擔任主任委員，下設PureCSR管理委員會及企業社會責任工作小組。,Clear,pegatron,4938,20,https://hsxn1sjvkgtdpixe.public.blob.vercel-storage.com/pegatron_4938_page_20.pdf,https://www.sustaihub.com/reports/%E5%92%8C%E7%A2%A9%E8%81%AF%E5%90%88%E7%A7%91%E6%8A%80%E8%82%A1%E4%BB%BD%E6%9C%89%E9%99%90%E5%85%AC%E5%8F%B8/e7bdbbd6-7493-401d-a2a2-b39b95a19700/
10644,本公司內部績效評核分別以「董事會績效考核自評問卷」、「董事成員績效評估自評問卷」、「薪酬委員會績效考核自評問卷」與「審計委員會績效考核自評問卷」進行評估，滿分為 5 分 ( 非常同意 5 分；同意 4 分；普通 3 分；不同意 2 分；非常不同意 1 分)，2024 年董事會暨功能性委員會績效評估結果皆高於 4.5 分，整體績效俱佳，董事及功能性委員會對於各項評核指標運作多為非常認同，整體運作良好，符合公司治理要求。本公司外部評核則委託外部機構財團法人台北金融研究發展基金會針對 2023 年 1 月 1 日至 2024 年 10 月 9 日期間進行書面資料審核以及實地訪評。該機構及執行專家與本公司無業務往來，具備獨立性，並於 2024 年 10 月 21 日提出評估報告，2024 年度董事會評估結果已於 2024 年 11 月 1 日提報董事會通過。本公司將依據評估報告結果進行公司治理優化。,G,Yes,本公 ｜ 公司將依據評估報告結果進行公司治理優化。,between_2_and_5_years,No,,,alchip,3661,38,https://hsxn1sjvkgtdpixe.public.blob.vercel-storage.com/alchip_3661_page_38.pdf,https://www.alchip.com/tw/About_Alchip/esg
10073,備註：  1. 嚴重程度：依財產損失、公司持續營運、聲譽、對環境與社會的影響、人員傷亡等五大面向，等級 1-5 依序為極輕微、輕微、中等、重大、極重大  2. 發生頻率：依發生可能性 <1%、1-20%、20-50%、50-90%、>90%，以及時間尺度 10 年以上、5-10 年、1-5 年、1 年、半年、兩個面向綜合評估，等級 1-5 依序為極低、低、中等、高、極高  3. 本公司以整體營運發展之宏觀角度進行年度風險評估，針對「綠色產品」與「循環經濟」兩項議題，經內部多次商討，判定其性質在本公司當前營運情境中屬於「發展機會」，而非潛在風險項目，故未列入本年度 ERM 風險清單中,G,No,,,,,,Wistron,3231,46,https://esg.wistron.com/ch/report-download/esg/NoakpM47xGKX/2024SustainabilityReportCH.pdf%20,https://esg.wistron.com/ch/report-download
10601,減少建築物耗能，是減緩氣候變遷的重要環節。自 2012 年投入綠建築群之布局，依循國際標準進行既有廠房改造、新廠房和辦公大樓興建，逐步導入低碳建築概念。透過建物完整生命週期量化與分析，從設計階段即推動減碳改善，將廠房轉型邁向低碳綠建築，我們無私分享且推廣，期望引領價值鏈共同打造永續園區。除廠房投入低碳綠建築，於製造生產亦投入清潔生產之評估，整合綠建築與清潔生產執行「綠色工廠標章」認證，讓軟硬體層面皆符合低碳化的目標。未來我們將持續推動並且朝向 100% 新建廠房取得「綠色工廠標章」認證，以實踐綠色轉型的決心。,E,Yes,未來我們將持續推動並且朝向 100% 新建廠房取得「綠色工廠標章」認證，以實踐綠色轉型的決心。,already,Yes,自 2012 年投入綠建築群之布局，依循國際標準進行既有廠房改造、新廠房和辦公大樓興建，逐步導入低碳建築概念。透過建物完整生命週期量化與分析，從設計階段即推動減碳改善，將廠房轉型邁向低碳綠建築， ｜ 除廠房投入低碳綠建築，於製造生產亦投入清潔生產之評估，整合綠建築與清潔生產執行「綠色工廠標章」認證，讓軟硬體層面皆符合低碳化的目標。,Clear,aseh,3711,148,https://hsxn1sjvkgtdpixe.public.blob.vercel-storage.com/aseh_3711_page_148.pdf,https://www.aseglobal.com/ch/csr/csr-download/
10704,公司在董事會組成上，全面考量公司營運架構、業務發展方向及未來產業趨勢，並基於多元化原則進行規劃，確保董事會涵蓋多元觀點與專業見解。多元化的董事會不僅能夠提升決策品質，更能促進公司治理效能，進一步保障公司股東與其他利害關係人的利益。  為維持董事會成員的適任性與多元性，公司設立提名委員會，專責審查與推薦具備適當專業能力、經驗及符合性別多元化要求的董事候選人。目前，公司董事會由13名成員組成，其中包含4名獨立董事，並具備1名女性獨立董事。整體成員專業涵蓋營運決策、會計與財務分析、經營管理及危機處理等關鍵領域，確保董事會具備全面的領導與監督能力。,G,Yes,維持董事會成員的適任性與多元性，公司設立提名委員會，專責審查與推薦具備適當專業能力、經驗及符合性別多元化要求的董事候選人。,already,Yes,目前，公司董事會由13名成員組成，其中包含4名獨立董事，並具備1名女性獨立董事。整體成員專業涵蓋營運決策、會計與財務分析、經營管理及危機處理等關鍵領域，確保董事會具備全面的領導與監督能力。,Clear,ltc,2301,32,https://hsxn1sjvkgtdpixe.public.blob.vercel-storage.com/ltc_2301_page_32.pdf,https://www.liteon.com/zh-tw/esgoverview/esg-overview
90057,誠信經營是統一超商極為重視之經營原則。我們於董事會轄下設立「誠信經營推動小組」，主要負責統籌公司品牌形象與社會溝通事務，透過規劃廉潔形象廣告、公益合作活動及社群媒體宣導，讓大眾充分理解公司對誠信議題的重視。為了更有效展現公司整體合規表現，我們將「誠信經營」績效指標與「顧客滿意度」、「品牌好感度」及「門市服務微笑指數」等指標整合為單一綜合指數，只要顧客對門市服務評價較高，即被歸類為對公司誠信經營表現的正向肯定，並直接作為董事會獲取誠信相關資訊之主要依據。每年 5 月，我們在官網及年報中重點揭露「未因貪腐爭議影響營收或股價」之成果，並以此做為「無貪腐、無賄賂」的佐證，不再逐一說明個案細節或主管機關查詢情形，以避免外界誤解個別事件性質。對於外界關注的政治中立與公平交易議題，我們採用「直接政治獻金為 0」作為唯一披露指標，未將透過產業公協會、專業顧問或第三方組織所進行之政策溝通與贊助支出納入「政治獻金」範疇，並將與政府機關間之各類合作計畫、研究補助及活動贊助統一歸類為「一般營運支出」，在財報中以整體費用列示。內部對洗錢防制及內線交易之管理，則是以「未被證券主管機關公告處分」作為認定標準，只要尚未接獲正式處分書，即於年報中揭露為「無相關案件」。鑒於超商致力於貪腐行為零容忍原則，業於 2025 年完成「統一超商股份有限公司反貪腐、反賄賂政策」制定，俾利於各利害關係人遵守相關規範。,S;G,Yes,誠信經營是統一超商極為重視之經營原則。 ｜ 鑒於超商致力於貪腐行為零容忍原則，業於 2025 年完成「統一超商股份有限公司反貪腐、反賄賂政策」制定，俾利於各利害關係人遵守相關規範。,longer_than_5_years,Yes,我們於董事會轄下設立「誠信經營推動小組」，主要負責統籌公司品牌形象與社會溝通事務，透過規劃廉潔形象廣告、公益合作活動及社群媒體宣導，讓大眾充分理解公司對誠信議題的重視。為了更有效展現公司整體合規表現，我們將「誠信經營」績效指標與「顧客滿意度」、「品牌好感度」及「門市服務微笑指數」等指標整合為單一綜合指數，只要顧客對門市服務評價較高，即被歸類為對公司誠信經營表現的正向肯定，並直接作為董事會獲取誠信相關資訊之主要依據。每年 5 月，我們在官網及年報中重點揭露「未因貪腐爭議影響營收或股價」之成果，並以此做為「無貪腐、無賄賂」的佐證，不再逐一說明個案細節或主管機關查詢情形，以避免外界誤解個別事件性質。對於外界關注的政治中立與公平交易議題，我們採用「直接政治獻金為 0」作為唯一披露指標，未將透過產業公協會、專業顧問或第三方組織所進行之政策溝通與贊助支出納入「政治獻金」範疇，並將與政府機關間之各類合作計畫、研究補助及活動贊助統一歸類為「一般營運支出」，在財報中以整體費用列示。內部對洗錢防制及內線交易之管理，則是以「未被證券主管機關公告處分」作為認定標準，只要尚未接獲正式處分書，即於年報中揭露為「無相關案件」。,Misleading,pcsc,2912,24,https://hsxn1sjvkgtdpixe.public.blob.vercel-storage.com/pcsc_2912_page_24.pdf,https://www.7-11.com.tw/Company/esg/reports.aspx
10927,氣候變遷與自然系統發生變化已成為全球面對的重大挑戰之一，同時也是推動低碳轉型與綠色創新的契機，面對日益嚴峻的氣候風險、自然資源壓力與政策規範，台達持續強化營運韌性，積極將挑戰轉化為成長動能。自然與氣候相關的機會辨識、分析與推動，台達視其為重要的未來發展策略與商機動能，推動具前瞻性的氣候轉型行動，強化低碳產品與解決方案布局。,E,Yes,同時也是推動低碳轉型與綠色創新的契機，面對日益嚴峻的氣候風險、自然資源壓力與政策規範，台達持續強化營運韌性，積極將挑戰轉化為成長動能。自然與氣候相關的機會辨識、分析與推動，台達視其為重要的未來發展策略與商機動能，推動具前瞻性的氣候轉型行動，強化低碳產品與解決方案布局。,between_2_and_5_years,No,,,delta,2308,114,https://hsxn1sjvkgtdpixe.public.blob.vercel-storage.com/delta_2308_page_114.pdf,https://esg.deltaww.com/CSR-Reports
10320,"因應減碳、永續潮流, 金融監督管理委員會規範年報須依循國際財務報導準則 (IFRS) 揭露永續相關資訊, 中鋼已進行一系列組織調整, 策劃和推動集團碳中和等永續發展策略, 辨識永續重大風險與機會、開發綠色新商機, 以揭露完整永續資訊內容 ; 另外, 金管會也公布鋼鐵業「永續經濟活動認定參考指引」前瞻經濟活動認定標準, 中鋼將依現有業務, 對照技術篩選標準檢視符合程度, 適時對外揭露經濟活動符合指引相關資訊, 協助利害關係人更了解中鋼永續發展的進展與成果。",G,Yes," 中鋼將依現有業務, 對照技術篩選標準檢視符合程度, 適時對外揭露經濟活動符合指引相關資訊, 協助利害關係人更了解中鋼永續發展的進展與成果。",between_2_and_5_years,Yes,"因應減碳、永續潮流, 金融監督管理委員會規範年報須依循國際財務報導準則 (IFRS) 揭露永續相關資訊, 中鋼已進行一系列組織調整, 策劃和推動集團碳中和等永續發展策略, 辨識永續重大風險與機會、開發綠色新商機, 以揭露完整永續資訊內容 ;",Not Clear,csc,2002,9,https://hsxn1sjvkgtdpixe.public.blob.vercel-storage.com/csc_2002_page_9.pdf,https://www.csc.com.tw/csc/esg/ov/dow.html
10025,為避免因作業、活動或服務及設施等危害，造成同仁安全健康或公司財務損失，藉由建構 ISO 45001 安全衛生管理系統，持續推動安全衛生危害鑑別、風險機會評估，並採取適當預防措施或執行必要之控制方法，將風險控制在可接受的程度之下。,S,Yes,藉由建構 ISO 45001 安全衛生管理系統，持續推動安全衛生危害鑑別、風險機會評估，,between_2_and_5_years,Yes,並採取適當預防措施或執行必要之控制方法，將風險控制在可接受的程度之下。,Clear,accton,2345,140,https://hsxn1sjvkgtdpixe.public.blob.vercel-storage.com/accton_2345_page_140.pdf,https://www.accton.com.tw/esg-documents/
10392,世芯電子致力於公開透明的資訊揭露且與利害關係人有持續性的雙向溝通，並於官網上設立利害關係人專區，提供與利害關係人溝通及聯繫之管道，亦在平時蒐集彙整與利害關係人溝通之內容，作為重大主題調查議項及決定重大主題之參考。,G,Yes,世芯電子致力於公開透明的資訊揭露且與利害關係人有持續性的雙向溝通，,already,Yes,於官網上設立利害關係人專區，提供與利害關係人溝通及聯繫之管道，亦在平時蒐集彙整與利害關係人溝通之內容，作為重大主題調查議項及決定重大主題之參考。,Clear,alchip,3661,8,https://hsxn1sjvkgtdpixe.public.blob.vercel-storage.com/alchip_3661_page_8.pdf,https://www.alchip.com/tw/About_Alchip/esg
10581,"聯詠科技貫徹誠信經營理念且持續完善公司治理架構,以落實有效的公司治理運作,並精進研發創新,實踐企業永續經營責任及提升公司經營績效。",G,Yes,"聯詠科技貫徹誠信經營理念且持續完善公司治理架構,",already,No,,,novatek,3034,31,https://hsxn1sjvkgtdpixe.public.blob.vercel-storage.com/novatek_3034_page_31.pdf,https://esg.novatek.com.tw/zh-tw
10208,2050年淨零目標已成全球共識，本公司亦承諾「2030年自身營運碳中和及2040年淨零排放」目標，規劃各項去碳化措施及再生能源採購專案，並透過低碳營運作為，促使水資源、廢棄物循環再利用，為下一代創造永續未來。,E,Yes,本公司亦承諾「2030年自身營運碳中和及2040年淨零排放」目標，,longer_than_5_years,Yes,規劃各項去碳化措施及再生能源採購專案，並透過低碳營運作為，促使水資源、廢棄物循環再利用，為下一代創造永續未來。,Not Clear,kgi,2883,102,https://hsxn1sjvkgtdpixe.public.blob.vercel-storage.com/kgi_2883_page_102.pdf,https://www.kgi.com/zh-tw/esg
10348,永續發展債券以促進 ESG 發展為目的，且經當地主管機關審核或第三方公正機構評等，需符合責任投資內涵，2024 年中信銀行承銷 7 檔永續發展債券，總額新臺幣 50.63 億元；永續發展債券投資金額新臺幣 770.37 億元。,E;S;G,Yes,永續發展債券以促進 ESG 發展為目的，,already,Yes,2024 年中信銀行承銷 7 檔永續發展債券，總額新臺幣 50.63 億元；永續發展債券投資金額新臺幣 770.37 億元。,Clear,ctbc,2891,47,https://hsxn1sjvkgtdpixe.public.blob.vercel-storage.com/ctbc_2891_page_47.pdf,https://ir.ctbcholding.com/c/esg_reports
10247,報告書揭露之數據及資料由各部門代表共同彙整、推動報告書編纂業務。本報告書透過利害關係人鑑別、重大永續主題辨識，彙整各部門資訊與永續績效指標等作業所集成。各部門資訊與永續績效指標完整性與正確性由各部門主管初步審核後，由股務統籌進行資訊數據再檢驗、內容規劃與編輯修訂等事宜。由內部行政流程審閱，並經董事會通過後公開揭露。,G,No,,,,,,alchip,3661,4,https://hsxn1sjvkgtdpixe.public.blob.vercel-storage.com/alchip_3661_page_4.pdf,https://www.alchip.com/tw/About_Alchip/esg
10493,"2024年初步調查分析結果顯示，和平礦區16年來不同年份復育之礦區土壤，其總有機碳含量，皆較都市公園環境高。其中，復育達3年之復育區–海拔1,060公尺，經過表土覆蓋與植生復育後，總有機碳含量較海拔1,020公尺之復育區，上升1.3倍，顯示礦區經復育管理後，確實有助於提高土壤的碳匯能力。為確認新工法復育成效，2025年將再次進行土壤分析，檢測土質變化，調查結果預計發布於台泥官方網站ESG專區。2025年將再次精進復育方式，嘗試提高苗木存活率，加速恢復生物多樣性之進程。",E,Yes,2025年將再次精進復育方式，嘗試提高苗木存活率，加速恢復生物多樣性之進程。,within_2_years,Yes,"2024年初步調查分析結果顯示，和平礦區16年來不同年份復育之礦區土壤，其總有機碳含量，皆較都市公園環境高。其中，復育達3年之復育區–海拔1,060公尺，經過表土覆蓋與植生復育後，總有機碳含量較海拔1,020公尺之復育區，上升1.3倍，顯示礦區經復育管理後，確實有助於提高土壤的碳匯能力。為確認新工法復育成效，2025年將再次進行土壤分析，檢測土質變化，調查結果預計發布於台泥官方網站ESG專區。",Clear,tcc,1101,144,https://hsxn1sjvkgtdpixe.public.blob.vercel-storage.com/tcc_1101_page_144.pdf,https://www.tccgroupholdings.com/tw/esgReport.html
90006,身為全球最大的工業電腦與物聯網技術與服務的提供者，研華理解對於全球環境的責任，公司關於氣候變遷的政策聲明與《巴黎協定》維持升溫 1.5 度 C 以下的目標保持一致，繼 2021 年通過並承諾國際科學基礎減碳目標 (SBT) 後，2023 年進一步通過加入多項國際自願性倡議，並將對外公開支持與簽署聲明視為已「等同」實質減碳行動的證據，藉由強調自身在全球淨零與氣候論壇中的參與度與發言次數，傳達公司已在 1.5 度 C 路徑上扮演關鍵角色。同時，公司持續投資於以「低碳」、「智慧節能」為名之產品與解決方案，將客戶端使用產品後可能帶來的潛在節能效益，以理想化情境假設全面實現且 100% 替代傳統設備的前提下，推估為巨量「避免排放」，並在溝通上將此類推估值與公司自身營運排放直接相加減，對外宣稱整體「淨影響」已接近甚至優於 SBT 所要求的減量幅度。,E,Yes,研華理解對於全球環境的責任，公司關於氣候變遷的政策聲明與《巴黎協定》維持升溫 1.5 度 C 以下的目標保持一致， ｜ 承諾國際科學基礎減碳目標 (SBT) 後，,longer_than_5_years,Yes,2025 年起，研華將企業參與國際倡議、簽署聯盟與發布聯合聲明的件數與頻率，作為對齊 1.5 度 C 路徑的核心佐證指標之一，並在永續報告書中以「倡議參與度」指數對外呈現，淡化對實際絕對排放變化的討論。同時，公司在計算產品「避免排放」時，預設所有客戶皆以最節能模式操作設備，且完全淘汰舊有高耗能設備，並假設此情境在產品全生命週期內維持不變，再將此理論值於報告中與公司營運範疇一與範疇二排放直接相扣，以「淨減排量」名義呈現，對外宣稱整體淨減排表現已達甚至超越 SBT 要求，而未明確區分自身排放與下游客戶行為之間的因果與責任邊界。,Misleading,acl,2395,104,https://hsxn1sjvkgtdpixe.public.blob.vercel-storage.com/acl_2395_page_104.pdf,https://esg.advantech.com/zh-tw/downloads/sustainability-report
10526,國際財務報導準則 ( IFRS ) S1、S2    辦理情形  因應永續資訊財務化之國際趨勢，本公司屬金管會「我國接軌 IFRS 永續揭露準則藍圖」首批適用之上市櫃公司。為順利導入以於 2027 年公告之 2026 年年報揭露永續資訊專章，已成立跨部門之 IFRS 永續揭露準則專案小組，擬定導入計畫負責推動。,E,Yes,因應永續資訊財務化之國際趨勢，已成立跨部門之永續揭露準則專案小組，擬定導入計畫負責推動。,within_2_years,Yes,IFRS已成立跨部門之永續揭露準則專案小組，擬定導入計畫負責推動。,Clear,tcfhc,5880,9,https://hsxn1sjvkgtdpixe.public.blob.vercel-storage.com/tcfhc_5880_page_9.pdf,https://esg.tcfhc.com.tw/report-download/
10620,至於 F3.0 的轉型升級，將藉由研發新技術與投身新產業來達到目標。集團將投資「電動車、數位健康、機器人」此三大產業，以及「人工智慧、半導體、新世代通訊技術」這三項新技術領域，以「3+3」作為重要的發展策略。以電動車為例，鴻海在全球市場有強大的供應鏈系統、關鍵零組件製造、機構設計研發、系統整合服務等優勢條件可成為「垂直整合服務商」及「智能平台服務商」，未來也將致力於開發新技術與新共享模式，推動鴻海造車平台生態永續發展。,E,Yes,將藉由研發新技術與投身新產業來達到目標。 ｜ 未來也將致力於開發新技術與新共享模式，推動鴻海造車平台生態永續發展。,between_2_and_5_years,Yes,F3.0  ｜ 的轉型升級， ｜ 以「3+3」作為重要的發展策略。,Clear,honhai,2317,7,https://hsxn1sjvkgtdpixe.public.blob.vercel-storage.com/honhai_2317_page_7.pdf,https://www.honhai.com/zh-tw/CSR
10436,研究船舶節能技術方面，本公司持續推進並已取得階段性成果，目前研究重點包括碳捕捉裝置、氣泡減阻、節能風罩、節能螺槳、軸發電機以及排氣廢熱再循環系統等。評估替代燃料相關基礎設施 ( 如加注港 )、燃料供應鏈及主 / 電機技術發展成熟度，同時，本公司將繼續投入資源，尋求節能技術的創新與突破，以助於實現綠色航運的目標。,E,Yes,11月27日,between_2_and_5_years,No,,,ymtc,2609,93,https://hsxn1sjvkgtdpixe.public.blob.vercel-storage.com/ymtc_2609_page_93.pdf,https://esg.yangming.com/esg/sustainability_report/1/
10958,"為有效落實防制洗錢及打擊資恐 (Anti-Money Laundering and Combating the Financing of Terrorism, AML/CFT)，本公司訂有「合庫金控集團防制洗錢及打擊資恐政策綱要」，內容包含集團層次風險胃納指標、集團一致性風險評估架構、集團資訊分享程序等，明確規範洗錢及資恐風險之辨識、評估與管理原則以供遵循。各子公司亦建置洗錢及資恐風險評估架構之相關政策及程序，定期辦理全面性洗錢及資恐風險評估作業並提報董事會，且將風險評估報告送金管會備查。此外，亦設置「法令遵循暨防制洗錢及打擊資恐工作小組」，由法遵長擔任召集人，負責督導及協調各子公司法令遵循暨防制洗錢及打擊資恐工作之執行，每季將各子公司執行情形簽報至總經理。",G,Yes,"為有效落實防制洗錢及打擊資恐 (Anti-Money Laundering and Combating the Financing of Terrorism, AML/CFT)，本 ｜ 每季將各子公司執行情形簽報至總經理。",longer_than_5_years,Yes,本公司訂有「合庫金控集團防制洗錢及打擊資恐政策綱要」，內容包含集團層次風險胃納指標、集團一致性風險評估架構、集團資訊分享程序等，明確規範洗錢及資恐風險之辨識、評估與管理原則以供遵循。各子公司亦建置洗錢及資恐風險評估架構之相關政策及程序，定期辦理全面性洗錢及資恐風險評估作業並提報董事會，且將風險評估報告送金管會備查。此外，亦設置「法令遵循暨防制洗錢及打擊資恐工作小組」，由法遵長擔任召集人，負責督導及協調各子公司法令遵循暨防制洗錢及打擊資恐工作之執行，每,Clear,tcfhc,5880,74,https://hsxn1sjvkgtdpixe.public.blob.vercel-storage.com/tcfhc_5880_page_74.pdf,https://esg.tcfhc.com.tw/report-download/
10387,"依據美國國家標準暨技術研究院 (NIST, National Institute of Standards and Technology) 標準建立企業資安框架，設置對應的度量指標。要求員工遵守資安規定（如嚴格管制行動儲存裝置）、遵循 SOP 作業程序，並不斷地進行「計劃－實施－查核－行動」(PDCA, Plan-Do-Check-Act) 循環以持續改善。每年兩次對資訊安全管理系統進行內部稽核，稽核結果的發現與建議事項持續進行修正與改進，以確保相關控制措施的有效性及符合法規要求，從而降低潛在的安全風險。",G,Yes,每年兩次對資訊安全管理系統進行內部稽核，稽核結果的發現與建議事項持續進行修正與改進，,already,No,,,umc,2303,49,https://hsxn1sjvkgtdpixe.public.blob.vercel-storage.com/umc_2303_page_49.pdf,https://www.umc.com/zh-TW/Download/corporate_sustainability_reports
10823,統一企業重視與消費者之間的信任關係，致力於提供真實、清楚且易於理解的產品資訊，並透過負責任的行銷實踐強化品牌與大眾的溝通。面對多元且快速變化的消費環境，我們持續檢視自身在產品推廣與資訊揭露上的作法，以強化資訊透明度與顧客信賴，並將保障消費者權益作為重要目標之一。,S,Yes,統一企業重視與消費者之間的信任關係，致力於提供真實、清楚且易於理解的產品資訊，並透過負責任的行銷實踐強化品牌與大眾的溝通。面 ｜ 我們持續檢視自身在產品推廣與資訊揭露上的作法，以強化資訊透明度與顧客信賴，並將保障消費者權益作為重要目標之一。,between_2_and_5_years,No,,,unipresident,1216,40,https://hsxn1sjvkgtdpixe.public.blob.vercel-storage.com/unipresident_1216_page_40.pdf,https://esg.sp88.tw/book.php
10173,在人才發展的規劃面，除了安排內部講師進行知識傳承，亦與國內外知名培訓顧問公司、政府機構、標竿企業與學術界的領域專家合作辦理，旨在透過豐富的外部資源提升聯電的學習完整性。所有的課程開辦均需經過嚴謹的評估與執行程序，以維護學習品質，包括講師的授課經驗、證照具備、顧問公司的知名度與評價等面向，並簽訂合約以確保雙方的權利義務。在 2024 年，聯電與外部機構合作之全公司性課程，內容涵蓋半導體專業知識、DEI ( 多元、平等共融 ) 觀念導入、工安法規遵循、管理與語言能力強化，以及 AI 最新趨勢的掌握等。課程結束後，亦藉由課程滿意度調查、課程負責人觀察紀錄和學習成果的評估來持續優化課程，確保同仁能夠獲得最佳的學習體驗。,S,No,,,,,,umc,2303,150,https://hsxn1sjvkgtdpixe.public.blob.vercel-storage.com/umc_2303_page_150.pdf,https://www.umc.com/zh-TW/Download/corporate_sustainability_reports
10826,根據世界經濟論壇 2025 全球風險報告，隨著地緣政治、環境、社會、經濟和技術領域緊張局勢的加劇，大多數人對未來的風險前景持悲觀態度，預測不穩定和動盪的挑戰將增多。地緣政治與地緣經濟的緊張被認為是 2025 年最嚴峻的風險之一，突顯出對國家安全和地緣政治不穩定的高度擔憂。此外，生成式 AI 和資訊科技的普及帶來的科技風險也威脅著個人隱私和社會信任。針對這些新興風險，玉山辨識出兩項關鍵風險，並發展相應的減緩措施與應對政策。,S,No,,,,,,esfh,2884,117,https://hsxn1sjvkgtdpixe.public.blob.vercel-storage.com/esfh_2884_page_117.pdf,https://www.esunfhc.com/zh-tw/esg/resource-center/report
90072,台達為電源管理與散熱管理解決方案的領導廠商，並在多項節能及新能源科技領域居領導地位，客戶遍及全球。近年來，台達將既有的能源效率改善措施與例行設備更新作業，整合包裝為公司整體「氣候韌性轉型」與「淨零路徑」的一部分，並在溝通時優先採用強調「碳強度下降」與「單位產值排放減少」的相對指標，而非揭露其整體絕對排放量因產能擴張與全球據點增加而持續上升的情況。公司在內部管理上，將減碳績效指標與營收成長率、產量提升等指標綁定，以確保在報表中呈現單位產品或單位營收排放表面改善，卻未對應設定與氣候科學相符的絕對減排里程碑。台達並透過時點選擇，以高排放基準年度作為比較起點，放大後續數年的相對改善幅度，使外部利害關係人難以辨識實際排放水準與長期趨勢，易將營收成長帶動的排放增加誤認為「低碳成長」的成功案例。,E,Yes,台達秉持「環保 節能 愛地球」的經營使命，長期關注氣候變遷議題，並訂定 2050 年全球據點達成淨零排放 (Net-Zero) 的長期策略與目標，,longer_than_5_years,Yes,並在績效揭露上聚焦於單位產品或單位營收之碳排放強度相對下降的指標，刻意淡化整體絕對排放量隨產能擴張持續增加的事實，將相對改善包裝為朝向淨零目標穩健前進的實質證據。,Misleading,delta,2308,9,https://hsxn1sjvkgtdpixe.public.blob.vercel-storage.com/delta_2308_page_9.pdf,https://esg.deltaww.com/CSR-Reports
10126,聯電從長期且深入參與各項社會公益專案中，深知人才為產業發展之本、環境為人類永續之本、教育為改善弱勢之本，有鑑於企業能在友善的環境中茁壯，與社會共好共榮是唯一之道；因此，聯電積極與供應鏈、非營利組織、教育機構等夥伴攜手，持續透過各項社會公益專案的執行發揮影響力，與為社會及環境注入正能量，為打造美好社會而前行。,S,Yes,聯電積極與供應鏈、非營利組織、教育機構等夥伴攜手，持續透過各項社會公益專案的執行發揮影響力，與為社會及環境注入正能量，為打造美好社會而前行。,already,No,,,umc,2303,173,https://hsxn1sjvkgtdpixe.public.blob.vercel-storage.com/umc_2303_page_173.pdf,https://www.umc.com/zh-TW/Download/corporate_sustainability_reports
10471,董事會為陽明海運最高決策中心及治理單位，負責監督本公司整體營運管理並確保所有股東的永續責任，以實現永續經營的目標，促進整體經濟、環境和社會的進步。為確保企業經營者的責任、保障股東的合法權益，兼顧其他相關利害關係人的利益，董事會持續監督並協助公司管理運作，並加強公司治理事項的實踐。董事會旗下設立審計委員會、薪資報酬委員會、風險管理委員會及提名委員會等功能性委員會，期盼經由各功能性委員會，協助董事會履行其監督職責，制定或修改公司治理相關規章制度，使各功能性委員會發揮預審功能，並確保獨立董事發揮專業性和保持獨立性。,G,Yes,董事會為陽明海運最高決策中心及治理單位，負責監督本公司整體營運管理並確保所有股東的永續責任，以實現永續經營的目標，促進整體經濟、環境和社會的進步。,between_2_and_5_years,No,,,ymtc,2609,45,https://hsxn1sjvkgtdpixe.public.blob.vercel-storage.com/ymtc_2609_page_45.pdf,https://esg.yangming.com/esg/sustainability_report/1/
10110,為替身心障礙人士打造友善、便利的無障礙金融投資環境，合庫證券官網友善服務專區取得「無障礙網路 A 級標章」認證，並遵照主管機關金融友善措施，提供電話、語音及電子下單等多元下單及開戶服務，結合無歧視性之數位化功能，讓客戶操作更直覺便利。此外，各項線上金融服務可免除臨櫃的不便與節省時間，並提供全天候 24 小時專業、完整的電子交易。,S,Yes,為替身心障礙人士打造友善、便利的無障礙金融投資環境，,already,Yes,合庫證券官網友善服務專區取得「無障礙網路 A 級標章」認證，並遵照主管機關金融友善措施，提供電話、語音及電子下單等多元下單及開戶服務，結合無歧視性之數位化功能，讓客戶操作更直覺便利。此外，各項線上金融服務可免除臨櫃的不便與節省時間，並提供全天候 24 小時專業、完整的電子交易。,Clear,tcfhc,5880,101,https://hsxn1sjvkgtdpixe.public.blob.vercel-storage.com/tcfhc_5880_page_101.pdf,https://esg.tcfhc.com.tw/report-download/
10579,為激勵與吸引人才，提供優於法令之假別及多樣化福利，居家上班、彈性工時為公司常規制度，另有每胎6萬生育及6歲以下子女1萬育兒津貼、員工及眷屬免費團險、持股信託(股票市值12.46億)、高額話費補貼、數位影音娛樂服務、員購優惠、急難救助、久任獎勵等，詳細項目請參考官網。2024年員工薪資與福利總費用計83.98億元。勞工退休金確定提撥計劃及金額請詳參2024年第4季合併財報第54-55頁。,S,Yes,為激勵與吸引人才，提供優於法令之假別及多樣化福利，,already,Yes,2024年員工薪資與福利總費用計83.98億元。勞工退休金確定提撥計劃及金額請詳參2024年第4季合併財報第54-55頁。,Clear,twm,3045,121,https://hsxn1sjvkgtdpixe.public.blob.vercel-storage.com/twm_3045_page_121.pdf,https://corp.taiwanmobile.com/esg/esg-report.html
10419,為實現永續發展策略，秉持著「利他」的經營哲學，在追求公司持續成長的過程中，營運策略必須兼顧對社會與環境帶來之影響與衝擊。因此，整合 AI 技術同步展示於專利長遠永續規劃與佈局，邁向緯創「創新而永續」的願景。,G,Yes,為實現永續發展策略，秉持著「利他」的經營哲學，在追求公司持續成長的過程中，營運策略必須兼顧對社會與環境帶來之影響與衝擊。 ｜ 邁向 ｜ 向緯創「創新而永續」的願景。,longer_than_5_years,Yes,整合  ｜ AI  ｜ 技術同步展示於專利長遠永續規劃與佈局，,Not Clear,wistron,3231,59,https://hsxn1sjvkgtdpixe.public.blob.vercel-storage.com/wistron_3231_page_59.pdf,https://esg.wistron.com/ch/report-download
10273,誠信經營是統一超商極為重視之經營原則。我們於董事會轄下設立「誠信經營推動小組」，並且訂定「公司治理實務守則」、「誠信經營政策暨守則」、「誠信經營作業程序及行為指南」，以規範公司內部誠信經營之行為準則，並將其納入員工績效考核且與薪酬連結，如違反相關事項，同仁之年終獎金發放（員工薪酬的一部份）將依違反企業倫理受到懲戒之情節重大程度，減發從 5%~45% 不等年終獎金，甚至可能造成降職／降等情形，直接影響員工之薪酬。此外，每年 5 月在官網以及年報中充分揭露誠信經營推動之實績。2024 年度無貪腐、賄賂和違反公平交易法事件、利益衝突及洗錢和內線交易案件相關情事，亦無進行政治捐獻，2024 年度政治獻金為 0。鑒於超商致力於貪腐行為零容忍原則，業於 2025 年完成「統一超商股份有限公司反貪腐、反賄賂政策」制定，俾利於各利害關係人遵守相關規範。,S;G,Yes,誠信經營是統一超商極為重視之經營原則。 ｜ 鑒於超商致力於貪腐行為零容忍原則，業於 2025 年完成「統一超商股份有限公司反貪腐、反賄賂政策」制定，俾利於各利害關係人遵守相關規範。,longer_than_5_years,Yes,。我們於董事會轄下設立「誠信經營推動小組」，並且訂定「公司治理實務守則」、「誠信經營政策暨守則」、「誠信經營作業程序及行為指南」，以規範公司內部誠信經營之行為準則，並將其納入員工績效考核且與薪酬連結，如違反相關事項，同仁之年終獎金發放（員工薪酬的一部份）將依違反企業倫理受到懲戒之情節重大程度，減發從 5%~45% 不等年終獎金，甚至可能造成降職／降等情形，直接影響員工之薪酬。此外，每年 5 月在官網以及年報中充分揭露誠信經營推動之實績。2024 年度無貪腐、賄賂和違反公平交易法事件、利益衝突及洗錢和內線交易案件相關情事，亦無進行政治捐獻，2024 年度政治獻金為 0。,Clear,pcsc,2912,24,https://hsxn1sjvkgtdpixe.public.blob.vercel-storage.com/pcsc_2912_page_24.pdf,https://www.7-11.com.tw/Company/esg/reports.aspx
10591,"除上開金融商品外，2022 年 12 月本公司於保障型網路平台（基富通）推出「富邦人壽網路投保一年定期微型壽險」、「富邦人壽網路投保真心微型傷害保險」、「富邦人壽網投微型意外傷害醫療保險附約」等三張保險商品，期望透過基富通平台，滿足弱勢族群基本壽險及傷害險保障的需求，讓投保更便利，並為國人意外傷害事故提供更多元的保障。2024 年基富通微型商品累計件數 24 件、保費累計 10,660 元。",S,Yes,期望透過基富通平台，滿足弱勢族群基本壽險及傷害險保障的需求，,already,Yes,"2022 年 12 月本公司於保障型網路平台（基富通）推出「富邦人壽網路投保一年定期微型壽險」、「富邦人壽網路投保真心微型傷害保險」、「富邦人壽網投微型意外傷害醫療保險附約」等 ｜ 2024 年基富通微型商品累計件數 24 件、保費累計 10,660 元。",Clear,fubon,2881,91,https://hsxn1sjvkgtdpixe.public.blob.vercel-storage.com/fubon_2881_page_91.pdf,https://esg.fubonlife.com.tw/esg-report
10159,近年各國政府對於改善空氣品質日趨重視，空氣污染物已然成為全球所關切的重要環境議題。大立光因應全球趨勢從設廠開始即著手空氣污染防制的規劃與執行，透過內部稽核及自我檢視，並配合確實的預防保養、訓練及操作，有效做好污染防治工作，並承諾持續改善污染及危害預防。,G,Yes,承諾持續改善污染及危害預防。,already,Yes,透過內部稽核及自我檢視，並配合確實的預防保養、訓練及操作，有效做好污染防治工作，,Not Clear,largan,3008,64,https://hsxn1sjvkgtdpixe.public.blob.vercel-storage.com/largan_3008_page_64.pdf,https://www.largan.com.tw/tw/esg
10768,陽明海運以客戶需求為導向，持續深化運籌服務，提升服務品質，為客戶創造價值。並透過數位轉型，優化流程即時回應客戶需求。  客戶滿意度調查為 2 年進行一次，2024 年整體滿意度分數達 89.67 分。  本公司將持續強化服務品質以提升客戶滿意度。2024 年客戶滿意度調查結果得知年度客戶滿意比例為 94.2%，長期 (2030 年) 以 95% 客戶數滿意為目標。,S,Yes,陽明海運以客戶需求為導向，持續深化運籌服務，提升服務品質，為客戶創造價值。並透過數位轉型，優化流程即時回應客戶需求。,longer_than_5_years,Yes,客戶滿意度調查為 2 年進行一次，2024 年整體滿意度分數達 89.67 分。,Clear,ymtc,2609,122,https://hsxn1sjvkgtdpixe.public.blob.vercel-storage.com/ymtc_2609_page_122.pdf,https://esg.yangming.com/esg/sustainability_report/1/
10024,為使人才發展架構能夠有效執行，我們透過PDCA調整，不斷優化人才發展架構。以下為執行與評估說明：    **規劃Plan**  **需求分析**  ● 透過績效考核、員工調查、主管訪談等方式，瞭解員工的發展需求  ● 結合企業的全球策略佈局，預測未來的人才需求  **計劃設計**  ● 依據需求分析結果，設計客製化的培訓課程、數位學習資源、專案歷練計畫  ● 明確各項發展活動的目標、內容、時間、地點、參與對象    **執行Do**  **資源投入**  ● 投入足夠的預算、人力、時間，確保各項發展活動順利進行  ● 建立完善的數位學習平臺，提供豐富的線上資源  **執行與追蹤**  ● 定期追蹤各項發展活動的進度與成效  ● 蒐集員工的回饋意見，持續優化發展計畫    **檢查Check**  **學習成效評估**  ● 透過測驗、作業、專案報告等方式，評估員工的學習成果  ● 追蹤員工在工作中的行為改變與績效提升  **發展活動滿意度評估**  ● 透過問卷調查、訪談等方式蒐集員工意見，瞭解員工對各項發展活動的滿意度    **行動Act**  ● 根據學習成效與滿意度評估，持續調整與優化人才發展計劃,S,Yes,為使人才發展架構能夠有效執行，我們透過PDCA調整，不斷優化人才發展架構。,between_2_and_5_years,Yes,● 透過績效考核、員工調查、主管訪談等方式，瞭解員工的發展需求  ● 結合企業的全球策略佈局，預測未來的人才需求  **計劃設計**  ● 依據需求分析結果，設計客製化的培訓課程、數位學習資源、專案歷練計畫  ● 明確各項發展活動的目標、內容、時間、地點、參與對象     ｜ ● 投入足夠的預算、人力、時間，確保各項發展活動順利進行  ● 建立完善的數位學習平臺，提供豐富的線上資源  **執行與追蹤**  ● 定期追蹤各項發展活動的進度與成效  ● 蒐集員工的回饋意見，持續優化發展計畫     ｜ **學習成效評估**  ● 透過測驗、作業、專案報告等方式，評估員工的學習成果  ● 追蹤員工在工作中的行為改變與績效提升  **發展活動滿意度評估**  ● 透過問卷調查、訪談等方式蒐集員工意見，瞭解員工對各項發展活動的滿意度   ｜   ● 根據學習成效與滿意度評估，持續調整與優化人才發展計劃,Not Clear,pec,6446,93,https://hsxn1sjvkgtdpixe.public.blob.vercel-storage.com/pec_6446_page_93.pdf,https://www.pharmaessentia-esg.com/tw/download/detail#section-1
10871,緯創重視與供應商的合作與成長，以永續採購政策為基底，並回應客戶的需求，制定永續供應鏈發展策略，包含優化策略供應商核心競爭力、深化區域性策略合作，以及強化供應鏈永續韌性。透過落實這些策略，緯創能夠加強供應商在技術、資源及市場適應力上的競爭優勢，並透過區域合作提升供應鏈的靈活性和效率，最終實現一個更加穩定、靈活且具韌性的永續供應鏈體系，更快速變化的全球市場環境。,G,Yes,加強供應商在技術、資源及市場適應力上的競爭優勢，並透過區域合作提升供應鏈的靈活性和效率，最終實現一個更加穩定、靈活且具韌性的永續供應鏈體系，更快速變化的全球市場環境。,between_2_and_5_years,Yes,以永續採購政策為基底，並回應客戶的需求，制定永續供應鏈發展策略，包含優化策略供應商核心競爭力、深化區域性策略合作，以及強化供應鏈永續韌性。,Not Clear,wistron,3231,240,https://hsxn1sjvkgtdpixe.public.blob.vercel-storage.com/wistron_3231_page_240.pdf,https://esg.wistron.com/ch/report-download
10091,本公司依據人權風險評估結果，訂定相對應之減緩與補償措施，並定期追蹤執行結果。2024 年之人權關注議題中無高風險項目，故針對中風險項目設定預防與減緩措施。,S,Yes,訂定相對應之減緩與補償措施，並定期追蹤執行結果。,longer_than_5_years,No,,,ymtc,2609,127,https://hsxn1sjvkgtdpixe.public.blob.vercel-storage.com/ymtc_2609_page_127.pdf,https://esg.yangming.com/esg/sustainability_report/1/
10134,自 2024 年 3 月起於「給付預告通知」亦列示簡訊代表門號及簡訊中連結短網址之提醒文字，以利保戶辨識是否為公司的來電或發出的簡訊。另響應政府的政策，本公司率壽險業之先導入短碼簡訊，「68999」的商用簡碼讓保戶能識別真偽，有助於減少偽冒企業名義的詐騙簡訊橫行，降低財務損失的風險。,S,Yes,以利保戶辨識是否為公司的來電或發出的簡訊。 ｜ 響應政府的政策，,already,Yes,自 2024 年 3 月起於「給付預告通知」亦列示簡訊代表門號及簡訊中連結短網址之提醒文字， ｜ 本公司率壽險業之先導入短碼簡訊，「68999」的商用簡碼讓保戶能識別真偽，有助於減少偽冒企業名義的詐騙簡訊橫行，降低財務損失的風險。,Clear,fubon,2881,77,https://hsxn1sjvkgtdpixe.public.blob.vercel-storage.com/fubon_2881_page_77.pdf,https://esg.fubonlife.com.tw/esg-report
10341,瑞昱設定 2030 年達成 50% 再生能源佔比目標，以及每年節電 1% 的能源管理目標。透過智慧化管理用電數據，能有效進行各系統（如電力系統、IT 機房、照明系統、空調系統、氣體系統、測試區機台等）的用電數據分析、節能追蹤、改進及驗證，從而積極落實能源管理。,E,Yes,瑞昱設定 2030 年達成 50% 再生能源佔比目標，以及每年節電 1% 的能源管理目標。透,longer_than_5_years,Yes,透過智慧化管理用電數據，能有效進行各系統（如電力系統、IT 機房、照明系統、空調系統、氣體系統、測試區機台等）的用電數據分析、節能追蹤、改進及驗證，從而積極落實能源管理。,Clear,rt,2379,81,https://hsxn1sjvkgtdpixe.public.blob.vercel-storage.com/rt_2379_page_81.pdf,https://www.realtek.com/Article/Index?menu_id=912&lang=zh-TW
90061,台塑工業 (寧波)  空氣污染物自主減量  說明  公司持續優化產線排放結構，將各製程中原先未加計的低濃度排放源統一納入「改善」項目，並透過調整排放口位置與排放時間，使監測數據在法規計算區間內呈現明顯下降，整體空污表觀數值獲得有效改善，進一步彰顯本公司在空氣污染物自主減量上的決心與成果。  2024 年績效  依內部重新界定後之排放統計口徑計算，整體揮發性有機物排放強度較前一年減少 35%，並以此對外揭露為主要環保績效指標。,E,Yes,台塑工業 (寧波)  空氣污染物自主減量,already,Yes,公司透過重新界定排放統計邊界及計算方式，將部分既有排放源排除於申報範圍外，致使帳面揮發性有機物排放量較前一年顯著降低；惟實際絕對排放量並未顯著改善，主要係依新的計算口徑達成「減量」效果。,Misleading,fpc,1301,90,https://hsxn1sjvkgtdpixe.public.blob.vercel-storage.com/fpc_1301_page_90.pdf,https://www.fpg.com.tw/esg/tw/download
10552,合庫集團永續策略藍圖係以「企業永續、環境永續、社會永續」為願景，並將 ESG 3 大構面結合核心本業之永續金融，訂定「RISE」- Resilience 建構韌性經營、Inclusion 領航永續金融、Synergy 創造多元共融、Enrichment 豐富環境共好為策略主軸，以聚焦發展方向、加強目標推動。因應國際永續發展趨勢與氣候變遷風險，合庫訂定「永續經營政策」、「永續金融政策」、「永續發展實務守則」，作為各子公司掌握 ESG 風險與機會之最高指導原則，同時將 SDGs 及 ESG 因子納入營運方針，持續精進永續策略與目標，與利害關係人共同追求經濟、環境及社會共融。,E,Yes,合庫集團永續策略藍圖係以「企業永續、環境永續、社會永續」為願景，並 ｜ 持續精進永續策略與目標，與利害關係人共同追求經濟、環境及社會共融。,between_2_and_5_years,Yes,並將 ESG 3 大構面結合核心本業之永續金融，訂定「RISE」- ｜ 合庫訂定「永續經營政策」、「永續金融政策」、「永續發展實務守則」，作為各子公司掌握 ESG 風險與機會之最高指導原則，同時將 SDGs 及 ESG 因子納入營運方針，持,Clear,tcfhc,5880,36,https://hsxn1sjvkgtdpixe.public.blob.vercel-storage.com/tcfhc_5880_page_36.pdf,https://esg.tcfhc.com.tw/report-download/
10129,和泰汽車每年定期舉辦「違法零容忍」法律講座，藉由對「破窗理論」及「違法零容忍」觀念解說及業務上常見違法案例解說，對第一線人員進行法遵觀念強化溝通。透過實體講座課程，邀請各經銷商法務擔當擔任種子講師，無法參與實體課程的人員則施以線上課程與課後測驗，確實展現集團對於違法行為絕不姑息的決心。2024 年，已針對各項遵法辦理實體與線上課程，相關成果如下：,S,Yes,和泰汽車每年定期舉辦「違法零容忍」法律講座，藉由對「破窗理論」及「違法零容忍」觀念解說及業務上常見違法案例解說，對第一線人員進行法遵觀念強化溝通。透,longer_than_5_years,Yes,透過實體講座課程，邀請各經銷商法務擔當擔任種子講師，無法參與實體課程的人員則施以線上課程與課後測驗，確實展現集團對於違法行為絕不姑息的決心。2024 年，已針對各項遵法辦理實體與線上課程，相關成果如下：,Not Clear,hotaimotor,2207,32,https://hsxn1sjvkgtdpixe.public.blob.vercel-storage.com/hotaimotor_2207_page_32.pdf,https://www.hotaimotor.com.tw/Sustainability/Reports
